time_period,time_identifier,geographic_level,country_code,country_name,region_code,region_name,old_la_code,la_name,new_la_code,care_leaver_age,breakdown,care_leaver_count,care_leaver_percent
2025,Reporting year,National,E92000001,England,,,,,,22 years,Care leaver not in touch,4900,42
2025,Reporting year,National,E92000001,England,,,,,,22 years,Total,11670,100
2025,Reporting year,National,E92000001,England,,,,,,22 years,Young person has requested and received support,6780,58
2025,Reporting year,National,E92000001,England,,,,,,23 years,Care leaver not in touch,6500,57
2025,Reporting year,National,E92000001,England,,,,,,23 years,Total,11320,100
2025,Reporting year,National,E92000001,England,,,,,,23 years,Young person has requested and received support,4810,43
2025,Reporting year,National,E92000001,England,,,,,,24 years,Care leaver not in touch,7200,66
2025,Reporting year,National,E92000001,England,,,,,,24 years,Total,10870,100
2025,Reporting year,National,E92000001,England,,,,,,24 years,Young person has requested and received support,3670,34
2025,Reporting year,National,E92000001,England,,,,,,25 years,Care leaver not in touch,8260,78
2025,Reporting year,National,E92000001,England,,,,,,25 years,Total,10570,100
2025,Reporting year,National,E92000001,England,,,,,,25 years,Young person has requested and received support,2310,22
2025,Reporting year,Regional,E92000001,England,E12000001,North East,,,,22 years,Care leaver not in touch,220,42
2025,Reporting year,Regional,E92000001,England,E12000001,North East,,,,22 years,Total,520,100
2025,Reporting year,Regional,E92000001,England,E12000001,North East,,,,22 years,Young person has requested and received support,300,58
2025,Reporting year,Regional,E92000001,England,E12000001,North East,,,,23 years,Care leaver not in touch,280,57
2025,Reporting year,Regional,E92000001,England,E12000001,North East,,,,23 years,Total,490,100
2025,Reporting year,Regional,E92000001,England,E12000001,North East,,,,23 years,Young person has requested and received support,210,43
2025,Reporting year,Regional,E92000001,England,E12000001,North East,,,,24 years,Care leaver not in touch,350,66
2025,Reporting year,Regional,E92000001,England,E12000001,North East,,,,24 years,Total,520,100
2025,Reporting year,Regional,E92000001,England,E12000001,North East,,,,24 years,Young person has requested and received support,180,34
2025,Reporting year,Regional,E92000001,England,E12000001,North East,,,,25 years,Care leaver not in touch,400,83
2025,Reporting year,Regional,E92000001,England,E12000001,North East,,,,25 years,Total,480,100
2025,Reporting year,Regional,E92000001,England,E12000001,North East,,,,25 years,Young person has requested and received support,80,17
2025,Reporting year,Regional,E92000001,England,E12000002,North West,,,,22 years,Care leaver not in touch,650,40
2025,Reporting year,Regional,E92000001,England,E12000002,North West,,,,22 years,Total,1630,100
2025,Reporting year,Regional,E92000001,England,E12000002,North West,,,,22 years,Young person has requested and received support,990,60
2025,Reporting year,Regional,E92000001,England,E12000002,North West,,,,23 years,Care leaver not in touch,870,55
2025,Reporting year,Regional,E92000001,England,E12000002,North West,,,,23 years,Total,1580,100
2025,Reporting year,Regional,E92000001,England,E12000002,North West,,,,23 years,Young person has requested and received support,720,45
2025,Reporting year,Regional,E92000001,England,E12000002,North West,,,,24 years,Care leaver not in touch,930,62
2025,Reporting year,Regional,E92000001,England,E12000002,North West,,,,24 years,Total,1510,100
2025,Reporting year,Regional,E92000001,England,E12000002,North West,,,,24 years,Young person has requested and received support,580,38
2025,Reporting year,Regional,E92000001,England,E12000002,North West,,,,25 years,Care leaver not in touch,1010,74
2025,Reporting year,Regional,E92000001,England,E12000002,North West,,,,25 years,Total,1360,100
2025,Reporting year,Regional,E92000001,England,E12000002,North West,,,,25 years,Young person has requested and received support,350,26
2025,Reporting year,Regional,E92000001,England,E12000003,Yorkshire and The Humber,,,,22 years,Care leaver not in touch,520,50
2025,Reporting year,Regional,E92000001,England,E12000003,Yorkshire and The Humber,,,,22 years,Total,1020,100
2025,Reporting year,Regional,E92000001,England,E12000003,Yorkshire and The Humber,,,,22 years,Young person has requested and received support,510,50
2025,Reporting year,Regional,E92000001,England,E12000003,Yorkshire and The Humber,,,,23 years,Care leaver not in touch,580,61
2025,Reporting year,Regional,E92000001,England,E12000003,Yorkshire and The Humber,,,,23 years,Total,950,100
2025,Reporting year,Regional,E92000001,England,E12000003,Yorkshire and The Humber,,,,23 years,Young person has requested and received support,370,39
2025,Reporting year,Regional,E92000001,England,E12000003,Yorkshire and The Humber,,,,24 years,Care leaver not in touch,660,71
2025,Reporting year,Regional,E92000001,England,E12000003,Yorkshire and The Humber,,,,24 years,Total,920,100
2025,Reporting year,Regional,E92000001,England,E12000003,Yorkshire and The Humber,,,,24 years,Young person has requested and received support,270,29
2025,Reporting year,Regional,E92000001,England,E12000003,Yorkshire and The Humber,,,,25 years,Care leaver not in touch,730,83
2025,Reporting year,Regional,E92000001,England,E12000003,Yorkshire and The Humber,,,,25 years,Total,890,100
2025,Reporting year,Regional,E92000001,England,E12000003,Yorkshire and The Humber,,,,25 years,Young person has requested and received support,150,17
2025,Reporting year,Regional,E92000001,England,E12000004,East Midlands,,,,22 years,Care leaver not in touch,330,41
2025,Reporting year,Regional,E92000001,England,E12000004,East Midlands,,,,22 years,Total,810,100
2025,Reporting year,Regional,E92000001,England,E12000004,East Midlands,,,,22 years,Young person has requested and received support,480,59
2025,Reporting year,Regional,E92000001,England,E12000004,East Midlands,,,,23 years,Care leaver not in touch,440,54
2025,Reporting year,Regional,E92000001,England,E12000004,East Midlands,,,,23 years,Total,810,100
2025,Reporting year,Regional,E92000001,England,E12000004,East Midlands,,,,23 years,Young person has requested and received support,370,46
2025,Reporting year,Regional,E92000001,England,E12000004,East Midlands,,,,24 years,Care leaver not in touch,450,56
2025,Reporting year,Regional,E92000001,England,E12000004,East Midlands,,,,24 years,Total,810,100
2025,Reporting year,Regional,E92000001,England,E12000004,East Midlands,,,,24 years,Young person has requested and received support,360,44
2025,Reporting year,Regional,E92000001,England,E12000004,East Midlands,,,,25 years,Care leaver not in touch,450,59
2025,Reporting year,Regional,E92000001,England,E12000004,East Midlands,,,,25 years,Total,760,100
2025,Reporting year,Regional,E92000001,England,E12000004,East Midlands,,,,25 years,Young person has requested and received support,310,41
2025,Reporting year,Regional,E92000001,England,E12000005,West Midlands,,,,22 years,Care leaver not in touch,670,53
2025,Reporting year,Regional,E92000001,England,E12000005,West Midlands,,,,22 years,Total,1260,100
2025,Reporting year,Regional,E92000001,England,E12000005,West Midlands,,,,22 years,Young person has requested and received support,590,47
2025,Reporting year,Regional,E92000001,England,E12000005,West Midlands,,,,23 years,Care leaver not in touch,830,66
2025,Reporting year,Regional,E92000001,England,E12000005,West Midlands,,,,23 years,Total,1250,100
2025,Reporting year,Regional,E92000001,England,E12000005,West Midlands,,,,23 years,Young person has requested and received support,430,34
2025,Reporting year,Regional,E92000001,England,E12000005,West Midlands,,,,24 years,Care leaver not in touch,910,74
2025,Reporting year,Regional,E92000001,England,E12000005,West Midlands,,,,24 years,Total,1230,100
2025,Reporting year,Regional,E92000001,England,E12000005,West Midlands,,,,24 years,Young person has requested and received support,320,26
2025,Reporting year,Regional,E92000001,England,E12000005,West Midlands,,,,25 years,Care leaver not in touch,970,83
2025,Reporting year,Regional,E92000001,England,E12000005,West Midlands,,,,25 years,Total,1160,100
2025,Reporting year,Regional,E92000001,England,E12000005,West Midlands,,,,25 years,Young person has requested and received support,190,17
2025,Reporting year,Regional,E92000001,England,E12000006,East of England,,,,22 years,Care leaver not in touch,520,45
2025,Reporting year,Regional,E92000001,England,E12000006,East of England,,,,22 years,Total,1150,100
2025,Reporting year,Regional,E92000001,England,E12000006,East of England,,,,22 years,Young person has requested and received support,630,55
2025,Reporting year,Regional,E92000001,England,E12000006,East of England,,,,23 years,Care leaver not in touch,700,62
2025,Reporting year,Regional,E92000001,England,E12000006,East of England,,,,23 years,Total,1120,100
2025,Reporting year,Regional,E92000001,England,E12000006,East of England,,,,23 years,Young person has requested and received support,420,38
2025,Reporting year,Regional,E92000001,England,E12000006,East of England,,,,24 years,Care leaver not in touch,740,71
2025,Reporting year,Regional,E92000001,England,E12000006,East of England,,,,24 years,Total,1040,100
2025,Reporting year,Regional,E92000001,England,E12000006,East of England,,,,24 years,Young person has requested and received support,310,29
2025,Reporting year,Regional,E92000001,England,E12000006,East of England,,,,25 years,Care leaver not in touch,890,80
2025,Reporting year,Regional,E92000001,England,E12000006,East of England,,,,25 years,Total,1110,100
2025,Reporting year,Regional,E92000001,England,E12000006,East of England,,,,25 years,Young person has requested and received support,220,20
2025,Reporting year,Regional,E92000001,England,E12000007,London,,,,22 years,Care leaver not in touch,730,29
2025,Reporting year,Regional,E92000001,England,E12000007,London,,,,22 years,Total,2470,100
2025,Reporting year,Regional,E92000001,England,E12000007,London,,,,22 years,Young person has requested and received support,1740,71
2025,Reporting year,Regional,E92000001,England,E12000007,London,,,,23 years,Care leaver not in touch,1210,48
2025,Reporting year,Regional,E92000001,England,E12000007,London,,,,23 years,Total,2490,100
2025,Reporting year,Regional,E92000001,England,E12000007,London,,,,23 years,Young person has requested and received support,1280,52
2025,Reporting year,Regional,E92000001,England,E12000007,London,,,,24 years,Care leaver not in touch,1400,59
2025,Reporting year,Regional,E92000001,England,E12000007,London,,,,24 years,Total,2380,100
2025,Reporting year,Regional,E92000001,England,E12000007,London,,,,24 years,Young person has requested and received support,980,41
2025,Reporting year,Regional,E92000001,England,E12000007,London,,,,25 years,Care leaver not in touch,1770,76
2025,Reporting year,Regional,E92000001,England,E12000007,London,,,,25 years,Total,2340,100
2025,Reporting year,Regional,E92000001,England,E12000007,London,,,,25 years,Young person has requested and received support,570,24
2025,Reporting year,Regional,E92000001,England,E12000008,South East,,,,22 years,Care leaver not in touch,810,45
2025,Reporting year,Regional,E92000001,England,E12000008,South East,,,,22 years,Total,1820,100
2025,Reporting year,Regional,E92000001,England,E12000008,South East,,,,22 years,Young person has requested and received support,1010,55
2025,Reporting year,Regional,E92000001,England,E12000008,South East,,,,23 years,Care leaver not in touch,1000,60
2025,Reporting year,Regional,E92000001,England,E12000008,South East,,,,23 years,Total,1680,100
2025,Reporting year,Regional,E92000001,England,E12000008,South East,,,,23 years,Young person has requested and received support,680,40
2025,Reporting year,Regional,E92000001,England,E12000008,South East,,,,24 years,Care leaver not in touch,1080,69
2025,Reporting year,Regional,E92000001,England,E12000008,South East,,,,24 years,Total,1560,100
2025,Reporting year,Regional,E92000001,England,E12000008,South East,,,,24 years,Young person has requested and received support,480,31
2025,Reporting year,Regional,E92000001,England,E12000008,South East,,,,25 years,Care leaver not in touch,1310,81
2025,Reporting year,Regional,E92000001,England,E12000008,South East,,,,25 years,Total,1610,100
2025,Reporting year,Regional,E92000001,England,E12000008,South East,,,,25 years,Young person has requested and received support,310,19
2025,Reporting year,Regional,E92000001,England,E12000009,South West,,,,22 years,Care leaver not in touch,470,47
2025,Reporting year,Regional,E92000001,England,E12000009,South West,,,,22 years,Total,1000,100
2025,Reporting year,Regional,E92000001,England,E12000009,South West,,,,22 years,Young person has requested and received support,530,53
2025,Reporting year,Regional,E92000001,England,E12000009,South West,,,,23 years,Care leaver not in touch,600,64
2025,Reporting year,Regional,E92000001,England,E12000009,South West,,,,23 years,Total,930,100
2025,Reporting year,Regional,E92000001,England,E12000009,South West,,,,23 years,Young person has requested and received support,340,36
2025,Reporting year,Regional,E92000001,England,E12000009,South West,,,,24 years,Care leaver not in touch,690,78
2025,Reporting year,Regional,E92000001,England,E12000009,South West,,,,24 years,Total,890,100
2025,Reporting year,Regional,E92000001,England,E12000009,South West,,,,24 years,Young person has requested and received support,200,22
2025,Reporting year,Regional,E92000001,England,E12000009,South West,,,,25 years,Care leaver not in touch,740,85
2025,Reporting year,Regional,E92000001,England,E12000009,South West,,,,25 years,Total,870,100
2025,Reporting year,Regional,E92000001,England,E12000009,South West,,,,25 years,Young person has requested and received support,130,15
2025,Reporting year,Regional,E92000001,England,E13000001,Inner London,,,,22 years,Care leaver not in touch,260,23
2025,Reporting year,Regional,E92000001,England,E13000001,Inner London,,,,22 years,Total,1120,100
2025,Reporting year,Regional,E92000001,England,E13000001,Inner London,,,,22 years,Young person has requested and received support,860,77
2025,Reporting year,Regional,E92000001,England,E13000001,Inner London,,,,23 years,Care leaver not in touch,380,38
2025,Reporting year,Regional,E92000001,England,E13000001,Inner London,,,,23 years,Total,1000,100
2025,Reporting year,Regional,E92000001,England,E13000001,Inner London,,,,23 years,Young person has requested and received support,610,62
2025,Reporting year,Regional,E92000001,England,E13000001,Inner London,,,,24 years,Care leaver not in touch,490,48
2025,Reporting year,Regional,E92000001,England,E13000001,Inner London,,,,24 years,Total,1030,100
2025,Reporting year,Regional,E92000001,England,E13000001,Inner London,,,,24 years,Young person has requested and received support,540,52
2025,Reporting year,Regional,E92000001,England,E13000001,Inner London,,,,25 years,Care leaver not in touch,690,68
2025,Reporting year,Regional,E92000001,England,E13000001,Inner London,,,,25 years,Total,1020,100
2025,Reporting year,Regional,E92000001,England,E13000001,Inner London,,,,25 years,Young person has requested and received support,320,32
2025,Reporting year,Regional,E92000001,England,E13000002,Outer London,,,,22 years,Care leaver not in touch,470,35
2025,Reporting year,Regional,E92000001,England,E13000002,Outer London,,,,22 years,Total,1350,100
2025,Reporting year,Regional,E92000001,England,E13000002,Outer London,,,,22 years,Young person has requested and received support,880,65
2025,Reporting year,Regional,E92000001,England,E13000002,Outer London,,,,23 years,Care leaver not in touch,820,55
2025,Reporting year,Regional,E92000001,England,E13000002,Outer London,,,,23 years,Total,1490,100
2025,Reporting year,Regional,E92000001,England,E13000002,Outer London,,,,23 years,Young person has requested and received support,670,45
2025,Reporting year,Regional,E92000001,England,E13000002,Outer London,,,,24 years,Care leaver not in touch,910,68
2025,Reporting year,Regional,E92000001,England,E13000002,Outer London,,,,24 years,Total,1350,100
2025,Reporting year,Regional,E92000001,England,E13000002,Outer London,,,,24 years,Young person has requested and received support,440,32
2025,Reporting year,Regional,E92000001,England,E13000002,Outer London,,,,25 years,Care leaver not in touch,1080,81
2025,Reporting year,Regional,E92000001,England,E13000002,Outer London,,,,25 years,Total,1330,100
2025,Reporting year,Regional,E92000001,England,E13000002,Outer London,,,,25 years,Young person has requested and received support,250,19
2025,Reporting year,Local authority,E92000001,England,E12000001,North East,805,Hartlepool,E06000001,22 years,Care leaver not in touch,15,58
2025,Reporting year,Local authority,E92000001,England,E12000001,North East,805,Hartlepool,E06000001,22 years,Total,26,100
2025,Reporting year,Local authority,E92000001,England,E12000001,North East,805,Hartlepool,E06000001,22 years,Young person has requested and received support,11,42
2025,Reporting year,Local authority,E92000001,England,E12000001,North East,805,Hartlepool,E06000001,23 years,Care leaver not in touch,c,c
2025,Reporting year,Local authority,E92000001,England,E12000001,North East,805,Hartlepool,E06000001,23 years,Total,13,100
2025,Reporting year,Local authority,E92000001,England,E12000001,North East,805,Hartlepool,E06000001,23 years,Young person has requested and received support,c,c
2025,Reporting year,Local authority,E92000001,England,E12000001,North East,805,Hartlepool,E06000001,24 years,Care leaver not in touch,c,c
2025,Reporting year,Local authority,E92000001,England,E12000001,North East,805,Hartlepool,E06000001,24 years,Total,30,100
2025,Reporting year,Local authority,E92000001,England,E12000001,North East,805,Hartlepool,E06000001,24 years,Young person has requested and received support,c,c
2025,Reporting year,Local authority,E92000001,England,E12000001,North East,805,Hartlepool,E06000001,25 years,Care leaver not in touch,c,c
2025,Reporting year,Local authority,E92000001,England,E12000001,North East,805,Hartlepool,E06000001,25 years,Total,30,100
2025,Reporting year,Local authority,E92000001,England,E12000001,North East,805,Hartlepool,E06000001,25 years,Young person has requested and received support,c,c
2025,Reporting year,Local authority,E92000001,England,E12000001,North East,806,Middlesbrough,E06000002,22 years,Care leaver not in touch,20,49
2025,Reporting year,Local authority,E92000001,England,E12000001,North East,806,Middlesbrough,E06000002,22 years,Total,41,100
2025,Reporting year,Local authority,E92000001,England,E12000001,North East,806,Middlesbrough,E06000002,22 years,Young person has requested and received support,21,51
2025,Reporting year,Local authority,E92000001,England,E12000001,North East,806,Middlesbrough,E06000002,23 years,Care leaver not in touch,33,83
2025,Reporting year,Local authority,E92000001,England,E12000001,North East,806,Middlesbrough,E06000002,23 years,Total,40,100
2025,Reporting year,Local authority,E92000001,England,E12000001,North East,806,Middlesbrough,E06000002,23 years,Young person has requested and received support,7,18
2025,Reporting year,Local authority,E92000001,England,E12000001,North East,806,Middlesbrough,E06000002,24 years,Care leaver not in touch,c,c
2025,Reporting year,Local authority,E92000001,England,E12000001,North East,806,Middlesbrough,E06000002,24 years,Total,35,100
2025,Reporting year,Local authority,E92000001,England,E12000001,North East,806,Middlesbrough,E06000002,24 years,Young person has requested and received support,c,c
2025,Reporting year,Local authority,E92000001,England,E12000001,North East,806,Middlesbrough,E06000002,25 years,Care leaver not in touch,c,c
2025,Reporting year,Local authority,E92000001,England,E12000001,North East,806,Middlesbrough,E06000002,25 years,Total,45,100
2025,Reporting year,Local authority,E92000001,England,E12000001,North East,806,Middlesbrough,E06000002,25 years,Young person has requested and received support,c,c
2025,Reporting year,Local authority,E92000001,England,E12000001,North East,807,Redcar and Cleveland,E06000003,22 years,Care leaver not in touch,11,26
2025,Reporting year,Local authority,E92000001,England,E12000001,North East,807,Redcar and Cleveland,E06000003,22 years,Total,43,100
2025,Reporting year,Local authority,E92000001,England,E12000001,North East,807,Redcar and Cleveland,E06000003,22 years,Young person has requested and received support,32,74
2025,Reporting year,Local authority,E92000001,England,E12000001,North East,807,Redcar and Cleveland,E06000003,23 years,Care leaver not in touch,c,c
2025,Reporting year,Local authority,E92000001,England,E12000001,North East,807,Redcar and Cleveland,E06000003,23 years,Total,26,100
2025,Reporting year,Local authority,E92000001,England,E12000001,North East,807,Redcar and Cleveland,E06000003,23 years,Young person has requested and received support,c,c
2025,Reporting year,Local authority,E92000001,England,E12000001,North East,807,Redcar and Cleveland,E06000003,24 years,Care leaver not in touch,23,77
2025,Reporting year,Local authority,E92000001,England,E12000001,North East,807,Redcar and Cleveland,E06000003,24 years,Total,30,100
2025,Reporting year,Local authority,E92000001,England,E12000001,North East,807,Redcar and Cleveland,E06000003,24 years,Young person has requested and received support,7,23
2025,Reporting year,Local authority,E92000001,England,E12000001,North East,807,Redcar and Cleveland,E06000003,25 years,Care leaver not in touch,c,c
2025,Reporting year,Local authority,E92000001,England,E12000001,North East,807,Redcar and Cleveland,E06000003,25 years,Total,22,100
2025,Reporting year,Local authority,E92000001,England,E12000001,North East,807,Redcar and Cleveland,E06000003,25 years,Young person has requested and received support,c,c
2025,Reporting year,Local authority,E92000001,England,E12000001,North East,808,Stockton-on-Tees,E06000004,22 years,Care leaver not in touch,31,74
2025,Reporting year,Local authority,E92000001,England,E12000001,North East,808,Stockton-on-Tees,E06000004,22 years,Total,42,100
2025,Reporting year,Local authority,E92000001,England,E12000001,North East,808,Stockton-on-Tees,E06000004,22 years,Young person has requested and received support,11,26
2025,Reporting year,Local authority,E92000001,England,E12000001,North East,808,Stockton-on-Tees,E06000004,23 years,Care leaver not in touch,28,80
2025,Reporting year,Local authority,E92000001,England,E12000001,North East,808,Stockton-on-Tees,E06000004,23 years,Total,35,100
2025,Reporting year,Local authority,E92000001,England,E12000001,North East,808,Stockton-on-Tees,E06000004,23 years,Young person has requested and received support,7,20
2025,Reporting year,Local authority,E92000001,England,E12000001,North East,808,Stockton-on-Tees,E06000004,24 years,Care leaver not in touch,29,83
2025,Reporting year,Local authority,E92000001,England,E12000001,North East,808,Stockton-on-Tees,E06000004,24 years,Total,35,100
2025,Reporting year,Local authority,E92000001,England,E12000001,North East,808,Stockton-on-Tees,E06000004,24 years,Young person has requested and received support,6,17
2025,Reporting year,Local authority,E92000001,England,E12000001,North East,808,Stockton-on-Tees,E06000004,25 years,Care leaver not in touch,c,c
2025,Reporting year,Local authority,E92000001,England,E12000001,North East,808,Stockton-on-Tees,E06000004,25 years,Total,38,100
2025,Reporting year,Local authority,E92000001,England,E12000001,North East,808,Stockton-on-Tees,E06000004,25 years,Young person has requested and received support,c,c
2025,Reporting year,Local authority,E92000001,England,E12000001,North East,841,Darlington,E06000005,22 years,Care leaver not in touch,c,c
2025,Reporting year,Local authority,E92000001,England,E12000001,North East,841,Darlington,E06000005,22 years,Total,17,100
2025,Reporting year,Local authority,E92000001,England,E12000001,North East,841,Darlington,E06000005,22 years,Young person has requested and received support,c,c
2025,Reporting year,Local authority,E92000001,England,E12000001,North East,841,Darlington,E06000005,23 years,Care leaver not in touch,0,0
2025,Reporting year,Local authority,E92000001,England,E12000001,North East,841,Darlington,E06000005,23 years,Total,17,100
2025,Reporting year,Local authority,E92000001,England,E12000001,North East,841,Darlington,E06000005,23 years,Young person has requested and received support,17,100
2025,Reporting year,Local authority,E92000001,England,E12000001,North East,841,Darlington,E06000005,24 years,Care leaver not in touch,c,c
2025,Reporting year,Local authority,E92000001,England,E12000001,North East,841,Darlington,E06000005,24 years,Total,22,100
2025,Reporting year,Local authority,E92000001,England,E12000001,North East,841,Darlington,E06000005,24 years,Young person has requested and received support,c,c
2025,Reporting year,Local authority,E92000001,England,E12000001,North East,841,Darlington,E06000005,25 years,Care leaver not in touch,c,c
2025,Reporting year,Local authority,E92000001,England,E12000001,North East,841,Darlington,E06000005,25 years,Total,19,100
2025,Reporting year,Local authority,E92000001,England,E12000001,North East,841,Darlington,E06000005,25 years,Young person has requested and received support,c,c
2025,Reporting year,Local authority,E92000001,England,E12000001,North East,840,County Durham,E06000047,22 years,Care leaver not in touch,11,15
2025,Reporting year,Local authority,E92000001,England,E12000001,North East,840,County Durham,E06000047,22 years,Total,71,100
2025,Reporting year,Local authority,E92000001,England,E12000001,North East,840,County Durham,E06000047,22 years,Young person has requested and received support,60,85
2025,Reporting year,Local authority,E92000001,England,E12000001,North East,840,County Durham,E06000047,23 years,Care leaver not in touch,17,22
2025,Reporting year,Local authority,E92000001,England,E12000001,North East,840,County Durham,E06000047,23 years,Total,78,100
2025,Reporting year,Local authority,E92000001,England,E12000001,North East,840,County Durham,E06000047,23 years,Young person has requested and received support,61,78
2025,Reporting year,Local authority,E92000001,England,E12000001,North East,840,County Durham,E06000047,24 years,Care leaver not in touch,10,15
2025,Reporting year,Local authority,E92000001,England,E12000001,North East,840,County Durham,E06000047,24 years,Total,67,100
2025,Reporting year,Local authority,E92000001,England,E12000001,North East,840,County Durham,E06000047,24 years,Young person has requested and received support,57,85
2025,Reporting year,Local authority,E92000001,England,E12000001,North East,840,County Durham,E06000047,25 years,Care leaver not in touch,42,82
2025,Reporting year,Local authority,E92000001,England,E12000001,North East,840,County Durham,E06000047,25 years,Total,51,100
2025,Reporting year,Local authority,E92000001,England,E12000001,North East,840,County Durham,E06000047,25 years,Young person has requested and received support,9,18
2025,Reporting year,Local authority,E92000001,England,E12000001,North East,929,Northumberland,E06000057,22 years,Care leaver not in touch,21,46
2025,Reporting year,Local authority,E92000001,England,E12000001,North East,929,Northumberland,E06000057,22 years,Total,46,100
2025,Reporting year,Local authority,E92000001,England,E12000001,North East,929,Northumberland,E06000057,22 years,Young person has requested and received support,25,54
2025,Reporting year,Local authority,E92000001,England,E12000001,North East,929,Northumberland,E06000057,23 years,Care leaver not in touch,c,c
2025,Reporting year,Local authority,E92000001,England,E12000001,North East,929,Northumberland,E06000057,23 years,Total,34,100
2025,Reporting year,Local authority,E92000001,England,E12000001,North East,929,Northumberland,E06000057,23 years,Young person has requested and received support,c,c
2025,Reporting year,Local authority,E92000001,England,E12000001,North East,929,Northumberland,E06000057,24 years,Care leaver not in touch,36,86
2025,Reporting year,Local authority,E92000001,England,E12000001,North East,929,Northumberland,E06000057,24 years,Total,42,100
2025,Reporting year,Local authority,E92000001,England,E12000001,North East,929,Northumberland,E06000057,24 years,Young person has requested and received support,6,14
2025,Reporting year,Local authority,E92000001,England,E12000001,North East,929,Northumberland,E06000057,25 years,Care leaver not in touch,c,c
2025,Reporting year,Local authority,E92000001,England,E12000001,North East,929,Northumberland,E06000057,25 years,Total,44,100
2025,Reporting year,Local authority,E92000001,England,E12000001,North East,929,Northumberland,E06000057,25 years,Young person has requested and received support,c,c
2025,Reporting year,Local authority,E92000001,England,E12000001,North East,391,Newcastle upon Tyne,E08000021,22 years,Care leaver not in touch,33,55
2025,Reporting year,Local authority,E92000001,England,E12000001,North East,391,Newcastle upon Tyne,E08000021,22 years,Total,60,100
2025,Reporting year,Local authority,E92000001,England,E12000001,North East,391,Newcastle upon Tyne,E08000021,22 years,Young person has requested and received support,27,45
2025,Reporting year,Local authority,E92000001,England,E12000001,North East,391,Newcastle upon Tyne,E08000021,23 years,Care leaver not in touch,60,79
2025,Reporting year,Local authority,E92000001,England,E12000001,North East,391,Newcastle upon Tyne,E08000021,23 years,Total,76,100
2025,Reporting year,Local authority,E92000001,England,E12000001,North East,391,Newcastle upon Tyne,E08000021,23 years,Young person has requested and received support,16,21
2025,Reporting year,Local authority,E92000001,England,E12000001,North East,391,Newcastle upon Tyne,E08000021,24 years,Care leaver not in touch,79,93
2025,Reporting year,Local authority,E92000001,England,E12000001,North East,391,Newcastle upon Tyne,E08000021,24 years,Total,85,100
2025,Reporting year,Local authority,E92000001,England,E12000001,North East,391,Newcastle upon Tyne,E08000021,24 years,Young person has requested and received support,6,7
2025,Reporting year,Local authority,E92000001,England,E12000001,North East,391,Newcastle upon Tyne,E08000021,25 years,Care leaver not in touch,c,c
2025,Reporting year,Local authority,E92000001,England,E12000001,North East,391,Newcastle upon Tyne,E08000021,25 years,Total,58,100
2025,Reporting year,Local authority,E92000001,England,E12000001,North East,391,Newcastle upon Tyne,E08000021,25 years,Young person has requested and received support,c,c
2025,Reporting year,Local authority,E92000001,England,E12000001,North East,392,North Tyneside,E08000022,22 years,Care leaver not in touch,16,39
2025,Reporting year,Local authority,E92000001,England,E12000001,North East,392,North Tyneside,E08000022,22 years,Total,41,100
2025,Reporting year,Local authority,E92000001,England,E12000001,North East,392,North Tyneside,E08000022,22 years,Young person has requested and received support,25,61
2025,Reporting year,Local authority,E92000001,England,E12000001,North East,392,North Tyneside,E08000022,23 years,Care leaver not in touch,17,44
2025,Reporting year,Local authority,E92000001,England,E12000001,North East,392,North Tyneside,E08000022,23 years,Total,39,100
2025,Reporting year,Local authority,E92000001,England,E12000001,North East,392,North Tyneside,E08000022,23 years,Young person has requested and received support,22,56
2025,Reporting year,Local authority,E92000001,England,E12000001,North East,392,North Tyneside,E08000022,24 years,Care leaver not in touch,27,60
2025,Reporting year,Local authority,E92000001,England,E12000001,North East,392,North Tyneside,E08000022,24 years,Total,45,100
2025,Reporting year,Local authority,E92000001,England,E12000001,North East,392,North Tyneside,E08000022,24 years,Young person has requested and received support,18,40
2025,Reporting year,Local authority,E92000001,England,E12000001,North East,392,North Tyneside,E08000022,25 years,Care leaver not in touch,29,81
2025,Reporting year,Local authority,E92000001,England,E12000001,North East,392,North Tyneside,E08000022,25 years,Total,36,100
2025,Reporting year,Local authority,E92000001,England,E12000001,North East,392,North Tyneside,E08000022,25 years,Young person has requested and received support,7,19
2025,Reporting year,Local authority,E92000001,England,E12000001,North East,393,South Tyneside,E08000023,22 years,Care leaver not in touch,0,0
2025,Reporting year,Local authority,E92000001,England,E12000001,North East,393,South Tyneside,E08000023,22 years,Total,29,100
2025,Reporting year,Local authority,E92000001,England,E12000001,North East,393,South Tyneside,E08000023,22 years,Young person has requested and received support,29,100
2025,Reporting year,Local authority,E92000001,England,E12000001,North East,393,South Tyneside,E08000023,23 years,Care leaver not in touch,0,0
2025,Reporting year,Local authority,E92000001,England,E12000001,North East,393,South Tyneside,E08000023,23 years,Total,33,100
2025,Reporting year,Local authority,E92000001,England,E12000001,North East,393,South Tyneside,E08000023,23 years,Young person has requested and received support,33,100
2025,Reporting year,Local authority,E92000001,England,E12000001,North East,393,South Tyneside,E08000023,24 years,Care leaver not in touch,0,0
2025,Reporting year,Local authority,E92000001,England,E12000001,North East,393,South Tyneside,E08000023,24 years,Total,36,100
2025,Reporting year,Local authority,E92000001,England,E12000001,North East,393,South Tyneside,E08000023,24 years,Young person has requested and received support,36,100
2025,Reporting year,Local authority,E92000001,England,E12000001,North East,393,South Tyneside,E08000023,25 years,Care leaver not in touch,c,c
2025,Reporting year,Local authority,E92000001,England,E12000001,North East,393,South Tyneside,E08000023,25 years,Total,29,100
2025,Reporting year,Local authority,E92000001,England,E12000001,North East,393,South Tyneside,E08000023,25 years,Young person has requested and received support,c,c
2025,Reporting year,Local authority,E92000001,England,E12000001,North East,394,Sunderland,E08000024,22 years,Care leaver not in touch,43,66
2025,Reporting year,Local authority,E92000001,England,E12000001,North East,394,Sunderland,E08000024,22 years,Total,65,100
2025,Reporting year,Local authority,E92000001,England,E12000001,North East,394,Sunderland,E08000024,22 years,Young person has requested and received support,22,34
2025,Reporting year,Local authority,E92000001,England,E12000001,North East,394,Sunderland,E08000024,23 years,Care leaver not in touch,46,73
2025,Reporting year,Local authority,E92000001,England,E12000001,North East,394,Sunderland,E08000024,23 years,Total,63,100
2025,Reporting year,Local authority,E92000001,England,E12000001,North East,394,Sunderland,E08000024,23 years,Young person has requested and received support,17,27
2025,Reporting year,Local authority,E92000001,England,E12000001,North East,394,Sunderland,E08000024,24 years,Care leaver not in touch,48,84
2025,Reporting year,Local authority,E92000001,England,E12000001,North East,394,Sunderland,E08000024,24 years,Total,57,100
2025,Reporting year,Local authority,E92000001,England,E12000001,North East,394,Sunderland,E08000024,24 years,Young person has requested and received support,9,16
2025,Reporting year,Local authority,E92000001,England,E12000001,North East,394,Sunderland,E08000024,25 years,Care leaver not in touch,c,c
2025,Reporting year,Local authority,E92000001,England,E12000001,North East,394,Sunderland,E08000024,25 years,Total,54,100
2025,Reporting year,Local authority,E92000001,England,E12000001,North East,394,Sunderland,E08000024,25 years,Young person has requested and received support,c,c
2025,Reporting year,Local authority,E92000001,England,E12000001,North East,390,Gateshead,E08000037,22 years,Care leaver not in touch,14,40
2025,Reporting year,Local authority,E92000001,England,E12000001,North East,390,Gateshead,E08000037,22 years,Total,35,100
2025,Reporting year,Local authority,E92000001,England,E12000001,North East,390,Gateshead,E08000037,22 years,Young person has requested and received support,21,60
2025,Reporting year,Local authority,E92000001,England,E12000001,North East,390,Gateshead,E08000037,23 years,Care leaver not in touch,17,52
2025,Reporting year,Local authority,E92000001,England,E12000001,North East,390,Gateshead,E08000037,23 years,Total,33,100
2025,Reporting year,Local authority,E92000001,England,E12000001,North East,390,Gateshead,E08000037,23 years,Young person has requested and received support,16,48
2025,Reporting year,Local authority,E92000001,England,E12000001,North East,390,Gateshead,E08000037,24 years,Care leaver not in touch,32,82
2025,Reporting year,Local authority,E92000001,England,E12000001,North East,390,Gateshead,E08000037,24 years,Total,39,100
2025,Reporting year,Local authority,E92000001,England,E12000001,North East,390,Gateshead,E08000037,24 years,Young person has requested and received support,7,18
2025,Reporting year,Local authority,E92000001,England,E12000001,North East,390,Gateshead,E08000037,25 years,Care leaver not in touch,43,88
2025,Reporting year,Local authority,E92000001,England,E12000001,North East,390,Gateshead,E08000037,25 years,Total,49,100
2025,Reporting year,Local authority,E92000001,England,E12000001,North East,390,Gateshead,E08000037,25 years,Young person has requested and received support,6,12
2025,Reporting year,Local authority,E92000001,England,E12000002,North West,876,Halton,E06000006,22 years,Care leaver not in touch,20,77
2025,Reporting year,Local authority,E92000001,England,E12000002,North West,876,Halton,E06000006,22 years,Total,26,100
2025,Reporting year,Local authority,E92000001,England,E12000002,North West,876,Halton,E06000006,22 years,Young person has requested and received support,6,23
2025,Reporting year,Local authority,E92000001,England,E12000002,North West,876,Halton,E06000006,23 years,Care leaver not in touch,17,74
2025,Reporting year,Local authority,E92000001,England,E12000002,North West,876,Halton,E06000006,23 years,Total,23,100
2025,Reporting year,Local authority,E92000001,England,E12000002,North West,876,Halton,E06000006,23 years,Young person has requested and received support,6,26
2025,Reporting year,Local authority,E92000001,England,E12000002,North West,876,Halton,E06000006,24 years,Care leaver not in touch,26,100
2025,Reporting year,Local authority,E92000001,England,E12000002,North West,876,Halton,E06000006,24 years,Total,26,100
2025,Reporting year,Local authority,E92000001,England,E12000002,North West,876,Halton,E06000006,24 years,Young person has requested and received support,0,0
2025,Reporting year,Local authority,E92000001,England,E12000002,North West,876,Halton,E06000006,25 years,Care leaver not in touch,c,c
2025,Reporting year,Local authority,E92000001,England,E12000002,North West,876,Halton,E06000006,25 years,Total,23,100
2025,Reporting year,Local authority,E92000001,England,E12000002,North West,876,Halton,E06000006,25 years,Young person has requested and received support,c,c
2025,Reporting year,Local authority,E92000001,England,E12000002,North West,877,Warrington,E06000007,22 years,Care leaver not in touch,21,57
2025,Reporting year,Local authority,E92000001,England,E12000002,North West,877,Warrington,E06000007,22 years,Total,37,100
2025,Reporting year,Local authority,E92000001,England,E12000002,North West,877,Warrington,E06000007,22 years,Young person has requested and received support,16,43
2025,Reporting year,Local authority,E92000001,England,E12000002,North West,877,Warrington,E06000007,23 years,Care leaver not in touch,37,80
2025,Reporting year,Local authority,E92000001,England,E12000002,North West,877,Warrington,E06000007,23 years,Total,46,100
2025,Reporting year,Local authority,E92000001,England,E12000002,North West,877,Warrington,E06000007,23 years,Young person has requested and received support,9,20
2025,Reporting year,Local authority,E92000001,England,E12000002,North West,877,Warrington,E06000007,24 years,Care leaver not in touch,c,c
2025,Reporting year,Local authority,E92000001,England,E12000002,North West,877,Warrington,E06000007,24 years,Total,37,100
2025,Reporting year,Local authority,E92000001,England,E12000002,North West,877,Warrington,E06000007,24 years,Young person has requested and received support,c,c
2025,Reporting year,Local authority,E92000001,England,E12000002,North West,877,Warrington,E06000007,25 years,Care leaver not in touch,c,c
2025,Reporting year,Local authority,E92000001,England,E12000002,North West,877,Warrington,E06000007,25 years,Total,36,100
2025,Reporting year,Local authority,E92000001,England,E12000002,North West,877,Warrington,E06000007,25 years,Young person has requested and received support,c,c
2025,Reporting year,Local authority,E92000001,England,E12000002,North West,889,Blackburn with Darwen,E06000008,22 years,Care leaver not in touch,c,c
2025,Reporting year,Local authority,E92000001,England,E12000002,North West,889,Blackburn with Darwen,E06000008,22 years,Total,32,100
2025,Reporting year,Local authority,E92000001,England,E12000002,North West,889,Blackburn with Darwen,E06000008,22 years,Young person has requested and received support,c,c
2025,Reporting year,Local authority,E92000001,England,E12000002,North West,889,Blackburn with Darwen,E06000008,23 years,Care leaver not in touch,15,38
2025,Reporting year,Local authority,E92000001,England,E12000002,North West,889,Blackburn with Darwen,E06000008,23 years,Total,40,100
2025,Reporting year,Local authority,E92000001,England,E12000002,North West,889,Blackburn with Darwen,E06000008,23 years,Young person has requested and received support,25,63
2025,Reporting year,Local authority,E92000001,England,E12000002,North West,889,Blackburn with Darwen,E06000008,24 years,Care leaver not in touch,15,45
2025,Reporting year,Local authority,E92000001,England,E12000002,North West,889,Blackburn with Darwen,E06000008,24 years,Total,33,100
2025,Reporting year,Local authority,E92000001,England,E12000002,North West,889,Blackburn with Darwen,E06000008,24 years,Young person has requested and received support,18,55
2025,Reporting year,Local authority,E92000001,England,E12000002,North West,889,Blackburn with Darwen,E06000008,25 years,Care leaver not in touch,17,50
2025,Reporting year,Local authority,E92000001,England,E12000002,North West,889,Blackburn with Darwen,E06000008,25 years,Total,34,100
2025,Reporting year,Local authority,E92000001,England,E12000002,North West,889,Blackburn with Darwen,E06000008,25 years,Young person has requested and received support,17,50
2025,Reporting year,Local authority,E92000001,England,E12000002,North West,890,Blackpool,E06000009,22 years,Care leaver not in touch,15,31
2025,Reporting year,Local authority,E92000001,England,E12000002,North West,890,Blackpool,E06000009,22 years,Total,49,100
2025,Reporting year,Local authority,E92000001,England,E12000002,North West,890,Blackpool,E06000009,22 years,Young person has requested and received support,34,69
2025,Reporting year,Local authority,E92000001,England,E12000002,North West,890,Blackpool,E06000009,23 years,Care leaver not in touch,18,39
2025,Reporting year,Local authority,E92000001,England,E12000002,North West,890,Blackpool,E06000009,23 years,Total,46,100
2025,Reporting year,Local authority,E92000001,England,E12000002,North West,890,Blackpool,E06000009,23 years,Young person has requested and received support,28,61
2025,Reporting year,Local authority,E92000001,England,E12000002,North West,890,Blackpool,E06000009,24 years,Care leaver not in touch,26,51
2025,Reporting year,Local authority,E92000001,England,E12000002,North West,890,Blackpool,E06000009,24 years,Total,51,100
2025,Reporting year,Local authority,E92000001,England,E12000002,North West,890,Blackpool,E06000009,24 years,Young person has requested and received support,25,49
2025,Reporting year,Local authority,E92000001,England,E12000002,North West,890,Blackpool,E06000009,25 years,Care leaver not in touch,20,56
2025,Reporting year,Local authority,E92000001,England,E12000002,North West,890,Blackpool,E06000009,25 years,Total,36,100
2025,Reporting year,Local authority,E92000001,England,E12000002,North West,890,Blackpool,E06000009,25 years,Young person has requested and received support,16,44
2025,Reporting year,Local authority,E92000001,England,E12000002,North West,895,Cheshire East,E06000049,22 years,Care leaver not in touch,7,10
2025,Reporting year,Local authority,E92000001,England,E12000002,North West,895,Cheshire East,E06000049,22 years,Total,70,100
2025,Reporting year,Local authority,E92000001,England,E12000002,North West,895,Cheshire East,E06000049,22 years,Young person has requested and received support,63,90
2025,Reporting year,Local authority,E92000001,England,E12000002,North West,895,Cheshire East,E06000049,23 years,Care leaver not in touch,6,10
2025,Reporting year,Local authority,E92000001,England,E12000002,North West,895,Cheshire East,E06000049,23 years,Total,62,100
2025,Reporting year,Local authority,E92000001,England,E12000002,North West,895,Cheshire East,E06000049,23 years,Young person has requested and received support,56,90
2025,Reporting year,Local authority,E92000001,England,E12000002,North West,895,Cheshire East,E06000049,24 years,Care leaver not in touch,9,15
2025,Reporting year,Local authority,E92000001,England,E12000002,North West,895,Cheshire East,E06000049,24 years,Total,59,100
2025,Reporting year,Local authority,E92000001,England,E12000002,North West,895,Cheshire East,E06000049,24 years,Young person has requested and received support,50,85
2025,Reporting year,Local authority,E92000001,England,E12000002,North West,895,Cheshire East,E06000049,25 years,Care leaver not in touch,13,32
2025,Reporting year,Local authority,E92000001,England,E12000002,North West,895,Cheshire East,E06000049,25 years,Total,41,100
2025,Reporting year,Local authority,E92000001,England,E12000002,North West,895,Cheshire East,E06000049,25 years,Young person has requested and received support,28,68
2025,Reporting year,Local authority,E92000001,England,E12000002,North West,896,Cheshire West and Chester,E06000050,22 years,Care leaver not in touch,25,51
2025,Reporting year,Local authority,E92000001,England,E12000002,North West,896,Cheshire West and Chester,E06000050,22 years,Total,49,100
2025,Reporting year,Local authority,E92000001,England,E12000002,North West,896,Cheshire West and Chester,E06000050,22 years,Young person has requested and received support,24,49
2025,Reporting year,Local authority,E92000001,England,E12000002,North West,896,Cheshire West and Chester,E06000050,23 years,Care leaver not in touch,29,69
2025,Reporting year,Local authority,E92000001,England,E12000002,North West,896,Cheshire West and Chester,E06000050,23 years,Total,42,100
2025,Reporting year,Local authority,E92000001,England,E12000002,North West,896,Cheshire West and Chester,E06000050,23 years,Young person has requested and received support,13,31
2025,Reporting year,Local authority,E92000001,England,E12000002,North West,896,Cheshire West and Chester,E06000050,24 years,Care leaver not in touch,37,71
2025,Reporting year,Local authority,E92000001,England,E12000002,North West,896,Cheshire West and Chester,E06000050,24 years,Total,52,100
2025,Reporting year,Local authority,E92000001,England,E12000002,North West,896,Cheshire West and Chester,E06000050,24 years,Young person has requested and received support,15,29
2025,Reporting year,Local authority,E92000001,England,E12000002,North West,896,Cheshire West and Chester,E06000050,25 years,Care leaver not in touch,57,85
2025,Reporting year,Local authority,E92000001,England,E12000002,North West,896,Cheshire West and Chester,E06000050,25 years,Total,67,100
2025,Reporting year,Local authority,E92000001,England,E12000002,North West,896,Cheshire West and Chester,E06000050,25 years,Young person has requested and received support,10,15
2025,Reporting year,Local authority,E92000001,England,E12000002,North West,942,Cumberland,E06000063,22 years,Care leaver not in touch,24,75
2025,Reporting year,Local authority,E92000001,England,E12000002,North West,942,Cumberland,E06000063,22 years,Total,32,100
2025,Reporting year,Local authority,E92000001,England,E12000002,North West,942,Cumberland,E06000063,22 years,Young person has requested and received support,8,25
2025,Reporting year,Local authority,E92000001,England,E12000002,North West,942,Cumberland,E06000063,23 years,Care leaver not in touch,46,88
2025,Reporting year,Local authority,E92000001,England,E12000002,North West,942,Cumberland,E06000063,23 years,Total,52,100
2025,Reporting year,Local authority,E92000001,England,E12000002,North West,942,Cumberland,E06000063,23 years,Young person has requested and received support,6,12
2025,Reporting year,Local authority,E92000001,England,E12000002,North West,942,Cumberland,E06000063,24 years,Care leaver not in touch,c,c
2025,Reporting year,Local authority,E92000001,England,E12000002,North West,942,Cumberland,E06000063,24 years,Total,20,100
2025,Reporting year,Local authority,E92000001,England,E12000002,North West,942,Cumberland,E06000063,24 years,Young person has requested and received support,c,c
2025,Reporting year,Local authority,E92000001,England,E12000002,North West,942,Cumberland,E06000063,25 years,Care leaver not in touch,33,100
2025,Reporting year,Local authority,E92000001,England,E12000002,North West,942,Cumberland,E06000063,25 years,Total,33,100
2025,Reporting year,Local authority,E92000001,England,E12000002,North West,942,Cumberland,E06000063,25 years,Young person has requested and received support,0,0
2025,Reporting year,Local authority,E92000001,England,E12000002,North West,943,Westmorland and Furness,E06000064,22 years,Care leaver not in touch,19,68
2025,Reporting year,Local authority,E92000001,England,E12000002,North West,943,Westmorland and Furness,E06000064,22 years,Total,28,100
2025,Reporting year,Local authority,E92000001,England,E12000002,North West,943,Westmorland and Furness,E06000064,22 years,Young person has requested and received support,9,32
2025,Reporting year,Local authority,E92000001,England,E12000002,North West,943,Westmorland and Furness,E06000064,23 years,Care leaver not in touch,c,c
2025,Reporting year,Local authority,E92000001,England,E12000002,North West,943,Westmorland and Furness,E06000064,23 years,Total,16,100
2025,Reporting year,Local authority,E92000001,England,E12000002,North West,943,Westmorland and Furness,E06000064,23 years,Young person has requested and received support,c,c
2025,Reporting year,Local authority,E92000001,England,E12000002,North West,943,Westmorland and Furness,E06000064,24 years,Care leaver not in touch,c,c
2025,Reporting year,Local authority,E92000001,England,E12000002,North West,943,Westmorland and Furness,E06000064,24 years,Total,24,100
2025,Reporting year,Local authority,E92000001,England,E12000002,North West,943,Westmorland and Furness,E06000064,24 years,Young person has requested and received support,c,c
2025,Reporting year,Local authority,E92000001,England,E12000002,North West,943,Westmorland and Furness,E06000064,25 years,Care leaver not in touch,c,c
2025,Reporting year,Local authority,E92000001,England,E12000002,North West,943,Westmorland and Furness,E06000064,25 years,Total,17,100
2025,Reporting year,Local authority,E92000001,England,E12000002,North West,943,Westmorland and Furness,E06000064,25 years,Young person has requested and received support,c,c
2025,Reporting year,Local authority,E92000001,England,E12000002,North West,350,Bolton,E08000001,22 years,Care leaver not in touch,17,41
2025,Reporting year,Local authority,E92000001,England,E12000002,North West,350,Bolton,E08000001,22 years,Total,41,100
2025,Reporting year,Local authority,E92000001,England,E12000002,North West,350,Bolton,E08000001,22 years,Young person has requested and received support,24,59
2025,Reporting year,Local authority,E92000001,England,E12000002,North West,350,Bolton,E08000001,23 years,Care leaver not in touch,37,57
2025,Reporting year,Local authority,E92000001,England,E12000002,North West,350,Bolton,E08000001,23 years,Total,65,100
2025,Reporting year,Local authority,E92000001,England,E12000002,North West,350,Bolton,E08000001,23 years,Young person has requested and received support,28,43
2025,Reporting year,Local authority,E92000001,England,E12000002,North West,350,Bolton,E08000001,24 years,Care leaver not in touch,35,71
2025,Reporting year,Local authority,E92000001,England,E12000002,North West,350,Bolton,E08000001,24 years,Total,49,100
2025,Reporting year,Local authority,E92000001,England,E12000002,North West,350,Bolton,E08000001,24 years,Young person has requested and received support,14,29
2025,Reporting year,Local authority,E92000001,England,E12000002,North West,350,Bolton,E08000001,25 years,Care leaver not in touch,41,82
2025,Reporting year,Local authority,E92000001,England,E12000002,North West,350,Bolton,E08000001,25 years,Total,50,100
2025,Reporting year,Local authority,E92000001,England,E12000002,North West,350,Bolton,E08000001,25 years,Young person has requested and received support,9,18
2025,Reporting year,Local authority,E92000001,England,E12000002,North West,351,Bury,E08000002,22 years,Care leaver not in touch,14,31
2025,Reporting year,Local authority,E92000001,England,E12000002,North West,351,Bury,E08000002,22 years,Total,45,100
2025,Reporting year,Local authority,E92000001,England,E12000002,North West,351,Bury,E08000002,22 years,Young person has requested and received support,31,69
2025,Reporting year,Local authority,E92000001,England,E12000002,North West,351,Bury,E08000002,23 years,Care leaver not in touch,21,54
2025,Reporting year,Local authority,E92000001,England,E12000002,North West,351,Bury,E08000002,23 years,Total,39,100
2025,Reporting year,Local authority,E92000001,England,E12000002,North West,351,Bury,E08000002,23 years,Young person has requested and received support,18,46
2025,Reporting year,Local authority,E92000001,England,E12000002,North West,351,Bury,E08000002,24 years,Care leaver not in touch,29,71
2025,Reporting year,Local authority,E92000001,England,E12000002,North West,351,Bury,E08000002,24 years,Total,41,100
2025,Reporting year,Local authority,E92000001,England,E12000002,North West,351,Bury,E08000002,24 years,Young person has requested and received support,12,29
2025,Reporting year,Local authority,E92000001,England,E12000002,North West,351,Bury,E08000002,25 years,Care leaver not in touch,25,60
2025,Reporting year,Local authority,E92000001,England,E12000002,North West,351,Bury,E08000002,25 years,Total,42,100
2025,Reporting year,Local authority,E92000001,England,E12000002,North West,351,Bury,E08000002,25 years,Young person has requested and received support,17,40
2025,Reporting year,Local authority,E92000001,England,E12000002,North West,352,Manchester,E08000003,22 years,Care leaver not in touch,99,43
2025,Reporting year,Local authority,E92000001,England,E12000002,North West,352,Manchester,E08000003,22 years,Total,228,100
2025,Reporting year,Local authority,E92000001,England,E12000002,North West,352,Manchester,E08000003,22 years,Young person has requested and received support,129,57
2025,Reporting year,Local authority,E92000001,England,E12000002,North West,352,Manchester,E08000003,23 years,Care leaver not in touch,91,51
2025,Reporting year,Local authority,E92000001,England,E12000002,North West,352,Manchester,E08000003,23 years,Total,180,100
2025,Reporting year,Local authority,E92000001,England,E12000002,North West,352,Manchester,E08000003,23 years,Young person has requested and received support,89,49
2025,Reporting year,Local authority,E92000001,England,E12000002,North West,352,Manchester,E08000003,24 years,Care leaver not in touch,94,55
2025,Reporting year,Local authority,E92000001,England,E12000002,North West,352,Manchester,E08000003,24 years,Total,171,100
2025,Reporting year,Local authority,E92000001,England,E12000002,North West,352,Manchester,E08000003,24 years,Young person has requested and received support,77,45
2025,Reporting year,Local authority,E92000001,England,E12000002,North West,352,Manchester,E08000003,25 years,Care leaver not in touch,116,69
2025,Reporting year,Local authority,E92000001,England,E12000002,North West,352,Manchester,E08000003,25 years,Total,167,100
2025,Reporting year,Local authority,E92000001,England,E12000002,North West,352,Manchester,E08000003,25 years,Young person has requested and received support,51,31
2025,Reporting year,Local authority,E92000001,England,E12000002,North West,353,Oldham,E08000004,22 years,Care leaver not in touch,38,76
2025,Reporting year,Local authority,E92000001,England,E12000002,North West,353,Oldham,E08000004,22 years,Total,50,100
2025,Reporting year,Local authority,E92000001,England,E12000002,North West,353,Oldham,E08000004,22 years,Young person has requested and received support,12,24
2025,Reporting year,Local authority,E92000001,England,E12000002,North West,353,Oldham,E08000004,23 years,Care leaver not in touch,c,c
2025,Reporting year,Local authority,E92000001,England,E12000002,North West,353,Oldham,E08000004,23 years,Total,56,100
2025,Reporting year,Local authority,E92000001,England,E12000002,North West,353,Oldham,E08000004,23 years,Young person has requested and received support,c,c
2025,Reporting year,Local authority,E92000001,England,E12000002,North West,353,Oldham,E08000004,24 years,Care leaver not in touch,c,c
2025,Reporting year,Local authority,E92000001,England,E12000002,North West,353,Oldham,E08000004,24 years,Total,51,100
2025,Reporting year,Local authority,E92000001,England,E12000002,North West,353,Oldham,E08000004,24 years,Young person has requested and received support,c,c
2025,Reporting year,Local authority,E92000001,England,E12000002,North West,353,Oldham,E08000004,25 years,Care leaver not in touch,c,c
2025,Reporting year,Local authority,E92000001,England,E12000002,North West,353,Oldham,E08000004,25 years,Total,38,100
2025,Reporting year,Local authority,E92000001,England,E12000002,North West,353,Oldham,E08000004,25 years,Young person has requested and received support,c,c
2025,Reporting year,Local authority,E92000001,England,E12000002,North West,354,Rochdale,E08000005,22 years,Care leaver not in touch,24,39
2025,Reporting year,Local authority,E92000001,England,E12000002,North West,354,Rochdale,E08000005,22 years,Total,61,100
2025,Reporting year,Local authority,E92000001,England,E12000002,North West,354,Rochdale,E08000005,22 years,Young person has requested and received support,37,61
2025,Reporting year,Local authority,E92000001,England,E12000002,North West,354,Rochdale,E08000005,23 years,Care leaver not in touch,35,59
2025,Reporting year,Local authority,E92000001,England,E12000002,North West,354,Rochdale,E08000005,23 years,Total,59,100
2025,Reporting year,Local authority,E92000001,England,E12000002,North West,354,Rochdale,E08000005,23 years,Young person has requested and received support,24,41
2025,Reporting year,Local authority,E92000001,England,E12000002,North West,354,Rochdale,E08000005,24 years,Care leaver not in touch,29,71
2025,Reporting year,Local authority,E92000001,England,E12000002,North West,354,Rochdale,E08000005,24 years,Total,41,100
2025,Reporting year,Local authority,E92000001,England,E12000002,North West,354,Rochdale,E08000005,24 years,Young person has requested and received support,12,29
2025,Reporting year,Local authority,E92000001,England,E12000002,North West,354,Rochdale,E08000005,25 years,Care leaver not in touch,32,82
2025,Reporting year,Local authority,E92000001,England,E12000002,North West,354,Rochdale,E08000005,25 years,Total,39,100
2025,Reporting year,Local authority,E92000001,England,E12000002,North West,354,Rochdale,E08000005,25 years,Young person has requested and received support,7,18
2025,Reporting year,Local authority,E92000001,England,E12000002,North West,355,Salford,E08000006,22 years,Care leaver not in touch,6,11
2025,Reporting year,Local authority,E92000001,England,E12000002,North West,355,Salford,E08000006,22 years,Total,55,100
2025,Reporting year,Local authority,E92000001,England,E12000002,North West,355,Salford,E08000006,22 years,Young person has requested and received support,49,89
2025,Reporting year,Local authority,E92000001,England,E12000002,North West,355,Salford,E08000006,23 years,Care leaver not in touch,11,15
2025,Reporting year,Local authority,E92000001,England,E12000002,North West,355,Salford,E08000006,23 years,Total,75,100
2025,Reporting year,Local authority,E92000001,England,E12000002,North West,355,Salford,E08000006,23 years,Young person has requested and received support,64,85
2025,Reporting year,Local authority,E92000001,England,E12000002,North West,355,Salford,E08000006,24 years,Care leaver not in touch,14,19
2025,Reporting year,Local authority,E92000001,England,E12000002,North West,355,Salford,E08000006,24 years,Total,72,100
2025,Reporting year,Local authority,E92000001,England,E12000002,North West,355,Salford,E08000006,24 years,Young person has requested and received support,58,81
2025,Reporting year,Local authority,E92000001,England,E12000002,North West,355,Salford,E08000006,25 years,Care leaver not in touch,16,28
2025,Reporting year,Local authority,E92000001,England,E12000002,North West,355,Salford,E08000006,25 years,Total,57,100
2025,Reporting year,Local authority,E92000001,England,E12000002,North West,355,Salford,E08000006,25 years,Young person has requested and received support,41,72
2025,Reporting year,Local authority,E92000001,England,E12000002,North West,356,Stockport,E08000007,22 years,Care leaver not in touch,6,15
2025,Reporting year,Local authority,E92000001,England,E12000002,North West,356,Stockport,E08000007,22 years,Total,41,100
2025,Reporting year,Local authority,E92000001,England,E12000002,North West,356,Stockport,E08000007,22 years,Young person has requested and received support,35,85
2025,Reporting year,Local authority,E92000001,England,E12000002,North West,356,Stockport,E08000007,23 years,Care leaver not in touch,21,40
2025,Reporting year,Local authority,E92000001,England,E12000002,North West,356,Stockport,E08000007,23 years,Total,53,100
2025,Reporting year,Local authority,E92000001,England,E12000002,North West,356,Stockport,E08000007,23 years,Young person has requested and received support,32,60
2025,Reporting year,Local authority,E92000001,England,E12000002,North West,356,Stockport,E08000007,24 years,Care leaver not in touch,18,47
2025,Reporting year,Local authority,E92000001,England,E12000002,North West,356,Stockport,E08000007,24 years,Total,38,100
2025,Reporting year,Local authority,E92000001,England,E12000002,North West,356,Stockport,E08000007,24 years,Young person has requested and received support,20,53
2025,Reporting year,Local authority,E92000001,England,E12000002,North West,356,Stockport,E08000007,25 years,Care leaver not in touch,28,62
2025,Reporting year,Local authority,E92000001,England,E12000002,North West,356,Stockport,E08000007,25 years,Total,45,100
2025,Reporting year,Local authority,E92000001,England,E12000002,North West,356,Stockport,E08000007,25 years,Young person has requested and received support,17,38
2025,Reporting year,Local authority,E92000001,England,E12000002,North West,357,Tameside,E08000008,22 years,Care leaver not in touch,18,25
2025,Reporting year,Local authority,E92000001,England,E12000002,North West,357,Tameside,E08000008,22 years,Total,73,100
2025,Reporting year,Local authority,E92000001,England,E12000002,North West,357,Tameside,E08000008,22 years,Young person has requested and received support,55,75
2025,Reporting year,Local authority,E92000001,England,E12000002,North West,357,Tameside,E08000008,23 years,Care leaver not in touch,33,52
2025,Reporting year,Local authority,E92000001,England,E12000002,North West,357,Tameside,E08000008,23 years,Total,64,100
2025,Reporting year,Local authority,E92000001,England,E12000002,North West,357,Tameside,E08000008,23 years,Young person has requested and received support,31,48
2025,Reporting year,Local authority,E92000001,England,E12000002,North West,357,Tameside,E08000008,24 years,Care leaver not in touch,48,68
2025,Reporting year,Local authority,E92000001,England,E12000002,North West,357,Tameside,E08000008,24 years,Total,71,100
2025,Reporting year,Local authority,E92000001,England,E12000002,North West,357,Tameside,E08000008,24 years,Young person has requested and received support,23,32
2025,Reporting year,Local authority,E92000001,England,E12000002,North West,357,Tameside,E08000008,25 years,Care leaver not in touch,38,67
2025,Reporting year,Local authority,E92000001,England,E12000002,North West,357,Tameside,E08000008,25 years,Total,57,100
2025,Reporting year,Local authority,E92000001,England,E12000002,North West,357,Tameside,E08000008,25 years,Young person has requested and received support,19,33
2025,Reporting year,Local authority,E92000001,England,E12000002,North West,358,Trafford,E08000009,22 years,Care leaver not in touch,9,24
2025,Reporting year,Local authority,E92000001,England,E12000002,North West,358,Trafford,E08000009,22 years,Total,38,100
2025,Reporting year,Local authority,E92000001,England,E12000002,North West,358,Trafford,E08000009,22 years,Young person has requested and received support,29,76
2025,Reporting year,Local authority,E92000001,England,E12000002,North West,358,Trafford,E08000009,23 years,Care leaver not in touch,24,47
2025,Reporting year,Local authority,E92000001,England,E12000002,North West,358,Trafford,E08000009,23 years,Total,51,100
2025,Reporting year,Local authority,E92000001,England,E12000002,North West,358,Trafford,E08000009,23 years,Young person has requested and received support,27,53
2025,Reporting year,Local authority,E92000001,England,E12000002,North West,358,Trafford,E08000009,24 years,Care leaver not in touch,21,48
2025,Reporting year,Local authority,E92000001,England,E12000002,North West,358,Trafford,E08000009,24 years,Total,44,100
2025,Reporting year,Local authority,E92000001,England,E12000002,North West,358,Trafford,E08000009,24 years,Young person has requested and received support,23,52
2025,Reporting year,Local authority,E92000001,England,E12000002,North West,358,Trafford,E08000009,25 years,Care leaver not in touch,25,57
2025,Reporting year,Local authority,E92000001,England,E12000002,North West,358,Trafford,E08000009,25 years,Total,44,100
2025,Reporting year,Local authority,E92000001,England,E12000002,North West,358,Trafford,E08000009,25 years,Young person has requested and received support,19,43
2025,Reporting year,Local authority,E92000001,England,E12000002,North West,359,Wigan,E08000010,22 years,Care leaver not in touch,21,50
2025,Reporting year,Local authority,E92000001,England,E12000002,North West,359,Wigan,E08000010,22 years,Total,42,100
2025,Reporting year,Local authority,E92000001,England,E12000002,North West,359,Wigan,E08000010,22 years,Young person has requested and received support,21,50
2025,Reporting year,Local authority,E92000001,England,E12000002,North West,359,Wigan,E08000010,23 years,Care leaver not in touch,34,77
2025,Reporting year,Local authority,E92000001,England,E12000002,North West,359,Wigan,E08000010,23 years,Total,44,100
2025,Reporting year,Local authority,E92000001,England,E12000002,North West,359,Wigan,E08000010,23 years,Young person has requested and received support,10,23
2025,Reporting year,Local authority,E92000001,England,E12000002,North West,359,Wigan,E08000010,24 years,Care leaver not in touch,35,83
2025,Reporting year,Local authority,E92000001,England,E12000002,North West,359,Wigan,E08000010,24 years,Total,42,100
2025,Reporting year,Local authority,E92000001,England,E12000002,North West,359,Wigan,E08000010,24 years,Young person has requested and received support,7,17
2025,Reporting year,Local authority,E92000001,England,E12000002,North West,359,Wigan,E08000010,25 years,Care leaver not in touch,c,c
2025,Reporting year,Local authority,E92000001,England,E12000002,North West,359,Wigan,E08000010,25 years,Total,33,100
2025,Reporting year,Local authority,E92000001,England,E12000002,North West,359,Wigan,E08000010,25 years,Young person has requested and received support,c,c
2025,Reporting year,Local authority,E92000001,England,E12000002,North West,340,Knowsley,E08000011,22 years,Care leaver not in touch,12,35
2025,Reporting year,Local authority,E92000001,England,E12000002,North West,340,Knowsley,E08000011,22 years,Total,34,100
2025,Reporting year,Local authority,E92000001,England,E12000002,North West,340,Knowsley,E08000011,22 years,Young person has requested and received support,22,65
2025,Reporting year,Local authority,E92000001,England,E12000002,North West,340,Knowsley,E08000011,23 years,Care leaver not in touch,12,46
2025,Reporting year,Local authority,E92000001,England,E12000002,North West,340,Knowsley,E08000011,23 years,Total,26,100
2025,Reporting year,Local authority,E92000001,England,E12000002,North West,340,Knowsley,E08000011,23 years,Young person has requested and received support,14,54
2025,Reporting year,Local authority,E92000001,England,E12000002,North West,340,Knowsley,E08000011,24 years,Care leaver not in touch,15,47
2025,Reporting year,Local authority,E92000001,England,E12000002,North West,340,Knowsley,E08000011,24 years,Total,32,100
2025,Reporting year,Local authority,E92000001,England,E12000002,North West,340,Knowsley,E08000011,24 years,Young person has requested and received support,17,53
2025,Reporting year,Local authority,E92000001,England,E12000002,North West,340,Knowsley,E08000011,25 years,Care leaver not in touch,c,c
2025,Reporting year,Local authority,E92000001,England,E12000002,North West,340,Knowsley,E08000011,25 years,Total,26,100
2025,Reporting year,Local authority,E92000001,England,E12000002,North West,340,Knowsley,E08000011,25 years,Young person has requested and received support,c,c
2025,Reporting year,Local authority,E92000001,England,E12000002,North West,341,Liverpool,E08000012,22 years,Care leaver not in touch,114,56
2025,Reporting year,Local authority,E92000001,England,E12000002,North West,341,Liverpool,E08000012,22 years,Total,203,100
2025,Reporting year,Local authority,E92000001,England,E12000002,North West,341,Liverpool,E08000012,22 years,Young person has requested and received support,89,44
2025,Reporting year,Local authority,E92000001,England,E12000002,North West,341,Liverpool,E08000012,23 years,Care leaver not in touch,134,81
2025,Reporting year,Local authority,E92000001,England,E12000002,North West,341,Liverpool,E08000012,23 years,Total,166,100
2025,Reporting year,Local authority,E92000001,England,E12000002,North West,341,Liverpool,E08000012,23 years,Young person has requested and received support,32,19
2025,Reporting year,Local authority,E92000001,England,E12000002,North West,341,Liverpool,E08000012,24 years,Care leaver not in touch,130,88
2025,Reporting year,Local authority,E92000001,England,E12000002,North West,341,Liverpool,E08000012,24 years,Total,148,100
2025,Reporting year,Local authority,E92000001,England,E12000002,North West,341,Liverpool,E08000012,24 years,Young person has requested and received support,18,12
2025,Reporting year,Local authority,E92000001,England,E12000002,North West,341,Liverpool,E08000012,25 years,Care leaver not in touch,110,94
2025,Reporting year,Local authority,E92000001,England,E12000002,North West,341,Liverpool,E08000012,25 years,Total,117,100
2025,Reporting year,Local authority,E92000001,England,E12000002,North West,341,Liverpool,E08000012,25 years,Young person has requested and received support,7,6
2025,Reporting year,Local authority,E92000001,England,E12000002,North West,342,St. Helens,E08000013,22 years,Care leaver not in touch,56,100
2025,Reporting year,Local authority,E92000001,England,E12000002,North West,342,St. Helens,E08000013,22 years,Total,56,100
2025,Reporting year,Local authority,E92000001,England,E12000002,North West,342,St. Helens,E08000013,22 years,Young person has requested and received support,0,0
2025,Reporting year,Local authority,E92000001,England,E12000002,North West,342,St. Helens,E08000013,23 years,Care leaver not in touch,c,c
2025,Reporting year,Local authority,E92000001,England,E12000002,North West,342,St. Helens,E08000013,23 years,Total,39,100
2025,Reporting year,Local authority,E92000001,England,E12000002,North West,342,St. Helens,E08000013,23 years,Young person has requested and received support,c,c
2025,Reporting year,Local authority,E92000001,England,E12000002,North West,342,St. Helens,E08000013,24 years,Care leaver not in touch,49,100
2025,Reporting year,Local authority,E92000001,England,E12000002,North West,342,St. Helens,E08000013,24 years,Total,49,100
2025,Reporting year,Local authority,E92000001,England,E12000002,North West,342,St. Helens,E08000013,24 years,Young person has requested and received support,0,0
2025,Reporting year,Local authority,E92000001,England,E12000002,North West,342,St. Helens,E08000013,25 years,Care leaver not in touch,46,100
2025,Reporting year,Local authority,E92000001,England,E12000002,North West,342,St. Helens,E08000013,25 years,Total,46,100
2025,Reporting year,Local authority,E92000001,England,E12000002,North West,342,St. Helens,E08000013,25 years,Young person has requested and received support,0,0
2025,Reporting year,Local authority,E92000001,England,E12000002,North West,343,Sefton,E08000014,22 years,Care leaver not in touch,8,17
2025,Reporting year,Local authority,E92000001,England,E12000002,North West,343,Sefton,E08000014,22 years,Total,47,100
2025,Reporting year,Local authority,E92000001,England,E12000002,North West,343,Sefton,E08000014,22 years,Young person has requested and received support,39,83
2025,Reporting year,Local authority,E92000001,England,E12000002,North West,343,Sefton,E08000014,23 years,Care leaver not in touch,17,40
2025,Reporting year,Local authority,E92000001,England,E12000002,North West,343,Sefton,E08000014,23 years,Total,42,100
2025,Reporting year,Local authority,E92000001,England,E12000002,North West,343,Sefton,E08000014,23 years,Young person has requested and received support,25,60
2025,Reporting year,Local authority,E92000001,England,E12000002,North West,343,Sefton,E08000014,24 years,Care leaver not in touch,36,67
2025,Reporting year,Local authority,E92000001,England,E12000002,North West,343,Sefton,E08000014,24 years,Total,54,100
2025,Reporting year,Local authority,E92000001,England,E12000002,North West,343,Sefton,E08000014,24 years,Young person has requested and received support,18,33
2025,Reporting year,Local authority,E92000001,England,E12000002,North West,343,Sefton,E08000014,25 years,Care leaver not in touch,48,89
2025,Reporting year,Local authority,E92000001,England,E12000002,North West,343,Sefton,E08000014,25 years,Total,54,100
2025,Reporting year,Local authority,E92000001,England,E12000002,North West,343,Sefton,E08000014,25 years,Young person has requested and received support,6,11
2025,Reporting year,Local authority,E92000001,England,E12000002,North West,344,Wirral,E08000015,22 years,Care leaver not in touch,22,27
2025,Reporting year,Local authority,E92000001,England,E12000002,North West,344,Wirral,E08000015,22 years,Total,83,100
2025,Reporting year,Local authority,E92000001,England,E12000002,North West,344,Wirral,E08000015,22 years,Young person has requested and received support,61,73
2025,Reporting year,Local authority,E92000001,England,E12000002,North West,344,Wirral,E08000015,23 years,Care leaver not in touch,27,35
2025,Reporting year,Local authority,E92000001,England,E12000002,North West,344,Wirral,E08000015,23 years,Total,78,100
2025,Reporting year,Local authority,E92000001,England,E12000002,North West,344,Wirral,E08000015,23 years,Young person has requested and received support,51,65
2025,Reporting year,Local authority,E92000001,England,E12000002,North West,344,Wirral,E08000015,24 years,Care leaver not in touch,33,43
2025,Reporting year,Local authority,E92000001,England,E12000002,North West,344,Wirral,E08000015,24 years,Total,76,100
2025,Reporting year,Local authority,E92000001,England,E12000002,North West,344,Wirral,E08000015,24 years,Young person has requested and received support,43,57
2025,Reporting year,Local authority,E92000001,England,E12000002,North West,344,Wirral,E08000015,25 years,Care leaver not in touch,47,71
2025,Reporting year,Local authority,E92000001,England,E12000002,North West,344,Wirral,E08000015,25 years,Total,66,100
2025,Reporting year,Local authority,E92000001,England,E12000002,North West,344,Wirral,E08000015,25 years,Young person has requested and received support,19,29
2025,Reporting year,Local authority,E92000001,England,E12000002,North West,909,Cumbria,E10000006,22 years,Care leaver not in touch,z,z
2025,Reporting year,Local authority,E92000001,England,E12000002,North West,909,Cumbria,E10000006,22 years,Total,z,z
2025,Reporting year,Local authority,E92000001,England,E12000002,North West,909,Cumbria,E10000006,22 years,Young person has requested and received support,z,z
2025,Reporting year,Local authority,E92000001,England,E12000002,North West,909,Cumbria,E10000006,23 years,Care leaver not in touch,z,z
2025,Reporting year,Local authority,E92000001,England,E12000002,North West,909,Cumbria,E10000006,23 years,Total,z,z
2025,Reporting year,Local authority,E92000001,England,E12000002,North West,909,Cumbria,E10000006,23 years,Young person has requested and received support,z,z
2025,Reporting year,Local authority,E92000001,England,E12000002,North West,909,Cumbria,E10000006,24 years,Care leaver not in touch,z,z
2025,Reporting year,Local authority,E92000001,England,E12000002,North West,909,Cumbria,E10000006,24 years,Total,z,z
2025,Reporting year,Local authority,E92000001,England,E12000002,North West,909,Cumbria,E10000006,24 years,Young person has requested and received support,z,z
2025,Reporting year,Local authority,E92000001,England,E12000002,North West,909,Cumbria,E10000006,25 years,Care leaver not in touch,z,z
2025,Reporting year,Local authority,E92000001,England,E12000002,North West,909,Cumbria,E10000006,25 years,Total,z,z
2025,Reporting year,Local authority,E92000001,England,E12000002,North West,909,Cumbria,E10000006,25 years,Young person has requested and received support,z,z
2025,Reporting year,Local authority,E92000001,England,E12000002,North West,888,Lancashire,E10000017,22 years,Care leaver not in touch,50,23
2025,Reporting year,Local authority,E92000001,England,E12000002,North West,888,Lancashire,E10000017,22 years,Total,214,100
2025,Reporting year,Local authority,E92000001,England,E12000002,North West,888,Lancashire,E10000017,22 years,Young person has requested and received support,164,77
2025,Reporting year,Local authority,E92000001,England,E12000002,North West,888,Lancashire,E10000017,23 years,Care leaver not in touch,98,45
2025,Reporting year,Local authority,E92000001,England,E12000002,North West,888,Lancashire,E10000017,23 years,Total,219,100
2025,Reporting year,Local authority,E92000001,England,E12000002,North West,888,Lancashire,E10000017,23 years,Young person has requested and received support,121,55
2025,Reporting year,Local authority,E92000001,England,E12000002,North West,888,Lancashire,E10000017,24 years,Care leaver not in touch,108,47
2025,Reporting year,Local authority,E92000001,England,E12000002,North West,888,Lancashire,E10000017,24 years,Total,230,100
2025,Reporting year,Local authority,E92000001,England,E12000002,North West,888,Lancashire,E10000017,24 years,Young person has requested and received support,122,53
2025,Reporting year,Local authority,E92000001,England,E12000002,North West,888,Lancashire,E10000017,25 years,Care leaver not in touch,132,69
2025,Reporting year,Local authority,E92000001,England,E12000002,North West,888,Lancashire,E10000017,25 years,Total,191,100
2025,Reporting year,Local authority,E92000001,England,E12000002,North West,888,Lancashire,E10000017,25 years,Young person has requested and received support,59,31
2025,Reporting year,Local authority,E92000001,England,E12000003,Yorkshire and The Humber,810,"Kingston upon Hull, City of",E06000010,22 years,Care leaver not in touch,45,63
2025,Reporting year,Local authority,E92000001,England,E12000003,Yorkshire and The Humber,810,"Kingston upon Hull, City of",E06000010,22 years,Total,72,100
2025,Reporting year,Local authority,E92000001,England,E12000003,Yorkshire and The Humber,810,"Kingston upon Hull, City of",E06000010,22 years,Young person has requested and received support,27,38
2025,Reporting year,Local authority,E92000001,England,E12000003,Yorkshire and The Humber,810,"Kingston upon Hull, City of",E06000010,23 years,Care leaver not in touch,56,74
2025,Reporting year,Local authority,E92000001,England,E12000003,Yorkshire and The Humber,810,"Kingston upon Hull, City of",E06000010,23 years,Total,76,100
2025,Reporting year,Local authority,E92000001,England,E12000003,Yorkshire and The Humber,810,"Kingston upon Hull, City of",E06000010,23 years,Young person has requested and received support,20,26
2025,Reporting year,Local authority,E92000001,England,E12000003,Yorkshire and The Humber,810,"Kingston upon Hull, City of",E06000010,24 years,Care leaver not in touch,63,85
2025,Reporting year,Local authority,E92000001,England,E12000003,Yorkshire and The Humber,810,"Kingston upon Hull, City of",E06000010,24 years,Total,74,100
2025,Reporting year,Local authority,E92000001,England,E12000003,Yorkshire and The Humber,810,"Kingston upon Hull, City of",E06000010,24 years,Young person has requested and received support,11,15
2025,Reporting year,Local authority,E92000001,England,E12000003,Yorkshire and The Humber,810,"Kingston upon Hull, City of",E06000010,25 years,Care leaver not in touch,c,c
2025,Reporting year,Local authority,E92000001,England,E12000003,Yorkshire and The Humber,810,"Kingston upon Hull, City of",E06000010,25 years,Total,60,100
2025,Reporting year,Local authority,E92000001,England,E12000003,Yorkshire and The Humber,810,"Kingston upon Hull, City of",E06000010,25 years,Young person has requested and received support,c,c
2025,Reporting year,Local authority,E92000001,England,E12000003,Yorkshire and The Humber,811,East Riding of Yorkshire,E06000011,22 years,Care leaver not in touch,8,22
2025,Reporting year,Local authority,E92000001,England,E12000003,Yorkshire and The Humber,811,East Riding of Yorkshire,E06000011,22 years,Total,36,100
2025,Reporting year,Local authority,E92000001,England,E12000003,Yorkshire and The Humber,811,East Riding of Yorkshire,E06000011,22 years,Young person has requested and received support,28,78
2025,Reporting year,Local authority,E92000001,England,E12000003,Yorkshire and The Humber,811,East Riding of Yorkshire,E06000011,23 years,Care leaver not in touch,22,51
2025,Reporting year,Local authority,E92000001,England,E12000003,Yorkshire and The Humber,811,East Riding of Yorkshire,E06000011,23 years,Total,43,100
2025,Reporting year,Local authority,E92000001,England,E12000003,Yorkshire and The Humber,811,East Riding of Yorkshire,E06000011,23 years,Young person has requested and received support,21,49
2025,Reporting year,Local authority,E92000001,England,E12000003,Yorkshire and The Humber,811,East Riding of Yorkshire,E06000011,24 years,Care leaver not in touch,34,85
2025,Reporting year,Local authority,E92000001,England,E12000003,Yorkshire and The Humber,811,East Riding of Yorkshire,E06000011,24 years,Total,40,100
2025,Reporting year,Local authority,E92000001,England,E12000003,Yorkshire and The Humber,811,East Riding of Yorkshire,E06000011,24 years,Young person has requested and received support,6,15
2025,Reporting year,Local authority,E92000001,England,E12000003,Yorkshire and The Humber,811,East Riding of Yorkshire,E06000011,25 years,Care leaver not in touch,c,c
2025,Reporting year,Local authority,E92000001,England,E12000003,Yorkshire and The Humber,811,East Riding of Yorkshire,E06000011,25 years,Total,42,100
2025,Reporting year,Local authority,E92000001,England,E12000003,Yorkshire and The Humber,811,East Riding of Yorkshire,E06000011,25 years,Young person has requested and received support,c,c
2025,Reporting year,Local authority,E92000001,England,E12000003,Yorkshire and The Humber,812,North East Lincolnshire,E06000012,22 years,Care leaver not in touch,30,68
2025,Reporting year,Local authority,E92000001,England,E12000003,Yorkshire and The Humber,812,North East Lincolnshire,E06000012,22 years,Total,44,100
2025,Reporting year,Local authority,E92000001,England,E12000003,Yorkshire and The Humber,812,North East Lincolnshire,E06000012,22 years,Young person has requested and received support,14,32
2025,Reporting year,Local authority,E92000001,England,E12000003,Yorkshire and The Humber,812,North East Lincolnshire,E06000012,23 years,Care leaver not in touch,24,62
2025,Reporting year,Local authority,E92000001,England,E12000003,Yorkshire and The Humber,812,North East Lincolnshire,E06000012,23 years,Total,39,100
2025,Reporting year,Local authority,E92000001,England,E12000003,Yorkshire and The Humber,812,North East Lincolnshire,E06000012,23 years,Young person has requested and received support,15,38
2025,Reporting year,Local authority,E92000001,England,E12000003,Yorkshire and The Humber,812,North East Lincolnshire,E06000012,24 years,Care leaver not in touch,16,64
2025,Reporting year,Local authority,E92000001,England,E12000003,Yorkshire and The Humber,812,North East Lincolnshire,E06000012,24 years,Total,25,100
2025,Reporting year,Local authority,E92000001,England,E12000003,Yorkshire and The Humber,812,North East Lincolnshire,E06000012,24 years,Young person has requested and received support,9,36
2025,Reporting year,Local authority,E92000001,England,E12000003,Yorkshire and The Humber,812,North East Lincolnshire,E06000012,25 years,Care leaver not in touch,22,100
2025,Reporting year,Local authority,E92000001,England,E12000003,Yorkshire and The Humber,812,North East Lincolnshire,E06000012,25 years,Total,22,100
2025,Reporting year,Local authority,E92000001,England,E12000003,Yorkshire and The Humber,812,North East Lincolnshire,E06000012,25 years,Young person has requested and received support,0,0
2025,Reporting year,Local authority,E92000001,England,E12000003,Yorkshire and The Humber,813,North Lincolnshire,E06000013,22 years,Care leaver not in touch,19,63
2025,Reporting year,Local authority,E92000001,England,E12000003,Yorkshire and The Humber,813,North Lincolnshire,E06000013,22 years,Total,30,100
2025,Reporting year,Local authority,E92000001,England,E12000003,Yorkshire and The Humber,813,North Lincolnshire,E06000013,22 years,Young person has requested and received support,11,37
2025,Reporting year,Local authority,E92000001,England,E12000003,Yorkshire and The Humber,813,North Lincolnshire,E06000013,23 years,Care leaver not in touch,21,57
2025,Reporting year,Local authority,E92000001,England,E12000003,Yorkshire and The Humber,813,North Lincolnshire,E06000013,23 years,Total,37,100
2025,Reporting year,Local authority,E92000001,England,E12000003,Yorkshire and The Humber,813,North Lincolnshire,E06000013,23 years,Young person has requested and received support,16,43
2025,Reporting year,Local authority,E92000001,England,E12000003,Yorkshire and The Humber,813,North Lincolnshire,E06000013,24 years,Care leaver not in touch,21,66
2025,Reporting year,Local authority,E92000001,England,E12000003,Yorkshire and The Humber,813,North Lincolnshire,E06000013,24 years,Total,32,100
2025,Reporting year,Local authority,E92000001,England,E12000003,Yorkshire and The Humber,813,North Lincolnshire,E06000013,24 years,Young person has requested and received support,11,34
2025,Reporting year,Local authority,E92000001,England,E12000003,Yorkshire and The Humber,813,North Lincolnshire,E06000013,25 years,Care leaver not in touch,c,c
2025,Reporting year,Local authority,E92000001,England,E12000003,Yorkshire and The Humber,813,North Lincolnshire,E06000013,25 years,Total,21,100
2025,Reporting year,Local authority,E92000001,England,E12000003,Yorkshire and The Humber,813,North Lincolnshire,E06000013,25 years,Young person has requested and received support,c,c
2025,Reporting year,Local authority,E92000001,England,E12000003,Yorkshire and The Humber,816,York,E06000014,22 years,Care leaver not in touch,10,37
2025,Reporting year,Local authority,E92000001,England,E12000003,Yorkshire and The Humber,816,York,E06000014,22 years,Total,27,100
2025,Reporting year,Local authority,E92000001,England,E12000003,Yorkshire and The Humber,816,York,E06000014,22 years,Young person has requested and received support,17,63
2025,Reporting year,Local authority,E92000001,England,E12000003,Yorkshire and The Humber,816,York,E06000014,23 years,Care leaver not in touch,11,52
2025,Reporting year,Local authority,E92000001,England,E12000003,Yorkshire and The Humber,816,York,E06000014,23 years,Total,21,100
2025,Reporting year,Local authority,E92000001,England,E12000003,Yorkshire and The Humber,816,York,E06000014,23 years,Young person has requested and received support,10,48
2025,Reporting year,Local authority,E92000001,England,E12000003,Yorkshire and The Humber,816,York,E06000014,24 years,Care leaver not in touch,16,59
2025,Reporting year,Local authority,E92000001,England,E12000003,Yorkshire and The Humber,816,York,E06000014,24 years,Total,27,100
2025,Reporting year,Local authority,E92000001,England,E12000003,Yorkshire and The Humber,816,York,E06000014,24 years,Young person has requested and received support,11,41
2025,Reporting year,Local authority,E92000001,England,E12000003,Yorkshire and The Humber,816,York,E06000014,25 years,Care leaver not in touch,c,c
2025,Reporting year,Local authority,E92000001,England,E12000003,Yorkshire and The Humber,816,York,E06000014,25 years,Total,31,100
2025,Reporting year,Local authority,E92000001,England,E12000003,Yorkshire and The Humber,816,York,E06000014,25 years,Young person has requested and received support,c,c
2025,Reporting year,Local authority,E92000001,England,E12000003,Yorkshire and The Humber,815,North Yorkshire,E06000065,22 years,Care leaver not in touch,19,25
2025,Reporting year,Local authority,E92000001,England,E12000003,Yorkshire and The Humber,815,North Yorkshire,E06000065,22 years,Total,75,100
2025,Reporting year,Local authority,E92000001,England,E12000003,Yorkshire and The Humber,815,North Yorkshire,E06000065,22 years,Young person has requested and received support,56,75
2025,Reporting year,Local authority,E92000001,England,E12000003,Yorkshire and The Humber,815,North Yorkshire,E06000065,23 years,Care leaver not in touch,20,31
2025,Reporting year,Local authority,E92000001,England,E12000003,Yorkshire and The Humber,815,North Yorkshire,E06000065,23 years,Total,65,100
2025,Reporting year,Local authority,E92000001,England,E12000003,Yorkshire and The Humber,815,North Yorkshire,E06000065,23 years,Young person has requested and received support,45,69
2025,Reporting year,Local authority,E92000001,England,E12000003,Yorkshire and The Humber,815,North Yorkshire,E06000065,24 years,Care leaver not in touch,27,47
2025,Reporting year,Local authority,E92000001,England,E12000003,Yorkshire and The Humber,815,North Yorkshire,E06000065,24 years,Total,58,100
2025,Reporting year,Local authority,E92000001,England,E12000003,Yorkshire and The Humber,815,North Yorkshire,E06000065,24 years,Young person has requested and received support,31,53
2025,Reporting year,Local authority,E92000001,England,E12000003,Yorkshire and The Humber,815,North Yorkshire,E06000065,25 years,Care leaver not in touch,32,48
2025,Reporting year,Local authority,E92000001,England,E12000003,Yorkshire and The Humber,815,North Yorkshire,E06000065,25 years,Total,66,100
2025,Reporting year,Local authority,E92000001,England,E12000003,Yorkshire and The Humber,815,North Yorkshire,E06000065,25 years,Young person has requested and received support,34,52
2025,Reporting year,Local authority,E92000001,England,E12000003,Yorkshire and The Humber,370,Barnsley,E08000016,22 years,Care leaver not in touch,14,56
2025,Reporting year,Local authority,E92000001,England,E12000003,Yorkshire and The Humber,370,Barnsley,E08000016,22 years,Total,25,100
2025,Reporting year,Local authority,E92000001,England,E12000003,Yorkshire and The Humber,370,Barnsley,E08000016,22 years,Young person has requested and received support,11,44
2025,Reporting year,Local authority,E92000001,England,E12000003,Yorkshire and The Humber,370,Barnsley,E08000016,23 years,Care leaver not in touch,19,76
2025,Reporting year,Local authority,E92000001,England,E12000003,Yorkshire and The Humber,370,Barnsley,E08000016,23 years,Total,25,100
2025,Reporting year,Local authority,E92000001,England,E12000003,Yorkshire and The Humber,370,Barnsley,E08000016,23 years,Young person has requested and received support,6,24
2025,Reporting year,Local authority,E92000001,England,E12000003,Yorkshire and The Humber,370,Barnsley,E08000016,24 years,Care leaver not in touch,c,c
2025,Reporting year,Local authority,E92000001,England,E12000003,Yorkshire and The Humber,370,Barnsley,E08000016,24 years,Total,18,100
2025,Reporting year,Local authority,E92000001,England,E12000003,Yorkshire and The Humber,370,Barnsley,E08000016,24 years,Young person has requested and received support,c,c
2025,Reporting year,Local authority,E92000001,England,E12000003,Yorkshire and The Humber,370,Barnsley,E08000016,25 years,Care leaver not in touch,c,c
2025,Reporting year,Local authority,E92000001,England,E12000003,Yorkshire and The Humber,370,Barnsley,E08000016,25 years,Total,24,100
2025,Reporting year,Local authority,E92000001,England,E12000003,Yorkshire and The Humber,370,Barnsley,E08000016,25 years,Young person has requested and received support,c,c
2025,Reporting year,Local authority,E92000001,England,E12000003,Yorkshire and The Humber,371,Doncaster,E08000017,22 years,Care leaver not in touch,27,50
2025,Reporting year,Local authority,E92000001,England,E12000003,Yorkshire and The Humber,371,Doncaster,E08000017,22 years,Total,54,100
2025,Reporting year,Local authority,E92000001,England,E12000003,Yorkshire and The Humber,371,Doncaster,E08000017,22 years,Young person has requested and received support,27,50
2025,Reporting year,Local authority,E92000001,England,E12000003,Yorkshire and The Humber,371,Doncaster,E08000017,23 years,Care leaver not in touch,40,75
2025,Reporting year,Local authority,E92000001,England,E12000003,Yorkshire and The Humber,371,Doncaster,E08000017,23 years,Total,53,100
2025,Reporting year,Local authority,E92000001,England,E12000003,Yorkshire and The Humber,371,Doncaster,E08000017,23 years,Young person has requested and received support,13,25
2025,Reporting year,Local authority,E92000001,England,E12000003,Yorkshire and The Humber,371,Doncaster,E08000017,24 years,Care leaver not in touch,61,81
2025,Reporting year,Local authority,E92000001,England,E12000003,Yorkshire and The Humber,371,Doncaster,E08000017,24 years,Total,75,100
2025,Reporting year,Local authority,E92000001,England,E12000003,Yorkshire and The Humber,371,Doncaster,E08000017,24 years,Young person has requested and received support,14,19
2025,Reporting year,Local authority,E92000001,England,E12000003,Yorkshire and The Humber,371,Doncaster,E08000017,25 years,Care leaver not in touch,51,88
2025,Reporting year,Local authority,E92000001,England,E12000003,Yorkshire and The Humber,371,Doncaster,E08000017,25 years,Total,58,100
2025,Reporting year,Local authority,E92000001,England,E12000003,Yorkshire and The Humber,371,Doncaster,E08000017,25 years,Young person has requested and received support,7,12
2025,Reporting year,Local authority,E92000001,England,E12000003,Yorkshire and The Humber,372,Rotherham,E08000018,22 years,Care leaver not in touch,41,68
2025,Reporting year,Local authority,E92000001,England,E12000003,Yorkshire and The Humber,372,Rotherham,E08000018,22 years,Total,60,100
2025,Reporting year,Local authority,E92000001,England,E12000003,Yorkshire and The Humber,372,Rotherham,E08000018,22 years,Young person has requested and received support,19,32
2025,Reporting year,Local authority,E92000001,England,E12000003,Yorkshire and The Humber,372,Rotherham,E08000018,23 years,Care leaver not in touch,51,81
2025,Reporting year,Local authority,E92000001,England,E12000003,Yorkshire and The Humber,372,Rotherham,E08000018,23 years,Total,63,100
2025,Reporting year,Local authority,E92000001,England,E12000003,Yorkshire and The Humber,372,Rotherham,E08000018,23 years,Young person has requested and received support,12,19
2025,Reporting year,Local authority,E92000001,England,E12000003,Yorkshire and The Humber,372,Rotherham,E08000018,24 years,Care leaver not in touch,54,87
2025,Reporting year,Local authority,E92000001,England,E12000003,Yorkshire and The Humber,372,Rotherham,E08000018,24 years,Total,62,100
2025,Reporting year,Local authority,E92000001,England,E12000003,Yorkshire and The Humber,372,Rotherham,E08000018,24 years,Young person has requested and received support,8,13
2025,Reporting year,Local authority,E92000001,England,E12000003,Yorkshire and The Humber,372,Rotherham,E08000018,25 years,Care leaver not in touch,c,c
2025,Reporting year,Local authority,E92000001,England,E12000003,Yorkshire and The Humber,372,Rotherham,E08000018,25 years,Total,47,100
2025,Reporting year,Local authority,E92000001,England,E12000003,Yorkshire and The Humber,372,Rotherham,E08000018,25 years,Young person has requested and received support,c,c
2025,Reporting year,Local authority,E92000001,England,E12000003,Yorkshire and The Humber,373,Sheffield,E08000019,22 years,Care leaver not in touch,45,43
2025,Reporting year,Local authority,E92000001,England,E12000003,Yorkshire and The Humber,373,Sheffield,E08000019,22 years,Total,104,100
2025,Reporting year,Local authority,E92000001,England,E12000003,Yorkshire and The Humber,373,Sheffield,E08000019,22 years,Young person has requested and received support,59,57
2025,Reporting year,Local authority,E92000001,England,E12000003,Yorkshire and The Humber,373,Sheffield,E08000019,23 years,Care leaver not in touch,37,42
2025,Reporting year,Local authority,E92000001,England,E12000003,Yorkshire and The Humber,373,Sheffield,E08000019,23 years,Total,88,100
2025,Reporting year,Local authority,E92000001,England,E12000003,Yorkshire and The Humber,373,Sheffield,E08000019,23 years,Young person has requested and received support,51,58
2025,Reporting year,Local authority,E92000001,England,E12000003,Yorkshire and The Humber,373,Sheffield,E08000019,24 years,Care leaver not in touch,58,69
2025,Reporting year,Local authority,E92000001,England,E12000003,Yorkshire and The Humber,373,Sheffield,E08000019,24 years,Total,84,100
2025,Reporting year,Local authority,E92000001,England,E12000003,Yorkshire and The Humber,373,Sheffield,E08000019,24 years,Young person has requested and received support,26,31
2025,Reporting year,Local authority,E92000001,England,E12000003,Yorkshire and The Humber,373,Sheffield,E08000019,25 years,Care leaver not in touch,74,79
2025,Reporting year,Local authority,E92000001,England,E12000003,Yorkshire and The Humber,373,Sheffield,E08000019,25 years,Total,94,100
2025,Reporting year,Local authority,E92000001,England,E12000003,Yorkshire and The Humber,373,Sheffield,E08000019,25 years,Young person has requested and received support,20,21
2025,Reporting year,Local authority,E92000001,England,E12000003,Yorkshire and The Humber,380,Bradford,E08000032,22 years,Care leaver not in touch,116,81
2025,Reporting year,Local authority,E92000001,England,E12000003,Yorkshire and The Humber,380,Bradford,E08000032,22 years,Total,144,100
2025,Reporting year,Local authority,E92000001,England,E12000003,Yorkshire and The Humber,380,Bradford,E08000032,22 years,Young person has requested and received support,28,19
2025,Reporting year,Local authority,E92000001,England,E12000003,Yorkshire and The Humber,380,Bradford,E08000032,23 years,Care leaver not in touch,107,86
2025,Reporting year,Local authority,E92000001,England,E12000003,Yorkshire and The Humber,380,Bradford,E08000032,23 years,Total,125,100
2025,Reporting year,Local authority,E92000001,England,E12000003,Yorkshire and The Humber,380,Bradford,E08000032,23 years,Young person has requested and received support,18,14
2025,Reporting year,Local authority,E92000001,England,E12000003,Yorkshire and The Humber,380,Bradford,E08000032,24 years,Care leaver not in touch,95,93
2025,Reporting year,Local authority,E92000001,England,E12000003,Yorkshire and The Humber,380,Bradford,E08000032,24 years,Total,102,100
2025,Reporting year,Local authority,E92000001,England,E12000003,Yorkshire and The Humber,380,Bradford,E08000032,24 years,Young person has requested and received support,7,7
2025,Reporting year,Local authority,E92000001,England,E12000003,Yorkshire and The Humber,380,Bradford,E08000032,25 years,Care leaver not in touch,c,c
2025,Reporting year,Local authority,E92000001,England,E12000003,Yorkshire and The Humber,380,Bradford,E08000032,25 years,Total,102,100
2025,Reporting year,Local authority,E92000001,England,E12000003,Yorkshire and The Humber,380,Bradford,E08000032,25 years,Young person has requested and received support,c,c
2025,Reporting year,Local authority,E92000001,England,E12000003,Yorkshire and The Humber,381,Calderdale,E08000033,22 years,Care leaver not in touch,c,c
2025,Reporting year,Local authority,E92000001,England,E12000003,Yorkshire and The Humber,381,Calderdale,E08000033,22 years,Total,34,100
2025,Reporting year,Local authority,E92000001,England,E12000003,Yorkshire and The Humber,381,Calderdale,E08000033,22 years,Young person has requested and received support,c,c
2025,Reporting year,Local authority,E92000001,England,E12000003,Yorkshire and The Humber,381,Calderdale,E08000033,23 years,Care leaver not in touch,c,c
2025,Reporting year,Local authority,E92000001,England,E12000003,Yorkshire and The Humber,381,Calderdale,E08000033,23 years,Total,32,100
2025,Reporting year,Local authority,E92000001,England,E12000003,Yorkshire and The Humber,381,Calderdale,E08000033,23 years,Young person has requested and received support,c,c
2025,Reporting year,Local authority,E92000001,England,E12000003,Yorkshire and The Humber,381,Calderdale,E08000033,24 years,Care leaver not in touch,9,25
2025,Reporting year,Local authority,E92000001,England,E12000003,Yorkshire and The Humber,381,Calderdale,E08000033,24 years,Total,36,100
2025,Reporting year,Local authority,E92000001,England,E12000003,Yorkshire and The Humber,381,Calderdale,E08000033,24 years,Young person has requested and received support,27,75
2025,Reporting year,Local authority,E92000001,England,E12000003,Yorkshire and The Humber,381,Calderdale,E08000033,25 years,Care leaver not in touch,c,c
2025,Reporting year,Local authority,E92000001,England,E12000003,Yorkshire and The Humber,381,Calderdale,E08000033,25 years,Total,30,100
2025,Reporting year,Local authority,E92000001,England,E12000003,Yorkshire and The Humber,381,Calderdale,E08000033,25 years,Young person has requested and received support,c,c
2025,Reporting year,Local authority,E92000001,England,E12000003,Yorkshire and The Humber,382,Kirklees,E08000034,22 years,Care leaver not in touch,27,29
2025,Reporting year,Local authority,E92000001,England,E12000003,Yorkshire and The Humber,382,Kirklees,E08000034,22 years,Total,93,100
2025,Reporting year,Local authority,E92000001,England,E12000003,Yorkshire and The Humber,382,Kirklees,E08000034,22 years,Young person has requested and received support,66,71
2025,Reporting year,Local authority,E92000001,England,E12000003,Yorkshire and The Humber,382,Kirklees,E08000034,23 years,Care leaver not in touch,31,49
2025,Reporting year,Local authority,E92000001,England,E12000003,Yorkshire and The Humber,382,Kirklees,E08000034,23 years,Total,63,100
2025,Reporting year,Local authority,E92000001,England,E12000003,Yorkshire and The Humber,382,Kirklees,E08000034,23 years,Young person has requested and received support,32,51
2025,Reporting year,Local authority,E92000001,England,E12000003,Yorkshire and The Humber,382,Kirklees,E08000034,24 years,Care leaver not in touch,52,67
2025,Reporting year,Local authority,E92000001,England,E12000003,Yorkshire and The Humber,382,Kirklees,E08000034,24 years,Total,78,100
2025,Reporting year,Local authority,E92000001,England,E12000003,Yorkshire and The Humber,382,Kirklees,E08000034,24 years,Young person has requested and received support,26,33
2025,Reporting year,Local authority,E92000001,England,E12000003,Yorkshire and The Humber,382,Kirklees,E08000034,25 years,Care leaver not in touch,64,85
2025,Reporting year,Local authority,E92000001,England,E12000003,Yorkshire and The Humber,382,Kirklees,E08000034,25 years,Total,75,100
2025,Reporting year,Local authority,E92000001,England,E12000003,Yorkshire and The Humber,382,Kirklees,E08000034,25 years,Young person has requested and received support,11,15
2025,Reporting year,Local authority,E92000001,England,E12000003,Yorkshire and The Humber,383,Leeds,E08000035,22 years,Care leaver not in touch,104,60
2025,Reporting year,Local authority,E92000001,England,E12000003,Yorkshire and The Humber,383,Leeds,E08000035,22 years,Total,172,100
2025,Reporting year,Local authority,E92000001,England,E12000003,Yorkshire and The Humber,383,Leeds,E08000035,22 years,Young person has requested and received support,68,40
2025,Reporting year,Local authority,E92000001,England,E12000003,Yorkshire and The Humber,383,Leeds,E08000035,23 years,Care leaver not in touch,131,86
2025,Reporting year,Local authority,E92000001,England,E12000003,Yorkshire and The Humber,383,Leeds,E08000035,23 years,Total,153,100
2025,Reporting year,Local authority,E92000001,England,E12000003,Yorkshire and The Humber,383,Leeds,E08000035,23 years,Young person has requested and received support,22,14
2025,Reporting year,Local authority,E92000001,England,E12000003,Yorkshire and The Humber,383,Leeds,E08000035,24 years,Care leaver not in touch,122,85
2025,Reporting year,Local authority,E92000001,England,E12000003,Yorkshire and The Humber,383,Leeds,E08000035,24 years,Total,143,100
2025,Reporting year,Local authority,E92000001,England,E12000003,Yorkshire and The Humber,383,Leeds,E08000035,24 years,Young person has requested and received support,21,15
2025,Reporting year,Local authority,E92000001,England,E12000003,Yorkshire and The Humber,383,Leeds,E08000035,25 years,Care leaver not in touch,143,95
2025,Reporting year,Local authority,E92000001,England,E12000003,Yorkshire and The Humber,383,Leeds,E08000035,25 years,Total,151,100
2025,Reporting year,Local authority,E92000001,England,E12000003,Yorkshire and The Humber,383,Leeds,E08000035,25 years,Young person has requested and received support,8,5
2025,Reporting year,Local authority,E92000001,England,E12000003,Yorkshire and The Humber,384,Wakefield,E08000036,22 years,Care leaver not in touch,8,15
2025,Reporting year,Local authority,E92000001,England,E12000003,Yorkshire and The Humber,384,Wakefield,E08000036,22 years,Total,53,100
2025,Reporting year,Local authority,E92000001,England,E12000003,Yorkshire and The Humber,384,Wakefield,E08000036,22 years,Young person has requested and received support,45,85
2025,Reporting year,Local authority,E92000001,England,E12000003,Yorkshire and The Humber,384,Wakefield,E08000036,23 years,Care leaver not in touch,10,15
2025,Reporting year,Local authority,E92000001,England,E12000003,Yorkshire and The Humber,384,Wakefield,E08000036,23 years,Total,66,100
2025,Reporting year,Local authority,E92000001,England,E12000003,Yorkshire and The Humber,384,Wakefield,E08000036,23 years,Young person has requested and received support,56,85
2025,Reporting year,Local authority,E92000001,England,E12000003,Yorkshire and The Humber,384,Wakefield,E08000036,24 years,Care leaver not in touch,13,19
2025,Reporting year,Local authority,E92000001,England,E12000003,Yorkshire and The Humber,384,Wakefield,E08000036,24 years,Total,67,100
2025,Reporting year,Local authority,E92000001,England,E12000003,Yorkshire and The Humber,384,Wakefield,E08000036,24 years,Young person has requested and received support,54,81
2025,Reporting year,Local authority,E92000001,England,E12000003,Yorkshire and The Humber,384,Wakefield,E08000036,25 years,Care leaver not in touch,14,23
2025,Reporting year,Local authority,E92000001,England,E12000003,Yorkshire and The Humber,384,Wakefield,E08000036,25 years,Total,62,100
2025,Reporting year,Local authority,E92000001,England,E12000003,Yorkshire and The Humber,384,Wakefield,E08000036,25 years,Young person has requested and received support,48,77
2025,Reporting year,Local authority,E92000001,England,E12000004,East Midlands,831,Derby,E06000015,22 years,Care leaver not in touch,44,72
2025,Reporting year,Local authority,E92000001,England,E12000004,East Midlands,831,Derby,E06000015,22 years,Total,61,100
2025,Reporting year,Local authority,E92000001,England,E12000004,East Midlands,831,Derby,E06000015,22 years,Young person has requested and received support,17,28
2025,Reporting year,Local authority,E92000001,England,E12000004,East Midlands,831,Derby,E06000015,23 years,Care leaver not in touch,63,80
2025,Reporting year,Local authority,E92000001,England,E12000004,East Midlands,831,Derby,E06000015,23 years,Total,79,100
2025,Reporting year,Local authority,E92000001,England,E12000004,East Midlands,831,Derby,E06000015,23 years,Young person has requested and received support,16,20
2025,Reporting year,Local authority,E92000001,England,E12000004,East Midlands,831,Derby,E06000015,24 years,Care leaver not in touch,48,74
2025,Reporting year,Local authority,E92000001,England,E12000004,East Midlands,831,Derby,E06000015,24 years,Total,65,100
2025,Reporting year,Local authority,E92000001,England,E12000004,East Midlands,831,Derby,E06000015,24 years,Young person has requested and received support,17,26
2025,Reporting year,Local authority,E92000001,England,E12000004,East Midlands,831,Derby,E06000015,25 years,Care leaver not in touch,67,100
2025,Reporting year,Local authority,E92000001,England,E12000004,East Midlands,831,Derby,E06000015,25 years,Total,67,100
2025,Reporting year,Local authority,E92000001,England,E12000004,East Midlands,831,Derby,E06000015,25 years,Young person has requested and received support,0,0
2025,Reporting year,Local authority,E92000001,England,E12000004,East Midlands,856,Leicester,E06000016,22 years,Care leaver not in touch,0,0
2025,Reporting year,Local authority,E92000001,England,E12000004,East Midlands,856,Leicester,E06000016,22 years,Total,60,100
2025,Reporting year,Local authority,E92000001,England,E12000004,East Midlands,856,Leicester,E06000016,22 years,Young person has requested and received support,60,100
2025,Reporting year,Local authority,E92000001,England,E12000004,East Midlands,856,Leicester,E06000016,23 years,Care leaver not in touch,0,0
2025,Reporting year,Local authority,E92000001,England,E12000004,East Midlands,856,Leicester,E06000016,23 years,Total,67,100
2025,Reporting year,Local authority,E92000001,England,E12000004,East Midlands,856,Leicester,E06000016,23 years,Young person has requested and received support,67,100
2025,Reporting year,Local authority,E92000001,England,E12000004,East Midlands,856,Leicester,E06000016,24 years,Care leaver not in touch,0,0
2025,Reporting year,Local authority,E92000001,England,E12000004,East Midlands,856,Leicester,E06000016,24 years,Total,67,100
2025,Reporting year,Local authority,E92000001,England,E12000004,East Midlands,856,Leicester,E06000016,24 years,Young person has requested and received support,67,100
2025,Reporting year,Local authority,E92000001,England,E12000004,East Midlands,856,Leicester,E06000016,25 years,Care leaver not in touch,0,0
2025,Reporting year,Local authority,E92000001,England,E12000004,East Midlands,856,Leicester,E06000016,25 years,Total,80,100
2025,Reporting year,Local authority,E92000001,England,E12000004,East Midlands,856,Leicester,E06000016,25 years,Young person has requested and received support,80,100
2025,Reporting year,Local authority,E92000001,England,E12000004,East Midlands,857,Rutland,E06000017,22 years,Care leaver not in touch,c,c
2025,Reporting year,Local authority,E92000001,England,E12000004,East Midlands,857,Rutland,E06000017,22 years,Total,c,c
2025,Reporting year,Local authority,E92000001,England,E12000004,East Midlands,857,Rutland,E06000017,22 years,Young person has requested and received support,c,c
2025,Reporting year,Local authority,E92000001,England,E12000004,East Midlands,857,Rutland,E06000017,23 years,Care leaver not in touch,c,c
2025,Reporting year,Local authority,E92000001,England,E12000004,East Midlands,857,Rutland,E06000017,23 years,Total,7,100
2025,Reporting year,Local authority,E92000001,England,E12000004,East Midlands,857,Rutland,E06000017,23 years,Young person has requested and received support,c,c
2025,Reporting year,Local authority,E92000001,England,E12000004,East Midlands,857,Rutland,E06000017,24 years,Care leaver not in touch,0,0
2025,Reporting year,Local authority,E92000001,England,E12000004,East Midlands,857,Rutland,E06000017,24 years,Total,c,c
2025,Reporting year,Local authority,E92000001,England,E12000004,East Midlands,857,Rutland,E06000017,24 years,Young person has requested and received support,c,c
2025,Reporting year,Local authority,E92000001,England,E12000004,East Midlands,857,Rutland,E06000017,25 years,Care leaver not in touch,c,c
2025,Reporting year,Local authority,E92000001,England,E12000004,East Midlands,857,Rutland,E06000017,25 years,Total,c,c
2025,Reporting year,Local authority,E92000001,England,E12000004,East Midlands,857,Rutland,E06000017,25 years,Young person has requested and received support,0,0
2025,Reporting year,Local authority,E92000001,England,E12000004,East Midlands,892,Nottingham,E06000018,22 years,Care leaver not in touch,46,46
2025,Reporting year,Local authority,E92000001,England,E12000004,East Midlands,892,Nottingham,E06000018,22 years,Total,99,100
2025,Reporting year,Local authority,E92000001,England,E12000004,East Midlands,892,Nottingham,E06000018,22 years,Young person has requested and received support,53,54
2025,Reporting year,Local authority,E92000001,England,E12000004,East Midlands,892,Nottingham,E06000018,23 years,Care leaver not in touch,79,81
2025,Reporting year,Local authority,E92000001,England,E12000004,East Midlands,892,Nottingham,E06000018,23 years,Total,97,100
2025,Reporting year,Local authority,E92000001,England,E12000004,East Midlands,892,Nottingham,E06000018,23 years,Young person has requested and received support,18,19
2025,Reporting year,Local authority,E92000001,England,E12000004,East Midlands,892,Nottingham,E06000018,24 years,Care leaver not in touch,85,87
2025,Reporting year,Local authority,E92000001,England,E12000004,East Midlands,892,Nottingham,E06000018,24 years,Total,98,100
2025,Reporting year,Local authority,E92000001,England,E12000004,East Midlands,892,Nottingham,E06000018,24 years,Young person has requested and received support,13,13
2025,Reporting year,Local authority,E92000001,England,E12000004,East Midlands,892,Nottingham,E06000018,25 years,Care leaver not in touch,78,88
2025,Reporting year,Local authority,E92000001,England,E12000004,East Midlands,892,Nottingham,E06000018,25 years,Total,89,100
2025,Reporting year,Local authority,E92000001,England,E12000004,East Midlands,892,Nottingham,E06000018,25 years,Young person has requested and received support,11,12
2025,Reporting year,Local authority,E92000001,England,E12000004,East Midlands,940,North Northamptonshire,E06000061,22 years,Care leaver not in touch,46,81
2025,Reporting year,Local authority,E92000001,England,E12000004,East Midlands,940,North Northamptonshire,E06000061,22 years,Total,57,100
2025,Reporting year,Local authority,E92000001,England,E12000004,East Midlands,940,North Northamptonshire,E06000061,22 years,Young person has requested and received support,11,19
2025,Reporting year,Local authority,E92000001,England,E12000004,East Midlands,940,North Northamptonshire,E06000061,23 years,Care leaver not in touch,c,c
2025,Reporting year,Local authority,E92000001,England,E12000004,East Midlands,940,North Northamptonshire,E06000061,23 years,Total,59,100
2025,Reporting year,Local authority,E92000001,England,E12000004,East Midlands,940,North Northamptonshire,E06000061,23 years,Young person has requested and received support,c,c
2025,Reporting year,Local authority,E92000001,England,E12000004,East Midlands,940,North Northamptonshire,E06000061,24 years,Care leaver not in touch,62,90
2025,Reporting year,Local authority,E92000001,England,E12000004,East Midlands,940,North Northamptonshire,E06000061,24 years,Total,69,100
2025,Reporting year,Local authority,E92000001,England,E12000004,East Midlands,940,North Northamptonshire,E06000061,24 years,Young person has requested and received support,7,10
2025,Reporting year,Local authority,E92000001,England,E12000004,East Midlands,940,North Northamptonshire,E06000061,25 years,Care leaver not in touch,33,69
2025,Reporting year,Local authority,E92000001,England,E12000004,East Midlands,940,North Northamptonshire,E06000061,25 years,Total,48,100
2025,Reporting year,Local authority,E92000001,England,E12000004,East Midlands,940,North Northamptonshire,E06000061,25 years,Young person has requested and received support,15,31
2025,Reporting year,Local authority,E92000001,England,E12000004,East Midlands,941,West Northamptonshire,E06000062,22 years,Care leaver not in touch,76,83
2025,Reporting year,Local authority,E92000001,England,E12000004,East Midlands,941,West Northamptonshire,E06000062,22 years,Total,92,100
2025,Reporting year,Local authority,E92000001,England,E12000004,East Midlands,941,West Northamptonshire,E06000062,22 years,Young person has requested and received support,16,17
2025,Reporting year,Local authority,E92000001,England,E12000004,East Midlands,941,West Northamptonshire,E06000062,23 years,Care leaver not in touch,100,87
2025,Reporting year,Local authority,E92000001,England,E12000004,East Midlands,941,West Northamptonshire,E06000062,23 years,Total,115,100
2025,Reporting year,Local authority,E92000001,England,E12000004,East Midlands,941,West Northamptonshire,E06000062,23 years,Young person has requested and received support,15,13
2025,Reporting year,Local authority,E92000001,England,E12000004,East Midlands,941,West Northamptonshire,E06000062,24 years,Care leaver not in touch,103,94
2025,Reporting year,Local authority,E92000001,England,E12000004,East Midlands,941,West Northamptonshire,E06000062,24 years,Total,110,100
2025,Reporting year,Local authority,E92000001,England,E12000004,East Midlands,941,West Northamptonshire,E06000062,24 years,Young person has requested and received support,7,6
2025,Reporting year,Local authority,E92000001,England,E12000004,East Midlands,941,West Northamptonshire,E06000062,25 years,Care leaver not in touch,76,68
2025,Reporting year,Local authority,E92000001,England,E12000004,East Midlands,941,West Northamptonshire,E06000062,25 years,Total,112,100
2025,Reporting year,Local authority,E92000001,England,E12000004,East Midlands,941,West Northamptonshire,E06000062,25 years,Young person has requested and received support,36,32
2025,Reporting year,Local authority,E92000001,England,E12000004,East Midlands,830,Derbyshire,E10000007,22 years,Care leaver not in touch,30,29
2025,Reporting year,Local authority,E92000001,England,E12000004,East Midlands,830,Derbyshire,E10000007,22 years,Total,104,100
2025,Reporting year,Local authority,E92000001,England,E12000004,East Midlands,830,Derbyshire,E10000007,22 years,Young person has requested and received support,74,71
2025,Reporting year,Local authority,E92000001,England,E12000004,East Midlands,830,Derbyshire,E10000007,23 years,Care leaver not in touch,30,28
2025,Reporting year,Local authority,E92000001,England,E12000004,East Midlands,830,Derbyshire,E10000007,23 years,Total,107,100
2025,Reporting year,Local authority,E92000001,England,E12000004,East Midlands,830,Derbyshire,E10000007,23 years,Young person has requested and received support,77,72
2025,Reporting year,Local authority,E92000001,England,E12000004,East Midlands,830,Derbyshire,E10000007,24 years,Care leaver not in touch,30,28
2025,Reporting year,Local authority,E92000001,England,E12000004,East Midlands,830,Derbyshire,E10000007,24 years,Total,109,100
2025,Reporting year,Local authority,E92000001,England,E12000004,East Midlands,830,Derbyshire,E10000007,24 years,Young person has requested and received support,79,72
2025,Reporting year,Local authority,E92000001,England,E12000004,East Midlands,830,Derbyshire,E10000007,25 years,Care leaver not in touch,46,53
2025,Reporting year,Local authority,E92000001,England,E12000004,East Midlands,830,Derbyshire,E10000007,25 years,Total,86,100
2025,Reporting year,Local authority,E92000001,England,E12000004,East Midlands,830,Derbyshire,E10000007,25 years,Young person has requested and received support,40,47
2025,Reporting year,Local authority,E92000001,England,E12000004,East Midlands,855,Leicestershire,E10000018,22 years,Care leaver not in touch,38,41
2025,Reporting year,Local authority,E92000001,England,E12000004,East Midlands,855,Leicestershire,E10000018,22 years,Total,93,100
2025,Reporting year,Local authority,E92000001,England,E12000004,East Midlands,855,Leicestershire,E10000018,22 years,Young person has requested and received support,55,59
2025,Reporting year,Local authority,E92000001,England,E12000004,East Midlands,855,Leicestershire,E10000018,23 years,Care leaver not in touch,40,57
2025,Reporting year,Local authority,E92000001,England,E12000004,East Midlands,855,Leicestershire,E10000018,23 years,Total,70,100
2025,Reporting year,Local authority,E92000001,England,E12000004,East Midlands,855,Leicestershire,E10000018,23 years,Young person has requested and received support,30,43
2025,Reporting year,Local authority,E92000001,England,E12000004,East Midlands,855,Leicestershire,E10000018,24 years,Care leaver not in touch,56,74
2025,Reporting year,Local authority,E92000001,England,E12000004,East Midlands,855,Leicestershire,E10000018,24 years,Total,76,100
2025,Reporting year,Local authority,E92000001,England,E12000004,East Midlands,855,Leicestershire,E10000018,24 years,Young person has requested and received support,20,26
2025,Reporting year,Local authority,E92000001,England,E12000004,East Midlands,855,Leicestershire,E10000018,25 years,Care leaver not in touch,58,84
2025,Reporting year,Local authority,E92000001,England,E12000004,East Midlands,855,Leicestershire,E10000018,25 years,Total,69,100
2025,Reporting year,Local authority,E92000001,England,E12000004,East Midlands,855,Leicestershire,E10000018,25 years,Young person has requested and received support,11,16
2025,Reporting year,Local authority,E92000001,England,E12000004,East Midlands,925,Lincolnshire,E10000019,22 years,Care leaver not in touch,35,40
2025,Reporting year,Local authority,E92000001,England,E12000004,East Midlands,925,Lincolnshire,E10000019,22 years,Total,87,100
2025,Reporting year,Local authority,E92000001,England,E12000004,East Midlands,925,Lincolnshire,E10000019,22 years,Young person has requested and received support,52,60
2025,Reporting year,Local authority,E92000001,England,E12000004,East Midlands,925,Lincolnshire,E10000019,23 years,Care leaver not in touch,59,54
2025,Reporting year,Local authority,E92000001,England,E12000004,East Midlands,925,Lincolnshire,E10000019,23 years,Total,110,100
2025,Reporting year,Local authority,E92000001,England,E12000004,East Midlands,925,Lincolnshire,E10000019,23 years,Young person has requested and received support,51,46
2025,Reporting year,Local authority,E92000001,England,E12000004,East Midlands,925,Lincolnshire,E10000019,24 years,Care leaver not in touch,49,50
2025,Reporting year,Local authority,E92000001,England,E12000004,East Midlands,925,Lincolnshire,E10000019,24 years,Total,98,100
2025,Reporting year,Local authority,E92000001,England,E12000004,East Midlands,925,Lincolnshire,E10000019,24 years,Young person has requested and received support,49,50
2025,Reporting year,Local authority,E92000001,England,E12000004,East Midlands,925,Lincolnshire,E10000019,25 years,Care leaver not in touch,81,72
2025,Reporting year,Local authority,E92000001,England,E12000004,East Midlands,925,Lincolnshire,E10000019,25 years,Total,112,100
2025,Reporting year,Local authority,E92000001,England,E12000004,East Midlands,925,Lincolnshire,E10000019,25 years,Young person has requested and received support,31,28
2025,Reporting year,Local authority,E92000001,England,E12000004,East Midlands,891,Nottinghamshire,E10000024,22 years,Care leaver not in touch,9,6
2025,Reporting year,Local authority,E92000001,England,E12000004,East Midlands,891,Nottinghamshire,E10000024,22 years,Total,149,100
2025,Reporting year,Local authority,E92000001,England,E12000004,East Midlands,891,Nottinghamshire,E10000024,22 years,Young person has requested and received support,140,94
2025,Reporting year,Local authority,E92000001,England,E12000004,East Midlands,891,Nottinghamshire,E10000024,23 years,Care leaver not in touch,12,12
2025,Reporting year,Local authority,E92000001,England,E12000004,East Midlands,891,Nottinghamshire,E10000024,23 years,Total,101,100
2025,Reporting year,Local authority,E92000001,England,E12000004,East Midlands,891,Nottinghamshire,E10000024,23 years,Young person has requested and received support,89,88
2025,Reporting year,Local authority,E92000001,England,E12000004,East Midlands,891,Nottinghamshire,E10000024,24 years,Care leaver not in touch,17,15
2025,Reporting year,Local authority,E92000001,England,E12000004,East Midlands,891,Nottinghamshire,E10000024,24 years,Total,116,100
2025,Reporting year,Local authority,E92000001,England,E12000004,East Midlands,891,Nottinghamshire,E10000024,24 years,Young person has requested and received support,99,85
2025,Reporting year,Local authority,E92000001,England,E12000004,East Midlands,891,Nottinghamshire,E10000024,25 years,Care leaver not in touch,8,8
2025,Reporting year,Local authority,E92000001,England,E12000004,East Midlands,891,Nottinghamshire,E10000024,25 years,Total,97,100
2025,Reporting year,Local authority,E92000001,England,E12000004,East Midlands,891,Nottinghamshire,E10000024,25 years,Young person has requested and received support,89,92
2025,Reporting year,Local authority,E92000001,England,E12000005,West Midlands,884,"Herefordshire, County of",E06000019,22 years,Care leaver not in touch,7,21
2025,Reporting year,Local authority,E92000001,England,E12000005,West Midlands,884,"Herefordshire, County of",E06000019,22 years,Total,33,100
2025,Reporting year,Local authority,E92000001,England,E12000005,West Midlands,884,"Herefordshire, County of",E06000019,22 years,Young person has requested and received support,26,79
2025,Reporting year,Local authority,E92000001,England,E12000005,West Midlands,884,"Herefordshire, County of",E06000019,23 years,Care leaver not in touch,10,43
2025,Reporting year,Local authority,E92000001,England,E12000005,West Midlands,884,"Herefordshire, County of",E06000019,23 years,Total,23,100
2025,Reporting year,Local authority,E92000001,England,E12000005,West Midlands,884,"Herefordshire, County of",E06000019,23 years,Young person has requested and received support,13,57
2025,Reporting year,Local authority,E92000001,England,E12000005,West Midlands,884,"Herefordshire, County of",E06000019,24 years,Care leaver not in touch,18,60
2025,Reporting year,Local authority,E92000001,England,E12000005,West Midlands,884,"Herefordshire, County of",E06000019,24 years,Total,30,100
2025,Reporting year,Local authority,E92000001,England,E12000005,West Midlands,884,"Herefordshire, County of",E06000019,24 years,Young person has requested and received support,12,40
2025,Reporting year,Local authority,E92000001,England,E12000005,West Midlands,884,"Herefordshire, County of",E06000019,25 years,Care leaver not in touch,21,64
2025,Reporting year,Local authority,E92000001,England,E12000005,West Midlands,884,"Herefordshire, County of",E06000019,25 years,Total,33,100
2025,Reporting year,Local authority,E92000001,England,E12000005,West Midlands,884,"Herefordshire, County of",E06000019,25 years,Young person has requested and received support,12,36
2025,Reporting year,Local authority,E92000001,England,E12000005,West Midlands,894,Telford and Wrekin,E06000020,22 years,Care leaver not in touch,c,c
2025,Reporting year,Local authority,E92000001,England,E12000005,West Midlands,894,Telford and Wrekin,E06000020,22 years,Total,50,100
2025,Reporting year,Local authority,E92000001,England,E12000005,West Midlands,894,Telford and Wrekin,E06000020,22 years,Young person has requested and received support,c,c
2025,Reporting year,Local authority,E92000001,England,E12000005,West Midlands,894,Telford and Wrekin,E06000020,23 years,Care leaver not in touch,c,c
2025,Reporting year,Local authority,E92000001,England,E12000005,West Midlands,894,Telford and Wrekin,E06000020,23 years,Total,26,100
2025,Reporting year,Local authority,E92000001,England,E12000005,West Midlands,894,Telford and Wrekin,E06000020,23 years,Young person has requested and received support,c,c
2025,Reporting year,Local authority,E92000001,England,E12000005,West Midlands,894,Telford and Wrekin,E06000020,24 years,Care leaver not in touch,c,c
2025,Reporting year,Local authority,E92000001,England,E12000005,West Midlands,894,Telford and Wrekin,E06000020,24 years,Total,25,100
2025,Reporting year,Local authority,E92000001,England,E12000005,West Midlands,894,Telford and Wrekin,E06000020,24 years,Young person has requested and received support,c,c
2025,Reporting year,Local authority,E92000001,England,E12000005,West Midlands,894,Telford and Wrekin,E06000020,25 years,Care leaver not in touch,14,56
2025,Reporting year,Local authority,E92000001,England,E12000005,West Midlands,894,Telford and Wrekin,E06000020,25 years,Total,25,100
2025,Reporting year,Local authority,E92000001,England,E12000005,West Midlands,894,Telford and Wrekin,E06000020,25 years,Young person has requested and received support,11,44
2025,Reporting year,Local authority,E92000001,England,E12000005,West Midlands,861,Stoke-on-Trent,E06000021,22 years,Care leaver not in touch,c,c
2025,Reporting year,Local authority,E92000001,England,E12000005,West Midlands,861,Stoke-on-Trent,E06000021,22 years,Total,62,100
2025,Reporting year,Local authority,E92000001,England,E12000005,West Midlands,861,Stoke-on-Trent,E06000021,22 years,Young person has requested and received support,c,c
2025,Reporting year,Local authority,E92000001,England,E12000005,West Midlands,861,Stoke-on-Trent,E06000021,23 years,Care leaver not in touch,c,c
2025,Reporting year,Local authority,E92000001,England,E12000005,West Midlands,861,Stoke-on-Trent,E06000021,23 years,Total,58,100
2025,Reporting year,Local authority,E92000001,England,E12000005,West Midlands,861,Stoke-on-Trent,E06000021,23 years,Young person has requested and received support,c,c
2025,Reporting year,Local authority,E92000001,England,E12000005,West Midlands,861,Stoke-on-Trent,E06000021,24 years,Care leaver not in touch,c,c
2025,Reporting year,Local authority,E92000001,England,E12000005,West Midlands,861,Stoke-on-Trent,E06000021,24 years,Total,72,100
2025,Reporting year,Local authority,E92000001,England,E12000005,West Midlands,861,Stoke-on-Trent,E06000021,24 years,Young person has requested and received support,c,c
2025,Reporting year,Local authority,E92000001,England,E12000005,West Midlands,861,Stoke-on-Trent,E06000021,25 years,Care leaver not in touch,c,c
2025,Reporting year,Local authority,E92000001,England,E12000005,West Midlands,861,Stoke-on-Trent,E06000021,25 years,Total,44,100
2025,Reporting year,Local authority,E92000001,England,E12000005,West Midlands,861,Stoke-on-Trent,E06000021,25 years,Young person has requested and received support,c,c
2025,Reporting year,Local authority,E92000001,England,E12000005,West Midlands,893,Shropshire,E06000051,22 years,Care leaver not in touch,34,79
2025,Reporting year,Local authority,E92000001,England,E12000005,West Midlands,893,Shropshire,E06000051,22 years,Total,43,100
2025,Reporting year,Local authority,E92000001,England,E12000005,West Midlands,893,Shropshire,E06000051,22 years,Young person has requested and received support,9,21
2025,Reporting year,Local authority,E92000001,England,E12000005,West Midlands,893,Shropshire,E06000051,23 years,Care leaver not in touch,50,89
2025,Reporting year,Local authority,E92000001,England,E12000005,West Midlands,893,Shropshire,E06000051,23 years,Total,56,100
2025,Reporting year,Local authority,E92000001,England,E12000005,West Midlands,893,Shropshire,E06000051,23 years,Young person has requested and received support,6,11
2025,Reporting year,Local authority,E92000001,England,E12000005,West Midlands,893,Shropshire,E06000051,24 years,Care leaver not in touch,c,c
2025,Reporting year,Local authority,E92000001,England,E12000005,West Midlands,893,Shropshire,E06000051,24 years,Total,36,100
2025,Reporting year,Local authority,E92000001,England,E12000005,West Midlands,893,Shropshire,E06000051,24 years,Young person has requested and received support,c,c
2025,Reporting year,Local authority,E92000001,England,E12000005,West Midlands,893,Shropshire,E06000051,25 years,Care leaver not in touch,c,c
2025,Reporting year,Local authority,E92000001,England,E12000005,West Midlands,893,Shropshire,E06000051,25 years,Total,46,100
2025,Reporting year,Local authority,E92000001,England,E12000005,West Midlands,893,Shropshire,E06000051,25 years,Young person has requested and received support,c,c
2025,Reporting year,Local authority,E92000001,England,E12000005,West Midlands,330,Birmingham,E08000025,22 years,Care leaver not in touch,207,75
2025,Reporting year,Local authority,E92000001,England,E12000005,West Midlands,330,Birmingham,E08000025,22 years,Total,275,100
2025,Reporting year,Local authority,E92000001,England,E12000005,West Midlands,330,Birmingham,E08000025,22 years,Young person has requested and received support,68,25
2025,Reporting year,Local authority,E92000001,England,E12000005,West Midlands,330,Birmingham,E08000025,23 years,Care leaver not in touch,263,84
2025,Reporting year,Local authority,E92000001,England,E12000005,West Midlands,330,Birmingham,E08000025,23 years,Total,314,100
2025,Reporting year,Local authority,E92000001,England,E12000005,West Midlands,330,Birmingham,E08000025,23 years,Young person has requested and received support,51,16
2025,Reporting year,Local authority,E92000001,England,E12000005,West Midlands,330,Birmingham,E08000025,24 years,Care leaver not in touch,245,88
2025,Reporting year,Local authority,E92000001,England,E12000005,West Midlands,330,Birmingham,E08000025,24 years,Total,280,100
2025,Reporting year,Local authority,E92000001,England,E12000005,West Midlands,330,Birmingham,E08000025,24 years,Young person has requested and received support,35,13
2025,Reporting year,Local authority,E92000001,England,E12000005,West Midlands,330,Birmingham,E08000025,25 years,Care leaver not in touch,246,94
2025,Reporting year,Local authority,E92000001,England,E12000005,West Midlands,330,Birmingham,E08000025,25 years,Total,262,100
2025,Reporting year,Local authority,E92000001,England,E12000005,West Midlands,330,Birmingham,E08000025,25 years,Young person has requested and received support,16,6
2025,Reporting year,Local authority,E92000001,England,E12000005,West Midlands,331,Coventry,E08000026,22 years,Care leaver not in touch,48,45
2025,Reporting year,Local authority,E92000001,England,E12000005,West Midlands,331,Coventry,E08000026,22 years,Total,107,100
2025,Reporting year,Local authority,E92000001,England,E12000005,West Midlands,331,Coventry,E08000026,22 years,Young person has requested and received support,59,55
2025,Reporting year,Local authority,E92000001,England,E12000005,West Midlands,331,Coventry,E08000026,23 years,Care leaver not in touch,72,73
2025,Reporting year,Local authority,E92000001,England,E12000005,West Midlands,331,Coventry,E08000026,23 years,Total,98,100
2025,Reporting year,Local authority,E92000001,England,E12000005,West Midlands,331,Coventry,E08000026,23 years,Young person has requested and received support,26,27
2025,Reporting year,Local authority,E92000001,England,E12000005,West Midlands,331,Coventry,E08000026,24 years,Care leaver not in touch,84,80
2025,Reporting year,Local authority,E92000001,England,E12000005,West Midlands,331,Coventry,E08000026,24 years,Total,105,100
2025,Reporting year,Local authority,E92000001,England,E12000005,West Midlands,331,Coventry,E08000026,24 years,Young person has requested and received support,21,20
2025,Reporting year,Local authority,E92000001,England,E12000005,West Midlands,331,Coventry,E08000026,25 years,Care leaver not in touch,80,88
2025,Reporting year,Local authority,E92000001,England,E12000005,West Midlands,331,Coventry,E08000026,25 years,Total,91,100
2025,Reporting year,Local authority,E92000001,England,E12000005,West Midlands,331,Coventry,E08000026,25 years,Young person has requested and received support,11,12
2025,Reporting year,Local authority,E92000001,England,E12000005,West Midlands,332,Dudley,E08000027,22 years,Care leaver not in touch,35,49
2025,Reporting year,Local authority,E92000001,England,E12000005,West Midlands,332,Dudley,E08000027,22 years,Total,72,100
2025,Reporting year,Local authority,E92000001,England,E12000005,West Midlands,332,Dudley,E08000027,22 years,Young person has requested and received support,37,51
2025,Reporting year,Local authority,E92000001,England,E12000005,West Midlands,332,Dudley,E08000027,23 years,Care leaver not in touch,42,72
2025,Reporting year,Local authority,E92000001,England,E12000005,West Midlands,332,Dudley,E08000027,23 years,Total,58,100
2025,Reporting year,Local authority,E92000001,England,E12000005,West Midlands,332,Dudley,E08000027,23 years,Young person has requested and received support,16,28
2025,Reporting year,Local authority,E92000001,England,E12000005,West Midlands,332,Dudley,E08000027,24 years,Care leaver not in touch,58,87
2025,Reporting year,Local authority,E92000001,England,E12000005,West Midlands,332,Dudley,E08000027,24 years,Total,67,100
2025,Reporting year,Local authority,E92000001,England,E12000005,West Midlands,332,Dudley,E08000027,24 years,Young person has requested and received support,9,13
2025,Reporting year,Local authority,E92000001,England,E12000005,West Midlands,332,Dudley,E08000027,25 years,Care leaver not in touch,79,100
2025,Reporting year,Local authority,E92000001,England,E12000005,West Midlands,332,Dudley,E08000027,25 years,Total,79,100
2025,Reporting year,Local authority,E92000001,England,E12000005,West Midlands,332,Dudley,E08000027,25 years,Young person has requested and received support,0,0
2025,Reporting year,Local authority,E92000001,England,E12000005,West Midlands,333,Sandwell,E08000028,22 years,Care leaver not in touch,21,27
2025,Reporting year,Local authority,E92000001,England,E12000005,West Midlands,333,Sandwell,E08000028,22 years,Total,78,100
2025,Reporting year,Local authority,E92000001,England,E12000005,West Midlands,333,Sandwell,E08000028,22 years,Young person has requested and received support,57,73
2025,Reporting year,Local authority,E92000001,England,E12000005,West Midlands,333,Sandwell,E08000028,23 years,Care leaver not in touch,45,54
2025,Reporting year,Local authority,E92000001,England,E12000005,West Midlands,333,Sandwell,E08000028,23 years,Total,84,100
2025,Reporting year,Local authority,E92000001,England,E12000005,West Midlands,333,Sandwell,E08000028,23 years,Young person has requested and received support,39,46
2025,Reporting year,Local authority,E92000001,England,E12000005,West Midlands,333,Sandwell,E08000028,24 years,Care leaver not in touch,49,56
2025,Reporting year,Local authority,E92000001,England,E12000005,West Midlands,333,Sandwell,E08000028,24 years,Total,88,100
2025,Reporting year,Local authority,E92000001,England,E12000005,West Midlands,333,Sandwell,E08000028,24 years,Young person has requested and received support,39,44
2025,Reporting year,Local authority,E92000001,England,E12000005,West Midlands,333,Sandwell,E08000028,25 years,Care leaver not in touch,42,71
2025,Reporting year,Local authority,E92000001,England,E12000005,West Midlands,333,Sandwell,E08000028,25 years,Total,59,100
2025,Reporting year,Local authority,E92000001,England,E12000005,West Midlands,333,Sandwell,E08000028,25 years,Young person has requested and received support,17,29
2025,Reporting year,Local authority,E92000001,England,E12000005,West Midlands,334,Solihull,E08000029,22 years,Care leaver not in touch,24,44
2025,Reporting year,Local authority,E92000001,England,E12000005,West Midlands,334,Solihull,E08000029,22 years,Total,55,100
2025,Reporting year,Local authority,E92000001,England,E12000005,West Midlands,334,Solihull,E08000029,22 years,Young person has requested and received support,31,56
2025,Reporting year,Local authority,E92000001,England,E12000005,West Midlands,334,Solihull,E08000029,23 years,Care leaver not in touch,19,30
2025,Reporting year,Local authority,E92000001,England,E12000005,West Midlands,334,Solihull,E08000029,23 years,Total,64,100
2025,Reporting year,Local authority,E92000001,England,E12000005,West Midlands,334,Solihull,E08000029,23 years,Young person has requested and received support,45,70
2025,Reporting year,Local authority,E92000001,England,E12000005,West Midlands,334,Solihull,E08000029,24 years,Care leaver not in touch,31,55
2025,Reporting year,Local authority,E92000001,England,E12000005,West Midlands,334,Solihull,E08000029,24 years,Total,56,100
2025,Reporting year,Local authority,E92000001,England,E12000005,West Midlands,334,Solihull,E08000029,24 years,Young person has requested and received support,25,45
2025,Reporting year,Local authority,E92000001,England,E12000005,West Midlands,334,Solihull,E08000029,25 years,Care leaver not in touch,34,69
2025,Reporting year,Local authority,E92000001,England,E12000005,West Midlands,334,Solihull,E08000029,25 years,Total,49,100
2025,Reporting year,Local authority,E92000001,England,E12000005,West Midlands,334,Solihull,E08000029,25 years,Young person has requested and received support,15,31
2025,Reporting year,Local authority,E92000001,England,E12000005,West Midlands,335,Walsall,E08000030,22 years,Care leaver not in touch,42,75
2025,Reporting year,Local authority,E92000001,England,E12000005,West Midlands,335,Walsall,E08000030,22 years,Total,56,100
2025,Reporting year,Local authority,E92000001,England,E12000005,West Midlands,335,Walsall,E08000030,22 years,Young person has requested and received support,14,25
2025,Reporting year,Local authority,E92000001,England,E12000005,West Midlands,335,Walsall,E08000030,23 years,Care leaver not in touch,46,84
2025,Reporting year,Local authority,E92000001,England,E12000005,West Midlands,335,Walsall,E08000030,23 years,Total,55,100
2025,Reporting year,Local authority,E92000001,England,E12000005,West Midlands,335,Walsall,E08000030,23 years,Young person has requested and received support,9,16
2025,Reporting year,Local authority,E92000001,England,E12000005,West Midlands,335,Walsall,E08000030,24 years,Care leaver not in touch,c,c
2025,Reporting year,Local authority,E92000001,England,E12000005,West Midlands,335,Walsall,E08000030,24 years,Total,53,100
2025,Reporting year,Local authority,E92000001,England,E12000005,West Midlands,335,Walsall,E08000030,24 years,Young person has requested and received support,c,c
2025,Reporting year,Local authority,E92000001,England,E12000005,West Midlands,335,Walsall,E08000030,25 years,Care leaver not in touch,c,c
2025,Reporting year,Local authority,E92000001,England,E12000005,West Midlands,335,Walsall,E08000030,25 years,Total,58,100
2025,Reporting year,Local authority,E92000001,England,E12000005,West Midlands,335,Walsall,E08000030,25 years,Young person has requested and received support,c,c
2025,Reporting year,Local authority,E92000001,England,E12000005,West Midlands,336,Wolverhampton,E08000031,22 years,Care leaver not in touch,c,c
2025,Reporting year,Local authority,E92000001,England,E12000005,West Midlands,336,Wolverhampton,E08000031,22 years,Total,71,100
2025,Reporting year,Local authority,E92000001,England,E12000005,West Midlands,336,Wolverhampton,E08000031,22 years,Young person has requested and received support,c,c
2025,Reporting year,Local authority,E92000001,England,E12000005,West Midlands,336,Wolverhampton,E08000031,23 years,Care leaver not in touch,c,c
2025,Reporting year,Local authority,E92000001,England,E12000005,West Midlands,336,Wolverhampton,E08000031,23 years,Total,65,100
2025,Reporting year,Local authority,E92000001,England,E12000005,West Midlands,336,Wolverhampton,E08000031,23 years,Young person has requested and received support,c,c
2025,Reporting year,Local authority,E92000001,England,E12000005,West Midlands,336,Wolverhampton,E08000031,24 years,Care leaver not in touch,c,c
2025,Reporting year,Local authority,E92000001,England,E12000005,West Midlands,336,Wolverhampton,E08000031,24 years,Total,41,100
2025,Reporting year,Local authority,E92000001,England,E12000005,West Midlands,336,Wolverhampton,E08000031,24 years,Young person has requested and received support,c,c
2025,Reporting year,Local authority,E92000001,England,E12000005,West Midlands,336,Wolverhampton,E08000031,25 years,Care leaver not in touch,10,18
2025,Reporting year,Local authority,E92000001,England,E12000005,West Midlands,336,Wolverhampton,E08000031,25 years,Total,55,100
2025,Reporting year,Local authority,E92000001,England,E12000005,West Midlands,336,Wolverhampton,E08000031,25 years,Young person has requested and received support,45,82
2025,Reporting year,Local authority,E92000001,England,E12000005,West Midlands,860,Staffordshire,E10000028,22 years,Care leaver not in touch,105,76
2025,Reporting year,Local authority,E92000001,England,E12000005,West Midlands,860,Staffordshire,E10000028,22 years,Total,138,100
2025,Reporting year,Local authority,E92000001,England,E12000005,West Midlands,860,Staffordshire,E10000028,22 years,Young person has requested and received support,33,24
2025,Reporting year,Local authority,E92000001,England,E12000005,West Midlands,860,Staffordshire,E10000028,23 years,Care leaver not in touch,122,82
2025,Reporting year,Local authority,E92000001,England,E12000005,West Midlands,860,Staffordshire,E10000028,23 years,Total,148,100
2025,Reporting year,Local authority,E92000001,England,E12000005,West Midlands,860,Staffordshire,E10000028,23 years,Young person has requested and received support,26,18
2025,Reporting year,Local authority,E92000001,England,E12000005,West Midlands,860,Staffordshire,E10000028,24 years,Care leaver not in touch,119,84
2025,Reporting year,Local authority,E92000001,England,E12000005,West Midlands,860,Staffordshire,E10000028,24 years,Total,142,100
2025,Reporting year,Local authority,E92000001,England,E12000005,West Midlands,860,Staffordshire,E10000028,24 years,Young person has requested and received support,23,16
2025,Reporting year,Local authority,E92000001,England,E12000005,West Midlands,860,Staffordshire,E10000028,25 years,Care leaver not in touch,139,94
2025,Reporting year,Local authority,E92000001,England,E12000005,West Midlands,860,Staffordshire,E10000028,25 years,Total,148,100
2025,Reporting year,Local authority,E92000001,England,E12000005,West Midlands,860,Staffordshire,E10000028,25 years,Young person has requested and received support,9,6
2025,Reporting year,Local authority,E92000001,England,E12000005,West Midlands,937,Warwickshire,E10000031,22 years,Care leaver not in touch,30,26
2025,Reporting year,Local authority,E92000001,England,E12000005,West Midlands,937,Warwickshire,E10000031,22 years,Total,116,100
2025,Reporting year,Local authority,E92000001,England,E12000005,West Midlands,937,Warwickshire,E10000031,22 years,Young person has requested and received support,86,74
2025,Reporting year,Local authority,E92000001,England,E12000005,West Midlands,937,Warwickshire,E10000031,23 years,Care leaver not in touch,41,40
2025,Reporting year,Local authority,E92000001,England,E12000005,West Midlands,937,Warwickshire,E10000031,23 years,Total,103,100
2025,Reporting year,Local authority,E92000001,England,E12000005,West Midlands,937,Warwickshire,E10000031,23 years,Young person has requested and received support,62,60
2025,Reporting year,Local authority,E92000001,England,E12000005,West Midlands,937,Warwickshire,E10000031,24 years,Care leaver not in touch,84,58
2025,Reporting year,Local authority,E92000001,England,E12000005,West Midlands,937,Warwickshire,E10000031,24 years,Total,144,100
2025,Reporting year,Local authority,E92000001,England,E12000005,West Midlands,937,Warwickshire,E10000031,24 years,Young person has requested and received support,60,42
2025,Reporting year,Local authority,E92000001,England,E12000005,West Midlands,937,Warwickshire,E10000031,25 years,Care leaver not in touch,71,66
2025,Reporting year,Local authority,E92000001,England,E12000005,West Midlands,937,Warwickshire,E10000031,25 years,Total,108,100
2025,Reporting year,Local authority,E92000001,England,E12000005,West Midlands,937,Warwickshire,E10000031,25 years,Young person has requested and received support,37,34
2025,Reporting year,Local authority,E92000001,England,E12000005,West Midlands,885,Worcestershire,E10000034,22 years,Care leaver not in touch,52,49
2025,Reporting year,Local authority,E92000001,England,E12000005,West Midlands,885,Worcestershire,E10000034,22 years,Total,107,100
2025,Reporting year,Local authority,E92000001,England,E12000005,West Midlands,885,Worcestershire,E10000034,22 years,Young person has requested and received support,55,51
2025,Reporting year,Local authority,E92000001,England,E12000005,West Midlands,885,Worcestershire,E10000034,23 years,Care leaver not in touch,56,55
2025,Reporting year,Local authority,E92000001,England,E12000005,West Midlands,885,Worcestershire,E10000034,23 years,Total,102,100
2025,Reporting year,Local authority,E92000001,England,E12000005,West Midlands,885,Worcestershire,E10000034,23 years,Young person has requested and received support,46,45
2025,Reporting year,Local authority,E92000001,England,E12000005,West Midlands,885,Worcestershire,E10000034,24 years,Care leaver not in touch,66,73
2025,Reporting year,Local authority,E92000001,England,E12000005,West Midlands,885,Worcestershire,E10000034,24 years,Total,90,100
2025,Reporting year,Local authority,E92000001,England,E12000005,West Midlands,885,Worcestershire,E10000034,24 years,Young person has requested and received support,24,27
2025,Reporting year,Local authority,E92000001,England,E12000005,West Midlands,885,Worcestershire,E10000034,25 years,Care leaver not in touch,84,84
2025,Reporting year,Local authority,E92000001,England,E12000005,West Midlands,885,Worcestershire,E10000034,25 years,Total,100,100
2025,Reporting year,Local authority,E92000001,England,E12000005,West Midlands,885,Worcestershire,E10000034,25 years,Young person has requested and received support,16,16
2025,Reporting year,Local authority,E92000001,England,E12000006,East of England,874,Peterborough,E06000031,22 years,Care leaver not in touch,39,62
2025,Reporting year,Local authority,E92000001,England,E12000006,East of England,874,Peterborough,E06000031,22 years,Total,63,100
2025,Reporting year,Local authority,E92000001,England,E12000006,East of England,874,Peterborough,E06000031,22 years,Young person has requested and received support,24,38
2025,Reporting year,Local authority,E92000001,England,E12000006,East of England,874,Peterborough,E06000031,23 years,Care leaver not in touch,47,84
2025,Reporting year,Local authority,E92000001,England,E12000006,East of England,874,Peterborough,E06000031,23 years,Total,56,100
2025,Reporting year,Local authority,E92000001,England,E12000006,East of England,874,Peterborough,E06000031,23 years,Young person has requested and received support,9,16
2025,Reporting year,Local authority,E92000001,England,E12000006,East of England,874,Peterborough,E06000031,24 years,Care leaver not in touch,63,86
2025,Reporting year,Local authority,E92000001,England,E12000006,East of England,874,Peterborough,E06000031,24 years,Total,73,100
2025,Reporting year,Local authority,E92000001,England,E12000006,East of England,874,Peterborough,E06000031,24 years,Young person has requested and received support,10,14
2025,Reporting year,Local authority,E92000001,England,E12000006,East of England,874,Peterborough,E06000031,25 years,Care leaver not in touch,54,90
2025,Reporting year,Local authority,E92000001,England,E12000006,East of England,874,Peterborough,E06000031,25 years,Total,60,100
2025,Reporting year,Local authority,E92000001,England,E12000006,East of England,874,Peterborough,E06000031,25 years,Young person has requested and received support,6,10
2025,Reporting year,Local authority,E92000001,England,E12000006,East of England,821,Luton,E06000032,22 years,Care leaver not in touch,11,15
2025,Reporting year,Local authority,E92000001,England,E12000006,East of England,821,Luton,E06000032,22 years,Total,72,100
2025,Reporting year,Local authority,E92000001,England,E12000006,East of England,821,Luton,E06000032,22 years,Young person has requested and received support,61,85
2025,Reporting year,Local authority,E92000001,England,E12000006,East of England,821,Luton,E06000032,23 years,Care leaver not in touch,45,63
2025,Reporting year,Local authority,E92000001,England,E12000006,East of England,821,Luton,E06000032,23 years,Total,71,100
2025,Reporting year,Local authority,E92000001,England,E12000006,East of England,821,Luton,E06000032,23 years,Young person has requested and received support,26,37
2025,Reporting year,Local authority,E92000001,England,E12000006,East of England,821,Luton,E06000032,24 years,Care leaver not in touch,36,73
2025,Reporting year,Local authority,E92000001,England,E12000006,East of England,821,Luton,E06000032,24 years,Total,49,100
2025,Reporting year,Local authority,E92000001,England,E12000006,East of England,821,Luton,E06000032,24 years,Young person has requested and received support,13,27
2025,Reporting year,Local authority,E92000001,England,E12000006,East of England,821,Luton,E06000032,25 years,Care leaver not in touch,74,90
2025,Reporting year,Local authority,E92000001,England,E12000006,East of England,821,Luton,E06000032,25 years,Total,82,100
2025,Reporting year,Local authority,E92000001,England,E12000006,East of England,821,Luton,E06000032,25 years,Young person has requested and received support,8,10
2025,Reporting year,Local authority,E92000001,England,E12000006,East of England,882,Southend-on-Sea,E06000033,22 years,Care leaver not in touch,37,80
2025,Reporting year,Local authority,E92000001,England,E12000006,East of England,882,Southend-on-Sea,E06000033,22 years,Total,46,100
2025,Reporting year,Local authority,E92000001,England,E12000006,East of England,882,Southend-on-Sea,E06000033,22 years,Young person has requested and received support,9,20
2025,Reporting year,Local authority,E92000001,England,E12000006,East of England,882,Southend-on-Sea,E06000033,23 years,Care leaver not in touch,c,c
2025,Reporting year,Local authority,E92000001,England,E12000006,East of England,882,Southend-on-Sea,E06000033,23 years,Total,45,100
2025,Reporting year,Local authority,E92000001,England,E12000006,East of England,882,Southend-on-Sea,E06000033,23 years,Young person has requested and received support,c,c
2025,Reporting year,Local authority,E92000001,England,E12000006,East of England,882,Southend-on-Sea,E06000033,24 years,Care leaver not in touch,c,c
2025,Reporting year,Local authority,E92000001,England,E12000006,East of England,882,Southend-on-Sea,E06000033,24 years,Total,41,100
2025,Reporting year,Local authority,E92000001,England,E12000006,East of England,882,Southend-on-Sea,E06000033,24 years,Young person has requested and received support,c,c
2025,Reporting year,Local authority,E92000001,England,E12000006,East of England,882,Southend-on-Sea,E06000033,25 years,Care leaver not in touch,c,c
2025,Reporting year,Local authority,E92000001,England,E12000006,East of England,882,Southend-on-Sea,E06000033,25 years,Total,43,100
2025,Reporting year,Local authority,E92000001,England,E12000006,East of England,882,Southend-on-Sea,E06000033,25 years,Young person has requested and received support,c,c
2025,Reporting year,Local authority,E92000001,England,E12000006,East of England,883,Thurrock,E06000034,22 years,Care leaver not in touch,16,30
2025,Reporting year,Local authority,E92000001,England,E12000006,East of England,883,Thurrock,E06000034,22 years,Total,54,100
2025,Reporting year,Local authority,E92000001,England,E12000006,East of England,883,Thurrock,E06000034,22 years,Young person has requested and received support,38,70
2025,Reporting year,Local authority,E92000001,England,E12000006,East of England,883,Thurrock,E06000034,23 years,Care leaver not in touch,25,44
2025,Reporting year,Local authority,E92000001,England,E12000006,East of England,883,Thurrock,E06000034,23 years,Total,57,100
2025,Reporting year,Local authority,E92000001,England,E12000006,East of England,883,Thurrock,E06000034,23 years,Young person has requested and received support,32,56
2025,Reporting year,Local authority,E92000001,England,E12000006,East of England,883,Thurrock,E06000034,24 years,Care leaver not in touch,33,57
2025,Reporting year,Local authority,E92000001,England,E12000006,East of England,883,Thurrock,E06000034,24 years,Total,58,100
2025,Reporting year,Local authority,E92000001,England,E12000006,East of England,883,Thurrock,E06000034,24 years,Young person has requested and received support,25,43
2025,Reporting year,Local authority,E92000001,England,E12000006,East of England,883,Thurrock,E06000034,25 years,Care leaver not in touch,47,66
2025,Reporting year,Local authority,E92000001,England,E12000006,East of England,883,Thurrock,E06000034,25 years,Total,71,100
2025,Reporting year,Local authority,E92000001,England,E12000006,East of England,883,Thurrock,E06000034,25 years,Young person has requested and received support,24,34
2025,Reporting year,Local authority,E92000001,England,E12000006,East of England,822,Bedford,E06000055,22 years,Care leaver not in touch,21,57
2025,Reporting year,Local authority,E92000001,England,E12000006,East of England,822,Bedford,E06000055,22 years,Total,37,100
2025,Reporting year,Local authority,E92000001,England,E12000006,East of England,822,Bedford,E06000055,22 years,Young person has requested and received support,16,43
2025,Reporting year,Local authority,E92000001,England,E12000006,East of England,822,Bedford,E06000055,23 years,Care leaver not in touch,27,75
2025,Reporting year,Local authority,E92000001,England,E12000006,East of England,822,Bedford,E06000055,23 years,Total,36,100
2025,Reporting year,Local authority,E92000001,England,E12000006,East of England,822,Bedford,E06000055,23 years,Young person has requested and received support,9,25
2025,Reporting year,Local authority,E92000001,England,E12000006,East of England,822,Bedford,E06000055,24 years,Care leaver not in touch,c,c
2025,Reporting year,Local authority,E92000001,England,E12000006,East of England,822,Bedford,E06000055,24 years,Total,39,100
2025,Reporting year,Local authority,E92000001,England,E12000006,East of England,822,Bedford,E06000055,24 years,Young person has requested and received support,c,c
2025,Reporting year,Local authority,E92000001,England,E12000006,East of England,822,Bedford,E06000055,25 years,Care leaver not in touch,c,c
2025,Reporting year,Local authority,E92000001,England,E12000006,East of England,822,Bedford,E06000055,25 years,Total,44,100
2025,Reporting year,Local authority,E92000001,England,E12000006,East of England,822,Bedford,E06000055,25 years,Young person has requested and received support,c,c
2025,Reporting year,Local authority,E92000001,England,E12000006,East of England,823,Central Bedfordshire,E06000056,22 years,Care leaver not in touch,c,c
2025,Reporting year,Local authority,E92000001,England,E12000006,East of England,823,Central Bedfordshire,E06000056,22 years,Total,43,100
2025,Reporting year,Local authority,E92000001,England,E12000006,East of England,823,Central Bedfordshire,E06000056,22 years,Young person has requested and received support,c,c
2025,Reporting year,Local authority,E92000001,England,E12000006,East of England,823,Central Bedfordshire,E06000056,23 years,Care leaver not in touch,10,20
2025,Reporting year,Local authority,E92000001,England,E12000006,East of England,823,Central Bedfordshire,E06000056,23 years,Total,50,100
2025,Reporting year,Local authority,E92000001,England,E12000006,East of England,823,Central Bedfordshire,E06000056,23 years,Young person has requested and received support,40,80
2025,Reporting year,Local authority,E92000001,England,E12000006,East of England,823,Central Bedfordshire,E06000056,24 years,Care leaver not in touch,32,65
2025,Reporting year,Local authority,E92000001,England,E12000006,East of England,823,Central Bedfordshire,E06000056,24 years,Total,49,100
2025,Reporting year,Local authority,E92000001,England,E12000006,East of England,823,Central Bedfordshire,E06000056,24 years,Young person has requested and received support,17,35
2025,Reporting year,Local authority,E92000001,England,E12000006,East of England,823,Central Bedfordshire,E06000056,25 years,Care leaver not in touch,40,80
2025,Reporting year,Local authority,E92000001,England,E12000006,East of England,823,Central Bedfordshire,E06000056,25 years,Total,50,100
2025,Reporting year,Local authority,E92000001,England,E12000006,East of England,823,Central Bedfordshire,E06000056,25 years,Young person has requested and received support,10,20
2025,Reporting year,Local authority,E92000001,England,E12000006,East of England,873,Cambridgeshire,E10000003,22 years,Care leaver not in touch,17,13
2025,Reporting year,Local authority,E92000001,England,E12000006,East of England,873,Cambridgeshire,E10000003,22 years,Total,133,100
2025,Reporting year,Local authority,E92000001,England,E12000006,East of England,873,Cambridgeshire,E10000003,22 years,Young person has requested and received support,116,87
2025,Reporting year,Local authority,E92000001,England,E12000006,East of England,873,Cambridgeshire,E10000003,23 years,Care leaver not in touch,11,12
2025,Reporting year,Local authority,E92000001,England,E12000006,East of England,873,Cambridgeshire,E10000003,23 years,Total,91,100
2025,Reporting year,Local authority,E92000001,England,E12000006,East of England,873,Cambridgeshire,E10000003,23 years,Young person has requested and received support,80,88
2025,Reporting year,Local authority,E92000001,England,E12000006,East of England,873,Cambridgeshire,E10000003,24 years,Care leaver not in touch,11,11
2025,Reporting year,Local authority,E92000001,England,E12000006,East of England,873,Cambridgeshire,E10000003,24 years,Total,100,100
2025,Reporting year,Local authority,E92000001,England,E12000006,East of England,873,Cambridgeshire,E10000003,24 years,Young person has requested and received support,89,89
2025,Reporting year,Local authority,E92000001,England,E12000006,East of England,873,Cambridgeshire,E10000003,25 years,Care leaver not in touch,21,18
2025,Reporting year,Local authority,E92000001,England,E12000006,East of England,873,Cambridgeshire,E10000003,25 years,Total,119,100
2025,Reporting year,Local authority,E92000001,England,E12000006,East of England,873,Cambridgeshire,E10000003,25 years,Young person has requested and received support,98,82
2025,Reporting year,Local authority,E92000001,England,E12000006,East of England,881,Essex,E10000012,22 years,Care leaver not in touch,160,81
2025,Reporting year,Local authority,E92000001,England,E12000006,East of England,881,Essex,E10000012,22 years,Total,198,100
2025,Reporting year,Local authority,E92000001,England,E12000006,East of England,881,Essex,E10000012,22 years,Young person has requested and received support,38,19
2025,Reporting year,Local authority,E92000001,England,E12000006,East of England,881,Essex,E10000012,23 years,Care leaver not in touch,177,83
2025,Reporting year,Local authority,E92000001,England,E12000006,East of England,881,Essex,E10000012,23 years,Total,213,100
2025,Reporting year,Local authority,E92000001,England,E12000006,East of England,881,Essex,E10000012,23 years,Young person has requested and received support,36,17
2025,Reporting year,Local authority,E92000001,England,E12000006,East of England,881,Essex,E10000012,24 years,Care leaver not in touch,175,91
2025,Reporting year,Local authority,E92000001,England,E12000006,East of England,881,Essex,E10000012,24 years,Total,193,100
2025,Reporting year,Local authority,E92000001,England,E12000006,East of England,881,Essex,E10000012,24 years,Young person has requested and received support,18,9
2025,Reporting year,Local authority,E92000001,England,E12000006,East of England,881,Essex,E10000012,25 years,Care leaver not in touch,187,96
2025,Reporting year,Local authority,E92000001,England,E12000006,East of England,881,Essex,E10000012,25 years,Total,194,100
2025,Reporting year,Local authority,E92000001,England,E12000006,East of England,881,Essex,E10000012,25 years,Young person has requested and received support,7,4
2025,Reporting year,Local authority,E92000001,England,E12000006,East of England,919,Hertfordshire,E10000015,22 years,Care leaver not in touch,48,29
2025,Reporting year,Local authority,E92000001,England,E12000006,East of England,919,Hertfordshire,E10000015,22 years,Total,166,100
2025,Reporting year,Local authority,E92000001,England,E12000006,East of England,919,Hertfordshire,E10000015,22 years,Young person has requested and received support,118,71
2025,Reporting year,Local authority,E92000001,England,E12000006,East of England,919,Hertfordshire,E10000015,23 years,Care leaver not in touch,105,56
2025,Reporting year,Local authority,E92000001,England,E12000006,East of England,919,Hertfordshire,E10000015,23 years,Total,187,100
2025,Reporting year,Local authority,E92000001,England,E12000006,East of England,919,Hertfordshire,E10000015,23 years,Young person has requested and received support,82,44
2025,Reporting year,Local authority,E92000001,England,E12000006,East of England,919,Hertfordshire,E10000015,24 years,Care leaver not in touch,95,64
2025,Reporting year,Local authority,E92000001,England,E12000006,East of England,919,Hertfordshire,E10000015,24 years,Total,148,100
2025,Reporting year,Local authority,E92000001,England,E12000006,East of England,919,Hertfordshire,E10000015,24 years,Young person has requested and received support,53,36
2025,Reporting year,Local authority,E92000001,England,E12000006,East of England,919,Hertfordshire,E10000015,25 years,Care leaver not in touch,134,79
2025,Reporting year,Local authority,E92000001,England,E12000006,East of England,919,Hertfordshire,E10000015,25 years,Total,170,100
2025,Reporting year,Local authority,E92000001,England,E12000006,East of England,919,Hertfordshire,E10000015,25 years,Young person has requested and received support,36,21
2025,Reporting year,Local authority,E92000001,England,E12000006,East of England,926,Norfolk,E10000020,22 years,Care leaver not in touch,67,40
2025,Reporting year,Local authority,E92000001,England,E12000006,East of England,926,Norfolk,E10000020,22 years,Total,166,100
2025,Reporting year,Local authority,E92000001,England,E12000006,East of England,926,Norfolk,E10000020,22 years,Young person has requested and received support,99,60
2025,Reporting year,Local authority,E92000001,England,E12000006,East of England,926,Norfolk,E10000020,23 years,Care leaver not in touch,107,63
2025,Reporting year,Local authority,E92000001,England,E12000006,East of England,926,Norfolk,E10000020,23 years,Total,170,100
2025,Reporting year,Local authority,E92000001,England,E12000006,East of England,926,Norfolk,E10000020,23 years,Young person has requested and received support,63,37
2025,Reporting year,Local authority,E92000001,England,E12000006,East of England,926,Norfolk,E10000020,24 years,Care leaver not in touch,107,75
2025,Reporting year,Local authority,E92000001,England,E12000006,East of England,926,Norfolk,E10000020,24 years,Total,143,100
2025,Reporting year,Local authority,E92000001,England,E12000006,East of England,926,Norfolk,E10000020,24 years,Young person has requested and received support,36,25
2025,Reporting year,Local authority,E92000001,England,E12000006,East of England,926,Norfolk,E10000020,25 years,Care leaver not in touch,110,86
2025,Reporting year,Local authority,E92000001,England,E12000006,East of England,926,Norfolk,E10000020,25 years,Total,128,100
2025,Reporting year,Local authority,E92000001,England,E12000006,East of England,926,Norfolk,E10000020,25 years,Young person has requested and received support,18,14
2025,Reporting year,Local authority,E92000001,England,E12000006,East of England,935,Suffolk,E10000029,22 years,Care leaver not in touch,95,56
2025,Reporting year,Local authority,E92000001,England,E12000006,East of England,935,Suffolk,E10000029,22 years,Total,169,100
2025,Reporting year,Local authority,E92000001,England,E12000006,East of England,935,Suffolk,E10000029,22 years,Young person has requested and received support,74,44
2025,Reporting year,Local authority,E92000001,England,E12000006,East of England,935,Suffolk,E10000029,23 years,Care leaver not in touch,105,72
2025,Reporting year,Local authority,E92000001,England,E12000006,East of England,935,Suffolk,E10000029,23 years,Total,146,100
2025,Reporting year,Local authority,E92000001,England,E12000006,East of England,935,Suffolk,E10000029,23 years,Young person has requested and received support,41,28
2025,Reporting year,Local authority,E92000001,England,E12000006,East of England,935,Suffolk,E10000029,24 years,Care leaver not in touch,111,74
2025,Reporting year,Local authority,E92000001,England,E12000006,East of England,935,Suffolk,E10000029,24 years,Total,150,100
2025,Reporting year,Local authority,E92000001,England,E12000006,East of England,935,Suffolk,E10000029,24 years,Young person has requested and received support,39,26
2025,Reporting year,Local authority,E92000001,England,E12000006,East of England,935,Suffolk,E10000029,25 years,Care leaver not in touch,137,95
2025,Reporting year,Local authority,E92000001,England,E12000006,East of England,935,Suffolk,E10000029,25 years,Total,144,100
2025,Reporting year,Local authority,E92000001,England,E12000006,East of England,935,Suffolk,E10000029,25 years,Young person has requested and received support,7,5
2025,Reporting year,Local authority,E92000001,England,E12000008,South East,887,Medway,E06000035,22 years,Care leaver not in touch,33,61
2025,Reporting year,Local authority,E92000001,England,E12000008,South East,887,Medway,E06000035,22 years,Total,54,100
2025,Reporting year,Local authority,E92000001,England,E12000008,South East,887,Medway,E06000035,22 years,Young person has requested and received support,21,39
2025,Reporting year,Local authority,E92000001,England,E12000008,South East,887,Medway,E06000035,23 years,Care leaver not in touch,49,89
2025,Reporting year,Local authority,E92000001,England,E12000008,South East,887,Medway,E06000035,23 years,Total,55,100
2025,Reporting year,Local authority,E92000001,England,E12000008,South East,887,Medway,E06000035,23 years,Young person has requested and received support,6,11
2025,Reporting year,Local authority,E92000001,England,E12000008,South East,887,Medway,E06000035,24 years,Care leaver not in touch,c,c
2025,Reporting year,Local authority,E92000001,England,E12000008,South East,887,Medway,E06000035,24 years,Total,41,100
2025,Reporting year,Local authority,E92000001,England,E12000008,South East,887,Medway,E06000035,24 years,Young person has requested and received support,c,c
2025,Reporting year,Local authority,E92000001,England,E12000008,South East,887,Medway,E06000035,25 years,Care leaver not in touch,49,100
2025,Reporting year,Local authority,E92000001,England,E12000008,South East,887,Medway,E06000035,25 years,Total,49,100
2025,Reporting year,Local authority,E92000001,England,E12000008,South East,887,Medway,E06000035,25 years,Young person has requested and received support,0,0
2025,Reporting year,Local authority,E92000001,England,E12000008,South East,867,Bracknell Forest,E06000036,22 years,Care leaver not in touch,c,c
2025,Reporting year,Local authority,E92000001,England,E12000008,South East,867,Bracknell Forest,E06000036,22 years,Total,20,100
2025,Reporting year,Local authority,E92000001,England,E12000008,South East,867,Bracknell Forest,E06000036,22 years,Young person has requested and received support,c,c
2025,Reporting year,Local authority,E92000001,England,E12000008,South East,867,Bracknell Forest,E06000036,23 years,Care leaver not in touch,c,c
2025,Reporting year,Local authority,E92000001,England,E12000008,South East,867,Bracknell Forest,E06000036,23 years,Total,23,100
2025,Reporting year,Local authority,E92000001,England,E12000008,South East,867,Bracknell Forest,E06000036,23 years,Young person has requested and received support,c,c
2025,Reporting year,Local authority,E92000001,England,E12000008,South East,867,Bracknell Forest,E06000036,24 years,Care leaver not in touch,15,71
2025,Reporting year,Local authority,E92000001,England,E12000008,South East,867,Bracknell Forest,E06000036,24 years,Total,21,100
2025,Reporting year,Local authority,E92000001,England,E12000008,South East,867,Bracknell Forest,E06000036,24 years,Young person has requested and received support,6,29
2025,Reporting year,Local authority,E92000001,England,E12000008,South East,867,Bracknell Forest,E06000036,25 years,Care leaver not in touch,c,c
2025,Reporting year,Local authority,E92000001,England,E12000008,South East,867,Bracknell Forest,E06000036,25 years,Total,19,100
2025,Reporting year,Local authority,E92000001,England,E12000008,South East,867,Bracknell Forest,E06000036,25 years,Young person has requested and received support,c,c
2025,Reporting year,Local authority,E92000001,England,E12000008,South East,869,West Berkshire,E06000037,22 years,Care leaver not in touch,15,41
2025,Reporting year,Local authority,E92000001,England,E12000008,South East,869,West Berkshire,E06000037,22 years,Total,37,100
2025,Reporting year,Local authority,E92000001,England,E12000008,South East,869,West Berkshire,E06000037,22 years,Young person has requested and received support,22,59
2025,Reporting year,Local authority,E92000001,England,E12000008,South East,869,West Berkshire,E06000037,23 years,Care leaver not in touch,22,58
2025,Reporting year,Local authority,E92000001,England,E12000008,South East,869,West Berkshire,E06000037,23 years,Total,38,100
2025,Reporting year,Local authority,E92000001,England,E12000008,South East,869,West Berkshire,E06000037,23 years,Young person has requested and received support,16,42
2025,Reporting year,Local authority,E92000001,England,E12000008,South East,869,West Berkshire,E06000037,24 years,Care leaver not in touch,13,65
2025,Reporting year,Local authority,E92000001,England,E12000008,South East,869,West Berkshire,E06000037,24 years,Total,20,100
2025,Reporting year,Local authority,E92000001,England,E12000008,South East,869,West Berkshire,E06000037,24 years,Young person has requested and received support,7,35
2025,Reporting year,Local authority,E92000001,England,E12000008,South East,869,West Berkshire,E06000037,25 years,Care leaver not in touch,17,68
2025,Reporting year,Local authority,E92000001,England,E12000008,South East,869,West Berkshire,E06000037,25 years,Total,25,100
2025,Reporting year,Local authority,E92000001,England,E12000008,South East,869,West Berkshire,E06000037,25 years,Young person has requested and received support,8,32
2025,Reporting year,Local authority,E92000001,England,E12000008,South East,870,Reading,E06000038,22 years,Care leaver not in touch,17,47
2025,Reporting year,Local authority,E92000001,England,E12000008,South East,870,Reading,E06000038,22 years,Total,36,100
2025,Reporting year,Local authority,E92000001,England,E12000008,South East,870,Reading,E06000038,22 years,Young person has requested and received support,19,53
2025,Reporting year,Local authority,E92000001,England,E12000008,South East,870,Reading,E06000038,23 years,Care leaver not in touch,16,59
2025,Reporting year,Local authority,E92000001,England,E12000008,South East,870,Reading,E06000038,23 years,Total,27,100
2025,Reporting year,Local authority,E92000001,England,E12000008,South East,870,Reading,E06000038,23 years,Young person has requested and received support,11,41
2025,Reporting year,Local authority,E92000001,England,E12000008,South East,870,Reading,E06000038,24 years,Care leaver not in touch,27,77
2025,Reporting year,Local authority,E92000001,England,E12000008,South East,870,Reading,E06000038,24 years,Total,35,100
2025,Reporting year,Local authority,E92000001,England,E12000008,South East,870,Reading,E06000038,24 years,Young person has requested and received support,8,23
2025,Reporting year,Local authority,E92000001,England,E12000008,South East,870,Reading,E06000038,25 years,Care leaver not in touch,c,c
2025,Reporting year,Local authority,E92000001,England,E12000008,South East,870,Reading,E06000038,25 years,Total,37,100
2025,Reporting year,Local authority,E92000001,England,E12000008,South East,870,Reading,E06000038,25 years,Young person has requested and received support,c,c
2025,Reporting year,Local authority,E92000001,England,E12000008,South East,871,Slough,E06000039,22 years,Care leaver not in touch,c,c
2025,Reporting year,Local authority,E92000001,England,E12000008,South East,871,Slough,E06000039,22 years,Total,22,100
2025,Reporting year,Local authority,E92000001,England,E12000008,South East,871,Slough,E06000039,22 years,Young person has requested and received support,c,c
2025,Reporting year,Local authority,E92000001,England,E12000008,South East,871,Slough,E06000039,23 years,Care leaver not in touch,6,16
2025,Reporting year,Local authority,E92000001,England,E12000008,South East,871,Slough,E06000039,23 years,Total,38,100
2025,Reporting year,Local authority,E92000001,England,E12000008,South East,871,Slough,E06000039,23 years,Young person has requested and received support,32,84
2025,Reporting year,Local authority,E92000001,England,E12000008,South East,871,Slough,E06000039,24 years,Care leaver not in touch,13,37
2025,Reporting year,Local authority,E92000001,England,E12000008,South East,871,Slough,E06000039,24 years,Total,35,100
2025,Reporting year,Local authority,E92000001,England,E12000008,South East,871,Slough,E06000039,24 years,Young person has requested and received support,22,63
2025,Reporting year,Local authority,E92000001,England,E12000008,South East,871,Slough,E06000039,25 years,Care leaver not in touch,12,39
2025,Reporting year,Local authority,E92000001,England,E12000008,South East,871,Slough,E06000039,25 years,Total,31,100
2025,Reporting year,Local authority,E92000001,England,E12000008,South East,871,Slough,E06000039,25 years,Young person has requested and received support,19,61
2025,Reporting year,Local authority,E92000001,England,E12000008,South East,868,Windsor and Maidenhead,E06000040,22 years,Care leaver not in touch,c,c
2025,Reporting year,Local authority,E92000001,England,E12000008,South East,868,Windsor and Maidenhead,E06000040,22 years,Total,27,100
2025,Reporting year,Local authority,E92000001,England,E12000008,South East,868,Windsor and Maidenhead,E06000040,22 years,Young person has requested and received support,c,c
2025,Reporting year,Local authority,E92000001,England,E12000008,South East,868,Windsor and Maidenhead,E06000040,23 years,Care leaver not in touch,c,c
2025,Reporting year,Local authority,E92000001,England,E12000008,South East,868,Windsor and Maidenhead,E06000040,23 years,Total,21,100
2025,Reporting year,Local authority,E92000001,England,E12000008,South East,868,Windsor and Maidenhead,E06000040,23 years,Young person has requested and received support,c,c
2025,Reporting year,Local authority,E92000001,England,E12000008,South East,868,Windsor and Maidenhead,E06000040,24 years,Care leaver not in touch,6,30
2025,Reporting year,Local authority,E92000001,England,E12000008,South East,868,Windsor and Maidenhead,E06000040,24 years,Total,20,100
2025,Reporting year,Local authority,E92000001,England,E12000008,South East,868,Windsor and Maidenhead,E06000040,24 years,Young person has requested and received support,14,70
2025,Reporting year,Local authority,E92000001,England,E12000008,South East,868,Windsor and Maidenhead,E06000040,25 years,Care leaver not in touch,9,45
2025,Reporting year,Local authority,E92000001,England,E12000008,South East,868,Windsor and Maidenhead,E06000040,25 years,Total,20,100
2025,Reporting year,Local authority,E92000001,England,E12000008,South East,868,Windsor and Maidenhead,E06000040,25 years,Young person has requested and received support,11,55
2025,Reporting year,Local authority,E92000001,England,E12000008,South East,872,Wokingham,E06000041,22 years,Care leaver not in touch,c,c
2025,Reporting year,Local authority,E92000001,England,E12000008,South East,872,Wokingham,E06000041,22 years,Total,17,100
2025,Reporting year,Local authority,E92000001,England,E12000008,South East,872,Wokingham,E06000041,22 years,Young person has requested and received support,c,c
2025,Reporting year,Local authority,E92000001,England,E12000008,South East,872,Wokingham,E06000041,23 years,Care leaver not in touch,0,0
2025,Reporting year,Local authority,E92000001,England,E12000008,South East,872,Wokingham,E06000041,23 years,Total,19,100
2025,Reporting year,Local authority,E92000001,England,E12000008,South East,872,Wokingham,E06000041,23 years,Young person has requested and received support,19,100
2025,Reporting year,Local authority,E92000001,England,E12000008,South East,872,Wokingham,E06000041,24 years,Care leaver not in touch,c,c
2025,Reporting year,Local authority,E92000001,England,E12000008,South East,872,Wokingham,E06000041,24 years,Total,21,100
2025,Reporting year,Local authority,E92000001,England,E12000008,South East,872,Wokingham,E06000041,24 years,Young person has requested and received support,c,c
2025,Reporting year,Local authority,E92000001,England,E12000008,South East,872,Wokingham,E06000041,25 years,Care leaver not in touch,19,100
2025,Reporting year,Local authority,E92000001,England,E12000008,South East,872,Wokingham,E06000041,25 years,Total,19,100
2025,Reporting year,Local authority,E92000001,England,E12000008,South East,872,Wokingham,E06000041,25 years,Young person has requested and received support,0,0
2025,Reporting year,Local authority,E92000001,England,E12000008,South East,826,Milton Keynes,E06000042,22 years,Care leaver not in touch,30,55
2025,Reporting year,Local authority,E92000001,England,E12000008,South East,826,Milton Keynes,E06000042,22 years,Total,55,100
2025,Reporting year,Local authority,E92000001,England,E12000008,South East,826,Milton Keynes,E06000042,22 years,Young person has requested and received support,25,45
2025,Reporting year,Local authority,E92000001,England,E12000008,South East,826,Milton Keynes,E06000042,23 years,Care leaver not in touch,28,67
2025,Reporting year,Local authority,E92000001,England,E12000008,South East,826,Milton Keynes,E06000042,23 years,Total,42,100
2025,Reporting year,Local authority,E92000001,England,E12000008,South East,826,Milton Keynes,E06000042,23 years,Young person has requested and received support,14,33
2025,Reporting year,Local authority,E92000001,England,E12000008,South East,826,Milton Keynes,E06000042,24 years,Care leaver not in touch,41,80
2025,Reporting year,Local authority,E92000001,England,E12000008,South East,826,Milton Keynes,E06000042,24 years,Total,51,100
2025,Reporting year,Local authority,E92000001,England,E12000008,South East,826,Milton Keynes,E06000042,24 years,Young person has requested and received support,10,20
2025,Reporting year,Local authority,E92000001,England,E12000008,South East,826,Milton Keynes,E06000042,25 years,Care leaver not in touch,c,c
2025,Reporting year,Local authority,E92000001,England,E12000008,South East,826,Milton Keynes,E06000042,25 years,Total,57,100
2025,Reporting year,Local authority,E92000001,England,E12000008,South East,826,Milton Keynes,E06000042,25 years,Young person has requested and received support,c,c
2025,Reporting year,Local authority,E92000001,England,E12000008,South East,846,Brighton and Hove,E06000043,22 years,Care leaver not in touch,29,38
2025,Reporting year,Local authority,E92000001,England,E12000008,South East,846,Brighton and Hove,E06000043,22 years,Total,76,100
2025,Reporting year,Local authority,E92000001,England,E12000008,South East,846,Brighton and Hove,E06000043,22 years,Young person has requested and received support,47,62
2025,Reporting year,Local authority,E92000001,England,E12000008,South East,846,Brighton and Hove,E06000043,23 years,Care leaver not in touch,30,44
2025,Reporting year,Local authority,E92000001,England,E12000008,South East,846,Brighton and Hove,E06000043,23 years,Total,68,100
2025,Reporting year,Local authority,E92000001,England,E12000008,South East,846,Brighton and Hove,E06000043,23 years,Young person has requested and received support,38,56
2025,Reporting year,Local authority,E92000001,England,E12000008,South East,846,Brighton and Hove,E06000043,24 years,Care leaver not in touch,48,63
2025,Reporting year,Local authority,E92000001,England,E12000008,South East,846,Brighton and Hove,E06000043,24 years,Total,76,100
2025,Reporting year,Local authority,E92000001,England,E12000008,South East,846,Brighton and Hove,E06000043,24 years,Young person has requested and received support,28,37
2025,Reporting year,Local authority,E92000001,England,E12000008,South East,846,Brighton and Hove,E06000043,25 years,Care leaver not in touch,61,80
2025,Reporting year,Local authority,E92000001,England,E12000008,South East,846,Brighton and Hove,E06000043,25 years,Total,76,100
2025,Reporting year,Local authority,E92000001,England,E12000008,South East,846,Brighton and Hove,E06000043,25 years,Young person has requested and received support,15,20
2025,Reporting year,Local authority,E92000001,England,E12000008,South East,851,Portsmouth,E06000044,22 years,Care leaver not in touch,54,54
2025,Reporting year,Local authority,E92000001,England,E12000008,South East,851,Portsmouth,E06000044,22 years,Total,100,100
2025,Reporting year,Local authority,E92000001,England,E12000008,South East,851,Portsmouth,E06000044,22 years,Young person has requested and received support,46,46
2025,Reporting year,Local authority,E92000001,England,E12000008,South East,851,Portsmouth,E06000044,23 years,Care leaver not in touch,48,49
2025,Reporting year,Local authority,E92000001,England,E12000008,South East,851,Portsmouth,E06000044,23 years,Total,97,100
2025,Reporting year,Local authority,E92000001,England,E12000008,South East,851,Portsmouth,E06000044,23 years,Young person has requested and received support,49,51
2025,Reporting year,Local authority,E92000001,England,E12000008,South East,851,Portsmouth,E06000044,24 years,Care leaver not in touch,46,69
2025,Reporting year,Local authority,E92000001,England,E12000008,South East,851,Portsmouth,E06000044,24 years,Total,67,100
2025,Reporting year,Local authority,E92000001,England,E12000008,South East,851,Portsmouth,E06000044,24 years,Young person has requested and received support,21,31
2025,Reporting year,Local authority,E92000001,England,E12000008,South East,851,Portsmouth,E06000044,25 years,Care leaver not in touch,37,73
2025,Reporting year,Local authority,E92000001,England,E12000008,South East,851,Portsmouth,E06000044,25 years,Total,51,100
2025,Reporting year,Local authority,E92000001,England,E12000008,South East,851,Portsmouth,E06000044,25 years,Young person has requested and received support,14,27
2025,Reporting year,Local authority,E92000001,England,E12000008,South East,852,Southampton,E06000045,22 years,Care leaver not in touch,23,46
2025,Reporting year,Local authority,E92000001,England,E12000008,South East,852,Southampton,E06000045,22 years,Total,50,100
2025,Reporting year,Local authority,E92000001,England,E12000008,South East,852,Southampton,E06000045,22 years,Young person has requested and received support,27,54
2025,Reporting year,Local authority,E92000001,England,E12000008,South East,852,Southampton,E06000045,23 years,Care leaver not in touch,32,68
2025,Reporting year,Local authority,E92000001,England,E12000008,South East,852,Southampton,E06000045,23 years,Total,47,100
2025,Reporting year,Local authority,E92000001,England,E12000008,South East,852,Southampton,E06000045,23 years,Young person has requested and received support,15,32
2025,Reporting year,Local authority,E92000001,England,E12000008,South East,852,Southampton,E06000045,24 years,Care leaver not in touch,38,79
2025,Reporting year,Local authority,E92000001,England,E12000008,South East,852,Southampton,E06000045,24 years,Total,48,100
2025,Reporting year,Local authority,E92000001,England,E12000008,South East,852,Southampton,E06000045,24 years,Young person has requested and received support,10,21
2025,Reporting year,Local authority,E92000001,England,E12000008,South East,852,Southampton,E06000045,25 years,Care leaver not in touch,37,79
2025,Reporting year,Local authority,E92000001,England,E12000008,South East,852,Southampton,E06000045,25 years,Total,47,100
2025,Reporting year,Local authority,E92000001,England,E12000008,South East,852,Southampton,E06000045,25 years,Young person has requested and received support,10,21
2025,Reporting year,Local authority,E92000001,England,E12000008,South East,921,Isle of Wight,E06000046,22 years,Care leaver not in touch,13,54
2025,Reporting year,Local authority,E92000001,England,E12000008,South East,921,Isle of Wight,E06000046,22 years,Total,24,100
2025,Reporting year,Local authority,E92000001,England,E12000008,South East,921,Isle of Wight,E06000046,22 years,Young person has requested and received support,11,46
2025,Reporting year,Local authority,E92000001,England,E12000008,South East,921,Isle of Wight,E06000046,23 years,Care leaver not in touch,9,43
2025,Reporting year,Local authority,E92000001,England,E12000008,South East,921,Isle of Wight,E06000046,23 years,Total,21,100
2025,Reporting year,Local authority,E92000001,England,E12000008,South East,921,Isle of Wight,E06000046,23 years,Young person has requested and received support,12,57
2025,Reporting year,Local authority,E92000001,England,E12000008,South East,921,Isle of Wight,E06000046,24 years,Care leaver not in touch,18,64
2025,Reporting year,Local authority,E92000001,England,E12000008,South East,921,Isle of Wight,E06000046,24 years,Total,28,100
2025,Reporting year,Local authority,E92000001,England,E12000008,South East,921,Isle of Wight,E06000046,24 years,Young person has requested and received support,10,36
2025,Reporting year,Local authority,E92000001,England,E12000008,South East,921,Isle of Wight,E06000046,25 years,Care leaver not in touch,25,71
2025,Reporting year,Local authority,E92000001,England,E12000008,South East,921,Isle of Wight,E06000046,25 years,Total,35,100
2025,Reporting year,Local authority,E92000001,England,E12000008,South East,921,Isle of Wight,E06000046,25 years,Young person has requested and received support,10,29
2025,Reporting year,Local authority,E92000001,England,E12000008,South East,825,Buckinghamshire,E06000060,22 years,Care leaver not in touch,8,10
2025,Reporting year,Local authority,E92000001,England,E12000008,South East,825,Buckinghamshire,E06000060,22 years,Total,80,100
2025,Reporting year,Local authority,E92000001,England,E12000008,South East,825,Buckinghamshire,E06000060,22 years,Young person has requested and received support,72,90
2025,Reporting year,Local authority,E92000001,England,E12000008,South East,825,Buckinghamshire,E06000060,23 years,Care leaver not in touch,17,20
2025,Reporting year,Local authority,E92000001,England,E12000008,South East,825,Buckinghamshire,E06000060,23 years,Total,86,100
2025,Reporting year,Local authority,E92000001,England,E12000008,South East,825,Buckinghamshire,E06000060,23 years,Young person has requested and received support,69,80
2025,Reporting year,Local authority,E92000001,England,E12000008,South East,825,Buckinghamshire,E06000060,24 years,Care leaver not in touch,22,31
2025,Reporting year,Local authority,E92000001,England,E12000008,South East,825,Buckinghamshire,E06000060,24 years,Total,71,100
2025,Reporting year,Local authority,E92000001,England,E12000008,South East,825,Buckinghamshire,E06000060,24 years,Young person has requested and received support,49,69
2025,Reporting year,Local authority,E92000001,England,E12000008,South East,825,Buckinghamshire,E06000060,25 years,Care leaver not in touch,48,86
2025,Reporting year,Local authority,E92000001,England,E12000008,South East,825,Buckinghamshire,E06000060,25 years,Total,56,100
2025,Reporting year,Local authority,E92000001,England,E12000008,South East,825,Buckinghamshire,E06000060,25 years,Young person has requested and received support,8,14
2025,Reporting year,Local authority,E92000001,England,E12000008,South East,845,East Sussex,E10000011,22 years,Care leaver not in touch,19,30
2025,Reporting year,Local authority,E92000001,England,E12000008,South East,845,East Sussex,E10000011,22 years,Total,64,100
2025,Reporting year,Local authority,E92000001,England,E12000008,South East,845,East Sussex,E10000011,22 years,Young person has requested and received support,45,70
2025,Reporting year,Local authority,E92000001,England,E12000008,South East,845,East Sussex,E10000011,23 years,Care leaver not in touch,45,60
2025,Reporting year,Local authority,E92000001,England,E12000008,South East,845,East Sussex,E10000011,23 years,Total,75,100
2025,Reporting year,Local authority,E92000001,England,E12000008,South East,845,East Sussex,E10000011,23 years,Young person has requested and received support,30,40
2025,Reporting year,Local authority,E92000001,England,E12000008,South East,845,East Sussex,E10000011,24 years,Care leaver not in touch,48,56
2025,Reporting year,Local authority,E92000001,England,E12000008,South East,845,East Sussex,E10000011,24 years,Total,85,100
2025,Reporting year,Local authority,E92000001,England,E12000008,South East,845,East Sussex,E10000011,24 years,Young person has requested and received support,37,44
2025,Reporting year,Local authority,E92000001,England,E12000008,South East,845,East Sussex,E10000011,25 years,Care leaver not in touch,42,75
2025,Reporting year,Local authority,E92000001,England,E12000008,South East,845,East Sussex,E10000011,25 years,Total,56,100
2025,Reporting year,Local authority,E92000001,England,E12000008,South East,845,East Sussex,E10000011,25 years,Young person has requested and received support,14,25
2025,Reporting year,Local authority,E92000001,England,E12000008,South East,850,Hampshire,E10000014,22 years,Care leaver not in touch,173,73
2025,Reporting year,Local authority,E92000001,England,E12000008,South East,850,Hampshire,E10000014,22 years,Total,236,100
2025,Reporting year,Local authority,E92000001,England,E12000008,South East,850,Hampshire,E10000014,22 years,Young person has requested and received support,63,27
2025,Reporting year,Local authority,E92000001,England,E12000008,South East,850,Hampshire,E10000014,23 years,Care leaver not in touch,199,81
2025,Reporting year,Local authority,E92000001,England,E12000008,South East,850,Hampshire,E10000014,23 years,Total,245,100
2025,Reporting year,Local authority,E92000001,England,E12000008,South East,850,Hampshire,E10000014,23 years,Young person has requested and received support,46,19
2025,Reporting year,Local authority,E92000001,England,E12000008,South East,850,Hampshire,E10000014,24 years,Care leaver not in touch,184,90
2025,Reporting year,Local authority,E92000001,England,E12000008,South East,850,Hampshire,E10000014,24 years,Total,204,100
2025,Reporting year,Local authority,E92000001,England,E12000008,South East,850,Hampshire,E10000014,24 years,Young person has requested and received support,20,10
2025,Reporting year,Local authority,E92000001,England,E12000008,South East,850,Hampshire,E10000014,25 years,Care leaver not in touch,163,96
2025,Reporting year,Local authority,E92000001,England,E12000008,South East,850,Hampshire,E10000014,25 years,Total,170,100
2025,Reporting year,Local authority,E92000001,England,E12000008,South East,850,Hampshire,E10000014,25 years,Young person has requested and received support,7,4
2025,Reporting year,Local authority,E92000001,England,E12000008,South East,886,Kent,E10000016,22 years,Care leaver not in touch,123,27
2025,Reporting year,Local authority,E92000001,England,E12000008,South East,886,Kent,E10000016,22 years,Total,462,100
2025,Reporting year,Local authority,E92000001,England,E12000008,South East,886,Kent,E10000016,22 years,Young person has requested and received support,339,73
2025,Reporting year,Local authority,E92000001,England,E12000008,South East,886,Kent,E10000016,23 years,Care leaver not in touch,181,50
2025,Reporting year,Local authority,E92000001,England,E12000008,South East,886,Kent,E10000016,23 years,Total,363,100
2025,Reporting year,Local authority,E92000001,England,E12000008,South East,886,Kent,E10000016,23 years,Young person has requested and received support,182,50
2025,Reporting year,Local authority,E92000001,England,E12000008,South East,886,Kent,E10000016,24 years,Care leaver not in touch,194,56
2025,Reporting year,Local authority,E92000001,England,E12000008,South East,886,Kent,E10000016,24 years,Total,344,100
2025,Reporting year,Local authority,E92000001,England,E12000008,South East,886,Kent,E10000016,24 years,Young person has requested and received support,150,44
2025,Reporting year,Local authority,E92000001,England,E12000008,South East,886,Kent,E10000016,25 years,Care leaver not in touch,320,70
2025,Reporting year,Local authority,E92000001,England,E12000008,South East,886,Kent,E10000016,25 years,Total,458,100
2025,Reporting year,Local authority,E92000001,England,E12000008,South East,886,Kent,E10000016,25 years,Young person has requested and received support,138,30
2025,Reporting year,Local authority,E92000001,England,E12000008,South East,931,Oxfordshire,E10000025,22 years,Care leaver not in touch,99,76
2025,Reporting year,Local authority,E92000001,England,E12000008,South East,931,Oxfordshire,E10000025,22 years,Total,131,100
2025,Reporting year,Local authority,E92000001,England,E12000008,South East,931,Oxfordshire,E10000025,22 years,Young person has requested and received support,32,24
2025,Reporting year,Local authority,E92000001,England,E12000008,South East,931,Oxfordshire,E10000025,23 years,Care leaver not in touch,91,83
2025,Reporting year,Local authority,E92000001,England,E12000008,South East,931,Oxfordshire,E10000025,23 years,Total,110,100
2025,Reporting year,Local authority,E92000001,England,E12000008,South East,931,Oxfordshire,E10000025,23 years,Young person has requested and received support,19,17
2025,Reporting year,Local authority,E92000001,England,E12000008,South East,931,Oxfordshire,E10000025,24 years,Care leaver not in touch,85,87
2025,Reporting year,Local authority,E92000001,England,E12000008,South East,931,Oxfordshire,E10000025,24 years,Total,98,100
2025,Reporting year,Local authority,E92000001,England,E12000008,South East,931,Oxfordshire,E10000025,24 years,Young person has requested and received support,13,13
2025,Reporting year,Local authority,E92000001,England,E12000008,South East,931,Oxfordshire,E10000025,25 years,Care leaver not in touch,93,92
2025,Reporting year,Local authority,E92000001,England,E12000008,South East,931,Oxfordshire,E10000025,25 years,Total,101,100
2025,Reporting year,Local authority,E92000001,England,E12000008,South East,931,Oxfordshire,E10000025,25 years,Young person has requested and received support,8,8
2025,Reporting year,Local authority,E92000001,England,E12000008,South East,936,Surrey,E10000030,22 years,Care leaver not in touch,91,45
2025,Reporting year,Local authority,E92000001,England,E12000008,South East,936,Surrey,E10000030,22 years,Total,203,100
2025,Reporting year,Local authority,E92000001,England,E12000008,South East,936,Surrey,E10000030,22 years,Young person has requested and received support,112,55
2025,Reporting year,Local authority,E92000001,England,E12000008,South East,936,Surrey,E10000030,23 years,Care leaver not in touch,119,71
2025,Reporting year,Local authority,E92000001,England,E12000008,South East,936,Surrey,E10000030,23 years,Total,167,100
2025,Reporting year,Local authority,E92000001,England,E12000008,South East,936,Surrey,E10000030,23 years,Young person has requested and received support,48,29
2025,Reporting year,Local authority,E92000001,England,E12000008,South East,936,Surrey,E10000030,24 years,Care leaver not in touch,143,84
2025,Reporting year,Local authority,E92000001,England,E12000008,South East,936,Surrey,E10000030,24 years,Total,171,100
2025,Reporting year,Local authority,E92000001,England,E12000008,South East,936,Surrey,E10000030,24 years,Young person has requested and received support,28,16
2025,Reporting year,Local authority,E92000001,England,E12000008,South East,936,Surrey,E10000030,25 years,Care leaver not in touch,165,89
2025,Reporting year,Local authority,E92000001,England,E12000008,South East,936,Surrey,E10000030,25 years,Total,186,100
2025,Reporting year,Local authority,E92000001,England,E12000008,South East,936,Surrey,E10000030,25 years,Young person has requested and received support,21,11
2025,Reporting year,Local authority,E92000001,England,E12000008,South East,938,West Sussex,E10000032,22 years,Care leaver not in touch,57,46
2025,Reporting year,Local authority,E92000001,England,E12000008,South East,938,West Sussex,E10000032,22 years,Total,125,100
2025,Reporting year,Local authority,E92000001,England,E12000008,South East,938,West Sussex,E10000032,22 years,Young person has requested and received support,68,54
2025,Reporting year,Local authority,E92000001,England,E12000008,South East,938,West Sussex,E10000032,23 years,Care leaver not in touch,85,61
2025,Reporting year,Local authority,E92000001,England,E12000008,South East,938,West Sussex,E10000032,23 years,Total,140,100
2025,Reporting year,Local authority,E92000001,England,E12000008,South East,938,West Sussex,E10000032,23 years,Young person has requested and received support,55,39
2025,Reporting year,Local authority,E92000001,England,E12000008,South East,938,West Sussex,E10000032,24 years,Care leaver not in touch,101,81
2025,Reporting year,Local authority,E92000001,England,E12000008,South East,938,West Sussex,E10000032,24 years,Total,125,100
2025,Reporting year,Local authority,E92000001,England,E12000008,South East,938,West Sussex,E10000032,24 years,Young person has requested and received support,24,19
2025,Reporting year,Local authority,E92000001,England,E12000008,South East,938,West Sussex,E10000032,25 years,Care leaver not in touch,109,90
2025,Reporting year,Local authority,E92000001,England,E12000008,South East,938,West Sussex,E10000032,25 years,Total,121,100
2025,Reporting year,Local authority,E92000001,England,E12000008,South East,938,West Sussex,E10000032,25 years,Young person has requested and received support,12,10
2025,Reporting year,Local authority,E92000001,England,E12000009,South West,800,Bath and North East Somerset,E06000022,22 years,Care leaver not in touch,9,43
2025,Reporting year,Local authority,E92000001,England,E12000009,South West,800,Bath and North East Somerset,E06000022,22 years,Total,21,100
2025,Reporting year,Local authority,E92000001,England,E12000009,South West,800,Bath and North East Somerset,E06000022,22 years,Young person has requested and received support,12,57
2025,Reporting year,Local authority,E92000001,England,E12000009,South West,800,Bath and North East Somerset,E06000022,23 years,Care leaver not in touch,16,52
2025,Reporting year,Local authority,E92000001,England,E12000009,South West,800,Bath and North East Somerset,E06000022,23 years,Total,31,100
2025,Reporting year,Local authority,E92000001,England,E12000009,South West,800,Bath and North East Somerset,E06000022,23 years,Young person has requested and received support,15,48
2025,Reporting year,Local authority,E92000001,England,E12000009,South West,800,Bath and North East Somerset,E06000022,24 years,Care leaver not in touch,c,c
2025,Reporting year,Local authority,E92000001,England,E12000009,South West,800,Bath and North East Somerset,E06000022,24 years,Total,26,100
2025,Reporting year,Local authority,E92000001,England,E12000009,South West,800,Bath and North East Somerset,E06000022,24 years,Young person has requested and received support,c,c
2025,Reporting year,Local authority,E92000001,England,E12000009,South West,800,Bath and North East Somerset,E06000022,25 years,Care leaver not in touch,26,100
2025,Reporting year,Local authority,E92000001,England,E12000009,South West,800,Bath and North East Somerset,E06000022,25 years,Total,26,100
2025,Reporting year,Local authority,E92000001,England,E12000009,South West,800,Bath and North East Somerset,E06000022,25 years,Young person has requested and received support,0,0
2025,Reporting year,Local authority,E92000001,England,E12000009,South West,801,"Bristol, City of",E06000023,22 years,Care leaver not in touch,47,56
2025,Reporting year,Local authority,E92000001,England,E12000009,South West,801,"Bristol, City of",E06000023,22 years,Total,84,100
2025,Reporting year,Local authority,E92000001,England,E12000009,South West,801,"Bristol, City of",E06000023,22 years,Young person has requested and received support,37,44
2025,Reporting year,Local authority,E92000001,England,E12000009,South West,801,"Bristol, City of",E06000023,23 years,Care leaver not in touch,80,79
2025,Reporting year,Local authority,E92000001,England,E12000009,South West,801,"Bristol, City of",E06000023,23 years,Total,101,100
2025,Reporting year,Local authority,E92000001,England,E12000009,South West,801,"Bristol, City of",E06000023,23 years,Young person has requested and received support,21,21
2025,Reporting year,Local authority,E92000001,England,E12000009,South West,801,"Bristol, City of",E06000023,24 years,Care leaver not in touch,90,93
2025,Reporting year,Local authority,E92000001,England,E12000009,South West,801,"Bristol, City of",E06000023,24 years,Total,97,100
2025,Reporting year,Local authority,E92000001,England,E12000009,South West,801,"Bristol, City of",E06000023,24 years,Young person has requested and received support,7,7
2025,Reporting year,Local authority,E92000001,England,E12000009,South West,801,"Bristol, City of",E06000023,25 years,Care leaver not in touch,125,93
2025,Reporting year,Local authority,E92000001,England,E12000009,South West,801,"Bristol, City of",E06000023,25 years,Total,134,100
2025,Reporting year,Local authority,E92000001,England,E12000009,South West,801,"Bristol, City of",E06000023,25 years,Young person has requested and received support,9,7
2025,Reporting year,Local authority,E92000001,England,E12000009,South West,802,North Somerset,E06000024,22 years,Care leaver not in touch,8,22
2025,Reporting year,Local authority,E92000001,England,E12000009,South West,802,North Somerset,E06000024,22 years,Total,37,100
2025,Reporting year,Local authority,E92000001,England,E12000009,South West,802,North Somerset,E06000024,22 years,Young person has requested and received support,29,78
2025,Reporting year,Local authority,E92000001,England,E12000009,South West,802,North Somerset,E06000024,23 years,Care leaver not in touch,c,c
2025,Reporting year,Local authority,E92000001,England,E12000009,South West,802,North Somerset,E06000024,23 years,Total,31,100
2025,Reporting year,Local authority,E92000001,England,E12000009,South West,802,North Somerset,E06000024,23 years,Young person has requested and received support,c,c
2025,Reporting year,Local authority,E92000001,England,E12000009,South West,802,North Somerset,E06000024,24 years,Care leaver not in touch,13,38
2025,Reporting year,Local authority,E92000001,England,E12000009,South West,802,North Somerset,E06000024,24 years,Total,34,100
2025,Reporting year,Local authority,E92000001,England,E12000009,South West,802,North Somerset,E06000024,24 years,Young person has requested and received support,21,62
2025,Reporting year,Local authority,E92000001,England,E12000009,South West,802,North Somerset,E06000024,25 years,Care leaver not in touch,21,64
2025,Reporting year,Local authority,E92000001,England,E12000009,South West,802,North Somerset,E06000024,25 years,Total,33,100
2025,Reporting year,Local authority,E92000001,England,E12000009,South West,802,North Somerset,E06000024,25 years,Young person has requested and received support,12,36
2025,Reporting year,Local authority,E92000001,England,E12000009,South West,803,South Gloucestershire,E06000025,22 years,Care leaver not in touch,25,54
2025,Reporting year,Local authority,E92000001,England,E12000009,South West,803,South Gloucestershire,E06000025,22 years,Total,46,100
2025,Reporting year,Local authority,E92000001,England,E12000009,South West,803,South Gloucestershire,E06000025,22 years,Young person has requested and received support,21,46
2025,Reporting year,Local authority,E92000001,England,E12000009,South West,803,South Gloucestershire,E06000025,23 years,Care leaver not in touch,27,79
2025,Reporting year,Local authority,E92000001,England,E12000009,South West,803,South Gloucestershire,E06000025,23 years,Total,34,100
2025,Reporting year,Local authority,E92000001,England,E12000009,South West,803,South Gloucestershire,E06000025,23 years,Young person has requested and received support,7,21
2025,Reporting year,Local authority,E92000001,England,E12000009,South West,803,South Gloucestershire,E06000025,24 years,Care leaver not in touch,39,83
2025,Reporting year,Local authority,E92000001,England,E12000009,South West,803,South Gloucestershire,E06000025,24 years,Total,47,100
2025,Reporting year,Local authority,E92000001,England,E12000009,South West,803,South Gloucestershire,E06000025,24 years,Young person has requested and received support,8,17
2025,Reporting year,Local authority,E92000001,England,E12000009,South West,803,South Gloucestershire,E06000025,25 years,Care leaver not in touch,c,c
2025,Reporting year,Local authority,E92000001,England,E12000009,South West,803,South Gloucestershire,E06000025,25 years,Total,31,100
2025,Reporting year,Local authority,E92000001,England,E12000009,South West,803,South Gloucestershire,E06000025,25 years,Young person has requested and received support,c,c
2025,Reporting year,Local authority,E92000001,England,E12000009,South West,879,Plymouth,E06000026,22 years,Care leaver not in touch,22,35
2025,Reporting year,Local authority,E92000001,England,E12000009,South West,879,Plymouth,E06000026,22 years,Total,62,100
2025,Reporting year,Local authority,E92000001,England,E12000009,South West,879,Plymouth,E06000026,22 years,Young person has requested and received support,40,65
2025,Reporting year,Local authority,E92000001,England,E12000009,South West,879,Plymouth,E06000026,23 years,Care leaver not in touch,42,69
2025,Reporting year,Local authority,E92000001,England,E12000009,South West,879,Plymouth,E06000026,23 years,Total,61,100
2025,Reporting year,Local authority,E92000001,England,E12000009,South West,879,Plymouth,E06000026,23 years,Young person has requested and received support,19,31
2025,Reporting year,Local authority,E92000001,England,E12000009,South West,879,Plymouth,E06000026,24 years,Care leaver not in touch,43,80
2025,Reporting year,Local authority,E92000001,England,E12000009,South West,879,Plymouth,E06000026,24 years,Total,54,100
2025,Reporting year,Local authority,E92000001,England,E12000009,South West,879,Plymouth,E06000026,24 years,Young person has requested and received support,11,20
2025,Reporting year,Local authority,E92000001,England,E12000009,South West,879,Plymouth,E06000026,25 years,Care leaver not in touch,53,88
2025,Reporting year,Local authority,E92000001,England,E12000009,South West,879,Plymouth,E06000026,25 years,Total,60,100
2025,Reporting year,Local authority,E92000001,England,E12000009,South West,879,Plymouth,E06000026,25 years,Young person has requested and received support,7,12
2025,Reporting year,Local authority,E92000001,England,E12000009,South West,880,Torbay,E06000027,22 years,Care leaver not in touch,c,c
2025,Reporting year,Local authority,E92000001,England,E12000009,South West,880,Torbay,E06000027,22 years,Total,37,100
2025,Reporting year,Local authority,E92000001,England,E12000009,South West,880,Torbay,E06000027,22 years,Young person has requested and received support,c,c
2025,Reporting year,Local authority,E92000001,England,E12000009,South West,880,Torbay,E06000027,23 years,Care leaver not in touch,10,26
2025,Reporting year,Local authority,E92000001,England,E12000009,South West,880,Torbay,E06000027,23 years,Total,38,100
2025,Reporting year,Local authority,E92000001,England,E12000009,South West,880,Torbay,E06000027,23 years,Young person has requested and received support,28,74
2025,Reporting year,Local authority,E92000001,England,E12000009,South West,880,Torbay,E06000027,24 years,Care leaver not in touch,32,73
2025,Reporting year,Local authority,E92000001,England,E12000009,South West,880,Torbay,E06000027,24 years,Total,44,100
2025,Reporting year,Local authority,E92000001,England,E12000009,South West,880,Torbay,E06000027,24 years,Young person has requested and received support,12,27
2025,Reporting year,Local authority,E92000001,England,E12000009,South West,880,Torbay,E06000027,25 years,Care leaver not in touch,c,c
2025,Reporting year,Local authority,E92000001,England,E12000009,South West,880,Torbay,E06000027,25 years,Total,27,100
2025,Reporting year,Local authority,E92000001,England,E12000009,South West,880,Torbay,E06000027,25 years,Young person has requested and received support,c,c
2025,Reporting year,Local authority,E92000001,England,E12000009,South West,866,Swindon,E06000030,22 years,Care leaver not in touch,31,69
2025,Reporting year,Local authority,E92000001,England,E12000009,South West,866,Swindon,E06000030,22 years,Total,45,100
2025,Reporting year,Local authority,E92000001,England,E12000009,South West,866,Swindon,E06000030,22 years,Young person has requested and received support,14,31
2025,Reporting year,Local authority,E92000001,England,E12000009,South West,866,Swindon,E06000030,23 years,Care leaver not in touch,45,82
2025,Reporting year,Local authority,E92000001,England,E12000009,South West,866,Swindon,E06000030,23 years,Total,55,100
2025,Reporting year,Local authority,E92000001,England,E12000009,South West,866,Swindon,E06000030,23 years,Young person has requested and received support,10,18
2025,Reporting year,Local authority,E92000001,England,E12000009,South West,866,Swindon,E06000030,24 years,Care leaver not in touch,42,88
2025,Reporting year,Local authority,E92000001,England,E12000009,South West,866,Swindon,E06000030,24 years,Total,48,100
2025,Reporting year,Local authority,E92000001,England,E12000009,South West,866,Swindon,E06000030,24 years,Young person has requested and received support,6,13
2025,Reporting year,Local authority,E92000001,England,E12000009,South West,866,Swindon,E06000030,25 years,Care leaver not in touch,c,c
2025,Reporting year,Local authority,E92000001,England,E12000009,South West,866,Swindon,E06000030,25 years,Total,43,100
2025,Reporting year,Local authority,E92000001,England,E12000009,South West,866,Swindon,E06000030,25 years,Young person has requested and received support,c,c
2025,Reporting year,Local authority,E92000001,England,E12000009,South West,908,Cornwall,E06000052,22 years,Care leaver not in touch,c,c
2025,Reporting year,Local authority,E92000001,England,E12000009,South West,908,Cornwall,E06000052,22 years,Total,85,100
2025,Reporting year,Local authority,E92000001,England,E12000009,South West,908,Cornwall,E06000052,22 years,Young person has requested and received support,c,c
2025,Reporting year,Local authority,E92000001,England,E12000009,South West,908,Cornwall,E06000052,23 years,Care leaver not in touch,c,c
2025,Reporting year,Local authority,E92000001,England,E12000009,South West,908,Cornwall,E06000052,23 years,Total,61,100
2025,Reporting year,Local authority,E92000001,England,E12000009,South West,908,Cornwall,E06000052,23 years,Young person has requested and received support,c,c
2025,Reporting year,Local authority,E92000001,England,E12000009,South West,908,Cornwall,E06000052,24 years,Care leaver not in touch,55,90
2025,Reporting year,Local authority,E92000001,England,E12000009,South West,908,Cornwall,E06000052,24 years,Total,61,100
2025,Reporting year,Local authority,E92000001,England,E12000009,South West,908,Cornwall,E06000052,24 years,Young person has requested and received support,6,10
2025,Reporting year,Local authority,E92000001,England,E12000009,South West,908,Cornwall,E06000052,25 years,Care leaver not in touch,c,c
2025,Reporting year,Local authority,E92000001,England,E12000009,South West,908,Cornwall,E06000052,25 years,Total,70,100
2025,Reporting year,Local authority,E92000001,England,E12000009,South West,908,Cornwall,E06000052,25 years,Young person has requested and received support,c,c
2025,Reporting year,Local authority,E92000001,England,E12000009,South West,420,Isles of Scilly,E06000053,22 years,Care leaver not in touch,0,z
2025,Reporting year,Local authority,E92000001,England,E12000009,South West,420,Isles of Scilly,E06000053,22 years,Total,0,z
2025,Reporting year,Local authority,E92000001,England,E12000009,South West,420,Isles of Scilly,E06000053,22 years,Young person has requested and received support,0,z
2025,Reporting year,Local authority,E92000001,England,E12000009,South West,420,Isles of Scilly,E06000053,23 years,Care leaver not in touch,0,z
2025,Reporting year,Local authority,E92000001,England,E12000009,South West,420,Isles of Scilly,E06000053,23 years,Total,0,z
2025,Reporting year,Local authority,E92000001,England,E12000009,South West,420,Isles of Scilly,E06000053,23 years,Young person has requested and received support,0,z
2025,Reporting year,Local authority,E92000001,England,E12000009,South West,420,Isles of Scilly,E06000053,24 years,Care leaver not in touch,0,z
2025,Reporting year,Local authority,E92000001,England,E12000009,South West,420,Isles of Scilly,E06000053,24 years,Total,0,z
2025,Reporting year,Local authority,E92000001,England,E12000009,South West,420,Isles of Scilly,E06000053,24 years,Young person has requested and received support,0,z
2025,Reporting year,Local authority,E92000001,England,E12000009,South West,420,Isles of Scilly,E06000053,25 years,Care leaver not in touch,0,z
2025,Reporting year,Local authority,E92000001,England,E12000009,South West,420,Isles of Scilly,E06000053,25 years,Total,0,z
2025,Reporting year,Local authority,E92000001,England,E12000009,South West,420,Isles of Scilly,E06000053,25 years,Young person has requested and received support,0,z
2025,Reporting year,Local authority,E92000001,England,E12000009,South West,865,Wiltshire,E06000054,22 years,Care leaver not in touch,18,26
2025,Reporting year,Local authority,E92000001,England,E12000009,South West,865,Wiltshire,E06000054,22 years,Total,69,100
2025,Reporting year,Local authority,E92000001,England,E12000009,South West,865,Wiltshire,E06000054,22 years,Young person has requested and received support,51,74
2025,Reporting year,Local authority,E92000001,England,E12000009,South West,865,Wiltshire,E06000054,23 years,Care leaver not in touch,36,51
2025,Reporting year,Local authority,E92000001,England,E12000009,South West,865,Wiltshire,E06000054,23 years,Total,71,100
2025,Reporting year,Local authority,E92000001,England,E12000009,South West,865,Wiltshire,E06000054,23 years,Young person has requested and received support,35,49
2025,Reporting year,Local authority,E92000001,England,E12000009,South West,865,Wiltshire,E06000054,24 years,Care leaver not in touch,43,65
2025,Reporting year,Local authority,E92000001,England,E12000009,South West,865,Wiltshire,E06000054,24 years,Total,66,100
2025,Reporting year,Local authority,E92000001,England,E12000009,South West,865,Wiltshire,E06000054,24 years,Young person has requested and received support,23,35
2025,Reporting year,Local authority,E92000001,England,E12000009,South West,865,Wiltshire,E06000054,25 years,Care leaver not in touch,47,76
2025,Reporting year,Local authority,E92000001,England,E12000009,South West,865,Wiltshire,E06000054,25 years,Total,62,100
2025,Reporting year,Local authority,E92000001,England,E12000009,South West,865,Wiltshire,E06000054,25 years,Young person has requested and received support,15,24
2025,Reporting year,Local authority,E92000001,England,E12000009,South West,839,"Bournemouth, Christchurch and Poole",E06000058,22 years,Care leaver not in touch,69,66
2025,Reporting year,Local authority,E92000001,England,E12000009,South West,839,"Bournemouth, Christchurch and Poole",E06000058,22 years,Total,104,100
2025,Reporting year,Local authority,E92000001,England,E12000009,South West,839,"Bournemouth, Christchurch and Poole",E06000058,22 years,Young person has requested and received support,35,34
2025,Reporting year,Local authority,E92000001,England,E12000009,South West,839,"Bournemouth, Christchurch and Poole",E06000058,23 years,Care leaver not in touch,65,80
2025,Reporting year,Local authority,E92000001,England,E12000009,South West,839,"Bournemouth, Christchurch and Poole",E06000058,23 years,Total,81,100
2025,Reporting year,Local authority,E92000001,England,E12000009,South West,839,"Bournemouth, Christchurch and Poole",E06000058,23 years,Young person has requested and received support,16,20
2025,Reporting year,Local authority,E92000001,England,E12000009,South West,839,"Bournemouth, Christchurch and Poole",E06000058,24 years,Care leaver not in touch,59,83
2025,Reporting year,Local authority,E92000001,England,E12000009,South West,839,"Bournemouth, Christchurch and Poole",E06000058,24 years,Total,71,100
2025,Reporting year,Local authority,E92000001,England,E12000009,South West,839,"Bournemouth, Christchurch and Poole",E06000058,24 years,Young person has requested and received support,12,17
2025,Reporting year,Local authority,E92000001,England,E12000009,South West,839,"Bournemouth, Christchurch and Poole",E06000058,25 years,Care leaver not in touch,42,69
2025,Reporting year,Local authority,E92000001,England,E12000009,South West,839,"Bournemouth, Christchurch and Poole",E06000058,25 years,Total,61,100
2025,Reporting year,Local authority,E92000001,England,E12000009,South West,839,"Bournemouth, Christchurch and Poole",E06000058,25 years,Young person has requested and received support,19,31
2025,Reporting year,Local authority,E92000001,England,E12000009,South West,838,Dorset,E06000059,22 years,Care leaver not in touch,16,24
2025,Reporting year,Local authority,E92000001,England,E12000009,South West,838,Dorset,E06000059,22 years,Total,67,100
2025,Reporting year,Local authority,E92000001,England,E12000009,South West,838,Dorset,E06000059,22 years,Young person has requested and received support,51,76
2025,Reporting year,Local authority,E92000001,England,E12000009,South West,838,Dorset,E06000059,23 years,Care leaver not in touch,40,55
2025,Reporting year,Local authority,E92000001,England,E12000009,South West,838,Dorset,E06000059,23 years,Total,73,100
2025,Reporting year,Local authority,E92000001,England,E12000009,South West,838,Dorset,E06000059,23 years,Young person has requested and received support,33,45
2025,Reporting year,Local authority,E92000001,England,E12000009,South West,838,Dorset,E06000059,24 years,Care leaver not in touch,35,59
2025,Reporting year,Local authority,E92000001,England,E12000009,South West,838,Dorset,E06000059,24 years,Total,59,100
2025,Reporting year,Local authority,E92000001,England,E12000009,South West,838,Dorset,E06000059,24 years,Young person has requested and received support,24,41
2025,Reporting year,Local authority,E92000001,England,E12000009,South West,838,Dorset,E06000059,25 years,Care leaver not in touch,57,76
2025,Reporting year,Local authority,E92000001,England,E12000009,South West,838,Dorset,E06000059,25 years,Total,75,100
2025,Reporting year,Local authority,E92000001,England,E12000009,South West,838,Dorset,E06000059,25 years,Young person has requested and received support,18,24
2025,Reporting year,Local authority,E92000001,England,E12000009,South West,933,Somerset,E06000066,22 years,Care leaver not in touch,57,56
2025,Reporting year,Local authority,E92000001,England,E12000009,South West,933,Somerset,E06000066,22 years,Total,101,100
2025,Reporting year,Local authority,E92000001,England,E12000009,South West,933,Somerset,E06000066,22 years,Young person has requested and received support,44,44
2025,Reporting year,Local authority,E92000001,England,E12000009,South West,933,Somerset,E06000066,23 years,Care leaver not in touch,47,66
2025,Reporting year,Local authority,E92000001,England,E12000009,South West,933,Somerset,E06000066,23 years,Total,71,100
2025,Reporting year,Local authority,E92000001,England,E12000009,South West,933,Somerset,E06000066,23 years,Young person has requested and received support,24,34
2025,Reporting year,Local authority,E92000001,England,E12000009,South West,933,Somerset,E06000066,24 years,Care leaver not in touch,71,85
2025,Reporting year,Local authority,E92000001,England,E12000009,South West,933,Somerset,E06000066,24 years,Total,84,100
2025,Reporting year,Local authority,E92000001,England,E12000009,South West,933,Somerset,E06000066,24 years,Young person has requested and received support,13,15
2025,Reporting year,Local authority,E92000001,England,E12000009,South West,933,Somerset,E06000066,25 years,Care leaver not in touch,62,87
2025,Reporting year,Local authority,E92000001,England,E12000009,South West,933,Somerset,E06000066,25 years,Total,71,100
2025,Reporting year,Local authority,E92000001,England,E12000009,South West,933,Somerset,E06000066,25 years,Young person has requested and received support,9,13
2025,Reporting year,Local authority,E92000001,England,E12000009,South West,878,Devon,E10000008,22 years,Care leaver not in touch,33,30
2025,Reporting year,Local authority,E92000001,England,E12000009,South West,878,Devon,E10000008,22 years,Total,111,100
2025,Reporting year,Local authority,E92000001,England,E12000009,South West,878,Devon,E10000008,22 years,Young person has requested and received support,78,70
2025,Reporting year,Local authority,E92000001,England,E12000009,South West,878,Devon,E10000008,23 years,Care leaver not in touch,72,58
2025,Reporting year,Local authority,E92000001,England,E12000009,South West,878,Devon,E10000008,23 years,Total,124,100
2025,Reporting year,Local authority,E92000001,England,E12000009,South West,878,Devon,E10000008,23 years,Young person has requested and received support,52,42
2025,Reporting year,Local authority,E92000001,England,E12000009,South West,878,Devon,E10000008,24 years,Care leaver not in touch,72,69
2025,Reporting year,Local authority,E92000001,England,E12000009,South West,878,Devon,E10000008,24 years,Total,105,100
2025,Reporting year,Local authority,E92000001,England,E12000009,South West,878,Devon,E10000008,24 years,Young person has requested and received support,33,31
2025,Reporting year,Local authority,E92000001,England,E12000009,South West,878,Devon,E10000008,25 years,Care leaver not in touch,81,79
2025,Reporting year,Local authority,E92000001,England,E12000009,South West,878,Devon,E10000008,25 years,Total,103,100
2025,Reporting year,Local authority,E92000001,England,E12000009,South West,878,Devon,E10000008,25 years,Young person has requested and received support,22,21
2025,Reporting year,Local authority,E92000001,England,E12000009,South West,916,Gloucestershire,E10000013,22 years,Care leaver not in touch,47,37
2025,Reporting year,Local authority,E92000001,England,E12000009,South West,916,Gloucestershire,E10000013,22 years,Total,126,100
2025,Reporting year,Local authority,E92000001,England,E12000009,South West,916,Gloucestershire,E10000013,22 years,Young person has requested and received support,79,63
2025,Reporting year,Local authority,E92000001,England,E12000009,South West,916,Gloucestershire,E10000013,23 years,Care leaver not in touch,55,54
2025,Reporting year,Local authority,E92000001,England,E12000009,South West,916,Gloucestershire,E10000013,23 years,Total,102,100
2025,Reporting year,Local authority,E92000001,England,E12000009,South West,916,Gloucestershire,E10000013,23 years,Young person has requested and received support,47,46
2025,Reporting year,Local authority,E92000001,England,E12000009,South West,916,Gloucestershire,E10000013,24 years,Care leaver not in touch,76,82
2025,Reporting year,Local authority,E92000001,England,E12000009,South West,916,Gloucestershire,E10000013,24 years,Total,93,100
2025,Reporting year,Local authority,E92000001,England,E12000009,South West,916,Gloucestershire,E10000013,24 years,Young person has requested and received support,17,18
2025,Reporting year,Local authority,E92000001,England,E12000009,South West,916,Gloucestershire,E10000013,25 years,Care leaver not in touch,64,85
2025,Reporting year,Local authority,E92000001,England,E12000009,South West,916,Gloucestershire,E10000013,25 years,Total,75,100
2025,Reporting year,Local authority,E92000001,England,E12000009,South West,916,Gloucestershire,E10000013,25 years,Young person has requested and received support,11,15
2025,Reporting year,Local authority,E92000001,England,E13000001,Inner London,201,City of London,E09000001,22 years,Care leaver not in touch,c,c
2025,Reporting year,Local authority,E92000001,England,E13000001,Inner London,201,City of London,E09000001,22 years,Total,15,100
2025,Reporting year,Local authority,E92000001,England,E13000001,Inner London,201,City of London,E09000001,22 years,Young person has requested and received support,c,c
2025,Reporting year,Local authority,E92000001,England,E13000001,Inner London,201,City of London,E09000001,23 years,Care leaver not in touch,c,c
2025,Reporting year,Local authority,E92000001,England,E13000001,Inner London,201,City of London,E09000001,23 years,Total,11,100
2025,Reporting year,Local authority,E92000001,England,E13000001,Inner London,201,City of London,E09000001,23 years,Young person has requested and received support,c,c
2025,Reporting year,Local authority,E92000001,England,E13000001,Inner London,201,City of London,E09000001,24 years,Care leaver not in touch,c,c
2025,Reporting year,Local authority,E92000001,England,E13000001,Inner London,201,City of London,E09000001,24 years,Total,c,c
2025,Reporting year,Local authority,E92000001,England,E13000001,Inner London,201,City of London,E09000001,24 years,Young person has requested and received support,c,c
2025,Reporting year,Local authority,E92000001,England,E13000001,Inner London,201,City of London,E09000001,25 years,Care leaver not in touch,c,c
2025,Reporting year,Local authority,E92000001,England,E13000001,Inner London,201,City of London,E09000001,25 years,Total,7,100
2025,Reporting year,Local authority,E92000001,England,E13000001,Inner London,201,City of London,E09000001,25 years,Young person has requested and received support,c,c
2025,Reporting year,Local authority,E92000001,England,E13000001,Inner London,202,Camden,E09000007,22 years,Care leaver not in touch,7,10
2025,Reporting year,Local authority,E92000001,England,E13000001,Inner London,202,Camden,E09000007,22 years,Total,72,100
2025,Reporting year,Local authority,E92000001,England,E13000001,Inner London,202,Camden,E09000007,22 years,Young person has requested and received support,65,90
2025,Reporting year,Local authority,E92000001,England,E13000001,Inner London,202,Camden,E09000007,23 years,Care leaver not in touch,c,c
2025,Reporting year,Local authority,E92000001,England,E13000001,Inner London,202,Camden,E09000007,23 years,Total,63,100
2025,Reporting year,Local authority,E92000001,England,E13000001,Inner London,202,Camden,E09000007,23 years,Young person has requested and received support,c,c
2025,Reporting year,Local authority,E92000001,England,E13000001,Inner London,202,Camden,E09000007,24 years,Care leaver not in touch,24,41
2025,Reporting year,Local authority,E92000001,England,E13000001,Inner London,202,Camden,E09000007,24 years,Total,59,100
2025,Reporting year,Local authority,E92000001,England,E13000001,Inner London,202,Camden,E09000007,24 years,Young person has requested and received support,35,59
2025,Reporting year,Local authority,E92000001,England,E13000001,Inner London,202,Camden,E09000007,25 years,Care leaver not in touch,36,63
2025,Reporting year,Local authority,E92000001,England,E13000001,Inner London,202,Camden,E09000007,25 years,Total,57,100
2025,Reporting year,Local authority,E92000001,England,E13000001,Inner London,202,Camden,E09000007,25 years,Young person has requested and received support,21,37
2025,Reporting year,Local authority,E92000001,England,E13000001,Inner London,204,Hackney,E09000012,22 years,Care leaver not in touch,39,37
2025,Reporting year,Local authority,E92000001,England,E13000001,Inner London,204,Hackney,E09000012,22 years,Total,106,100
2025,Reporting year,Local authority,E92000001,England,E13000001,Inner London,204,Hackney,E09000012,22 years,Young person has requested and received support,67,63
2025,Reporting year,Local authority,E92000001,England,E13000001,Inner London,204,Hackney,E09000012,23 years,Care leaver not in touch,61,58
2025,Reporting year,Local authority,E92000001,England,E13000001,Inner London,204,Hackney,E09000012,23 years,Total,106,100
2025,Reporting year,Local authority,E92000001,England,E13000001,Inner London,204,Hackney,E09000012,23 years,Young person has requested and received support,45,42
2025,Reporting year,Local authority,E92000001,England,E13000001,Inner London,204,Hackney,E09000012,24 years,Care leaver not in touch,46,62
2025,Reporting year,Local authority,E92000001,England,E13000001,Inner London,204,Hackney,E09000012,24 years,Total,74,100
2025,Reporting year,Local authority,E92000001,England,E13000001,Inner London,204,Hackney,E09000012,24 years,Young person has requested and received support,28,38
2025,Reporting year,Local authority,E92000001,England,E13000001,Inner London,204,Hackney,E09000012,25 years,Care leaver not in touch,59,67
2025,Reporting year,Local authority,E92000001,England,E13000001,Inner London,204,Hackney,E09000012,25 years,Total,88,100
2025,Reporting year,Local authority,E92000001,England,E13000001,Inner London,204,Hackney,E09000012,25 years,Young person has requested and received support,29,33
2025,Reporting year,Local authority,E92000001,England,E13000001,Inner London,205,Hammersmith and Fulham,E09000013,22 years,Care leaver not in touch,28,41
2025,Reporting year,Local authority,E92000001,England,E13000001,Inner London,205,Hammersmith and Fulham,E09000013,22 years,Total,69,100
2025,Reporting year,Local authority,E92000001,England,E13000001,Inner London,205,Hammersmith and Fulham,E09000013,22 years,Young person has requested and received support,41,59
2025,Reporting year,Local authority,E92000001,England,E13000001,Inner London,205,Hammersmith and Fulham,E09000013,23 years,Care leaver not in touch,40,80
2025,Reporting year,Local authority,E92000001,England,E13000001,Inner London,205,Hammersmith and Fulham,E09000013,23 years,Total,50,100
2025,Reporting year,Local authority,E92000001,England,E13000001,Inner London,205,Hammersmith and Fulham,E09000013,23 years,Young person has requested and received support,10,20
2025,Reporting year,Local authority,E92000001,England,E13000001,Inner London,205,Hammersmith and Fulham,E09000013,24 years,Care leaver not in touch,55,85
2025,Reporting year,Local authority,E92000001,England,E13000001,Inner London,205,Hammersmith and Fulham,E09000013,24 years,Total,65,100
2025,Reporting year,Local authority,E92000001,England,E13000001,Inner London,205,Hammersmith and Fulham,E09000013,24 years,Young person has requested and received support,10,15
2025,Reporting year,Local authority,E92000001,England,E13000001,Inner London,205,Hammersmith and Fulham,E09000013,25 years,Care leaver not in touch,58,100
2025,Reporting year,Local authority,E92000001,England,E13000001,Inner London,205,Hammersmith and Fulham,E09000013,25 years,Total,58,100
2025,Reporting year,Local authority,E92000001,England,E13000001,Inner London,205,Hammersmith and Fulham,E09000013,25 years,Young person has requested and received support,0,0
2025,Reporting year,Local authority,E92000001,England,E13000001,Inner London,309,Haringey,E09000014,22 years,Care leaver not in touch,c,c
2025,Reporting year,Local authority,E92000001,England,E13000001,Inner London,309,Haringey,E09000014,22 years,Total,79,100
2025,Reporting year,Local authority,E92000001,England,E13000001,Inner London,309,Haringey,E09000014,22 years,Young person has requested and received support,c,c
2025,Reporting year,Local authority,E92000001,England,E13000001,Inner London,309,Haringey,E09000014,23 years,Care leaver not in touch,15,20
2025,Reporting year,Local authority,E92000001,England,E13000001,Inner London,309,Haringey,E09000014,23 years,Total,75,100
2025,Reporting year,Local authority,E92000001,England,E13000001,Inner London,309,Haringey,E09000014,23 years,Young person has requested and received support,60,80
2025,Reporting year,Local authority,E92000001,England,E13000001,Inner London,309,Haringey,E09000014,24 years,Care leaver not in touch,22,29
2025,Reporting year,Local authority,E92000001,England,E13000001,Inner London,309,Haringey,E09000014,24 years,Total,77,100
2025,Reporting year,Local authority,E92000001,England,E13000001,Inner London,309,Haringey,E09000014,24 years,Young person has requested and received support,55,71
2025,Reporting year,Local authority,E92000001,England,E13000001,Inner London,309,Haringey,E09000014,25 years,Care leaver not in touch,45,52
2025,Reporting year,Local authority,E92000001,England,E13000001,Inner London,309,Haringey,E09000014,25 years,Total,86,100
2025,Reporting year,Local authority,E92000001,England,E13000001,Inner London,309,Haringey,E09000014,25 years,Young person has requested and received support,41,48
2025,Reporting year,Local authority,E92000001,England,E13000001,Inner London,206,Islington,E09000019,22 years,Care leaver not in touch,26,28
2025,Reporting year,Local authority,E92000001,England,E13000001,Inner London,206,Islington,E09000019,22 years,Total,93,100
2025,Reporting year,Local authority,E92000001,England,E13000001,Inner London,206,Islington,E09000019,22 years,Young person has requested and received support,67,72
2025,Reporting year,Local authority,E92000001,England,E13000001,Inner London,206,Islington,E09000019,23 years,Care leaver not in touch,21,32
2025,Reporting year,Local authority,E92000001,England,E13000001,Inner London,206,Islington,E09000019,23 years,Total,65,100
2025,Reporting year,Local authority,E92000001,England,E13000001,Inner London,206,Islington,E09000019,23 years,Young person has requested and received support,44,68
2025,Reporting year,Local authority,E92000001,England,E13000001,Inner London,206,Islington,E09000019,24 years,Care leaver not in touch,45,52
2025,Reporting year,Local authority,E92000001,England,E13000001,Inner London,206,Islington,E09000019,24 years,Total,87,100
2025,Reporting year,Local authority,E92000001,England,E13000001,Inner London,206,Islington,E09000019,24 years,Young person has requested and received support,42,48
2025,Reporting year,Local authority,E92000001,England,E13000001,Inner London,206,Islington,E09000019,25 years,Care leaver not in touch,68,69
2025,Reporting year,Local authority,E92000001,England,E13000001,Inner London,206,Islington,E09000019,25 years,Total,99,100
2025,Reporting year,Local authority,E92000001,England,E13000001,Inner London,206,Islington,E09000019,25 years,Young person has requested and received support,31,31
2025,Reporting year,Local authority,E92000001,England,E13000001,Inner London,207,Kensington and Chelsea,E09000020,22 years,Care leaver not in touch,c,c
2025,Reporting year,Local authority,E92000001,England,E13000001,Inner London,207,Kensington and Chelsea,E09000020,22 years,Total,36,100
2025,Reporting year,Local authority,E92000001,England,E13000001,Inner London,207,Kensington and Chelsea,E09000020,22 years,Young person has requested and received support,c,c
2025,Reporting year,Local authority,E92000001,England,E13000001,Inner London,207,Kensington and Chelsea,E09000020,23 years,Care leaver not in touch,10,33
2025,Reporting year,Local authority,E92000001,England,E13000001,Inner London,207,Kensington and Chelsea,E09000020,23 years,Total,30,100
2025,Reporting year,Local authority,E92000001,England,E13000001,Inner London,207,Kensington and Chelsea,E09000020,23 years,Young person has requested and received support,20,67
2025,Reporting year,Local authority,E92000001,England,E13000001,Inner London,207,Kensington and Chelsea,E09000020,24 years,Care leaver not in touch,17,46
2025,Reporting year,Local authority,E92000001,England,E13000001,Inner London,207,Kensington and Chelsea,E09000020,24 years,Total,37,100
2025,Reporting year,Local authority,E92000001,England,E13000001,Inner London,207,Kensington and Chelsea,E09000020,24 years,Young person has requested and received support,20,54
2025,Reporting year,Local authority,E92000001,England,E13000001,Inner London,207,Kensington and Chelsea,E09000020,25 years,Care leaver not in touch,24,63
2025,Reporting year,Local authority,E92000001,England,E13000001,Inner London,207,Kensington and Chelsea,E09000020,25 years,Total,38,100
2025,Reporting year,Local authority,E92000001,England,E13000001,Inner London,207,Kensington and Chelsea,E09000020,25 years,Young person has requested and received support,14,37
2025,Reporting year,Local authority,E92000001,England,E13000001,Inner London,208,Lambeth,E09000022,22 years,Care leaver not in touch,28,25
2025,Reporting year,Local authority,E92000001,England,E13000001,Inner London,208,Lambeth,E09000022,22 years,Total,111,100
2025,Reporting year,Local authority,E92000001,England,E13000001,Inner London,208,Lambeth,E09000022,22 years,Young person has requested and received support,83,75
2025,Reporting year,Local authority,E92000001,England,E13000001,Inner London,208,Lambeth,E09000022,23 years,Care leaver not in touch,22,29
2025,Reporting year,Local authority,E92000001,England,E13000001,Inner London,208,Lambeth,E09000022,23 years,Total,76,100
2025,Reporting year,Local authority,E92000001,England,E13000001,Inner London,208,Lambeth,E09000022,23 years,Young person has requested and received support,54,71
2025,Reporting year,Local authority,E92000001,England,E13000001,Inner London,208,Lambeth,E09000022,24 years,Care leaver not in touch,48,41
2025,Reporting year,Local authority,E92000001,England,E13000001,Inner London,208,Lambeth,E09000022,24 years,Total,116,100
2025,Reporting year,Local authority,E92000001,England,E13000001,Inner London,208,Lambeth,E09000022,24 years,Young person has requested and received support,68,59
2025,Reporting year,Local authority,E92000001,England,E13000001,Inner London,208,Lambeth,E09000022,25 years,Care leaver not in touch,77,71
2025,Reporting year,Local authority,E92000001,England,E13000001,Inner London,208,Lambeth,E09000022,25 years,Total,108,100
2025,Reporting year,Local authority,E92000001,England,E13000001,Inner London,208,Lambeth,E09000022,25 years,Young person has requested and received support,31,29
2025,Reporting year,Local authority,E92000001,England,E13000001,Inner London,209,Lewisham,E09000023,22 years,Care leaver not in touch,15,15
2025,Reporting year,Local authority,E92000001,England,E13000001,Inner London,209,Lewisham,E09000023,22 years,Total,98,100
2025,Reporting year,Local authority,E92000001,England,E13000001,Inner London,209,Lewisham,E09000023,22 years,Young person has requested and received support,83,85
2025,Reporting year,Local authority,E92000001,England,E13000001,Inner London,209,Lewisham,E09000023,23 years,Care leaver not in touch,11,12
2025,Reporting year,Local authority,E92000001,England,E13000001,Inner London,209,Lewisham,E09000023,23 years,Total,91,100
2025,Reporting year,Local authority,E92000001,England,E13000001,Inner London,209,Lewisham,E09000023,23 years,Young person has requested and received support,80,88
2025,Reporting year,Local authority,E92000001,England,E13000001,Inner London,209,Lewisham,E09000023,24 years,Care leaver not in touch,17,17
2025,Reporting year,Local authority,E92000001,England,E13000001,Inner London,209,Lewisham,E09000023,24 years,Total,103,100
2025,Reporting year,Local authority,E92000001,England,E13000001,Inner London,209,Lewisham,E09000023,24 years,Young person has requested and received support,86,83
2025,Reporting year,Local authority,E92000001,England,E13000001,Inner London,209,Lewisham,E09000023,25 years,Care leaver not in touch,42,42
2025,Reporting year,Local authority,E92000001,England,E13000001,Inner London,209,Lewisham,E09000023,25 years,Total,99,100
2025,Reporting year,Local authority,E92000001,England,E13000001,Inner London,209,Lewisham,E09000023,25 years,Young person has requested and received support,57,58
2025,Reporting year,Local authority,E92000001,England,E13000001,Inner London,316,Newham,E09000025,22 years,Care leaver not in touch,25,25
2025,Reporting year,Local authority,E92000001,England,E13000001,Inner London,316,Newham,E09000025,22 years,Total,101,100
2025,Reporting year,Local authority,E92000001,England,E13000001,Inner London,316,Newham,E09000025,22 years,Young person has requested and received support,76,75
2025,Reporting year,Local authority,E92000001,England,E13000001,Inner London,316,Newham,E09000025,23 years,Care leaver not in touch,36,41
2025,Reporting year,Local authority,E92000001,England,E13000001,Inner London,316,Newham,E09000025,23 years,Total,88,100
2025,Reporting year,Local authority,E92000001,England,E13000001,Inner London,316,Newham,E09000025,23 years,Young person has requested and received support,52,59
2025,Reporting year,Local authority,E92000001,England,E13000001,Inner London,316,Newham,E09000025,24 years,Care leaver not in touch,57,52
2025,Reporting year,Local authority,E92000001,England,E13000001,Inner London,316,Newham,E09000025,24 years,Total,109,100
2025,Reporting year,Local authority,E92000001,England,E13000001,Inner London,316,Newham,E09000025,24 years,Young person has requested and received support,52,48
2025,Reporting year,Local authority,E92000001,England,E13000001,Inner London,316,Newham,E09000025,25 years,Care leaver not in touch,76,79
2025,Reporting year,Local authority,E92000001,England,E13000001,Inner London,316,Newham,E09000025,25 years,Total,96,100
2025,Reporting year,Local authority,E92000001,England,E13000001,Inner London,316,Newham,E09000025,25 years,Young person has requested and received support,20,21
2025,Reporting year,Local authority,E92000001,England,E13000001,Inner London,210,Southwark,E09000028,22 years,Care leaver not in touch,21,21
2025,Reporting year,Local authority,E92000001,England,E13000001,Inner London,210,Southwark,E09000028,22 years,Total,101,100
2025,Reporting year,Local authority,E92000001,England,E13000001,Inner London,210,Southwark,E09000028,22 years,Young person has requested and received support,80,79
2025,Reporting year,Local authority,E92000001,England,E13000001,Inner London,210,Southwark,E09000028,23 years,Care leaver not in touch,50,48
2025,Reporting year,Local authority,E92000001,England,E13000001,Inner London,210,Southwark,E09000028,23 years,Total,104,100
2025,Reporting year,Local authority,E92000001,England,E13000001,Inner London,210,Southwark,E09000028,23 years,Young person has requested and received support,54,52
2025,Reporting year,Local authority,E92000001,England,E13000001,Inner London,210,Southwark,E09000028,24 years,Care leaver not in touch,50,45
2025,Reporting year,Local authority,E92000001,England,E13000001,Inner London,210,Southwark,E09000028,24 years,Total,111,100
2025,Reporting year,Local authority,E92000001,England,E13000001,Inner London,210,Southwark,E09000028,24 years,Young person has requested and received support,61,55
2025,Reporting year,Local authority,E92000001,England,E13000001,Inner London,210,Southwark,E09000028,25 years,Care leaver not in touch,54,59
2025,Reporting year,Local authority,E92000001,England,E13000001,Inner London,210,Southwark,E09000028,25 years,Total,92,100
2025,Reporting year,Local authority,E92000001,England,E13000001,Inner London,210,Southwark,E09000028,25 years,Young person has requested and received support,38,41
2025,Reporting year,Local authority,E92000001,England,E13000001,Inner London,211,Tower Hamlets,E09000030,22 years,Care leaver not in touch,27,37
2025,Reporting year,Local authority,E92000001,England,E13000001,Inner London,211,Tower Hamlets,E09000030,22 years,Total,73,100
2025,Reporting year,Local authority,E92000001,England,E13000001,Inner London,211,Tower Hamlets,E09000030,22 years,Young person has requested and received support,46,63
2025,Reporting year,Local authority,E92000001,England,E13000001,Inner London,211,Tower Hamlets,E09000030,23 years,Care leaver not in touch,58,67
2025,Reporting year,Local authority,E92000001,England,E13000001,Inner London,211,Tower Hamlets,E09000030,23 years,Total,86,100
2025,Reporting year,Local authority,E92000001,England,E13000001,Inner London,211,Tower Hamlets,E09000030,23 years,Young person has requested and received support,28,33
2025,Reporting year,Local authority,E92000001,England,E13000001,Inner London,211,Tower Hamlets,E09000030,24 years,Care leaver not in touch,59,75
2025,Reporting year,Local authority,E92000001,England,E13000001,Inner London,211,Tower Hamlets,E09000030,24 years,Total,79,100
2025,Reporting year,Local authority,E92000001,England,E13000001,Inner London,211,Tower Hamlets,E09000030,24 years,Young person has requested and received support,20,25
2025,Reporting year,Local authority,E92000001,England,E13000001,Inner London,211,Tower Hamlets,E09000030,25 years,Care leaver not in touch,63,91
2025,Reporting year,Local authority,E92000001,England,E13000001,Inner London,211,Tower Hamlets,E09000030,25 years,Total,69,100
2025,Reporting year,Local authority,E92000001,England,E13000001,Inner London,211,Tower Hamlets,E09000030,25 years,Young person has requested and received support,6,9
2025,Reporting year,Local authority,E92000001,England,E13000001,Inner London,212,Wandsworth,E09000032,22 years,Care leaver not in touch,20,29
2025,Reporting year,Local authority,E92000001,England,E13000001,Inner London,212,Wandsworth,E09000032,22 years,Total,69,100
2025,Reporting year,Local authority,E92000001,England,E13000001,Inner London,212,Wandsworth,E09000032,22 years,Young person has requested and received support,49,71
2025,Reporting year,Local authority,E92000001,England,E13000001,Inner London,212,Wandsworth,E09000032,23 years,Care leaver not in touch,40,46
2025,Reporting year,Local authority,E92000001,England,E13000001,Inner London,212,Wandsworth,E09000032,23 years,Total,87,100
2025,Reporting year,Local authority,E92000001,England,E13000001,Inner London,212,Wandsworth,E09000032,23 years,Young person has requested and received support,47,54
2025,Reporting year,Local authority,E92000001,England,E13000001,Inner London,212,Wandsworth,E09000032,24 years,Care leaver not in touch,22,41
2025,Reporting year,Local authority,E92000001,England,E13000001,Inner London,212,Wandsworth,E09000032,24 years,Total,54,100
2025,Reporting year,Local authority,E92000001,England,E13000001,Inner London,212,Wandsworth,E09000032,24 years,Young person has requested and received support,32,59
2025,Reporting year,Local authority,E92000001,England,E13000001,Inner London,212,Wandsworth,E09000032,25 years,Care leaver not in touch,53,79
2025,Reporting year,Local authority,E92000001,England,E13000001,Inner London,212,Wandsworth,E09000032,25 years,Total,67,100
2025,Reporting year,Local authority,E92000001,England,E13000001,Inner London,212,Wandsworth,E09000032,25 years,Young person has requested and received support,14,21
2025,Reporting year,Local authority,E92000001,England,E13000001,Inner London,213,Westminster,E09000033,22 years,Care leaver not in touch,13,14
2025,Reporting year,Local authority,E92000001,England,E13000001,Inner London,213,Westminster,E09000033,22 years,Total,94,100
2025,Reporting year,Local authority,E92000001,England,E13000001,Inner London,213,Westminster,E09000033,22 years,Young person has requested and received support,81,86
2025,Reporting year,Local authority,E92000001,England,E13000001,Inner London,213,Westminster,E09000033,23 years,Care leaver not in touch,10,15
2025,Reporting year,Local authority,E92000001,England,E13000001,Inner London,213,Westminster,E09000033,23 years,Total,66,100
2025,Reporting year,Local authority,E92000001,England,E13000001,Inner London,213,Westminster,E09000033,23 years,Young person has requested and received support,56,85
2025,Reporting year,Local authority,E92000001,England,E13000001,Inner London,213,Westminster,E09000033,24 years,Care leaver not in touch,25,44
2025,Reporting year,Local authority,E92000001,England,E13000001,Inner London,213,Westminster,E09000033,24 years,Total,57,100
2025,Reporting year,Local authority,E92000001,England,E13000001,Inner London,213,Westminster,E09000033,24 years,Young person has requested and received support,32,56
2025,Reporting year,Local authority,E92000001,England,E13000001,Inner London,213,Westminster,E09000033,25 years,Care leaver not in touch,35,67
2025,Reporting year,Local authority,E92000001,England,E13000001,Inner London,213,Westminster,E09000033,25 years,Total,52,100
2025,Reporting year,Local authority,E92000001,England,E13000001,Inner London,213,Westminster,E09000033,25 years,Young person has requested and received support,17,33
2025,Reporting year,Local authority,E92000001,England,E13000002,Outer London,301,Barking and Dagenham,E09000002,22 years,Care leaver not in touch,36,43
2025,Reporting year,Local authority,E92000001,England,E13000002,Outer London,301,Barking and Dagenham,E09000002,22 years,Total,84,100
2025,Reporting year,Local authority,E92000001,England,E13000002,Outer London,301,Barking and Dagenham,E09000002,22 years,Young person has requested and received support,48,57
2025,Reporting year,Local authority,E92000001,England,E13000002,Outer London,301,Barking and Dagenham,E09000002,23 years,Care leaver not in touch,78,87
2025,Reporting year,Local authority,E92000001,England,E13000002,Outer London,301,Barking and Dagenham,E09000002,23 years,Total,90,100
2025,Reporting year,Local authority,E92000001,England,E13000002,Outer London,301,Barking and Dagenham,E09000002,23 years,Young person has requested and received support,12,13
2025,Reporting year,Local authority,E92000001,England,E13000002,Outer London,301,Barking and Dagenham,E09000002,24 years,Care leaver not in touch,59,84
2025,Reporting year,Local authority,E92000001,England,E13000002,Outer London,301,Barking and Dagenham,E09000002,24 years,Total,70,100
2025,Reporting year,Local authority,E92000001,England,E13000002,Outer London,301,Barking and Dagenham,E09000002,24 years,Young person has requested and received support,11,16
2025,Reporting year,Local authority,E92000001,England,E13000002,Outer London,301,Barking and Dagenham,E09000002,25 years,Care leaver not in touch,69,88
2025,Reporting year,Local authority,E92000001,England,E13000002,Outer London,301,Barking and Dagenham,E09000002,25 years,Total,78,100
2025,Reporting year,Local authority,E92000001,England,E13000002,Outer London,301,Barking and Dagenham,E09000002,25 years,Young person has requested and received support,9,12
2025,Reporting year,Local authority,E92000001,England,E13000002,Outer London,302,Barnet,E09000003,22 years,Care leaver not in touch,35,51
2025,Reporting year,Local authority,E92000001,England,E13000002,Outer London,302,Barnet,E09000003,22 years,Total,69,100
2025,Reporting year,Local authority,E92000001,England,E13000002,Outer London,302,Barnet,E09000003,22 years,Young person has requested and received support,34,49
2025,Reporting year,Local authority,E92000001,England,E13000002,Outer London,302,Barnet,E09000003,23 years,Care leaver not in touch,59,70
2025,Reporting year,Local authority,E92000001,England,E13000002,Outer London,302,Barnet,E09000003,23 years,Total,84,100
2025,Reporting year,Local authority,E92000001,England,E13000002,Outer London,302,Barnet,E09000003,23 years,Young person has requested and received support,25,30
2025,Reporting year,Local authority,E92000001,England,E13000002,Outer London,302,Barnet,E09000003,24 years,Care leaver not in touch,95,91
2025,Reporting year,Local authority,E92000001,England,E13000002,Outer London,302,Barnet,E09000003,24 years,Total,104,100
2025,Reporting year,Local authority,E92000001,England,E13000002,Outer London,302,Barnet,E09000003,24 years,Young person has requested and received support,9,9
2025,Reporting year,Local authority,E92000001,England,E13000002,Outer London,302,Barnet,E09000003,25 years,Care leaver not in touch,72,85
2025,Reporting year,Local authority,E92000001,England,E13000002,Outer London,302,Barnet,E09000003,25 years,Total,85,100
2025,Reporting year,Local authority,E92000001,England,E13000002,Outer London,302,Barnet,E09000003,25 years,Young person has requested and received support,13,15
2025,Reporting year,Local authority,E92000001,England,E13000002,Outer London,303,Bexley,E09000004,22 years,Care leaver not in touch,c,c
2025,Reporting year,Local authority,E92000001,England,E13000002,Outer London,303,Bexley,E09000004,22 years,Total,58,100
2025,Reporting year,Local authority,E92000001,England,E13000002,Outer London,303,Bexley,E09000004,22 years,Young person has requested and received support,c,c
2025,Reporting year,Local authority,E92000001,England,E13000002,Outer London,303,Bexley,E09000004,23 years,Care leaver not in touch,15,21
2025,Reporting year,Local authority,E92000001,England,E13000002,Outer London,303,Bexley,E09000004,23 years,Total,70,100
2025,Reporting year,Local authority,E92000001,England,E13000002,Outer London,303,Bexley,E09000004,23 years,Young person has requested and received support,55,79
2025,Reporting year,Local authority,E92000001,England,E13000002,Outer London,303,Bexley,E09000004,24 years,Care leaver not in touch,10,18
2025,Reporting year,Local authority,E92000001,England,E13000002,Outer London,303,Bexley,E09000004,24 years,Total,55,100
2025,Reporting year,Local authority,E92000001,England,E13000002,Outer London,303,Bexley,E09000004,24 years,Young person has requested and received support,45,82
2025,Reporting year,Local authority,E92000001,England,E13000002,Outer London,303,Bexley,E09000004,25 years,Care leaver not in touch,16,27
2025,Reporting year,Local authority,E92000001,England,E13000002,Outer London,303,Bexley,E09000004,25 years,Total,60,100
2025,Reporting year,Local authority,E92000001,England,E13000002,Outer London,303,Bexley,E09000004,25 years,Young person has requested and received support,44,73
2025,Reporting year,Local authority,E92000001,England,E13000002,Outer London,304,Brent,E09000005,22 years,Care leaver not in touch,22,25
2025,Reporting year,Local authority,E92000001,England,E13000002,Outer London,304,Brent,E09000005,22 years,Total,87,100
2025,Reporting year,Local authority,E92000001,England,E13000002,Outer London,304,Brent,E09000005,22 years,Young person has requested and received support,65,75
2025,Reporting year,Local authority,E92000001,England,E13000002,Outer London,304,Brent,E09000005,23 years,Care leaver not in touch,32,42
2025,Reporting year,Local authority,E92000001,England,E13000002,Outer London,304,Brent,E09000005,23 years,Total,77,100
2025,Reporting year,Local authority,E92000001,England,E13000002,Outer London,304,Brent,E09000005,23 years,Young person has requested and received support,45,58
2025,Reporting year,Local authority,E92000001,England,E13000002,Outer London,304,Brent,E09000005,24 years,Care leaver not in touch,45,59
2025,Reporting year,Local authority,E92000001,England,E13000002,Outer London,304,Brent,E09000005,24 years,Total,76,100
2025,Reporting year,Local authority,E92000001,England,E13000002,Outer London,304,Brent,E09000005,24 years,Young person has requested and received support,31,41
2025,Reporting year,Local authority,E92000001,England,E13000002,Outer London,304,Brent,E09000005,25 years,Care leaver not in touch,52,67
2025,Reporting year,Local authority,E92000001,England,E13000002,Outer London,304,Brent,E09000005,25 years,Total,78,100
2025,Reporting year,Local authority,E92000001,England,E13000002,Outer London,304,Brent,E09000005,25 years,Young person has requested and received support,26,33
2025,Reporting year,Local authority,E92000001,England,E13000002,Outer London,305,Bromley,E09000006,22 years,Care leaver not in touch,22,40
2025,Reporting year,Local authority,E92000001,England,E13000002,Outer London,305,Bromley,E09000006,22 years,Total,55,100
2025,Reporting year,Local authority,E92000001,England,E13000002,Outer London,305,Bromley,E09000006,22 years,Young person has requested and received support,33,60
2025,Reporting year,Local authority,E92000001,England,E13000002,Outer London,305,Bromley,E09000006,23 years,Care leaver not in touch,52,68
2025,Reporting year,Local authority,E92000001,England,E13000002,Outer London,305,Bromley,E09000006,23 years,Total,77,100
2025,Reporting year,Local authority,E92000001,England,E13000002,Outer London,305,Bromley,E09000006,23 years,Young person has requested and received support,25,32
2025,Reporting year,Local authority,E92000001,England,E13000002,Outer London,305,Bromley,E09000006,24 years,Care leaver not in touch,34,65
2025,Reporting year,Local authority,E92000001,England,E13000002,Outer London,305,Bromley,E09000006,24 years,Total,52,100
2025,Reporting year,Local authority,E92000001,England,E13000002,Outer London,305,Bromley,E09000006,24 years,Young person has requested and received support,18,35
2025,Reporting year,Local authority,E92000001,England,E13000002,Outer London,305,Bromley,E09000006,25 years,Care leaver not in touch,50,88
2025,Reporting year,Local authority,E92000001,England,E13000002,Outer London,305,Bromley,E09000006,25 years,Total,57,100
2025,Reporting year,Local authority,E92000001,England,E13000002,Outer London,305,Bromley,E09000006,25 years,Young person has requested and received support,7,12
2025,Reporting year,Local authority,E92000001,England,E13000002,Outer London,306,Croydon,E09000008,22 years,Care leaver not in touch,70,41
2025,Reporting year,Local authority,E92000001,England,E13000002,Outer London,306,Croydon,E09000008,22 years,Total,171,100
2025,Reporting year,Local authority,E92000001,England,E13000002,Outer London,306,Croydon,E09000008,22 years,Young person has requested and received support,101,59
2025,Reporting year,Local authority,E92000001,England,E13000002,Outer London,306,Croydon,E09000008,23 years,Care leaver not in touch,100,53
2025,Reporting year,Local authority,E92000001,England,E13000002,Outer London,306,Croydon,E09000008,23 years,Total,190,100
2025,Reporting year,Local authority,E92000001,England,E13000002,Outer London,306,Croydon,E09000008,23 years,Young person has requested and received support,90,47
2025,Reporting year,Local authority,E92000001,England,E13000002,Outer London,306,Croydon,E09000008,24 years,Care leaver not in touch,153,68
2025,Reporting year,Local authority,E92000001,England,E13000002,Outer London,306,Croydon,E09000008,24 years,Total,226,100
2025,Reporting year,Local authority,E92000001,England,E13000002,Outer London,306,Croydon,E09000008,24 years,Young person has requested and received support,73,32
2025,Reporting year,Local authority,E92000001,England,E13000002,Outer London,306,Croydon,E09000008,25 years,Care leaver not in touch,218,93
2025,Reporting year,Local authority,E92000001,England,E13000002,Outer London,306,Croydon,E09000008,25 years,Total,234,100
2025,Reporting year,Local authority,E92000001,England,E13000002,Outer London,306,Croydon,E09000008,25 years,Young person has requested and received support,16,7
2025,Reporting year,Local authority,E92000001,England,E13000002,Outer London,307,Ealing,E09000009,22 years,Care leaver not in touch,54,72
2025,Reporting year,Local authority,E92000001,England,E13000002,Outer London,307,Ealing,E09000009,22 years,Total,75,100
2025,Reporting year,Local authority,E92000001,England,E13000002,Outer London,307,Ealing,E09000009,22 years,Young person has requested and received support,21,28
2025,Reporting year,Local authority,E92000001,England,E13000002,Outer London,307,Ealing,E09000009,23 years,Care leaver not in touch,62,81
2025,Reporting year,Local authority,E92000001,England,E13000002,Outer London,307,Ealing,E09000009,23 years,Total,77,100
2025,Reporting year,Local authority,E92000001,England,E13000002,Outer London,307,Ealing,E09000009,23 years,Young person has requested and received support,15,19
2025,Reporting year,Local authority,E92000001,England,E13000002,Outer London,307,Ealing,E09000009,24 years,Care leaver not in touch,66,75
2025,Reporting year,Local authority,E92000001,England,E13000002,Outer London,307,Ealing,E09000009,24 years,Total,88,100
2025,Reporting year,Local authority,E92000001,England,E13000002,Outer London,307,Ealing,E09000009,24 years,Young person has requested and received support,22,25
2025,Reporting year,Local authority,E92000001,England,E13000002,Outer London,307,Ealing,E09000009,25 years,Care leaver not in touch,80,87
2025,Reporting year,Local authority,E92000001,England,E13000002,Outer London,307,Ealing,E09000009,25 years,Total,92,100
2025,Reporting year,Local authority,E92000001,England,E13000002,Outer London,307,Ealing,E09000009,25 years,Young person has requested and received support,12,13
2025,Reporting year,Local authority,E92000001,England,E13000002,Outer London,308,Enfield,E09000010,22 years,Care leaver not in touch,57,67
2025,Reporting year,Local authority,E92000001,England,E13000002,Outer London,308,Enfield,E09000010,22 years,Total,85,100
2025,Reporting year,Local authority,E92000001,England,E13000002,Outer London,308,Enfield,E09000010,22 years,Young person has requested and received support,28,33
2025,Reporting year,Local authority,E92000001,England,E13000002,Outer London,308,Enfield,E09000010,23 years,Care leaver not in touch,83,83
2025,Reporting year,Local authority,E92000001,England,E13000002,Outer London,308,Enfield,E09000010,23 years,Total,100,100
2025,Reporting year,Local authority,E92000001,England,E13000002,Outer London,308,Enfield,E09000010,23 years,Young person has requested and received support,17,17
2025,Reporting year,Local authority,E92000001,England,E13000002,Outer London,308,Enfield,E09000010,24 years,Care leaver not in touch,c,c
2025,Reporting year,Local authority,E92000001,England,E13000002,Outer London,308,Enfield,E09000010,24 years,Total,74,100
2025,Reporting year,Local authority,E92000001,England,E13000002,Outer London,308,Enfield,E09000010,24 years,Young person has requested and received support,c,c
2025,Reporting year,Local authority,E92000001,England,E13000002,Outer London,308,Enfield,E09000010,25 years,Care leaver not in touch,c,c
2025,Reporting year,Local authority,E92000001,England,E13000002,Outer London,308,Enfield,E09000010,25 years,Total,61,100
2025,Reporting year,Local authority,E92000001,England,E13000002,Outer London,308,Enfield,E09000010,25 years,Young person has requested and received support,c,c
2025,Reporting year,Local authority,E92000001,England,E13000002,Outer London,203,Greenwich,E09000011,22 years,Care leaver not in touch,6,7
2025,Reporting year,Local authority,E92000001,England,E13000002,Outer London,203,Greenwich,E09000011,22 years,Total,90,100
2025,Reporting year,Local authority,E92000001,England,E13000002,Outer London,203,Greenwich,E09000011,22 years,Young person has requested and received support,84,93
2025,Reporting year,Local authority,E92000001,England,E13000002,Outer London,203,Greenwich,E09000011,23 years,Care leaver not in touch,55,54
2025,Reporting year,Local authority,E92000001,England,E13000002,Outer London,203,Greenwich,E09000011,23 years,Total,102,100
2025,Reporting year,Local authority,E92000001,England,E13000002,Outer London,203,Greenwich,E09000011,23 years,Young person has requested and received support,47,46
2025,Reporting year,Local authority,E92000001,England,E13000002,Outer London,203,Greenwich,E09000011,24 years,Care leaver not in touch,54,75
2025,Reporting year,Local authority,E92000001,England,E13000002,Outer London,203,Greenwich,E09000011,24 years,Total,72,100
2025,Reporting year,Local authority,E92000001,England,E13000002,Outer London,203,Greenwich,E09000011,24 years,Young person has requested and received support,18,25
2025,Reporting year,Local authority,E92000001,England,E13000002,Outer London,203,Greenwich,E09000011,25 years,Care leaver not in touch,62,84
2025,Reporting year,Local authority,E92000001,England,E13000002,Outer London,203,Greenwich,E09000011,25 years,Total,74,100
2025,Reporting year,Local authority,E92000001,England,E13000002,Outer London,203,Greenwich,E09000011,25 years,Young person has requested and received support,12,16
2025,Reporting year,Local authority,E92000001,England,E13000002,Outer London,310,Harrow,E09000015,22 years,Care leaver not in touch,c,c
2025,Reporting year,Local authority,E92000001,England,E13000002,Outer London,310,Harrow,E09000015,22 years,Total,54,100
2025,Reporting year,Local authority,E92000001,England,E13000002,Outer London,310,Harrow,E09000015,22 years,Young person has requested and received support,c,c
2025,Reporting year,Local authority,E92000001,England,E13000002,Outer London,310,Harrow,E09000015,23 years,Care leaver not in touch,8,18
2025,Reporting year,Local authority,E92000001,England,E13000002,Outer London,310,Harrow,E09000015,23 years,Total,45,100
2025,Reporting year,Local authority,E92000001,England,E13000002,Outer London,310,Harrow,E09000015,23 years,Young person has requested and received support,37,82
2025,Reporting year,Local authority,E92000001,England,E13000002,Outer London,310,Harrow,E09000015,24 years,Care leaver not in touch,29,48
2025,Reporting year,Local authority,E92000001,England,E13000002,Outer London,310,Harrow,E09000015,24 years,Total,60,100
2025,Reporting year,Local authority,E92000001,England,E13000002,Outer London,310,Harrow,E09000015,24 years,Young person has requested and received support,31,52
2025,Reporting year,Local authority,E92000001,England,E13000002,Outer London,310,Harrow,E09000015,25 years,Care leaver not in touch,29,71
2025,Reporting year,Local authority,E92000001,England,E13000002,Outer London,310,Harrow,E09000015,25 years,Total,41,100
2025,Reporting year,Local authority,E92000001,England,E13000002,Outer London,310,Harrow,E09000015,25 years,Young person has requested and received support,12,29
2025,Reporting year,Local authority,E92000001,England,E13000002,Outer London,311,Havering,E09000016,22 years,Care leaver not in touch,11,21
2025,Reporting year,Local authority,E92000001,England,E13000002,Outer London,311,Havering,E09000016,22 years,Total,53,100
2025,Reporting year,Local authority,E92000001,England,E13000002,Outer London,311,Havering,E09000016,22 years,Young person has requested and received support,42,79
2025,Reporting year,Local authority,E92000001,England,E13000002,Outer London,311,Havering,E09000016,23 years,Care leaver not in touch,11,15
2025,Reporting year,Local authority,E92000001,England,E13000002,Outer London,311,Havering,E09000016,23 years,Total,74,100
2025,Reporting year,Local authority,E92000001,England,E13000002,Outer London,311,Havering,E09000016,23 years,Young person has requested and received support,63,85
2025,Reporting year,Local authority,E92000001,England,E13000002,Outer London,311,Havering,E09000016,24 years,Care leaver not in touch,11,20
2025,Reporting year,Local authority,E92000001,England,E13000002,Outer London,311,Havering,E09000016,24 years,Total,55,100
2025,Reporting year,Local authority,E92000001,England,E13000002,Outer London,311,Havering,E09000016,24 years,Young person has requested and received support,44,80
2025,Reporting year,Local authority,E92000001,England,E13000002,Outer London,311,Havering,E09000016,25 years,Care leaver not in touch,34,74
2025,Reporting year,Local authority,E92000001,England,E13000002,Outer London,311,Havering,E09000016,25 years,Total,46,100
2025,Reporting year,Local authority,E92000001,England,E13000002,Outer London,311,Havering,E09000016,25 years,Young person has requested and received support,12,26
2025,Reporting year,Local authority,E92000001,England,E13000002,Outer London,312,Hillingdon,E09000017,22 years,Care leaver not in touch,35,30
2025,Reporting year,Local authority,E92000001,England,E13000002,Outer London,312,Hillingdon,E09000017,22 years,Total,117,100
2025,Reporting year,Local authority,E92000001,England,E13000002,Outer London,312,Hillingdon,E09000017,22 years,Young person has requested and received support,82,70
2025,Reporting year,Local authority,E92000001,England,E13000002,Outer London,312,Hillingdon,E09000017,23 years,Care leaver not in touch,31,31
2025,Reporting year,Local authority,E92000001,England,E13000002,Outer London,312,Hillingdon,E09000017,23 years,Total,100,100
2025,Reporting year,Local authority,E92000001,England,E13000002,Outer London,312,Hillingdon,E09000017,23 years,Young person has requested and received support,69,69
2025,Reporting year,Local authority,E92000001,England,E13000002,Outer London,312,Hillingdon,E09000017,24 years,Care leaver not in touch,38,45
2025,Reporting year,Local authority,E92000001,England,E13000002,Outer London,312,Hillingdon,E09000017,24 years,Total,84,100
2025,Reporting year,Local authority,E92000001,England,E13000002,Outer London,312,Hillingdon,E09000017,24 years,Young person has requested and received support,46,55
2025,Reporting year,Local authority,E92000001,England,E13000002,Outer London,312,Hillingdon,E09000017,25 years,Care leaver not in touch,74,80
2025,Reporting year,Local authority,E92000001,England,E13000002,Outer London,312,Hillingdon,E09000017,25 years,Total,93,100
2025,Reporting year,Local authority,E92000001,England,E13000002,Outer London,312,Hillingdon,E09000017,25 years,Young person has requested and received support,19,20
2025,Reporting year,Local authority,E92000001,England,E13000002,Outer London,313,Hounslow,E09000018,22 years,Care leaver not in touch,32,41
2025,Reporting year,Local authority,E92000001,England,E13000002,Outer London,313,Hounslow,E09000018,22 years,Total,78,100
2025,Reporting year,Local authority,E92000001,England,E13000002,Outer London,313,Hounslow,E09000018,22 years,Young person has requested and received support,46,59
2025,Reporting year,Local authority,E92000001,England,E13000002,Outer London,313,Hounslow,E09000018,23 years,Care leaver not in touch,45,64
2025,Reporting year,Local authority,E92000001,England,E13000002,Outer London,313,Hounslow,E09000018,23 years,Total,70,100
2025,Reporting year,Local authority,E92000001,England,E13000002,Outer London,313,Hounslow,E09000018,23 years,Young person has requested and received support,25,36
2025,Reporting year,Local authority,E92000001,England,E13000002,Outer London,313,Hounslow,E09000018,24 years,Care leaver not in touch,49,78
2025,Reporting year,Local authority,E92000001,England,E13000002,Outer London,313,Hounslow,E09000018,24 years,Total,63,100
2025,Reporting year,Local authority,E92000001,England,E13000002,Outer London,313,Hounslow,E09000018,24 years,Young person has requested and received support,14,22
2025,Reporting year,Local authority,E92000001,England,E13000002,Outer London,313,Hounslow,E09000018,25 years,Care leaver not in touch,62,91
2025,Reporting year,Local authority,E92000001,England,E13000002,Outer London,313,Hounslow,E09000018,25 years,Total,68,100
2025,Reporting year,Local authority,E92000001,England,E13000002,Outer London,313,Hounslow,E09000018,25 years,Young person has requested and received support,6,9
2025,Reporting year,Local authority,E92000001,England,E13000002,Outer London,314,Kingston upon Thames,E09000021,22 years,Care leaver not in touch,12,39
2025,Reporting year,Local authority,E92000001,England,E13000002,Outer London,314,Kingston upon Thames,E09000021,22 years,Total,31,100
2025,Reporting year,Local authority,E92000001,England,E13000002,Outer London,314,Kingston upon Thames,E09000021,22 years,Young person has requested and received support,19,61
2025,Reporting year,Local authority,E92000001,England,E13000002,Outer London,314,Kingston upon Thames,E09000021,23 years,Care leaver not in touch,30,75
2025,Reporting year,Local authority,E92000001,England,E13000002,Outer London,314,Kingston upon Thames,E09000021,23 years,Total,40,100
2025,Reporting year,Local authority,E92000001,England,E13000002,Outer London,314,Kingston upon Thames,E09000021,23 years,Young person has requested and received support,10,25
2025,Reporting year,Local authority,E92000001,England,E13000002,Outer London,314,Kingston upon Thames,E09000021,24 years,Care leaver not in touch,c,c
2025,Reporting year,Local authority,E92000001,England,E13000002,Outer London,314,Kingston upon Thames,E09000021,24 years,Total,29,100
2025,Reporting year,Local authority,E92000001,England,E13000002,Outer London,314,Kingston upon Thames,E09000021,24 years,Young person has requested and received support,c,c
2025,Reporting year,Local authority,E92000001,England,E13000002,Outer London,314,Kingston upon Thames,E09000021,25 years,Care leaver not in touch,c,c
2025,Reporting year,Local authority,E92000001,England,E13000002,Outer London,314,Kingston upon Thames,E09000021,25 years,Total,25,100
2025,Reporting year,Local authority,E92000001,England,E13000002,Outer London,314,Kingston upon Thames,E09000021,25 years,Young person has requested and received support,c,c
2025,Reporting year,Local authority,E92000001,England,E13000002,Outer London,315,Merton,E09000024,22 years,Care leaver not in touch,c,c
2025,Reporting year,Local authority,E92000001,England,E13000002,Outer London,315,Merton,E09000024,22 years,Total,37,100
2025,Reporting year,Local authority,E92000001,England,E13000002,Outer London,315,Merton,E09000024,22 years,Young person has requested and received support,c,c
2025,Reporting year,Local authority,E92000001,England,E13000002,Outer London,315,Merton,E09000024,23 years,Care leaver not in touch,19,40
2025,Reporting year,Local authority,E92000001,England,E13000002,Outer London,315,Merton,E09000024,23 years,Total,48,100
2025,Reporting year,Local authority,E92000001,England,E13000002,Outer London,315,Merton,E09000024,23 years,Young person has requested and received support,29,60
2025,Reporting year,Local authority,E92000001,England,E13000002,Outer London,315,Merton,E09000024,24 years,Care leaver not in touch,24,67
2025,Reporting year,Local authority,E92000001,England,E13000002,Outer London,315,Merton,E09000024,24 years,Total,36,100
2025,Reporting year,Local authority,E92000001,England,E13000002,Outer London,315,Merton,E09000024,24 years,Young person has requested and received support,12,33
2025,Reporting year,Local authority,E92000001,England,E13000002,Outer London,315,Merton,E09000024,25 years,Care leaver not in touch,29,63
2025,Reporting year,Local authority,E92000001,England,E13000002,Outer London,315,Merton,E09000024,25 years,Total,46,100
2025,Reporting year,Local authority,E92000001,England,E13000002,Outer London,315,Merton,E09000024,25 years,Young person has requested and received support,17,37
2025,Reporting year,Local authority,E92000001,England,E13000002,Outer London,317,Redbridge,E09000026,22 years,Care leaver not in touch,22,33
2025,Reporting year,Local authority,E92000001,England,E13000002,Outer London,317,Redbridge,E09000026,22 years,Total,67,100
2025,Reporting year,Local authority,E92000001,England,E13000002,Outer London,317,Redbridge,E09000026,22 years,Young person has requested and received support,45,67
2025,Reporting year,Local authority,E92000001,England,E13000002,Outer London,317,Redbridge,E09000026,23 years,Care leaver not in touch,54,77
2025,Reporting year,Local authority,E92000001,England,E13000002,Outer London,317,Redbridge,E09000026,23 years,Total,70,100
2025,Reporting year,Local authority,E92000001,England,E13000002,Outer London,317,Redbridge,E09000026,23 years,Young person has requested and received support,16,23
2025,Reporting year,Local authority,E92000001,England,E13000002,Outer London,317,Redbridge,E09000026,24 years,Care leaver not in touch,41,82
2025,Reporting year,Local authority,E92000001,England,E13000002,Outer London,317,Redbridge,E09000026,24 years,Total,50,100
2025,Reporting year,Local authority,E92000001,England,E13000002,Outer London,317,Redbridge,E09000026,24 years,Young person has requested and received support,9,18
2025,Reporting year,Local authority,E92000001,England,E13000002,Outer London,317,Redbridge,E09000026,25 years,Care leaver not in touch,c,c
2025,Reporting year,Local authority,E92000001,England,E13000002,Outer London,317,Redbridge,E09000026,25 years,Total,54,100
2025,Reporting year,Local authority,E92000001,England,E13000002,Outer London,317,Redbridge,E09000026,25 years,Young person has requested and received support,c,c
2025,Reporting year,Local authority,E92000001,England,E13000002,Outer London,318,Richmond upon Thames,E09000027,22 years,Care leaver not in touch,8,24
2025,Reporting year,Local authority,E92000001,England,E13000002,Outer London,318,Richmond upon Thames,E09000027,22 years,Total,34,100
2025,Reporting year,Local authority,E92000001,England,E13000002,Outer London,318,Richmond upon Thames,E09000027,22 years,Young person has requested and received support,26,76
2025,Reporting year,Local authority,E92000001,England,E13000002,Outer London,318,Richmond upon Thames,E09000027,23 years,Care leaver not in touch,28,74
2025,Reporting year,Local authority,E92000001,England,E13000002,Outer London,318,Richmond upon Thames,E09000027,23 years,Total,38,100
2025,Reporting year,Local authority,E92000001,England,E13000002,Outer London,318,Richmond upon Thames,E09000027,23 years,Young person has requested and received support,10,26
2025,Reporting year,Local authority,E92000001,England,E13000002,Outer London,318,Richmond upon Thames,E09000027,24 years,Care leaver not in touch,28,100
2025,Reporting year,Local authority,E92000001,England,E13000002,Outer London,318,Richmond upon Thames,E09000027,24 years,Total,28,100
2025,Reporting year,Local authority,E92000001,England,E13000002,Outer London,318,Richmond upon Thames,E09000027,24 years,Young person has requested and received support,0,0
2025,Reporting year,Local authority,E92000001,England,E13000002,Outer London,318,Richmond upon Thames,E09000027,25 years,Care leaver not in touch,c,c
2025,Reporting year,Local authority,E92000001,England,E13000002,Outer London,318,Richmond upon Thames,E09000027,25 years,Total,30,100
2025,Reporting year,Local authority,E92000001,England,E13000002,Outer London,318,Richmond upon Thames,E09000027,25 years,Young person has requested and received support,c,c
2025,Reporting year,Local authority,E92000001,England,E13000002,Outer London,319,Sutton,E09000029,22 years,Care leaver not in touch,10,22
2025,Reporting year,Local authority,E92000001,England,E13000002,Outer London,319,Sutton,E09000029,22 years,Total,45,100
2025,Reporting year,Local authority,E92000001,England,E13000002,Outer London,319,Sutton,E09000029,22 years,Young person has requested and received support,35,78
2025,Reporting year,Local authority,E92000001,England,E13000002,Outer London,319,Sutton,E09000029,23 years,Care leaver not in touch,26,39
2025,Reporting year,Local authority,E92000001,England,E13000002,Outer London,319,Sutton,E09000029,23 years,Total,66,100
2025,Reporting year,Local authority,E92000001,England,E13000002,Outer London,319,Sutton,E09000029,23 years,Young person has requested and received support,40,61
2025,Reporting year,Local authority,E92000001,England,E13000002,Outer London,319,Sutton,E09000029,24 years,Care leaver not in touch,31,66
2025,Reporting year,Local authority,E92000001,England,E13000002,Outer London,319,Sutton,E09000029,24 years,Total,47,100
2025,Reporting year,Local authority,E92000001,England,E13000002,Outer London,319,Sutton,E09000029,24 years,Young person has requested and received support,16,34
2025,Reporting year,Local authority,E92000001,England,E13000002,Outer London,319,Sutton,E09000029,25 years,Care leaver not in touch,29,63
2025,Reporting year,Local authority,E92000001,England,E13000002,Outer London,319,Sutton,E09000029,25 years,Total,46,100
2025,Reporting year,Local authority,E92000001,England,E13000002,Outer London,319,Sutton,E09000029,25 years,Young person has requested and received support,17,37
2025,Reporting year,Local authority,E92000001,England,E13000002,Outer London,320,Waltham Forest,E09000031,22 years,Care leaver not in touch,26,43
2025,Reporting year,Local authority,E92000001,England,E13000002,Outer London,320,Waltham Forest,E09000031,22 years,Total,60,100
2025,Reporting year,Local authority,E92000001,England,E13000002,Outer London,320,Waltham Forest,E09000031,22 years,Young person has requested and received support,34,57
2025,Reporting year,Local authority,E92000001,England,E13000002,Outer London,320,Waltham Forest,E09000031,23 years,Care leaver not in touch,36,47
2025,Reporting year,Local authority,E92000001,England,E13000002,Outer London,320,Waltham Forest,E09000031,23 years,Total,76,100
2025,Reporting year,Local authority,E92000001,England,E13000002,Outer London,320,Waltham Forest,E09000031,23 years,Young person has requested and received support,40,53
2025,Reporting year,Local authority,E92000001,England,E13000002,Outer London,320,Waltham Forest,E09000031,24 years,Care leaver not in touch,46,59
2025,Reporting year,Local authority,E92000001,England,E13000002,Outer London,320,Waltham Forest,E09000031,24 years,Total,78,100
2025,Reporting year,Local authority,E92000001,England,E13000002,Outer London,320,Waltham Forest,E09000031,24 years,Young person has requested and received support,32,41
2025,Reporting year,Local authority,E92000001,England,E13000002,Outer London,320,Waltham Forest,E09000031,25 years,Care leaver not in touch,40,70
2025,Reporting year,Local authority,E92000001,England,E13000002,Outer London,320,Waltham Forest,E09000031,25 years,Total,57,100
2025,Reporting year,Local authority,E92000001,England,E13000002,Outer London,320,Waltham Forest,E09000031,25 years,Young person has requested and received support,17,30
2024,Reporting year,National,E92000001,England,,,,,,22 years,Care leaver not in touch,5010,44
2024,Reporting year,National,E92000001,England,,,,,,22 years,Total,11300,100
2024,Reporting year,National,E92000001,England,,,,,,22 years,Young person has requested and received support,6290,56
2024,Reporting year,National,E92000001,England,,,,,,23 years,Care leaver not in touch,6510,60
2024,Reporting year,National,E92000001,England,,,,,,23 years,Total,10850,100
2024,Reporting year,National,E92000001,England,,,,,,23 years,Young person has requested and received support,4340,40
2024,Reporting year,National,E92000001,England,,,,,,24 years,Care leaver not in touch,7310,69
2024,Reporting year,National,E92000001,England,,,,,,24 years,Total,10580,100
2024,Reporting year,National,E92000001,England,,,,,,24 years,Young person has requested and received support,3270,31
2024,Reporting year,National,E92000001,England,,,,,,25 years,Care leaver not in touch,7700,80
2024,Reporting year,National,E92000001,England,,,,,,25 years,Total,9600,100
2024,Reporting year,National,E92000001,England,,,,,,25 years,Young person has requested and received support,1900,20
2024,Reporting year,Regional,E92000001,England,E12000001,North East,,,,22 years,Care leaver not in touch,220,46
2024,Reporting year,Regional,E92000001,England,E12000001,North East,,,,22 years,Total,480,100
2024,Reporting year,Regional,E92000001,England,E12000001,North East,,,,22 years,Young person has requested and received support,260,54
2024,Reporting year,Regional,E92000001,England,E12000001,North East,,,,23 years,Care leaver not in touch,340,67
2024,Reporting year,Regional,E92000001,England,E12000001,North East,,,,23 years,Total,510,100
2024,Reporting year,Regional,E92000001,England,E12000001,North East,,,,23 years,Young person has requested and received support,170,33
2024,Reporting year,Regional,E92000001,England,E12000001,North East,,,,24 years,Care leaver not in touch,350,73
2024,Reporting year,Regional,E92000001,England,E12000001,North East,,,,24 years,Total,480,100
2024,Reporting year,Regional,E92000001,England,E12000001,North East,,,,24 years,Young person has requested and received support,130,27
2024,Reporting year,Regional,E92000001,England,E12000001,North East,,,,25 years,Care leaver not in touch,350,82
2024,Reporting year,Regional,E92000001,England,E12000001,North East,,,,25 years,Total,430,100
2024,Reporting year,Regional,E92000001,England,E12000001,North East,,,,25 years,Young person has requested and received support,80,18
2024,Reporting year,Regional,E92000001,England,E12000002,North West,,,,22 years,Care leaver not in touch,640,41
2024,Reporting year,Regional,E92000001,England,E12000002,North West,,,,22 years,Total,1570,100
2024,Reporting year,Regional,E92000001,England,E12000002,North West,,,,22 years,Young person has requested and received support,930,59
2024,Reporting year,Regional,E92000001,England,E12000002,North West,,,,23 years,Care leaver not in touch,810,54
2024,Reporting year,Regional,E92000001,England,E12000002,North West,,,,23 years,Total,1510,100
2024,Reporting year,Regional,E92000001,England,E12000002,North West,,,,23 years,Young person has requested and received support,700,46
2024,Reporting year,Regional,E92000001,England,E12000002,North West,,,,24 years,Care leaver not in touch,860,64
2024,Reporting year,Regional,E92000001,England,E12000002,North West,,,,24 years,Total,1360,100
2024,Reporting year,Regional,E92000001,England,E12000002,North West,,,,24 years,Young person has requested and received support,490,36
2024,Reporting year,Regional,E92000001,England,E12000002,North West,,,,25 years,Care leaver not in touch,940,78
2024,Reporting year,Regional,E92000001,England,E12000002,North West,,,,25 years,Total,1210,100
2024,Reporting year,Regional,E92000001,England,E12000002,North West,,,,25 years,Young person has requested and received support,270,22
2024,Reporting year,Regional,E92000001,England,E12000003,Yorkshire and The Humber,,,,22 years,Care leaver not in touch,430,45
2024,Reporting year,Regional,E92000001,England,E12000003,Yorkshire and The Humber,,,,22 years,Total,950,100
2024,Reporting year,Regional,E92000001,England,E12000003,Yorkshire and The Humber,,,,22 years,Young person has requested and received support,530,55
2024,Reporting year,Regional,E92000001,England,E12000003,Yorkshire and The Humber,,,,23 years,Care leaver not in touch,570,63
2024,Reporting year,Regional,E92000001,England,E12000003,Yorkshire and The Humber,,,,23 years,Total,920,100
2024,Reporting year,Regional,E92000001,England,E12000003,Yorkshire and The Humber,,,,23 years,Young person has requested and received support,340,37
2024,Reporting year,Regional,E92000001,England,E12000003,Yorkshire and The Humber,,,,24 years,Care leaver not in touch,650,74
2024,Reporting year,Regional,E92000001,England,E12000003,Yorkshire and The Humber,,,,24 years,Total,880,100
2024,Reporting year,Regional,E92000001,England,E12000003,Yorkshire and The Humber,,,,24 years,Young person has requested and received support,230,26
2024,Reporting year,Regional,E92000001,England,E12000003,Yorkshire and The Humber,,,,25 years,Care leaver not in touch,660,85
2024,Reporting year,Regional,E92000001,England,E12000003,Yorkshire and The Humber,,,,25 years,Total,780,100
2024,Reporting year,Regional,E92000001,England,E12000003,Yorkshire and The Humber,,,,25 years,Young person has requested and received support,120,15
2024,Reporting year,Regional,E92000001,England,E12000004,East Midlands,,,,22 years,Care leaver not in touch,350,43
2024,Reporting year,Regional,E92000001,England,E12000004,East Midlands,,,,22 years,Total,810,100
2024,Reporting year,Regional,E92000001,England,E12000004,East Midlands,,,,22 years,Young person has requested and received support,460,57
2024,Reporting year,Regional,E92000001,England,E12000004,East Midlands,,,,23 years,Care leaver not in touch,480,60
2024,Reporting year,Regional,E92000001,England,E12000004,East Midlands,,,,23 years,Total,810,100
2024,Reporting year,Regional,E92000001,England,E12000004,East Midlands,,,,23 years,Young person has requested and received support,330,40
2024,Reporting year,Regional,E92000001,England,E12000004,East Midlands,,,,24 years,Care leaver not in touch,470,62
2024,Reporting year,Regional,E92000001,England,E12000004,East Midlands,,,,24 years,Total,760,100
2024,Reporting year,Regional,E92000001,England,E12000004,East Midlands,,,,24 years,Young person has requested and received support,290,38
2024,Reporting year,Regional,E92000001,England,E12000004,East Midlands,,,,25 years,Care leaver not in touch,270,51
2024,Reporting year,Regional,E92000001,England,E12000004,East Midlands,,,,25 years,Total,530,100
2024,Reporting year,Regional,E92000001,England,E12000004,East Midlands,,,,25 years,Young person has requested and received support,260,49
2024,Reporting year,Regional,E92000001,England,E12000005,West Midlands,,,,22 years,Care leaver not in touch,660,53
2024,Reporting year,Regional,E92000001,England,E12000005,West Midlands,,,,22 years,Total,1250,100
2024,Reporting year,Regional,E92000001,England,E12000005,West Midlands,,,,22 years,Young person has requested and received support,590,47
2024,Reporting year,Regional,E92000001,England,E12000005,West Midlands,,,,23 years,Care leaver not in touch,860,70
2024,Reporting year,Regional,E92000001,England,E12000005,West Midlands,,,,23 years,Total,1230,100
2024,Reporting year,Regional,E92000001,England,E12000005,West Midlands,,,,23 years,Young person has requested and received support,370,30
2024,Reporting year,Regional,E92000001,England,E12000005,West Midlands,,,,24 years,Care leaver not in touch,890,77
2024,Reporting year,Regional,E92000001,England,E12000005,West Midlands,,,,24 years,Total,1160,100
2024,Reporting year,Regional,E92000001,England,E12000005,West Midlands,,,,24 years,Young person has requested and received support,270,23
2024,Reporting year,Regional,E92000001,England,E12000005,West Midlands,,,,25 years,Care leaver not in touch,940,89
2024,Reporting year,Regional,E92000001,England,E12000005,West Midlands,,,,25 years,Total,1050,100
2024,Reporting year,Regional,E92000001,England,E12000005,West Midlands,,,,25 years,Young person has requested and received support,110,11
2024,Reporting year,Regional,E92000001,England,E12000006,East of England,,,,22 years,Care leaver not in touch,540,48
2024,Reporting year,Regional,E92000001,England,E12000006,East of England,,,,22 years,Total,1130,100
2024,Reporting year,Regional,E92000001,England,E12000006,East of England,,,,22 years,Young person has requested and received support,590,52
2024,Reporting year,Regional,E92000001,England,E12000006,East of England,,,,23 years,Care leaver not in touch,680,66
2024,Reporting year,Regional,E92000001,England,E12000006,East of England,,,,23 years,Total,1040,100
2024,Reporting year,Regional,E92000001,England,E12000006,East of England,,,,23 years,Young person has requested and received support,360,34
2024,Reporting year,Regional,E92000001,England,E12000006,East of England,,,,24 years,Care leaver not in touch,790,71
2024,Reporting year,Regional,E92000001,England,E12000006,East of England,,,,24 years,Total,1100,100
2024,Reporting year,Regional,E92000001,England,E12000006,East of England,,,,24 years,Young person has requested and received support,310,29
2024,Reporting year,Regional,E92000001,England,E12000006,East of England,,,,25 years,Care leaver not in touch,790,82
2024,Reporting year,Regional,E92000001,England,E12000006,East of England,,,,25 years,Total,970,100
2024,Reporting year,Regional,E92000001,England,E12000006,East of England,,,,25 years,Young person has requested and received support,180,18
2024,Reporting year,Regional,E92000001,England,E12000007,London,,,,22 years,Care leaver not in touch,890,36
2024,Reporting year,Regional,E92000001,England,E12000007,London,,,,22 years,Total,2490,100
2024,Reporting year,Regional,E92000001,England,E12000007,London,,,,22 years,Young person has requested and received support,1600,64
2024,Reporting year,Regional,E92000001,England,E12000007,London,,,,23 years,Care leaver not in touch,1130,47
2024,Reporting year,Regional,E92000001,England,E12000007,London,,,,23 years,Total,2390,100
2024,Reporting year,Regional,E92000001,England,E12000007,London,,,,23 years,Young person has requested and received support,1260,53
2024,Reporting year,Regional,E92000001,England,E12000007,London,,,,24 years,Care leaver not in touch,1460,62
2024,Reporting year,Regional,E92000001,England,E12000007,London,,,,24 years,Total,2350,100
2024,Reporting year,Regional,E92000001,England,E12000007,London,,,,24 years,Young person has requested and received support,890,38
2024,Reporting year,Regional,E92000001,England,E12000007,London,,,,25 years,Care leaver not in touch,1750,79
2024,Reporting year,Regional,E92000001,England,E12000007,London,,,,25 years,Total,2210,100
2024,Reporting year,Regional,E92000001,England,E12000007,London,,,,25 years,Young person has requested and received support,460,21
2024,Reporting year,Regional,E92000001,England,E12000008,South East,,,,22 years,Care leaver not in touch,800,48
2024,Reporting year,Regional,E92000001,England,E12000008,South East,,,,22 years,Total,1680,100
2024,Reporting year,Regional,E92000001,England,E12000008,South East,,,,22 years,Young person has requested and received support,880,52
2024,Reporting year,Regional,E92000001,England,E12000008,South East,,,,23 years,Care leaver not in touch,1020,65
2024,Reporting year,Regional,E92000001,England,E12000008,South East,,,,23 years,Total,1570,100
2024,Reporting year,Regional,E92000001,England,E12000008,South East,,,,23 years,Young person has requested and received support,550,35
2024,Reporting year,Regional,E92000001,England,E12000008,South East,,,,24 years,Care leaver not in touch,1180,72
2024,Reporting year,Regional,E92000001,England,E12000008,South East,,,,24 years,Total,1640,100
2024,Reporting year,Regional,E92000001,England,E12000008,South East,,,,24 years,Young person has requested and received support,460,28
2024,Reporting year,Regional,E92000001,England,E12000008,South East,,,,25 years,Care leaver not in touch,1340,81
2024,Reporting year,Regional,E92000001,England,E12000008,South East,,,,25 years,Total,1660,100
2024,Reporting year,Regional,E92000001,England,E12000008,South East,,,,25 years,Young person has requested and received support,320,19
2024,Reporting year,Regional,E92000001,England,E12000009,South West,,,,22 years,Care leaver not in touch,480,52
2024,Reporting year,Regional,E92000001,England,E12000009,South West,,,,22 years,Total,930,100
2024,Reporting year,Regional,E92000001,England,E12000009,South West,,,,22 years,Young person has requested and received support,450,48
2024,Reporting year,Regional,E92000001,England,E12000009,South West,,,,23 years,Care leaver not in touch,610,69
2024,Reporting year,Regional,E92000001,England,E12000009,South West,,,,23 years,Total,880,100
2024,Reporting year,Regional,E92000001,England,E12000009,South West,,,,23 years,Young person has requested and received support,270,31
2024,Reporting year,Regional,E92000001,England,E12000009,South West,,,,24 years,Care leaver not in touch,670,77
2024,Reporting year,Regional,E92000001,England,E12000009,South West,,,,24 years,Total,870,100
2024,Reporting year,Regional,E92000001,England,E12000009,South West,,,,24 years,Young person has requested and received support,200,23
2024,Reporting year,Regional,E92000001,England,E12000009,South West,,,,25 years,Care leaver not in touch,660,86
2024,Reporting year,Regional,E92000001,England,E12000009,South West,,,,25 years,Total,770,100
2024,Reporting year,Regional,E92000001,England,E12000009,South West,,,,25 years,Young person has requested and received support,110,14
2024,Reporting year,Regional,E92000001,England,E13000001,Inner London,,,,22 years,Care leaver not in touch,280,28
2024,Reporting year,Regional,E92000001,England,E13000001,Inner London,,,,22 years,Total,1000,100
2024,Reporting year,Regional,E92000001,England,E13000001,Inner London,,,,22 years,Young person has requested and received support,720,72
2024,Reporting year,Regional,E92000001,England,E13000001,Inner London,,,,23 years,Care leaver not in touch,430,41
2024,Reporting year,Regional,E92000001,England,E13000001,Inner London,,,,23 years,Total,1040,100
2024,Reporting year,Regional,E92000001,England,E13000001,Inner London,,,,23 years,Young person has requested and received support,610,59
2024,Reporting year,Regional,E92000001,England,E13000001,Inner London,,,,24 years,Care leaver not in touch,590,57
2024,Reporting year,Regional,E92000001,England,E13000001,Inner London,,,,24 years,Total,1020,100
2024,Reporting year,Regional,E92000001,England,E13000001,Inner London,,,,24 years,Young person has requested and received support,440,43
2024,Reporting year,Regional,E92000001,England,E13000001,Inner London,,,,25 years,Care leaver not in touch,670,75
2024,Reporting year,Regional,E92000001,England,E13000001,Inner London,,,,25 years,Total,890,100
2024,Reporting year,Regional,E92000001,England,E13000001,Inner London,,,,25 years,Young person has requested and received support,220,25
2024,Reporting year,Regional,E92000001,England,E13000002,Outer London,,,,22 years,Care leaver not in touch,610,41
2024,Reporting year,Regional,E92000001,England,E13000002,Outer London,,,,22 years,Total,1500,100
2024,Reporting year,Regional,E92000001,England,E13000002,Outer London,,,,22 years,Young person has requested and received support,890,59
2024,Reporting year,Regional,E92000001,England,E13000002,Outer London,,,,23 years,Care leaver not in touch,710,52
2024,Reporting year,Regional,E92000001,England,E13000002,Outer London,,,,23 years,Total,1350,100
2024,Reporting year,Regional,E92000001,England,E13000002,Outer London,,,,23 years,Young person has requested and received support,650,48
2024,Reporting year,Regional,E92000001,England,E13000002,Outer London,,,,24 years,Care leaver not in touch,870,66
2024,Reporting year,Regional,E92000001,England,E13000002,Outer London,,,,24 years,Total,1320,100
2024,Reporting year,Regional,E92000001,England,E13000002,Outer London,,,,24 years,Young person has requested and received support,450,34
2024,Reporting year,Regional,E92000001,England,E13000002,Outer London,,,,25 years,Care leaver not in touch,1080,82
2024,Reporting year,Regional,E92000001,England,E13000002,Outer London,,,,25 years,Total,1320,100
2024,Reporting year,Regional,E92000001,England,E13000002,Outer London,,,,25 years,Young person has requested and received support,240,18
2024,Reporting year,Local authority,E92000001,England,E12000001,North East,805,Hartlepool,E06000001,22 years,Care leaver not in touch,10,63
2024,Reporting year,Local authority,E92000001,England,E12000001,North East,805,Hartlepool,E06000001,22 years,Total,16,100
2024,Reporting year,Local authority,E92000001,England,E12000001,North East,805,Hartlepool,E06000001,22 years,Young person has requested and received support,6,38
2024,Reporting year,Local authority,E92000001,England,E12000001,North East,805,Hartlepool,E06000001,23 years,Care leaver not in touch,c,c
2024,Reporting year,Local authority,E92000001,England,E12000001,North East,805,Hartlepool,E06000001,23 years,Total,30,100
2024,Reporting year,Local authority,E92000001,England,E12000001,North East,805,Hartlepool,E06000001,23 years,Young person has requested and received support,c,c
2024,Reporting year,Local authority,E92000001,England,E12000001,North East,805,Hartlepool,E06000001,24 years,Care leaver not in touch,c,c
2024,Reporting year,Local authority,E92000001,England,E12000001,North East,805,Hartlepool,E06000001,24 years,Total,31,100
2024,Reporting year,Local authority,E92000001,England,E12000001,North East,805,Hartlepool,E06000001,24 years,Young person has requested and received support,c,c
2024,Reporting year,Local authority,E92000001,England,E12000001,North East,805,Hartlepool,E06000001,25 years,Care leaver not in touch,15,100
2024,Reporting year,Local authority,E92000001,England,E12000001,North East,805,Hartlepool,E06000001,25 years,Total,15,100
2024,Reporting year,Local authority,E92000001,England,E12000001,North East,805,Hartlepool,E06000001,25 years,Young person has requested and received support,0,0
2024,Reporting year,Local authority,E92000001,England,E12000001,North East,806,Middlesbrough,E06000002,22 years,Care leaver not in touch,19,48
2024,Reporting year,Local authority,E92000001,England,E12000001,North East,806,Middlesbrough,E06000002,22 years,Total,40,100
2024,Reporting year,Local authority,E92000001,England,E12000001,North East,806,Middlesbrough,E06000002,22 years,Young person has requested and received support,21,53
2024,Reporting year,Local authority,E92000001,England,E12000001,North East,806,Middlesbrough,E06000002,23 years,Care leaver not in touch,23,66
2024,Reporting year,Local authority,E92000001,England,E12000001,North East,806,Middlesbrough,E06000002,23 years,Total,35,100
2024,Reporting year,Local authority,E92000001,England,E12000001,North East,806,Middlesbrough,E06000002,23 years,Young person has requested and received support,12,34
2024,Reporting year,Local authority,E92000001,England,E12000001,North East,806,Middlesbrough,E06000002,24 years,Care leaver not in touch,33,73
2024,Reporting year,Local authority,E92000001,England,E12000001,North East,806,Middlesbrough,E06000002,24 years,Total,45,100
2024,Reporting year,Local authority,E92000001,England,E12000001,North East,806,Middlesbrough,E06000002,24 years,Young person has requested and received support,12,27
2024,Reporting year,Local authority,E92000001,England,E12000001,North East,806,Middlesbrough,E06000002,25 years,Care leaver not in touch,29,73
2024,Reporting year,Local authority,E92000001,England,E12000001,North East,806,Middlesbrough,E06000002,25 years,Total,40,100
2024,Reporting year,Local authority,E92000001,England,E12000001,North East,806,Middlesbrough,E06000002,25 years,Young person has requested and received support,11,28
2024,Reporting year,Local authority,E92000001,England,E12000001,North East,807,Redcar and Cleveland,E06000003,22 years,Care leaver not in touch,14,54
2024,Reporting year,Local authority,E92000001,England,E12000001,North East,807,Redcar and Cleveland,E06000003,22 years,Total,26,100
2024,Reporting year,Local authority,E92000001,England,E12000001,North East,807,Redcar and Cleveland,E06000003,22 years,Young person has requested and received support,12,46
2024,Reporting year,Local authority,E92000001,England,E12000001,North East,807,Redcar and Cleveland,E06000003,23 years,Care leaver not in touch,18,60
2024,Reporting year,Local authority,E92000001,England,E12000001,North East,807,Redcar and Cleveland,E06000003,23 years,Total,30,100
2024,Reporting year,Local authority,E92000001,England,E12000001,North East,807,Redcar and Cleveland,E06000003,23 years,Young person has requested and received support,12,40
2024,Reporting year,Local authority,E92000001,England,E12000001,North East,807,Redcar and Cleveland,E06000003,24 years,Care leaver not in touch,c,c
2024,Reporting year,Local authority,E92000001,England,E12000001,North East,807,Redcar and Cleveland,E06000003,24 years,Total,23,100
2024,Reporting year,Local authority,E92000001,England,E12000001,North East,807,Redcar and Cleveland,E06000003,24 years,Young person has requested and received support,c,c
2024,Reporting year,Local authority,E92000001,England,E12000001,North East,807,Redcar and Cleveland,E06000003,25 years,Care leaver not in touch,c,c
2024,Reporting year,Local authority,E92000001,England,E12000001,North East,807,Redcar and Cleveland,E06000003,25 years,Total,17,100
2024,Reporting year,Local authority,E92000001,England,E12000001,North East,807,Redcar and Cleveland,E06000003,25 years,Young person has requested and received support,c,c
2024,Reporting year,Local authority,E92000001,England,E12000001,North East,808,Stockton-on-Tees,E06000004,22 years,Care leaver not in touch,15,43
2024,Reporting year,Local authority,E92000001,England,E12000001,North East,808,Stockton-on-Tees,E06000004,22 years,Total,35,100
2024,Reporting year,Local authority,E92000001,England,E12000001,North East,808,Stockton-on-Tees,E06000004,22 years,Young person has requested and received support,20,57
2024,Reporting year,Local authority,E92000001,England,E12000001,North East,808,Stockton-on-Tees,E06000004,23 years,Care leaver not in touch,24,69
2024,Reporting year,Local authority,E92000001,England,E12000001,North East,808,Stockton-on-Tees,E06000004,23 years,Total,35,100
2024,Reporting year,Local authority,E92000001,England,E12000001,North East,808,Stockton-on-Tees,E06000004,23 years,Young person has requested and received support,11,31
2024,Reporting year,Local authority,E92000001,England,E12000001,North East,808,Stockton-on-Tees,E06000004,24 years,Care leaver not in touch,30,79
2024,Reporting year,Local authority,E92000001,England,E12000001,North East,808,Stockton-on-Tees,E06000004,24 years,Total,38,100
2024,Reporting year,Local authority,E92000001,England,E12000001,North East,808,Stockton-on-Tees,E06000004,24 years,Young person has requested and received support,8,21
2024,Reporting year,Local authority,E92000001,England,E12000001,North East,808,Stockton-on-Tees,E06000004,25 years,Care leaver not in touch,30,79
2024,Reporting year,Local authority,E92000001,England,E12000001,North East,808,Stockton-on-Tees,E06000004,25 years,Total,38,100
2024,Reporting year,Local authority,E92000001,England,E12000001,North East,808,Stockton-on-Tees,E06000004,25 years,Young person has requested and received support,8,21
2024,Reporting year,Local authority,E92000001,England,E12000001,North East,841,Darlington,E06000005,22 years,Care leaver not in touch,0,0
2024,Reporting year,Local authority,E92000001,England,E12000001,North East,841,Darlington,E06000005,22 years,Total,17,100
2024,Reporting year,Local authority,E92000001,England,E12000001,North East,841,Darlington,E06000005,22 years,Young person has requested and received support,17,100
2024,Reporting year,Local authority,E92000001,England,E12000001,North East,841,Darlington,E06000005,23 years,Care leaver not in touch,c,c
2024,Reporting year,Local authority,E92000001,England,E12000001,North East,841,Darlington,E06000005,23 years,Total,22,100
2024,Reporting year,Local authority,E92000001,England,E12000001,North East,841,Darlington,E06000005,23 years,Young person has requested and received support,c,c
2024,Reporting year,Local authority,E92000001,England,E12000001,North East,841,Darlington,E06000005,24 years,Care leaver not in touch,c,c
2024,Reporting year,Local authority,E92000001,England,E12000001,North East,841,Darlington,E06000005,24 years,Total,19,100
2024,Reporting year,Local authority,E92000001,England,E12000001,North East,841,Darlington,E06000005,24 years,Young person has requested and received support,c,c
2024,Reporting year,Local authority,E92000001,England,E12000001,North East,841,Darlington,E06000005,25 years,Care leaver not in touch,c,c
2024,Reporting year,Local authority,E92000001,England,E12000001,North East,841,Darlington,E06000005,25 years,Total,20,100
2024,Reporting year,Local authority,E92000001,England,E12000001,North East,841,Darlington,E06000005,25 years,Young person has requested and received support,c,c
2024,Reporting year,Local authority,E92000001,England,E12000001,North East,840,County Durham,E06000047,22 years,Care leaver not in touch,36,47
2024,Reporting year,Local authority,E92000001,England,E12000001,North East,840,County Durham,E06000047,22 years,Total,77,100
2024,Reporting year,Local authority,E92000001,England,E12000001,North East,840,County Durham,E06000047,22 years,Young person has requested and received support,41,53
2024,Reporting year,Local authority,E92000001,England,E12000001,North East,840,County Durham,E06000047,23 years,Care leaver not in touch,48,71
2024,Reporting year,Local authority,E92000001,England,E12000001,North East,840,County Durham,E06000047,23 years,Total,68,100
2024,Reporting year,Local authority,E92000001,England,E12000001,North East,840,County Durham,E06000047,23 years,Young person has requested and received support,20,29
2024,Reporting year,Local authority,E92000001,England,E12000001,North East,840,County Durham,E06000047,24 years,Care leaver not in touch,33,65
2024,Reporting year,Local authority,E92000001,England,E12000001,North East,840,County Durham,E06000047,24 years,Total,51,100
2024,Reporting year,Local authority,E92000001,England,E12000001,North East,840,County Durham,E06000047,24 years,Young person has requested and received support,18,35
2024,Reporting year,Local authority,E92000001,England,E12000001,North East,840,County Durham,E06000047,25 years,Care leaver not in touch,c,c
2024,Reporting year,Local authority,E92000001,England,E12000001,North East,840,County Durham,E06000047,25 years,Total,49,100
2024,Reporting year,Local authority,E92000001,England,E12000001,North East,840,County Durham,E06000047,25 years,Young person has requested and received support,c,c
2024,Reporting year,Local authority,E92000001,England,E12000001,North East,929,Northumberland,E06000057,22 years,Care leaver not in touch,25,74
2024,Reporting year,Local authority,E92000001,England,E12000001,North East,929,Northumberland,E06000057,22 years,Total,34,100
2024,Reporting year,Local authority,E92000001,England,E12000001,North East,929,Northumberland,E06000057,22 years,Young person has requested and received support,9,26
2024,Reporting year,Local authority,E92000001,England,E12000001,North East,929,Northumberland,E06000057,23 years,Care leaver not in touch,36,86
2024,Reporting year,Local authority,E92000001,England,E12000001,North East,929,Northumberland,E06000057,23 years,Total,42,100
2024,Reporting year,Local authority,E92000001,England,E12000001,North East,929,Northumberland,E06000057,23 years,Young person has requested and received support,6,14
2024,Reporting year,Local authority,E92000001,England,E12000001,North East,929,Northumberland,E06000057,24 years,Care leaver not in touch,c,c
2024,Reporting year,Local authority,E92000001,England,E12000001,North East,929,Northumberland,E06000057,24 years,Total,44,100
2024,Reporting year,Local authority,E92000001,England,E12000001,North East,929,Northumberland,E06000057,24 years,Young person has requested and received support,c,c
2024,Reporting year,Local authority,E92000001,England,E12000001,North East,929,Northumberland,E06000057,25 years,Care leaver not in touch,29,100
2024,Reporting year,Local authority,E92000001,England,E12000001,North East,929,Northumberland,E06000057,25 years,Total,29,100
2024,Reporting year,Local authority,E92000001,England,E12000001,North East,929,Northumberland,E06000057,25 years,Young person has requested and received support,0,0
2024,Reporting year,Local authority,E92000001,England,E12000001,North East,391,Newcastle upon Tyne,E08000021,22 years,Care leaver not in touch,43,60
2024,Reporting year,Local authority,E92000001,England,E12000001,North East,391,Newcastle upon Tyne,E08000021,22 years,Total,72,100
2024,Reporting year,Local authority,E92000001,England,E12000001,North East,391,Newcastle upon Tyne,E08000021,22 years,Young person has requested and received support,29,40
2024,Reporting year,Local authority,E92000001,England,E12000001,North East,391,Newcastle upon Tyne,E08000021,23 years,Care leaver not in touch,61,79
2024,Reporting year,Local authority,E92000001,England,E12000001,North East,391,Newcastle upon Tyne,E08000021,23 years,Total,77,100
2024,Reporting year,Local authority,E92000001,England,E12000001,North East,391,Newcastle upon Tyne,E08000021,23 years,Young person has requested and received support,16,21
2024,Reporting year,Local authority,E92000001,England,E12000001,North East,391,Newcastle upon Tyne,E08000021,24 years,Care leaver not in touch,c,c
2024,Reporting year,Local authority,E92000001,England,E12000001,North East,391,Newcastle upon Tyne,E08000021,24 years,Total,58,100
2024,Reporting year,Local authority,E92000001,England,E12000001,North East,391,Newcastle upon Tyne,E08000021,24 years,Young person has requested and received support,c,c
2024,Reporting year,Local authority,E92000001,England,E12000001,North East,391,Newcastle upon Tyne,E08000021,25 years,Care leaver not in touch,63,100
2024,Reporting year,Local authority,E92000001,England,E12000001,North East,391,Newcastle upon Tyne,E08000021,25 years,Total,63,100
2024,Reporting year,Local authority,E92000001,England,E12000001,North East,391,Newcastle upon Tyne,E08000021,25 years,Young person has requested and received support,0,0
2024,Reporting year,Local authority,E92000001,England,E12000001,North East,392,North Tyneside,E08000022,22 years,Care leaver not in touch,14,36
2024,Reporting year,Local authority,E92000001,England,E12000001,North East,392,North Tyneside,E08000022,22 years,Total,39,100
2024,Reporting year,Local authority,E92000001,England,E12000001,North East,392,North Tyneside,E08000022,22 years,Young person has requested and received support,25,64
2024,Reporting year,Local authority,E92000001,England,E12000001,North East,392,North Tyneside,E08000022,23 years,Care leaver not in touch,23,51
2024,Reporting year,Local authority,E92000001,England,E12000001,North East,392,North Tyneside,E08000022,23 years,Total,45,100
2024,Reporting year,Local authority,E92000001,England,E12000001,North East,392,North Tyneside,E08000022,23 years,Young person has requested and received support,22,49
2024,Reporting year,Local authority,E92000001,England,E12000001,North East,392,North Tyneside,E08000022,24 years,Care leaver not in touch,18,50
2024,Reporting year,Local authority,E92000001,England,E12000001,North East,392,North Tyneside,E08000022,24 years,Total,36,100
2024,Reporting year,Local authority,E92000001,England,E12000001,North East,392,North Tyneside,E08000022,24 years,Young person has requested and received support,18,50
2024,Reporting year,Local authority,E92000001,England,E12000001,North East,392,North Tyneside,E08000022,25 years,Care leaver not in touch,26,74
2024,Reporting year,Local authority,E92000001,England,E12000001,North East,392,North Tyneside,E08000022,25 years,Total,35,100
2024,Reporting year,Local authority,E92000001,England,E12000001,North East,392,North Tyneside,E08000022,25 years,Young person has requested and received support,9,26
2024,Reporting year,Local authority,E92000001,England,E12000001,North East,393,South Tyneside,E08000023,22 years,Care leaver not in touch,c,c
2024,Reporting year,Local authority,E92000001,England,E12000001,North East,393,South Tyneside,E08000023,22 years,Total,33,100
2024,Reporting year,Local authority,E92000001,England,E12000001,North East,393,South Tyneside,E08000023,22 years,Young person has requested and received support,c,c
2024,Reporting year,Local authority,E92000001,England,E12000001,North East,393,South Tyneside,E08000023,23 years,Care leaver not in touch,6,17
2024,Reporting year,Local authority,E92000001,England,E12000001,North East,393,South Tyneside,E08000023,23 years,Total,36,100
2024,Reporting year,Local authority,E92000001,England,E12000001,North East,393,South Tyneside,E08000023,23 years,Young person has requested and received support,30,83
2024,Reporting year,Local authority,E92000001,England,E12000001,North East,393,South Tyneside,E08000023,24 years,Care leaver not in touch,c,c
2024,Reporting year,Local authority,E92000001,England,E12000001,North East,393,South Tyneside,E08000023,24 years,Total,29,100
2024,Reporting year,Local authority,E92000001,England,E12000001,North East,393,South Tyneside,E08000023,24 years,Young person has requested and received support,c,c
2024,Reporting year,Local authority,E92000001,England,E12000001,North East,393,South Tyneside,E08000023,25 years,Care leaver not in touch,c,c
2024,Reporting year,Local authority,E92000001,England,E12000001,North East,393,South Tyneside,E08000023,25 years,Total,25,100
2024,Reporting year,Local authority,E92000001,England,E12000001,North East,393,South Tyneside,E08000023,25 years,Young person has requested and received support,c,c
2024,Reporting year,Local authority,E92000001,England,E12000001,North East,394,Sunderland,E08000024,22 years,Care leaver not in touch,38,60
2024,Reporting year,Local authority,E92000001,England,E12000001,North East,394,Sunderland,E08000024,22 years,Total,63,100
2024,Reporting year,Local authority,E92000001,England,E12000001,North East,394,Sunderland,E08000024,22 years,Young person has requested and received support,25,40
2024,Reporting year,Local authority,E92000001,England,E12000001,North East,394,Sunderland,E08000024,23 years,Care leaver not in touch,47,82
2024,Reporting year,Local authority,E92000001,England,E12000001,North East,394,Sunderland,E08000024,23 years,Total,57,100
2024,Reporting year,Local authority,E92000001,England,E12000001,North East,394,Sunderland,E08000024,23 years,Young person has requested and received support,10,18
2024,Reporting year,Local authority,E92000001,England,E12000001,North East,394,Sunderland,E08000024,24 years,Care leaver not in touch,c,c
2024,Reporting year,Local authority,E92000001,England,E12000001,North East,394,Sunderland,E08000024,24 years,Total,54,100
2024,Reporting year,Local authority,E92000001,England,E12000001,North East,394,Sunderland,E08000024,24 years,Young person has requested and received support,c,c
2024,Reporting year,Local authority,E92000001,England,E12000001,North East,394,Sunderland,E08000024,25 years,Care leaver not in touch,c,c
2024,Reporting year,Local authority,E92000001,England,E12000001,North East,394,Sunderland,E08000024,25 years,Total,56,100
2024,Reporting year,Local authority,E92000001,England,E12000001,North East,394,Sunderland,E08000024,25 years,Young person has requested and received support,c,c
2024,Reporting year,Local authority,E92000001,England,E12000001,North East,390,Gateshead,E08000037,22 years,Care leaver not in touch,7,22
2024,Reporting year,Local authority,E92000001,England,E12000001,North East,390,Gateshead,E08000037,22 years,Total,32,100
2024,Reporting year,Local authority,E92000001,England,E12000001,North East,390,Gateshead,E08000037,22 years,Young person has requested and received support,25,78
2024,Reporting year,Local authority,E92000001,England,E12000001,North East,390,Gateshead,E08000037,23 years,Care leaver not in touch,28,76
2024,Reporting year,Local authority,E92000001,England,E12000001,North East,390,Gateshead,E08000037,23 years,Total,37,100
2024,Reporting year,Local authority,E92000001,England,E12000001,North East,390,Gateshead,E08000037,23 years,Young person has requested and received support,9,24
2024,Reporting year,Local authority,E92000001,England,E12000001,North East,390,Gateshead,E08000037,24 years,Care leaver not in touch,35,73
2024,Reporting year,Local authority,E92000001,England,E12000001,North East,390,Gateshead,E08000037,24 years,Total,48,100
2024,Reporting year,Local authority,E92000001,England,E12000001,North East,390,Gateshead,E08000037,24 years,Young person has requested and received support,13,27
2024,Reporting year,Local authority,E92000001,England,E12000001,North East,390,Gateshead,E08000037,25 years,Care leaver not in touch,c,c
2024,Reporting year,Local authority,E92000001,England,E12000001,North East,390,Gateshead,E08000037,25 years,Total,39,100
2024,Reporting year,Local authority,E92000001,England,E12000001,North East,390,Gateshead,E08000037,25 years,Young person has requested and received support,c,c
2024,Reporting year,Local authority,E92000001,England,E12000002,North West,876,Halton,E06000006,22 years,Care leaver not in touch,c,c
2024,Reporting year,Local authority,E92000001,England,E12000002,North West,876,Halton,E06000006,22 years,Total,23,100
2024,Reporting year,Local authority,E92000001,England,E12000002,North West,876,Halton,E06000006,22 years,Young person has requested and received support,c,c
2024,Reporting year,Local authority,E92000001,England,E12000002,North West,876,Halton,E06000006,23 years,Care leaver not in touch,c,c
2024,Reporting year,Local authority,E92000001,England,E12000002,North West,876,Halton,E06000006,23 years,Total,26,100
2024,Reporting year,Local authority,E92000001,England,E12000002,North West,876,Halton,E06000006,23 years,Young person has requested and received support,c,c
2024,Reporting year,Local authority,E92000001,England,E12000002,North West,876,Halton,E06000006,24 years,Care leaver not in touch,c,c
2024,Reporting year,Local authority,E92000001,England,E12000002,North West,876,Halton,E06000006,24 years,Total,23,100
2024,Reporting year,Local authority,E92000001,England,E12000002,North West,876,Halton,E06000006,24 years,Young person has requested and received support,c,c
2024,Reporting year,Local authority,E92000001,England,E12000002,North West,876,Halton,E06000006,25 years,Care leaver not in touch,26,100
2024,Reporting year,Local authority,E92000001,England,E12000002,North West,876,Halton,E06000006,25 years,Total,26,100
2024,Reporting year,Local authority,E92000001,England,E12000002,North West,876,Halton,E06000006,25 years,Young person has requested and received support,0,0
2024,Reporting year,Local authority,E92000001,England,E12000002,North West,877,Warrington,E06000007,22 years,Care leaver not in touch,c,c
2024,Reporting year,Local authority,E92000001,England,E12000002,North West,877,Warrington,E06000007,22 years,Total,46,100
2024,Reporting year,Local authority,E92000001,England,E12000002,North West,877,Warrington,E06000007,22 years,Young person has requested and received support,c,c
2024,Reporting year,Local authority,E92000001,England,E12000002,North West,877,Warrington,E06000007,23 years,Care leaver not in touch,c,c
2024,Reporting year,Local authority,E92000001,England,E12000002,North West,877,Warrington,E06000007,23 years,Total,37,100
2024,Reporting year,Local authority,E92000001,England,E12000002,North West,877,Warrington,E06000007,23 years,Young person has requested and received support,c,c
2024,Reporting year,Local authority,E92000001,England,E12000002,North West,877,Warrington,E06000007,24 years,Care leaver not in touch,c,c
2024,Reporting year,Local authority,E92000001,England,E12000002,North West,877,Warrington,E06000007,24 years,Total,36,100
2024,Reporting year,Local authority,E92000001,England,E12000002,North West,877,Warrington,E06000007,24 years,Young person has requested and received support,c,c
2024,Reporting year,Local authority,E92000001,England,E12000002,North West,877,Warrington,E06000007,25 years,Care leaver not in touch,30,100
2024,Reporting year,Local authority,E92000001,England,E12000002,North West,877,Warrington,E06000007,25 years,Total,30,100
2024,Reporting year,Local authority,E92000001,England,E12000002,North West,877,Warrington,E06000007,25 years,Young person has requested and received support,0,0
2024,Reporting year,Local authority,E92000001,England,E12000002,North West,889,Blackburn with Darwen,E06000008,22 years,Care leaver not in touch,c,c
2024,Reporting year,Local authority,E92000001,England,E12000002,North West,889,Blackburn with Darwen,E06000008,22 years,Total,41,100
2024,Reporting year,Local authority,E92000001,England,E12000002,North West,889,Blackburn with Darwen,E06000008,22 years,Young person has requested and received support,c,c
2024,Reporting year,Local authority,E92000001,England,E12000002,North West,889,Blackburn with Darwen,E06000008,23 years,Care leaver not in touch,8,23
2024,Reporting year,Local authority,E92000001,England,E12000002,North West,889,Blackburn with Darwen,E06000008,23 years,Total,35,100
2024,Reporting year,Local authority,E92000001,England,E12000002,North West,889,Blackburn with Darwen,E06000008,23 years,Young person has requested and received support,27,77
2024,Reporting year,Local authority,E92000001,England,E12000002,North West,889,Blackburn with Darwen,E06000008,24 years,Care leaver not in touch,10,29
2024,Reporting year,Local authority,E92000001,England,E12000002,North West,889,Blackburn with Darwen,E06000008,24 years,Total,34,100
2024,Reporting year,Local authority,E92000001,England,E12000002,North West,889,Blackburn with Darwen,E06000008,24 years,Young person has requested and received support,24,71
2024,Reporting year,Local authority,E92000001,England,E12000002,North West,889,Blackburn with Darwen,E06000008,25 years,Care leaver not in touch,7,26
2024,Reporting year,Local authority,E92000001,England,E12000002,North West,889,Blackburn with Darwen,E06000008,25 years,Total,27,100
2024,Reporting year,Local authority,E92000001,England,E12000002,North West,889,Blackburn with Darwen,E06000008,25 years,Young person has requested and received support,20,74
2024,Reporting year,Local authority,E92000001,England,E12000002,North West,890,Blackpool,E06000009,22 years,Care leaver not in touch,10,22
2024,Reporting year,Local authority,E92000001,England,E12000002,North West,890,Blackpool,E06000009,22 years,Total,46,100
2024,Reporting year,Local authority,E92000001,England,E12000002,North West,890,Blackpool,E06000009,22 years,Young person has requested and received support,36,78
2024,Reporting year,Local authority,E92000001,England,E12000002,North West,890,Blackpool,E06000009,23 years,Care leaver not in touch,15,29
2024,Reporting year,Local authority,E92000001,England,E12000002,North West,890,Blackpool,E06000009,23 years,Total,51,100
2024,Reporting year,Local authority,E92000001,England,E12000002,North West,890,Blackpool,E06000009,23 years,Young person has requested and received support,36,71
2024,Reporting year,Local authority,E92000001,England,E12000002,North West,890,Blackpool,E06000009,24 years,Care leaver not in touch,15,41
2024,Reporting year,Local authority,E92000001,England,E12000002,North West,890,Blackpool,E06000009,24 years,Total,37,100
2024,Reporting year,Local authority,E92000001,England,E12000002,North West,890,Blackpool,E06000009,24 years,Young person has requested and received support,22,59
2024,Reporting year,Local authority,E92000001,England,E12000002,North West,890,Blackpool,E06000009,25 years,Care leaver not in touch,38,67
2024,Reporting year,Local authority,E92000001,England,E12000002,North West,890,Blackpool,E06000009,25 years,Total,57,100
2024,Reporting year,Local authority,E92000001,England,E12000002,North West,890,Blackpool,E06000009,25 years,Young person has requested and received support,19,33
2024,Reporting year,Local authority,E92000001,England,E12000002,North West,895,Cheshire East,E06000049,22 years,Care leaver not in touch,c,c
2024,Reporting year,Local authority,E92000001,England,E12000002,North West,895,Cheshire East,E06000049,22 years,Total,59,100
2024,Reporting year,Local authority,E92000001,England,E12000002,North West,895,Cheshire East,E06000049,22 years,Young person has requested and received support,c,c
2024,Reporting year,Local authority,E92000001,England,E12000002,North West,895,Cheshire East,E06000049,23 years,Care leaver not in touch,10,18
2024,Reporting year,Local authority,E92000001,England,E12000002,North West,895,Cheshire East,E06000049,23 years,Total,57,100
2024,Reporting year,Local authority,E92000001,England,E12000002,North West,895,Cheshire East,E06000049,23 years,Young person has requested and received support,47,82
2024,Reporting year,Local authority,E92000001,England,E12000002,North West,895,Cheshire East,E06000049,24 years,Care leaver not in touch,c,c
2024,Reporting year,Local authority,E92000001,England,E12000002,North West,895,Cheshire East,E06000049,24 years,Total,38,100
2024,Reporting year,Local authority,E92000001,England,E12000002,North West,895,Cheshire East,E06000049,24 years,Young person has requested and received support,c,c
2024,Reporting year,Local authority,E92000001,England,E12000002,North West,895,Cheshire East,E06000049,25 years,Care leaver not in touch,c,c
2024,Reporting year,Local authority,E92000001,England,E12000002,North West,895,Cheshire East,E06000049,25 years,Total,33,100
2024,Reporting year,Local authority,E92000001,England,E12000002,North West,895,Cheshire East,E06000049,25 years,Young person has requested and received support,c,c
2024,Reporting year,Local authority,E92000001,England,E12000002,North West,896,Cheshire West and Chester,E06000050,22 years,Care leaver not in touch,c,c
2024,Reporting year,Local authority,E92000001,England,E12000002,North West,896,Cheshire West and Chester,E06000050,22 years,Total,42,100
2024,Reporting year,Local authority,E92000001,England,E12000002,North West,896,Cheshire West and Chester,E06000050,22 years,Young person has requested and received support,c,c
2024,Reporting year,Local authority,E92000001,England,E12000002,North West,896,Cheshire West and Chester,E06000050,23 years,Care leaver not in touch,45,87
2024,Reporting year,Local authority,E92000001,England,E12000002,North West,896,Cheshire West and Chester,E06000050,23 years,Total,52,100
2024,Reporting year,Local authority,E92000001,England,E12000002,North West,896,Cheshire West and Chester,E06000050,23 years,Young person has requested and received support,7,13
2024,Reporting year,Local authority,E92000001,England,E12000002,North West,896,Cheshire West and Chester,E06000050,24 years,Care leaver not in touch,61,91
2024,Reporting year,Local authority,E92000001,England,E12000002,North West,896,Cheshire West and Chester,E06000050,24 years,Total,67,100
2024,Reporting year,Local authority,E92000001,England,E12000002,North West,896,Cheshire West and Chester,E06000050,24 years,Young person has requested and received support,6,9
2024,Reporting year,Local authority,E92000001,England,E12000002,North West,896,Cheshire West and Chester,E06000050,25 years,Care leaver not in touch,c,c
2024,Reporting year,Local authority,E92000001,England,E12000002,North West,896,Cheshire West and Chester,E06000050,25 years,Total,49,100
2024,Reporting year,Local authority,E92000001,England,E12000002,North West,896,Cheshire West and Chester,E06000050,25 years,Young person has requested and received support,c,c
2024,Reporting year,Local authority,E92000001,England,E12000002,North West,942,Cumberland,E06000063,22 years,Care leaver not in touch,42,88
2024,Reporting year,Local authority,E92000001,England,E12000002,North West,942,Cumberland,E06000063,22 years,Total,48,100
2024,Reporting year,Local authority,E92000001,England,E12000002,North West,942,Cumberland,E06000063,22 years,Young person has requested and received support,6,13
2024,Reporting year,Local authority,E92000001,England,E12000002,North West,942,Cumberland,E06000063,23 years,Care leaver not in touch,c,c
2024,Reporting year,Local authority,E92000001,England,E12000002,North West,942,Cumberland,E06000063,23 years,Total,20,100
2024,Reporting year,Local authority,E92000001,England,E12000002,North West,942,Cumberland,E06000063,23 years,Young person has requested and received support,c,c
2024,Reporting year,Local authority,E92000001,England,E12000002,North West,942,Cumberland,E06000063,24 years,Care leaver not in touch,c,c
2024,Reporting year,Local authority,E92000001,England,E12000002,North West,942,Cumberland,E06000063,24 years,Total,33,100
2024,Reporting year,Local authority,E92000001,England,E12000002,North West,942,Cumberland,E06000063,24 years,Young person has requested and received support,c,c
2024,Reporting year,Local authority,E92000001,England,E12000002,North West,942,Cumberland,E06000063,25 years,Care leaver not in touch,c,c
2024,Reporting year,Local authority,E92000001,England,E12000002,North West,942,Cumberland,E06000063,25 years,Total,36,100
2024,Reporting year,Local authority,E92000001,England,E12000002,North West,942,Cumberland,E06000063,25 years,Young person has requested and received support,c,c
2024,Reporting year,Local authority,E92000001,England,E12000002,North West,943,Westmorland and Furness,E06000064,22 years,Care leaver not in touch,c,c
2024,Reporting year,Local authority,E92000001,England,E12000002,North West,943,Westmorland and Furness,E06000064,22 years,Total,16,100
2024,Reporting year,Local authority,E92000001,England,E12000002,North West,943,Westmorland and Furness,E06000064,22 years,Young person has requested and received support,c,c
2024,Reporting year,Local authority,E92000001,England,E12000002,North West,943,Westmorland and Furness,E06000064,23 years,Care leaver not in touch,c,c
2024,Reporting year,Local authority,E92000001,England,E12000002,North West,943,Westmorland and Furness,E06000064,23 years,Total,24,100
2024,Reporting year,Local authority,E92000001,England,E12000002,North West,943,Westmorland and Furness,E06000064,23 years,Young person has requested and received support,c,c
2024,Reporting year,Local authority,E92000001,England,E12000002,North West,943,Westmorland and Furness,E06000064,24 years,Care leaver not in touch,c,c
2024,Reporting year,Local authority,E92000001,England,E12000002,North West,943,Westmorland and Furness,E06000064,24 years,Total,17,100
2024,Reporting year,Local authority,E92000001,England,E12000002,North West,943,Westmorland and Furness,E06000064,24 years,Young person has requested and received support,c,c
2024,Reporting year,Local authority,E92000001,England,E12000002,North West,943,Westmorland and Furness,E06000064,25 years,Care leaver not in touch,c,c
2024,Reporting year,Local authority,E92000001,England,E12000002,North West,943,Westmorland and Furness,E06000064,25 years,Total,29,100
2024,Reporting year,Local authority,E92000001,England,E12000002,North West,943,Westmorland and Furness,E06000064,25 years,Young person has requested and received support,c,c
2024,Reporting year,Local authority,E92000001,England,E12000002,North West,350,Bolton,E08000001,22 years,Care leaver not in touch,33,51
2024,Reporting year,Local authority,E92000001,England,E12000002,North West,350,Bolton,E08000001,22 years,Total,65,100
2024,Reporting year,Local authority,E92000001,England,E12000002,North West,350,Bolton,E08000001,22 years,Young person has requested and received support,32,49
2024,Reporting year,Local authority,E92000001,England,E12000002,North West,350,Bolton,E08000001,23 years,Care leaver not in touch,27,55
2024,Reporting year,Local authority,E92000001,England,E12000002,North West,350,Bolton,E08000001,23 years,Total,49,100
2024,Reporting year,Local authority,E92000001,England,E12000002,North West,350,Bolton,E08000001,23 years,Young person has requested and received support,22,45
2024,Reporting year,Local authority,E92000001,England,E12000002,North West,350,Bolton,E08000001,24 years,Care leaver not in touch,35,70
2024,Reporting year,Local authority,E92000001,England,E12000002,North West,350,Bolton,E08000001,24 years,Total,50,100
2024,Reporting year,Local authority,E92000001,England,E12000002,North West,350,Bolton,E08000001,24 years,Young person has requested and received support,15,30
2024,Reporting year,Local authority,E92000001,England,E12000002,North West,350,Bolton,E08000001,25 years,Care leaver not in touch,31,78
2024,Reporting year,Local authority,E92000001,England,E12000002,North West,350,Bolton,E08000001,25 years,Total,40,100
2024,Reporting year,Local authority,E92000001,England,E12000002,North West,350,Bolton,E08000001,25 years,Young person has requested and received support,9,23
2024,Reporting year,Local authority,E92000001,England,E12000002,North West,351,Bury,E08000002,22 years,Care leaver not in touch,23,59
2024,Reporting year,Local authority,E92000001,England,E12000002,North West,351,Bury,E08000002,22 years,Total,39,100
2024,Reporting year,Local authority,E92000001,England,E12000002,North West,351,Bury,E08000002,22 years,Young person has requested and received support,16,41
2024,Reporting year,Local authority,E92000001,England,E12000002,North West,351,Bury,E08000002,23 years,Care leaver not in touch,c,c
2024,Reporting year,Local authority,E92000001,England,E12000002,North West,351,Bury,E08000002,23 years,Total,42,100
2024,Reporting year,Local authority,E92000001,England,E12000002,North West,351,Bury,E08000002,23 years,Young person has requested and received support,c,c
2024,Reporting year,Local authority,E92000001,England,E12000002,North West,351,Bury,E08000002,24 years,Care leaver not in touch,c,c
2024,Reporting year,Local authority,E92000001,England,E12000002,North West,351,Bury,E08000002,24 years,Total,42,100
2024,Reporting year,Local authority,E92000001,England,E12000002,North West,351,Bury,E08000002,24 years,Young person has requested and received support,c,c
2024,Reporting year,Local authority,E92000001,England,E12000002,North West,351,Bury,E08000002,25 years,Care leaver not in touch,c,c
2024,Reporting year,Local authority,E92000001,England,E12000002,North West,351,Bury,E08000002,25 years,Total,35,100
2024,Reporting year,Local authority,E92000001,England,E12000002,North West,351,Bury,E08000002,25 years,Young person has requested and received support,c,c
2024,Reporting year,Local authority,E92000001,England,E12000002,North West,352,Manchester,E08000003,22 years,Care leaver not in touch,57,32
2024,Reporting year,Local authority,E92000001,England,E12000002,North West,352,Manchester,E08000003,22 years,Total,180,100
2024,Reporting year,Local authority,E92000001,England,E12000002,North West,352,Manchester,E08000003,22 years,Young person has requested and received support,123,68
2024,Reporting year,Local authority,E92000001,England,E12000002,North West,352,Manchester,E08000003,23 years,Care leaver not in touch,72,42
2024,Reporting year,Local authority,E92000001,England,E12000002,North West,352,Manchester,E08000003,23 years,Total,171,100
2024,Reporting year,Local authority,E92000001,England,E12000002,North West,352,Manchester,E08000003,23 years,Young person has requested and received support,99,58
2024,Reporting year,Local authority,E92000001,England,E12000002,North West,352,Manchester,E08000003,24 years,Care leaver not in touch,88,53
2024,Reporting year,Local authority,E92000001,England,E12000002,North West,352,Manchester,E08000003,24 years,Total,167,100
2024,Reporting year,Local authority,E92000001,England,E12000002,North West,352,Manchester,E08000003,24 years,Young person has requested and received support,79,47
2024,Reporting year,Local authority,E92000001,England,E12000002,North West,352,Manchester,E08000003,25 years,Care leaver not in touch,105,65
2024,Reporting year,Local authority,E92000001,England,E12000002,North West,352,Manchester,E08000003,25 years,Total,162,100
2024,Reporting year,Local authority,E92000001,England,E12000002,North West,352,Manchester,E08000003,25 years,Young person has requested and received support,57,35
2024,Reporting year,Local authority,E92000001,England,E12000002,North West,353,Oldham,E08000004,22 years,Care leaver not in touch,43,77
2024,Reporting year,Local authority,E92000001,England,E12000002,North West,353,Oldham,E08000004,22 years,Total,56,100
2024,Reporting year,Local authority,E92000001,England,E12000002,North West,353,Oldham,E08000004,22 years,Young person has requested and received support,13,23
2024,Reporting year,Local authority,E92000001,England,E12000002,North West,353,Oldham,E08000004,23 years,Care leaver not in touch,c,c
2024,Reporting year,Local authority,E92000001,England,E12000002,North West,353,Oldham,E08000004,23 years,Total,53,100
2024,Reporting year,Local authority,E92000001,England,E12000002,North West,353,Oldham,E08000004,23 years,Young person has requested and received support,c,c
2024,Reporting year,Local authority,E92000001,England,E12000002,North West,353,Oldham,E08000004,24 years,Care leaver not in touch,c,c
2024,Reporting year,Local authority,E92000001,England,E12000002,North West,353,Oldham,E08000004,24 years,Total,38,100
2024,Reporting year,Local authority,E92000001,England,E12000002,North West,353,Oldham,E08000004,24 years,Young person has requested and received support,c,c
2024,Reporting year,Local authority,E92000001,England,E12000002,North West,353,Oldham,E08000004,25 years,Care leaver not in touch,c,c
2024,Reporting year,Local authority,E92000001,England,E12000002,North West,353,Oldham,E08000004,25 years,Total,27,100
2024,Reporting year,Local authority,E92000001,England,E12000002,North West,353,Oldham,E08000004,25 years,Young person has requested and received support,c,c
2024,Reporting year,Local authority,E92000001,England,E12000002,North West,354,Rochdale,E08000005,22 years,Care leaver not in touch,35,60
2024,Reporting year,Local authority,E92000001,England,E12000002,North West,354,Rochdale,E08000005,22 years,Total,58,100
2024,Reporting year,Local authority,E92000001,England,E12000002,North West,354,Rochdale,E08000005,22 years,Young person has requested and received support,23,40
2024,Reporting year,Local authority,E92000001,England,E12000002,North West,354,Rochdale,E08000005,23 years,Care leaver not in touch,33,80
2024,Reporting year,Local authority,E92000001,England,E12000002,North West,354,Rochdale,E08000005,23 years,Total,41,100
2024,Reporting year,Local authority,E92000001,England,E12000002,North West,354,Rochdale,E08000005,23 years,Young person has requested and received support,8,20
2024,Reporting year,Local authority,E92000001,England,E12000002,North West,354,Rochdale,E08000005,24 years,Care leaver not in touch,33,83
2024,Reporting year,Local authority,E92000001,England,E12000002,North West,354,Rochdale,E08000005,24 years,Total,40,100
2024,Reporting year,Local authority,E92000001,England,E12000002,North West,354,Rochdale,E08000005,24 years,Young person has requested and received support,7,18
2024,Reporting year,Local authority,E92000001,England,E12000002,North West,354,Rochdale,E08000005,25 years,Care leaver not in touch,c,c
2024,Reporting year,Local authority,E92000001,England,E12000002,North West,354,Rochdale,E08000005,25 years,Total,36,100
2024,Reporting year,Local authority,E92000001,England,E12000002,North West,354,Rochdale,E08000005,25 years,Young person has requested and received support,c,c
2024,Reporting year,Local authority,E92000001,England,E12000002,North West,355,Salford,E08000006,22 years,Care leaver not in touch,c,c
2024,Reporting year,Local authority,E92000001,England,E12000002,North West,355,Salford,E08000006,22 years,Total,75,100
2024,Reporting year,Local authority,E92000001,England,E12000002,North West,355,Salford,E08000006,22 years,Young person has requested and received support,c,c
2024,Reporting year,Local authority,E92000001,England,E12000002,North West,355,Salford,E08000006,23 years,Care leaver not in touch,c,c
2024,Reporting year,Local authority,E92000001,England,E12000002,North West,355,Salford,E08000006,23 years,Total,72,100
2024,Reporting year,Local authority,E92000001,England,E12000002,North West,355,Salford,E08000006,23 years,Young person has requested and received support,c,c
2024,Reporting year,Local authority,E92000001,England,E12000002,North West,355,Salford,E08000006,24 years,Care leaver not in touch,6,11
2024,Reporting year,Local authority,E92000001,England,E12000002,North West,355,Salford,E08000006,24 years,Total,57,100
2024,Reporting year,Local authority,E92000001,England,E12000002,North West,355,Salford,E08000006,24 years,Young person has requested and received support,51,89
2024,Reporting year,Local authority,E92000001,England,E12000002,North West,355,Salford,E08000006,25 years,Care leaver not in touch,13,21
2024,Reporting year,Local authority,E92000001,England,E12000002,North West,355,Salford,E08000006,25 years,Total,62,100
2024,Reporting year,Local authority,E92000001,England,E12000002,North West,355,Salford,E08000006,25 years,Young person has requested and received support,49,79
2024,Reporting year,Local authority,E92000001,England,E12000002,North West,356,Stockport,E08000007,22 years,Care leaver not in touch,18,34
2024,Reporting year,Local authority,E92000001,England,E12000002,North West,356,Stockport,E08000007,22 years,Total,53,100
2024,Reporting year,Local authority,E92000001,England,E12000002,North West,356,Stockport,E08000007,22 years,Young person has requested and received support,35,66
2024,Reporting year,Local authority,E92000001,England,E12000002,North West,356,Stockport,E08000007,23 years,Care leaver not in touch,24,63
2024,Reporting year,Local authority,E92000001,England,E12000002,North West,356,Stockport,E08000007,23 years,Total,38,100
2024,Reporting year,Local authority,E92000001,England,E12000002,North West,356,Stockport,E08000007,23 years,Young person has requested and received support,14,37
2024,Reporting year,Local authority,E92000001,England,E12000002,North West,356,Stockport,E08000007,24 years,Care leaver not in touch,22,49
2024,Reporting year,Local authority,E92000001,England,E12000002,North West,356,Stockport,E08000007,24 years,Total,45,100
2024,Reporting year,Local authority,E92000001,England,E12000002,North West,356,Stockport,E08000007,24 years,Young person has requested and received support,23,51
2024,Reporting year,Local authority,E92000001,England,E12000002,North West,356,Stockport,E08000007,25 years,Care leaver not in touch,15,58
2024,Reporting year,Local authority,E92000001,England,E12000002,North West,356,Stockport,E08000007,25 years,Total,26,100
2024,Reporting year,Local authority,E92000001,England,E12000002,North West,356,Stockport,E08000007,25 years,Young person has requested and received support,11,42
2024,Reporting year,Local authority,E92000001,England,E12000002,North West,357,Tameside,E08000008,22 years,Care leaver not in touch,11,17
2024,Reporting year,Local authority,E92000001,England,E12000002,North West,357,Tameside,E08000008,22 years,Total,64,100
2024,Reporting year,Local authority,E92000001,England,E12000002,North West,357,Tameside,E08000008,22 years,Young person has requested and received support,53,83
2024,Reporting year,Local authority,E92000001,England,E12000002,North West,357,Tameside,E08000008,23 years,Care leaver not in touch,17,25
2024,Reporting year,Local authority,E92000001,England,E12000002,North West,357,Tameside,E08000008,23 years,Total,69,100
2024,Reporting year,Local authority,E92000001,England,E12000002,North West,357,Tameside,E08000008,23 years,Young person has requested and received support,52,75
2024,Reporting year,Local authority,E92000001,England,E12000002,North West,357,Tameside,E08000008,24 years,Care leaver not in touch,17,31
2024,Reporting year,Local authority,E92000001,England,E12000002,North West,357,Tameside,E08000008,24 years,Total,54,100
2024,Reporting year,Local authority,E92000001,England,E12000002,North West,357,Tameside,E08000008,24 years,Young person has requested and received support,37,69
2024,Reporting year,Local authority,E92000001,England,E12000002,North West,357,Tameside,E08000008,25 years,Care leaver not in touch,35,70
2024,Reporting year,Local authority,E92000001,England,E12000002,North West,357,Tameside,E08000008,25 years,Total,50,100
2024,Reporting year,Local authority,E92000001,England,E12000002,North West,357,Tameside,E08000008,25 years,Young person has requested and received support,15,30
2024,Reporting year,Local authority,E92000001,England,E12000002,North West,358,Trafford,E08000009,22 years,Care leaver not in touch,16,31
2024,Reporting year,Local authority,E92000001,England,E12000002,North West,358,Trafford,E08000009,22 years,Total,51,100
2024,Reporting year,Local authority,E92000001,England,E12000002,North West,358,Trafford,E08000009,22 years,Young person has requested and received support,35,69
2024,Reporting year,Local authority,E92000001,England,E12000002,North West,358,Trafford,E08000009,23 years,Care leaver not in touch,18,41
2024,Reporting year,Local authority,E92000001,England,E12000002,North West,358,Trafford,E08000009,23 years,Total,44,100
2024,Reporting year,Local authority,E92000001,England,E12000002,North West,358,Trafford,E08000009,23 years,Young person has requested and received support,26,59
2024,Reporting year,Local authority,E92000001,England,E12000002,North West,358,Trafford,E08000009,24 years,Care leaver not in touch,18,43
2024,Reporting year,Local authority,E92000001,England,E12000002,North West,358,Trafford,E08000009,24 years,Total,42,100
2024,Reporting year,Local authority,E92000001,England,E12000002,North West,358,Trafford,E08000009,24 years,Young person has requested and received support,24,57
2024,Reporting year,Local authority,E92000001,England,E12000002,North West,358,Trafford,E08000009,25 years,Care leaver not in touch,c,c
2024,Reporting year,Local authority,E92000001,England,E12000002,North West,358,Trafford,E08000009,25 years,Total,33,100
2024,Reporting year,Local authority,E92000001,England,E12000002,North West,358,Trafford,E08000009,25 years,Young person has requested and received support,c,c
2024,Reporting year,Local authority,E92000001,England,E12000002,North West,359,Wigan,E08000010,22 years,Care leaver not in touch,29,60
2024,Reporting year,Local authority,E92000001,England,E12000002,North West,359,Wigan,E08000010,22 years,Total,48,100
2024,Reporting year,Local authority,E92000001,England,E12000002,North West,359,Wigan,E08000010,22 years,Young person has requested and received support,19,40
2024,Reporting year,Local authority,E92000001,England,E12000002,North West,359,Wigan,E08000010,23 years,Care leaver not in touch,31,69
2024,Reporting year,Local authority,E92000001,England,E12000002,North West,359,Wigan,E08000010,23 years,Total,45,100
2024,Reporting year,Local authority,E92000001,England,E12000002,North West,359,Wigan,E08000010,23 years,Young person has requested and received support,14,31
2024,Reporting year,Local authority,E92000001,England,E12000002,North West,359,Wigan,E08000010,24 years,Care leaver not in touch,c,c
2024,Reporting year,Local authority,E92000001,England,E12000002,North West,359,Wigan,E08000010,24 years,Total,34,100
2024,Reporting year,Local authority,E92000001,England,E12000002,North West,359,Wigan,E08000010,24 years,Young person has requested and received support,c,c
2024,Reporting year,Local authority,E92000001,England,E12000002,North West,359,Wigan,E08000010,25 years,Care leaver not in touch,c,c
2024,Reporting year,Local authority,E92000001,England,E12000002,North West,359,Wigan,E08000010,25 years,Total,46,100
2024,Reporting year,Local authority,E92000001,England,E12000002,North West,359,Wigan,E08000010,25 years,Young person has requested and received support,c,c
2024,Reporting year,Local authority,E92000001,England,E12000002,North West,340,Knowsley,E08000011,22 years,Care leaver not in touch,6,23
2024,Reporting year,Local authority,E92000001,England,E12000002,North West,340,Knowsley,E08000011,22 years,Total,26,100
2024,Reporting year,Local authority,E92000001,England,E12000002,North West,340,Knowsley,E08000011,22 years,Young person has requested and received support,20,77
2024,Reporting year,Local authority,E92000001,England,E12000002,North West,340,Knowsley,E08000011,23 years,Care leaver not in touch,14,44
2024,Reporting year,Local authority,E92000001,England,E12000002,North West,340,Knowsley,E08000011,23 years,Total,32,100
2024,Reporting year,Local authority,E92000001,England,E12000002,North West,340,Knowsley,E08000011,23 years,Young person has requested and received support,18,56
2024,Reporting year,Local authority,E92000001,England,E12000002,North West,340,Knowsley,E08000011,24 years,Care leaver not in touch,18,72
2024,Reporting year,Local authority,E92000001,England,E12000002,North West,340,Knowsley,E08000011,24 years,Total,25,100
2024,Reporting year,Local authority,E92000001,England,E12000002,North West,340,Knowsley,E08000011,24 years,Young person has requested and received support,7,28
2024,Reporting year,Local authority,E92000001,England,E12000002,North West,340,Knowsley,E08000011,25 years,Care leaver not in touch,c,c
2024,Reporting year,Local authority,E92000001,England,E12000002,North West,340,Knowsley,E08000011,25 years,Total,26,100
2024,Reporting year,Local authority,E92000001,England,E12000002,North West,340,Knowsley,E08000011,25 years,Young person has requested and received support,c,c
2024,Reporting year,Local authority,E92000001,England,E12000002,North West,341,Liverpool,E08000012,22 years,Care leaver not in touch,78,47
2024,Reporting year,Local authority,E92000001,England,E12000002,North West,341,Liverpool,E08000012,22 years,Total,165,100
2024,Reporting year,Local authority,E92000001,England,E12000002,North West,341,Liverpool,E08000012,22 years,Young person has requested and received support,87,53
2024,Reporting year,Local authority,E92000001,England,E12000002,North West,341,Liverpool,E08000012,23 years,Care leaver not in touch,121,82
2024,Reporting year,Local authority,E92000001,England,E12000002,North West,341,Liverpool,E08000012,23 years,Total,147,100
2024,Reporting year,Local authority,E92000001,England,E12000002,North West,341,Liverpool,E08000012,23 years,Young person has requested and received support,26,18
2024,Reporting year,Local authority,E92000001,England,E12000002,North West,341,Liverpool,E08000012,24 years,Care leaver not in touch,107,91
2024,Reporting year,Local authority,E92000001,England,E12000002,North West,341,Liverpool,E08000012,24 years,Total,117,100
2024,Reporting year,Local authority,E92000001,England,E12000002,North West,341,Liverpool,E08000012,24 years,Young person has requested and received support,10,9
2024,Reporting year,Local authority,E92000001,England,E12000002,North West,341,Liverpool,E08000012,25 years,Care leaver not in touch,92,94
2024,Reporting year,Local authority,E92000001,England,E12000002,North West,341,Liverpool,E08000012,25 years,Total,98,100
2024,Reporting year,Local authority,E92000001,England,E12000002,North West,341,Liverpool,E08000012,25 years,Young person has requested and received support,6,6
2024,Reporting year,Local authority,E92000001,England,E12000002,North West,342,St. Helens,E08000013,22 years,Care leaver not in touch,c,c
2024,Reporting year,Local authority,E92000001,England,E12000002,North West,342,St. Helens,E08000013,22 years,Total,38,100
2024,Reporting year,Local authority,E92000001,England,E12000002,North West,342,St. Helens,E08000013,22 years,Young person has requested and received support,c,c
2024,Reporting year,Local authority,E92000001,England,E12000002,North West,342,St. Helens,E08000013,23 years,Care leaver not in touch,49,100
2024,Reporting year,Local authority,E92000001,England,E12000002,North West,342,St. Helens,E08000013,23 years,Total,49,100
2024,Reporting year,Local authority,E92000001,England,E12000002,North West,342,St. Helens,E08000013,23 years,Young person has requested and received support,0,0
2024,Reporting year,Local authority,E92000001,England,E12000002,North West,342,St. Helens,E08000013,24 years,Care leaver not in touch,c,c
2024,Reporting year,Local authority,E92000001,England,E12000002,North West,342,St. Helens,E08000013,24 years,Total,46,100
2024,Reporting year,Local authority,E92000001,England,E12000002,North West,342,St. Helens,E08000013,24 years,Young person has requested and received support,c,c
2024,Reporting year,Local authority,E92000001,England,E12000002,North West,342,St. Helens,E08000013,25 years,Care leaver not in touch,32,100
2024,Reporting year,Local authority,E92000001,England,E12000002,North West,342,St. Helens,E08000013,25 years,Total,32,100
2024,Reporting year,Local authority,E92000001,England,E12000002,North West,342,St. Helens,E08000013,25 years,Young person has requested and received support,0,0
2024,Reporting year,Local authority,E92000001,England,E12000002,North West,343,Sefton,E08000014,22 years,Care leaver not in touch,14,33
2024,Reporting year,Local authority,E92000001,England,E12000002,North West,343,Sefton,E08000014,22 years,Total,42,100
2024,Reporting year,Local authority,E92000001,England,E12000002,North West,343,Sefton,E08000014,22 years,Young person has requested and received support,28,67
2024,Reporting year,Local authority,E92000001,England,E12000002,North West,343,Sefton,E08000014,23 years,Care leaver not in touch,34,63
2024,Reporting year,Local authority,E92000001,England,E12000002,North West,343,Sefton,E08000014,23 years,Total,54,100
2024,Reporting year,Local authority,E92000001,England,E12000002,North West,343,Sefton,E08000014,23 years,Young person has requested and received support,20,37
2024,Reporting year,Local authority,E92000001,England,E12000002,North West,343,Sefton,E08000014,24 years,Care leaver not in touch,43,80
2024,Reporting year,Local authority,E92000001,England,E12000002,North West,343,Sefton,E08000014,24 years,Total,54,100
2024,Reporting year,Local authority,E92000001,England,E12000002,North West,343,Sefton,E08000014,24 years,Young person has requested and received support,11,20
2024,Reporting year,Local authority,E92000001,England,E12000002,North West,343,Sefton,E08000014,25 years,Care leaver not in touch,c,c
2024,Reporting year,Local authority,E92000001,England,E12000002,North West,343,Sefton,E08000014,25 years,Total,55,100
2024,Reporting year,Local authority,E92000001,England,E12000002,North West,343,Sefton,E08000014,25 years,Young person has requested and received support,c,c
2024,Reporting year,Local authority,E92000001,England,E12000002,North West,344,Wirral,E08000015,22 years,Care leaver not in touch,27,36
2024,Reporting year,Local authority,E92000001,England,E12000002,North West,344,Wirral,E08000015,22 years,Total,74,100
2024,Reporting year,Local authority,E92000001,England,E12000002,North West,344,Wirral,E08000015,22 years,Young person has requested and received support,47,64
2024,Reporting year,Local authority,E92000001,England,E12000002,North West,344,Wirral,E08000015,23 years,Care leaver not in touch,33,48
2024,Reporting year,Local authority,E92000001,England,E12000002,North West,344,Wirral,E08000015,23 years,Total,69,100
2024,Reporting year,Local authority,E92000001,England,E12000002,North West,344,Wirral,E08000015,23 years,Young person has requested and received support,36,52
2024,Reporting year,Local authority,E92000001,England,E12000002,North West,344,Wirral,E08000015,24 years,Care leaver not in touch,35,52
2024,Reporting year,Local authority,E92000001,England,E12000002,North West,344,Wirral,E08000015,24 years,Total,67,100
2024,Reporting year,Local authority,E92000001,England,E12000002,North West,344,Wirral,E08000015,24 years,Young person has requested and received support,32,48
2024,Reporting year,Local authority,E92000001,England,E12000002,North West,344,Wirral,E08000015,25 years,Care leaver not in touch,44,79
2024,Reporting year,Local authority,E92000001,England,E12000002,North West,344,Wirral,E08000015,25 years,Total,56,100
2024,Reporting year,Local authority,E92000001,England,E12000002,North West,344,Wirral,E08000015,25 years,Young person has requested and received support,12,21
2024,Reporting year,Local authority,E92000001,England,E12000002,North West,909,Cumbria,E10000006,22 years,Care leaver not in touch,z,z
2024,Reporting year,Local authority,E92000001,England,E12000002,North West,909,Cumbria,E10000006,22 years,Total,z,z
2024,Reporting year,Local authority,E92000001,England,E12000002,North West,909,Cumbria,E10000006,22 years,Young person has requested and received support,z,z
2024,Reporting year,Local authority,E92000001,England,E12000002,North West,909,Cumbria,E10000006,23 years,Care leaver not in touch,z,z
2024,Reporting year,Local authority,E92000001,England,E12000002,North West,909,Cumbria,E10000006,23 years,Total,z,z
2024,Reporting year,Local authority,E92000001,England,E12000002,North West,909,Cumbria,E10000006,23 years,Young person has requested and received support,z,z
2024,Reporting year,Local authority,E92000001,England,E12000002,North West,909,Cumbria,E10000006,24 years,Care leaver not in touch,z,z
2024,Reporting year,Local authority,E92000001,England,E12000002,North West,909,Cumbria,E10000006,24 years,Total,z,z
2024,Reporting year,Local authority,E92000001,England,E12000002,North West,909,Cumbria,E10000006,24 years,Young person has requested and received support,z,z
2024,Reporting year,Local authority,E92000001,England,E12000002,North West,909,Cumbria,E10000006,25 years,Care leaver not in touch,z,z
2024,Reporting year,Local authority,E92000001,England,E12000002,North West,909,Cumbria,E10000006,25 years,Total,z,z
2024,Reporting year,Local authority,E92000001,England,E12000002,North West,909,Cumbria,E10000006,25 years,Young person has requested and received support,z,z
2024,Reporting year,Local authority,E92000001,England,E12000002,North West,888,Lancashire,E10000017,22 years,Care leaver not in touch,36,17
2024,Reporting year,Local authority,E92000001,England,E12000002,North West,888,Lancashire,E10000017,22 years,Total,215,100
2024,Reporting year,Local authority,E92000001,England,E12000002,North West,888,Lancashire,E10000017,22 years,Young person has requested and received support,179,83
2024,Reporting year,Local authority,E92000001,England,E12000002,North West,888,Lancashire,E10000017,23 years,Care leaver not in touch,67,29
2024,Reporting year,Local authority,E92000001,England,E12000002,North West,888,Lancashire,E10000017,23 years,Total,233,100
2024,Reporting year,Local authority,E92000001,England,E12000002,North West,888,Lancashire,E10000017,23 years,Young person has requested and received support,166,71
2024,Reporting year,Local authority,E92000001,England,E12000002,North West,888,Lancashire,E10000017,24 years,Care leaver not in touch,102,53
2024,Reporting year,Local authority,E92000001,England,E12000002,North West,888,Lancashire,E10000017,24 years,Total,193,100
2024,Reporting year,Local authority,E92000001,England,E12000002,North West,888,Lancashire,E10000017,24 years,Young person has requested and received support,91,47
2024,Reporting year,Local authority,E92000001,England,E12000002,North West,888,Lancashire,E10000017,25 years,Care leaver not in touch,96,69
2024,Reporting year,Local authority,E92000001,England,E12000002,North West,888,Lancashire,E10000017,25 years,Total,139,100
2024,Reporting year,Local authority,E92000001,England,E12000002,North West,888,Lancashire,E10000017,25 years,Young person has requested and received support,43,31
2024,Reporting year,Local authority,E92000001,England,E12000003,Yorkshire and The Humber,810,"Kingston upon Hull, City of",E06000010,22 years,Care leaver not in touch,50,65
2024,Reporting year,Local authority,E92000001,England,E12000003,Yorkshire and The Humber,810,"Kingston upon Hull, City of",E06000010,22 years,Total,77,100
2024,Reporting year,Local authority,E92000001,England,E12000003,Yorkshire and The Humber,810,"Kingston upon Hull, City of",E06000010,22 years,Young person has requested and received support,27,35
2024,Reporting year,Local authority,E92000001,England,E12000003,Yorkshire and The Humber,810,"Kingston upon Hull, City of",E06000010,23 years,Care leaver not in touch,61,84
2024,Reporting year,Local authority,E92000001,England,E12000003,Yorkshire and The Humber,810,"Kingston upon Hull, City of",E06000010,23 years,Total,73,100
2024,Reporting year,Local authority,E92000001,England,E12000003,Yorkshire and The Humber,810,"Kingston upon Hull, City of",E06000010,23 years,Young person has requested and received support,12,16
2024,Reporting year,Local authority,E92000001,England,E12000003,Yorkshire and The Humber,810,"Kingston upon Hull, City of",E06000010,24 years,Care leaver not in touch,54,89
2024,Reporting year,Local authority,E92000001,England,E12000003,Yorkshire and The Humber,810,"Kingston upon Hull, City of",E06000010,24 years,Total,61,100
2024,Reporting year,Local authority,E92000001,England,E12000003,Yorkshire and The Humber,810,"Kingston upon Hull, City of",E06000010,24 years,Young person has requested and received support,7,11
2024,Reporting year,Local authority,E92000001,England,E12000003,Yorkshire and The Humber,810,"Kingston upon Hull, City of",E06000010,25 years,Care leaver not in touch,c,c
2024,Reporting year,Local authority,E92000001,England,E12000003,Yorkshire and The Humber,810,"Kingston upon Hull, City of",E06000010,25 years,Total,69,100
2024,Reporting year,Local authority,E92000001,England,E12000003,Yorkshire and The Humber,810,"Kingston upon Hull, City of",E06000010,25 years,Young person has requested and received support,c,c
2024,Reporting year,Local authority,E92000001,England,E12000003,Yorkshire and The Humber,811,East Riding of Yorkshire,E06000011,22 years,Care leaver not in touch,19,44
2024,Reporting year,Local authority,E92000001,England,E12000003,Yorkshire and The Humber,811,East Riding of Yorkshire,E06000011,22 years,Total,43,100
2024,Reporting year,Local authority,E92000001,England,E12000003,Yorkshire and The Humber,811,East Riding of Yorkshire,E06000011,22 years,Young person has requested and received support,24,56
2024,Reporting year,Local authority,E92000001,England,E12000003,Yorkshire and The Humber,811,East Riding of Yorkshire,E06000011,23 years,Care leaver not in touch,34,85
2024,Reporting year,Local authority,E92000001,England,E12000003,Yorkshire and The Humber,811,East Riding of Yorkshire,E06000011,23 years,Total,40,100
2024,Reporting year,Local authority,E92000001,England,E12000003,Yorkshire and The Humber,811,East Riding of Yorkshire,E06000011,23 years,Young person has requested and received support,6,15
2024,Reporting year,Local authority,E92000001,England,E12000003,Yorkshire and The Humber,811,East Riding of Yorkshire,E06000011,24 years,Care leaver not in touch,34,81
2024,Reporting year,Local authority,E92000001,England,E12000003,Yorkshire and The Humber,811,East Riding of Yorkshire,E06000011,24 years,Total,42,100
2024,Reporting year,Local authority,E92000001,England,E12000003,Yorkshire and The Humber,811,East Riding of Yorkshire,E06000011,24 years,Young person has requested and received support,8,19
2024,Reporting year,Local authority,E92000001,England,E12000003,Yorkshire and The Humber,811,East Riding of Yorkshire,E06000011,25 years,Care leaver not in touch,c,c
2024,Reporting year,Local authority,E92000001,England,E12000003,Yorkshire and The Humber,811,East Riding of Yorkshire,E06000011,25 years,Total,41,100
2024,Reporting year,Local authority,E92000001,England,E12000003,Yorkshire and The Humber,811,East Riding of Yorkshire,E06000011,25 years,Young person has requested and received support,c,c
2024,Reporting year,Local authority,E92000001,England,E12000003,Yorkshire and The Humber,812,North East Lincolnshire,E06000012,22 years,Care leaver not in touch,22,56
2024,Reporting year,Local authority,E92000001,England,E12000003,Yorkshire and The Humber,812,North East Lincolnshire,E06000012,22 years,Total,39,100
2024,Reporting year,Local authority,E92000001,England,E12000003,Yorkshire and The Humber,812,North East Lincolnshire,E06000012,22 years,Young person has requested and received support,17,44
2024,Reporting year,Local authority,E92000001,England,E12000003,Yorkshire and The Humber,812,North East Lincolnshire,E06000012,23 years,Care leaver not in touch,16,64
2024,Reporting year,Local authority,E92000001,England,E12000003,Yorkshire and The Humber,812,North East Lincolnshire,E06000012,23 years,Total,25,100
2024,Reporting year,Local authority,E92000001,England,E12000003,Yorkshire and The Humber,812,North East Lincolnshire,E06000012,23 years,Young person has requested and received support,9,36
2024,Reporting year,Local authority,E92000001,England,E12000003,Yorkshire and The Humber,812,North East Lincolnshire,E06000012,24 years,Care leaver not in touch,c,c
2024,Reporting year,Local authority,E92000001,England,E12000003,Yorkshire and The Humber,812,North East Lincolnshire,E06000012,24 years,Total,22,100
2024,Reporting year,Local authority,E92000001,England,E12000003,Yorkshire and The Humber,812,North East Lincolnshire,E06000012,24 years,Young person has requested and received support,c,c
2024,Reporting year,Local authority,E92000001,England,E12000003,Yorkshire and The Humber,812,North East Lincolnshire,E06000012,25 years,Care leaver not in touch,23,100
2024,Reporting year,Local authority,E92000001,England,E12000003,Yorkshire and The Humber,812,North East Lincolnshire,E06000012,25 years,Total,23,100
2024,Reporting year,Local authority,E92000001,England,E12000003,Yorkshire and The Humber,812,North East Lincolnshire,E06000012,25 years,Young person has requested and received support,0,0
2024,Reporting year,Local authority,E92000001,England,E12000003,Yorkshire and The Humber,813,North Lincolnshire,E06000013,22 years,Care leaver not in touch,23,62
2024,Reporting year,Local authority,E92000001,England,E12000003,Yorkshire and The Humber,813,North Lincolnshire,E06000013,22 years,Total,37,100
2024,Reporting year,Local authority,E92000001,England,E12000003,Yorkshire and The Humber,813,North Lincolnshire,E06000013,22 years,Young person has requested and received support,14,38
2024,Reporting year,Local authority,E92000001,England,E12000003,Yorkshire and The Humber,813,North Lincolnshire,E06000013,23 years,Care leaver not in touch,19,59
2024,Reporting year,Local authority,E92000001,England,E12000003,Yorkshire and The Humber,813,North Lincolnshire,E06000013,23 years,Total,32,100
2024,Reporting year,Local authority,E92000001,England,E12000003,Yorkshire and The Humber,813,North Lincolnshire,E06000013,23 years,Young person has requested and received support,13,41
2024,Reporting year,Local authority,E92000001,England,E12000003,Yorkshire and The Humber,813,North Lincolnshire,E06000013,24 years,Care leaver not in touch,c,c
2024,Reporting year,Local authority,E92000001,England,E12000003,Yorkshire and The Humber,813,North Lincolnshire,E06000013,24 years,Total,21,100
2024,Reporting year,Local authority,E92000001,England,E12000003,Yorkshire and The Humber,813,North Lincolnshire,E06000013,24 years,Young person has requested and received support,c,c
2024,Reporting year,Local authority,E92000001,England,E12000003,Yorkshire and The Humber,813,North Lincolnshire,E06000013,25 years,Care leaver not in touch,c,c
2024,Reporting year,Local authority,E92000001,England,E12000003,Yorkshire and The Humber,813,North Lincolnshire,E06000013,25 years,Total,22,100
2024,Reporting year,Local authority,E92000001,England,E12000003,Yorkshire and The Humber,813,North Lincolnshire,E06000013,25 years,Young person has requested and received support,c,c
2024,Reporting year,Local authority,E92000001,England,E12000003,Yorkshire and The Humber,816,York,E06000014,22 years,Care leaver not in touch,10,43
2024,Reporting year,Local authority,E92000001,England,E12000003,Yorkshire and The Humber,816,York,E06000014,22 years,Total,23,100
2024,Reporting year,Local authority,E92000001,England,E12000003,Yorkshire and The Humber,816,York,E06000014,22 years,Young person has requested and received support,13,57
2024,Reporting year,Local authority,E92000001,England,E12000003,Yorkshire and The Humber,816,York,E06000014,23 years,Care leaver not in touch,17,61
2024,Reporting year,Local authority,E92000001,England,E12000003,Yorkshire and The Humber,816,York,E06000014,23 years,Total,28,100
2024,Reporting year,Local authority,E92000001,England,E12000003,Yorkshire and The Humber,816,York,E06000014,23 years,Young person has requested and received support,11,39
2024,Reporting year,Local authority,E92000001,England,E12000003,Yorkshire and The Humber,816,York,E06000014,24 years,Care leaver not in touch,22,71
2024,Reporting year,Local authority,E92000001,England,E12000003,Yorkshire and The Humber,816,York,E06000014,24 years,Total,31,100
2024,Reporting year,Local authority,E92000001,England,E12000003,Yorkshire and The Humber,816,York,E06000014,24 years,Young person has requested and received support,9,29
2024,Reporting year,Local authority,E92000001,England,E12000003,Yorkshire and The Humber,816,York,E06000014,25 years,Care leaver not in touch,20,100
2024,Reporting year,Local authority,E92000001,England,E12000003,Yorkshire and The Humber,816,York,E06000014,25 years,Total,20,100
2024,Reporting year,Local authority,E92000001,England,E12000003,Yorkshire and The Humber,816,York,E06000014,25 years,Young person has requested and received support,0,0
2024,Reporting year,Local authority,E92000001,England,E12000003,Yorkshire and The Humber,815,North Yorkshire,E06000065,22 years,Care leaver not in touch,13,20
2024,Reporting year,Local authority,E92000001,England,E12000003,Yorkshire and The Humber,815,North Yorkshire,E06000065,22 years,Total,64,100
2024,Reporting year,Local authority,E92000001,England,E12000003,Yorkshire and The Humber,815,North Yorkshire,E06000065,22 years,Young person has requested and received support,51,80
2024,Reporting year,Local authority,E92000001,England,E12000003,Yorkshire and The Humber,815,North Yorkshire,E06000065,23 years,Care leaver not in touch,18,31
2024,Reporting year,Local authority,E92000001,England,E12000003,Yorkshire and The Humber,815,North Yorkshire,E06000065,23 years,Total,58,100
2024,Reporting year,Local authority,E92000001,England,E12000003,Yorkshire and The Humber,815,North Yorkshire,E06000065,23 years,Young person has requested and received support,40,69
2024,Reporting year,Local authority,E92000001,England,E12000003,Yorkshire and The Humber,815,North Yorkshire,E06000065,24 years,Care leaver not in touch,26,39
2024,Reporting year,Local authority,E92000001,England,E12000003,Yorkshire and The Humber,815,North Yorkshire,E06000065,24 years,Total,66,100
2024,Reporting year,Local authority,E92000001,England,E12000003,Yorkshire and The Humber,815,North Yorkshire,E06000065,24 years,Young person has requested and received support,40,61
2024,Reporting year,Local authority,E92000001,England,E12000003,Yorkshire and The Humber,815,North Yorkshire,E06000065,25 years,Care leaver not in touch,36,56
2024,Reporting year,Local authority,E92000001,England,E12000003,Yorkshire and The Humber,815,North Yorkshire,E06000065,25 years,Total,64,100
2024,Reporting year,Local authority,E92000001,England,E12000003,Yorkshire and The Humber,815,North Yorkshire,E06000065,25 years,Young person has requested and received support,28,44
2024,Reporting year,Local authority,E92000001,England,E12000003,Yorkshire and The Humber,370,Barnsley,E08000016,22 years,Care leaver not in touch,19,76
2024,Reporting year,Local authority,E92000001,England,E12000003,Yorkshire and The Humber,370,Barnsley,E08000016,22 years,Total,25,100
2024,Reporting year,Local authority,E92000001,England,E12000003,Yorkshire and The Humber,370,Barnsley,E08000016,22 years,Young person has requested and received support,6,24
2024,Reporting year,Local authority,E92000001,England,E12000003,Yorkshire and The Humber,370,Barnsley,E08000016,23 years,Care leaver not in touch,c,c
2024,Reporting year,Local authority,E92000001,England,E12000003,Yorkshire and The Humber,370,Barnsley,E08000016,23 years,Total,18,100
2024,Reporting year,Local authority,E92000001,England,E12000003,Yorkshire and The Humber,370,Barnsley,E08000016,23 years,Young person has requested and received support,c,c
2024,Reporting year,Local authority,E92000001,England,E12000003,Yorkshire and The Humber,370,Barnsley,E08000016,24 years,Care leaver not in touch,c,c
2024,Reporting year,Local authority,E92000001,England,E12000003,Yorkshire and The Humber,370,Barnsley,E08000016,24 years,Total,25,100
2024,Reporting year,Local authority,E92000001,England,E12000003,Yorkshire and The Humber,370,Barnsley,E08000016,24 years,Young person has requested and received support,c,c
2024,Reporting year,Local authority,E92000001,England,E12000003,Yorkshire and The Humber,370,Barnsley,E08000016,25 years,Care leaver not in touch,c,c
2024,Reporting year,Local authority,E92000001,England,E12000003,Yorkshire and The Humber,370,Barnsley,E08000016,25 years,Total,27,100
2024,Reporting year,Local authority,E92000001,England,E12000003,Yorkshire and The Humber,370,Barnsley,E08000016,25 years,Young person has requested and received support,c,c
2024,Reporting year,Local authority,E92000001,England,E12000003,Yorkshire and The Humber,371,Doncaster,E08000017,22 years,Care leaver not in touch,34,64
2024,Reporting year,Local authority,E92000001,England,E12000003,Yorkshire and The Humber,371,Doncaster,E08000017,22 years,Total,53,100
2024,Reporting year,Local authority,E92000001,England,E12000003,Yorkshire and The Humber,371,Doncaster,E08000017,22 years,Young person has requested and received support,19,36
2024,Reporting year,Local authority,E92000001,England,E12000003,Yorkshire and The Humber,371,Doncaster,E08000017,23 years,Care leaver not in touch,47,64
2024,Reporting year,Local authority,E92000001,England,E12000003,Yorkshire and The Humber,371,Doncaster,E08000017,23 years,Total,74,100
2024,Reporting year,Local authority,E92000001,England,E12000003,Yorkshire and The Humber,371,Doncaster,E08000017,23 years,Young person has requested and received support,27,36
2024,Reporting year,Local authority,E92000001,England,E12000003,Yorkshire and The Humber,371,Doncaster,E08000017,24 years,Care leaver not in touch,49,84
2024,Reporting year,Local authority,E92000001,England,E12000003,Yorkshire and The Humber,371,Doncaster,E08000017,24 years,Total,58,100
2024,Reporting year,Local authority,E92000001,England,E12000003,Yorkshire and The Humber,371,Doncaster,E08000017,24 years,Young person has requested and received support,9,16
2024,Reporting year,Local authority,E92000001,England,E12000003,Yorkshire and The Humber,371,Doncaster,E08000017,25 years,Care leaver not in touch,c,c
2024,Reporting year,Local authority,E92000001,England,E12000003,Yorkshire and The Humber,371,Doncaster,E08000017,25 years,Total,44,100
2024,Reporting year,Local authority,E92000001,England,E12000003,Yorkshire and The Humber,371,Doncaster,E08000017,25 years,Young person has requested and received support,c,c
2024,Reporting year,Local authority,E92000001,England,E12000003,Yorkshire and The Humber,372,Rotherham,E08000018,22 years,Care leaver not in touch,44,70
2024,Reporting year,Local authority,E92000001,England,E12000003,Yorkshire and The Humber,372,Rotherham,E08000018,22 years,Total,63,100
2024,Reporting year,Local authority,E92000001,England,E12000003,Yorkshire and The Humber,372,Rotherham,E08000018,22 years,Young person has requested and received support,19,30
2024,Reporting year,Local authority,E92000001,England,E12000003,Yorkshire and The Humber,372,Rotherham,E08000018,23 years,Care leaver not in touch,53,84
2024,Reporting year,Local authority,E92000001,England,E12000003,Yorkshire and The Humber,372,Rotherham,E08000018,23 years,Total,63,100
2024,Reporting year,Local authority,E92000001,England,E12000003,Yorkshire and The Humber,372,Rotherham,E08000018,23 years,Young person has requested and received support,10,16
2024,Reporting year,Local authority,E92000001,England,E12000003,Yorkshire and The Humber,372,Rotherham,E08000018,24 years,Care leaver not in touch,42,88
2024,Reporting year,Local authority,E92000001,England,E12000003,Yorkshire and The Humber,372,Rotherham,E08000018,24 years,Total,48,100
2024,Reporting year,Local authority,E92000001,England,E12000003,Yorkshire and The Humber,372,Rotherham,E08000018,24 years,Young person has requested and received support,6,13
2024,Reporting year,Local authority,E92000001,England,E12000003,Yorkshire and The Humber,372,Rotherham,E08000018,25 years,Care leaver not in touch,c,c
2024,Reporting year,Local authority,E92000001,England,E12000003,Yorkshire and The Humber,372,Rotherham,E08000018,25 years,Total,51,100
2024,Reporting year,Local authority,E92000001,England,E12000003,Yorkshire and The Humber,372,Rotherham,E08000018,25 years,Young person has requested and received support,c,c
2024,Reporting year,Local authority,E92000001,England,E12000003,Yorkshire and The Humber,373,Sheffield,E08000019,22 years,Care leaver not in touch,25,28
2024,Reporting year,Local authority,E92000001,England,E12000003,Yorkshire and The Humber,373,Sheffield,E08000019,22 years,Total,88,100
2024,Reporting year,Local authority,E92000001,England,E12000003,Yorkshire and The Humber,373,Sheffield,E08000019,22 years,Young person has requested and received support,63,72
2024,Reporting year,Local authority,E92000001,England,E12000003,Yorkshire and The Humber,373,Sheffield,E08000019,23 years,Care leaver not in touch,48,57
2024,Reporting year,Local authority,E92000001,England,E12000003,Yorkshire and The Humber,373,Sheffield,E08000019,23 years,Total,84,100
2024,Reporting year,Local authority,E92000001,England,E12000003,Yorkshire and The Humber,373,Sheffield,E08000019,23 years,Young person has requested and received support,36,43
2024,Reporting year,Local authority,E92000001,England,E12000003,Yorkshire and The Humber,373,Sheffield,E08000019,24 years,Care leaver not in touch,65,69
2024,Reporting year,Local authority,E92000001,England,E12000003,Yorkshire and The Humber,373,Sheffield,E08000019,24 years,Total,94,100
2024,Reporting year,Local authority,E92000001,England,E12000003,Yorkshire and The Humber,373,Sheffield,E08000019,24 years,Young person has requested and received support,29,31
2024,Reporting year,Local authority,E92000001,England,E12000003,Yorkshire and The Humber,373,Sheffield,E08000019,25 years,Care leaver not in touch,53,74
2024,Reporting year,Local authority,E92000001,England,E12000003,Yorkshire and The Humber,373,Sheffield,E08000019,25 years,Total,72,100
2024,Reporting year,Local authority,E92000001,England,E12000003,Yorkshire and The Humber,373,Sheffield,E08000019,25 years,Young person has requested and received support,19,26
2024,Reporting year,Local authority,E92000001,England,E12000003,Yorkshire and The Humber,380,Bradford,E08000032,22 years,Care leaver not in touch,42,34
2024,Reporting year,Local authority,E92000001,England,E12000003,Yorkshire and The Humber,380,Bradford,E08000032,22 years,Total,125,100
2024,Reporting year,Local authority,E92000001,England,E12000003,Yorkshire and The Humber,380,Bradford,E08000032,22 years,Young person has requested and received support,83,66
2024,Reporting year,Local authority,E92000001,England,E12000003,Yorkshire and The Humber,380,Bradford,E08000032,23 years,Care leaver not in touch,72,71
2024,Reporting year,Local authority,E92000001,England,E12000003,Yorkshire and The Humber,380,Bradford,E08000032,23 years,Total,102,100
2024,Reporting year,Local authority,E92000001,England,E12000003,Yorkshire and The Humber,380,Bradford,E08000032,23 years,Young person has requested and received support,30,29
2024,Reporting year,Local authority,E92000001,England,E12000003,Yorkshire and The Humber,380,Bradford,E08000032,24 years,Care leaver not in touch,91,88
2024,Reporting year,Local authority,E92000001,England,E12000003,Yorkshire and The Humber,380,Bradford,E08000032,24 years,Total,103,100
2024,Reporting year,Local authority,E92000001,England,E12000003,Yorkshire and The Humber,380,Bradford,E08000032,24 years,Young person has requested and received support,12,12
2024,Reporting year,Local authority,E92000001,England,E12000003,Yorkshire and The Humber,380,Bradford,E08000032,25 years,Care leaver not in touch,64,90
2024,Reporting year,Local authority,E92000001,England,E12000003,Yorkshire and The Humber,380,Bradford,E08000032,25 years,Total,71,100
2024,Reporting year,Local authority,E92000001,England,E12000003,Yorkshire and The Humber,380,Bradford,E08000032,25 years,Young person has requested and received support,7,10
2024,Reporting year,Local authority,E92000001,England,E12000003,Yorkshire and The Humber,381,Calderdale,E08000033,22 years,Care leaver not in touch,c,c
2024,Reporting year,Local authority,E92000001,England,E12000003,Yorkshire and The Humber,381,Calderdale,E08000033,22 years,Total,32,100
2024,Reporting year,Local authority,E92000001,England,E12000003,Yorkshire and The Humber,381,Calderdale,E08000033,22 years,Young person has requested and received support,c,c
2024,Reporting year,Local authority,E92000001,England,E12000003,Yorkshire and The Humber,381,Calderdale,E08000033,23 years,Care leaver not in touch,6,17
2024,Reporting year,Local authority,E92000001,England,E12000003,Yorkshire and The Humber,381,Calderdale,E08000033,23 years,Total,36,100
2024,Reporting year,Local authority,E92000001,England,E12000003,Yorkshire and The Humber,381,Calderdale,E08000033,23 years,Young person has requested and received support,30,83
2024,Reporting year,Local authority,E92000001,England,E12000003,Yorkshire and The Humber,381,Calderdale,E08000033,24 years,Care leaver not in touch,c,c
2024,Reporting year,Local authority,E92000001,England,E12000003,Yorkshire and The Humber,381,Calderdale,E08000033,24 years,Total,27,100
2024,Reporting year,Local authority,E92000001,England,E12000003,Yorkshire and The Humber,381,Calderdale,E08000033,24 years,Young person has requested and received support,c,c
2024,Reporting year,Local authority,E92000001,England,E12000003,Yorkshire and The Humber,381,Calderdale,E08000033,25 years,Care leaver not in touch,29,100
2024,Reporting year,Local authority,E92000001,England,E12000003,Yorkshire and The Humber,381,Calderdale,E08000033,25 years,Total,29,100
2024,Reporting year,Local authority,E92000001,England,E12000003,Yorkshire and The Humber,381,Calderdale,E08000033,25 years,Young person has requested and received support,0,0
2024,Reporting year,Local authority,E92000001,England,E12000003,Yorkshire and The Humber,382,Kirklees,E08000034,22 years,Care leaver not in touch,19,30
2024,Reporting year,Local authority,E92000001,England,E12000003,Yorkshire and The Humber,382,Kirklees,E08000034,22 years,Total,64,100
2024,Reporting year,Local authority,E92000001,England,E12000003,Yorkshire and The Humber,382,Kirklees,E08000034,22 years,Young person has requested and received support,45,70
2024,Reporting year,Local authority,E92000001,England,E12000003,Yorkshire and The Humber,382,Kirklees,E08000034,23 years,Care leaver not in touch,46,59
2024,Reporting year,Local authority,E92000001,England,E12000003,Yorkshire and The Humber,382,Kirklees,E08000034,23 years,Total,78,100
2024,Reporting year,Local authority,E92000001,England,E12000003,Yorkshire and The Humber,382,Kirklees,E08000034,23 years,Young person has requested and received support,32,41
2024,Reporting year,Local authority,E92000001,England,E12000003,Yorkshire and The Humber,382,Kirklees,E08000034,24 years,Care leaver not in touch,57,77
2024,Reporting year,Local authority,E92000001,England,E12000003,Yorkshire and The Humber,382,Kirklees,E08000034,24 years,Total,74,100
2024,Reporting year,Local authority,E92000001,England,E12000003,Yorkshire and The Humber,382,Kirklees,E08000034,24 years,Young person has requested and received support,17,23
2024,Reporting year,Local authority,E92000001,England,E12000003,Yorkshire and The Humber,382,Kirklees,E08000034,25 years,Care leaver not in touch,66,88
2024,Reporting year,Local authority,E92000001,England,E12000003,Yorkshire and The Humber,382,Kirklees,E08000034,25 years,Total,75,100
2024,Reporting year,Local authority,E92000001,England,E12000003,Yorkshire and The Humber,382,Kirklees,E08000034,25 years,Young person has requested and received support,9,12
2024,Reporting year,Local authority,E92000001,England,E12000003,Yorkshire and The Humber,383,Leeds,E08000035,22 years,Care leaver not in touch,93,61
2024,Reporting year,Local authority,E92000001,England,E12000003,Yorkshire and The Humber,383,Leeds,E08000035,22 years,Total,153,100
2024,Reporting year,Local authority,E92000001,England,E12000003,Yorkshire and The Humber,383,Leeds,E08000035,22 years,Young person has requested and received support,60,39
2024,Reporting year,Local authority,E92000001,England,E12000003,Yorkshire and The Humber,383,Leeds,E08000035,23 years,Care leaver not in touch,115,80
2024,Reporting year,Local authority,E92000001,England,E12000003,Yorkshire and The Humber,383,Leeds,E08000035,23 years,Total,143,100
2024,Reporting year,Local authority,E92000001,England,E12000003,Yorkshire and The Humber,383,Leeds,E08000035,23 years,Young person has requested and received support,28,20
2024,Reporting year,Local authority,E92000001,England,E12000003,Yorkshire and The Humber,383,Leeds,E08000035,24 years,Care leaver not in touch,134,89
2024,Reporting year,Local authority,E92000001,England,E12000003,Yorkshire and The Humber,383,Leeds,E08000035,24 years,Total,151,100
2024,Reporting year,Local authority,E92000001,England,E12000003,Yorkshire and The Humber,383,Leeds,E08000035,24 years,Young person has requested and received support,17,11
2024,Reporting year,Local authority,E92000001,England,E12000003,Yorkshire and The Humber,383,Leeds,E08000035,25 years,Care leaver not in touch,c,c
2024,Reporting year,Local authority,E92000001,England,E12000003,Yorkshire and The Humber,383,Leeds,E08000035,25 years,Total,123,100
2024,Reporting year,Local authority,E92000001,England,E12000003,Yorkshire and The Humber,383,Leeds,E08000035,25 years,Young person has requested and received support,c,c
2024,Reporting year,Local authority,E92000001,England,E12000003,Yorkshire and The Humber,384,Wakefield,E08000036,22 years,Care leaver not in touch,11,16
2024,Reporting year,Local authority,E92000001,England,E12000003,Yorkshire and The Humber,384,Wakefield,E08000036,22 years,Total,67,100
2024,Reporting year,Local authority,E92000001,England,E12000003,Yorkshire and The Humber,384,Wakefield,E08000036,22 years,Young person has requested and received support,56,84
2024,Reporting year,Local authority,E92000001,England,E12000003,Yorkshire and The Humber,384,Wakefield,E08000036,23 years,Care leaver not in touch,9,14
2024,Reporting year,Local authority,E92000001,England,E12000003,Yorkshire and The Humber,384,Wakefield,E08000036,23 years,Total,63,100
2024,Reporting year,Local authority,E92000001,England,E12000003,Yorkshire and The Humber,384,Wakefield,E08000036,23 years,Young person has requested and received support,54,86
2024,Reporting year,Local authority,E92000001,England,E12000003,Yorkshire and The Humber,384,Wakefield,E08000036,24 years,Care leaver not in touch,10,19
2024,Reporting year,Local authority,E92000001,England,E12000003,Yorkshire and The Humber,384,Wakefield,E08000036,24 years,Total,54,100
2024,Reporting year,Local authority,E92000001,England,E12000003,Yorkshire and The Humber,384,Wakefield,E08000036,24 years,Young person has requested and received support,44,81
2024,Reporting year,Local authority,E92000001,England,E12000003,Yorkshire and The Humber,384,Wakefield,E08000036,25 years,Care leaver not in touch,10,23
2024,Reporting year,Local authority,E92000001,England,E12000003,Yorkshire and The Humber,384,Wakefield,E08000036,25 years,Total,44,100
2024,Reporting year,Local authority,E92000001,England,E12000003,Yorkshire and The Humber,384,Wakefield,E08000036,25 years,Young person has requested and received support,34,77
2024,Reporting year,Local authority,E92000001,England,E12000004,East Midlands,831,Derby,E06000015,22 years,Care leaver not in touch,61,77
2024,Reporting year,Local authority,E92000001,England,E12000004,East Midlands,831,Derby,E06000015,22 years,Total,79,100
2024,Reporting year,Local authority,E92000001,England,E12000004,East Midlands,831,Derby,E06000015,22 years,Young person has requested and received support,18,23
2024,Reporting year,Local authority,E92000001,England,E12000004,East Midlands,831,Derby,E06000015,23 years,Care leaver not in touch,51,76
2024,Reporting year,Local authority,E92000001,England,E12000004,East Midlands,831,Derby,E06000015,23 years,Total,67,100
2024,Reporting year,Local authority,E92000001,England,E12000004,East Midlands,831,Derby,E06000015,23 years,Young person has requested and received support,16,24
2024,Reporting year,Local authority,E92000001,England,E12000004,East Midlands,831,Derby,E06000015,24 years,Care leaver not in touch,57,84
2024,Reporting year,Local authority,E92000001,England,E12000004,East Midlands,831,Derby,E06000015,24 years,Total,68,100
2024,Reporting year,Local authority,E92000001,England,E12000004,East Midlands,831,Derby,E06000015,24 years,Young person has requested and received support,11,16
2024,Reporting year,Local authority,E92000001,England,E12000004,East Midlands,831,Derby,E06000015,25 years,Care leaver not in touch,47,89
2024,Reporting year,Local authority,E92000001,England,E12000004,East Midlands,831,Derby,E06000015,25 years,Total,53,100
2024,Reporting year,Local authority,E92000001,England,E12000004,East Midlands,831,Derby,E06000015,25 years,Young person has requested and received support,6,11
2024,Reporting year,Local authority,E92000001,England,E12000004,East Midlands,856,Leicester,E06000016,22 years,Care leaver not in touch,c,c
2024,Reporting year,Local authority,E92000001,England,E12000004,East Midlands,856,Leicester,E06000016,22 years,Total,68,100
2024,Reporting year,Local authority,E92000001,England,E12000004,East Midlands,856,Leicester,E06000016,22 years,Young person has requested and received support,c,c
2024,Reporting year,Local authority,E92000001,England,E12000004,East Midlands,856,Leicester,E06000016,23 years,Care leaver not in touch,0,0
2024,Reporting year,Local authority,E92000001,England,E12000004,East Midlands,856,Leicester,E06000016,23 years,Total,67,100
2024,Reporting year,Local authority,E92000001,England,E12000004,East Midlands,856,Leicester,E06000016,23 years,Young person has requested and received support,67,100
2024,Reporting year,Local authority,E92000001,England,E12000004,East Midlands,856,Leicester,E06000016,24 years,Care leaver not in touch,0,0
2024,Reporting year,Local authority,E92000001,England,E12000004,East Midlands,856,Leicester,E06000016,24 years,Total,80,100
2024,Reporting year,Local authority,E92000001,England,E12000004,East Midlands,856,Leicester,E06000016,24 years,Young person has requested and received support,80,100
2024,Reporting year,Local authority,E92000001,England,E12000004,East Midlands,856,Leicester,E06000016,25 years,Care leaver not in touch,0,0
2024,Reporting year,Local authority,E92000001,England,E12000004,East Midlands,856,Leicester,E06000016,25 years,Total,62,100
2024,Reporting year,Local authority,E92000001,England,E12000004,East Midlands,856,Leicester,E06000016,25 years,Young person has requested and received support,62,100
2024,Reporting year,Local authority,E92000001,England,E12000004,East Midlands,857,Rutland,E06000017,22 years,Care leaver not in touch,c,c
2024,Reporting year,Local authority,E92000001,England,E12000004,East Midlands,857,Rutland,E06000017,22 years,Total,7,100
2024,Reporting year,Local authority,E92000001,England,E12000004,East Midlands,857,Rutland,E06000017,22 years,Young person has requested and received support,c,c
2024,Reporting year,Local authority,E92000001,England,E12000004,East Midlands,857,Rutland,E06000017,23 years,Care leaver not in touch,0,0
2024,Reporting year,Local authority,E92000001,England,E12000004,East Midlands,857,Rutland,E06000017,23 years,Total,c,c
2024,Reporting year,Local authority,E92000001,England,E12000004,East Midlands,857,Rutland,E06000017,23 years,Young person has requested and received support,c,c
2024,Reporting year,Local authority,E92000001,England,E12000004,East Midlands,857,Rutland,E06000017,24 years,Care leaver not in touch,c,c
2024,Reporting year,Local authority,E92000001,England,E12000004,East Midlands,857,Rutland,E06000017,24 years,Total,c,c
2024,Reporting year,Local authority,E92000001,England,E12000004,East Midlands,857,Rutland,E06000017,24 years,Young person has requested and received support,c,c
2024,Reporting year,Local authority,E92000001,England,E12000004,East Midlands,857,Rutland,E06000017,25 years,Care leaver not in touch,c,c
2024,Reporting year,Local authority,E92000001,England,E12000004,East Midlands,857,Rutland,E06000017,25 years,Total,c,c
2024,Reporting year,Local authority,E92000001,England,E12000004,East Midlands,857,Rutland,E06000017,25 years,Young person has requested and received support,0,0
2024,Reporting year,Local authority,E92000001,England,E12000004,East Midlands,892,Nottingham,E06000018,22 years,Care leaver not in touch,60,62
2024,Reporting year,Local authority,E92000001,England,E12000004,East Midlands,892,Nottingham,E06000018,22 years,Total,97,100
2024,Reporting year,Local authority,E92000001,England,E12000004,East Midlands,892,Nottingham,E06000018,22 years,Young person has requested and received support,37,38
2024,Reporting year,Local authority,E92000001,England,E12000004,East Midlands,892,Nottingham,E06000018,23 years,Care leaver not in touch,79,81
2024,Reporting year,Local authority,E92000001,England,E12000004,East Midlands,892,Nottingham,E06000018,23 years,Total,98,100
2024,Reporting year,Local authority,E92000001,England,E12000004,East Midlands,892,Nottingham,E06000018,23 years,Young person has requested and received support,19,19
2024,Reporting year,Local authority,E92000001,England,E12000004,East Midlands,892,Nottingham,E06000018,24 years,Care leaver not in touch,74,83
2024,Reporting year,Local authority,E92000001,England,E12000004,East Midlands,892,Nottingham,E06000018,24 years,Total,89,100
2024,Reporting year,Local authority,E92000001,England,E12000004,East Midlands,892,Nottingham,E06000018,24 years,Young person has requested and received support,15,17
2024,Reporting year,Local authority,E92000001,England,E12000004,East Midlands,892,Nottingham,E06000018,25 years,Care leaver not in touch,57,89
2024,Reporting year,Local authority,E92000001,England,E12000004,East Midlands,892,Nottingham,E06000018,25 years,Total,64,100
2024,Reporting year,Local authority,E92000001,England,E12000004,East Midlands,892,Nottingham,E06000018,25 years,Young person has requested and received support,7,11
2024,Reporting year,Local authority,E92000001,England,E12000004,East Midlands,940,North Northamptonshire,E06000061,22 years,Care leaver not in touch,c,c
2024,Reporting year,Local authority,E92000001,England,E12000004,East Midlands,940,North Northamptonshire,E06000061,22 years,Total,60,100
2024,Reporting year,Local authority,E92000001,England,E12000004,East Midlands,940,North Northamptonshire,E06000061,22 years,Young person has requested and received support,c,c
2024,Reporting year,Local authority,E92000001,England,E12000004,East Midlands,940,North Northamptonshire,E06000061,23 years,Care leaver not in touch,63,91
2024,Reporting year,Local authority,E92000001,England,E12000004,East Midlands,940,North Northamptonshire,E06000061,23 years,Total,69,100
2024,Reporting year,Local authority,E92000001,England,E12000004,East Midlands,940,North Northamptonshire,E06000061,23 years,Young person has requested and received support,6,9
2024,Reporting year,Local authority,E92000001,England,E12000004,East Midlands,940,North Northamptonshire,E06000061,24 years,Care leaver not in touch,c,c
2024,Reporting year,Local authority,E92000001,England,E12000004,East Midlands,940,North Northamptonshire,E06000061,24 years,Total,48,100
2024,Reporting year,Local authority,E92000001,England,E12000004,East Midlands,940,North Northamptonshire,E06000061,24 years,Young person has requested and received support,c,c
2024,Reporting year,Local authority,E92000001,England,E12000004,East Midlands,940,North Northamptonshire,E06000061,25 years,Care leaver not in touch,x,x
2024,Reporting year,Local authority,E92000001,England,E12000004,East Midlands,940,North Northamptonshire,E06000061,25 years,Total,x,x
2024,Reporting year,Local authority,E92000001,England,E12000004,East Midlands,940,North Northamptonshire,E06000061,25 years,Young person has requested and received support,x,x
2024,Reporting year,Local authority,E92000001,England,E12000004,East Midlands,941,West Northamptonshire,E06000062,22 years,Care leaver not in touch,90,78
2024,Reporting year,Local authority,E92000001,England,E12000004,East Midlands,941,West Northamptonshire,E06000062,22 years,Total,115,100
2024,Reporting year,Local authority,E92000001,England,E12000004,East Midlands,941,West Northamptonshire,E06000062,22 years,Young person has requested and received support,25,22
2024,Reporting year,Local authority,E92000001,England,E12000004,East Midlands,941,West Northamptonshire,E06000062,23 years,Care leaver not in touch,101,92
2024,Reporting year,Local authority,E92000001,England,E12000004,East Midlands,941,West Northamptonshire,E06000062,23 years,Total,110,100
2024,Reporting year,Local authority,E92000001,England,E12000004,East Midlands,941,West Northamptonshire,E06000062,23 years,Young person has requested and received support,9,8
2024,Reporting year,Local authority,E92000001,England,E12000004,East Midlands,941,West Northamptonshire,E06000062,24 years,Care leaver not in touch,c,c
2024,Reporting year,Local authority,E92000001,England,E12000004,East Midlands,941,West Northamptonshire,E06000062,24 years,Total,112,100
2024,Reporting year,Local authority,E92000001,England,E12000004,East Midlands,941,West Northamptonshire,E06000062,24 years,Young person has requested and received support,c,c
2024,Reporting year,Local authority,E92000001,England,E12000004,East Midlands,941,West Northamptonshire,E06000062,25 years,Care leaver not in touch,x,x
2024,Reporting year,Local authority,E92000001,England,E12000004,East Midlands,941,West Northamptonshire,E06000062,25 years,Total,x,x
2024,Reporting year,Local authority,E92000001,England,E12000004,East Midlands,941,West Northamptonshire,E06000062,25 years,Young person has requested and received support,x,x
2024,Reporting year,Local authority,E92000001,England,E12000004,East Midlands,830,Derbyshire,E10000007,22 years,Care leaver not in touch,34,32
2024,Reporting year,Local authority,E92000001,England,E12000004,East Midlands,830,Derbyshire,E10000007,22 years,Total,107,100
2024,Reporting year,Local authority,E92000001,England,E12000004,East Midlands,830,Derbyshire,E10000007,22 years,Young person has requested and received support,73,68
2024,Reporting year,Local authority,E92000001,England,E12000004,East Midlands,830,Derbyshire,E10000007,23 years,Care leaver not in touch,99,91
2024,Reporting year,Local authority,E92000001,England,E12000004,East Midlands,830,Derbyshire,E10000007,23 years,Total,109,100
2024,Reporting year,Local authority,E92000001,England,E12000004,East Midlands,830,Derbyshire,E10000007,23 years,Young person has requested and received support,10,9
2024,Reporting year,Local authority,E92000001,England,E12000004,East Midlands,830,Derbyshire,E10000007,24 years,Care leaver not in touch,78,91
2024,Reporting year,Local authority,E92000001,England,E12000004,East Midlands,830,Derbyshire,E10000007,24 years,Total,86,100
2024,Reporting year,Local authority,E92000001,England,E12000004,East Midlands,830,Derbyshire,E10000007,24 years,Young person has requested and received support,8,9
2024,Reporting year,Local authority,E92000001,England,E12000004,East Midlands,830,Derbyshire,E10000007,25 years,Care leaver not in touch,c,c
2024,Reporting year,Local authority,E92000001,England,E12000004,East Midlands,830,Derbyshire,E10000007,25 years,Total,91,100
2024,Reporting year,Local authority,E92000001,England,E12000004,East Midlands,830,Derbyshire,E10000007,25 years,Young person has requested and received support,c,c
2024,Reporting year,Local authority,E92000001,England,E12000004,East Midlands,855,Leicestershire,E10000018,22 years,Care leaver not in touch,35,51
2024,Reporting year,Local authority,E92000001,England,E12000004,East Midlands,855,Leicestershire,E10000018,22 years,Total,69,100
2024,Reporting year,Local authority,E92000001,England,E12000004,East Midlands,855,Leicestershire,E10000018,22 years,Young person has requested and received support,34,49
2024,Reporting year,Local authority,E92000001,England,E12000004,East Midlands,855,Leicestershire,E10000018,23 years,Care leaver not in touch,53,70
2024,Reporting year,Local authority,E92000001,England,E12000004,East Midlands,855,Leicestershire,E10000018,23 years,Total,76,100
2024,Reporting year,Local authority,E92000001,England,E12000004,East Midlands,855,Leicestershire,E10000018,23 years,Young person has requested and received support,23,30
2024,Reporting year,Local authority,E92000001,England,E12000004,East Midlands,855,Leicestershire,E10000018,24 years,Care leaver not in touch,57,83
2024,Reporting year,Local authority,E92000001,England,E12000004,East Midlands,855,Leicestershire,E10000018,24 years,Total,69,100
2024,Reporting year,Local authority,E92000001,England,E12000004,East Midlands,855,Leicestershire,E10000018,24 years,Young person has requested and received support,12,17
2024,Reporting year,Local authority,E92000001,England,E12000004,East Midlands,855,Leicestershire,E10000018,25 years,Care leaver not in touch,47,81
2024,Reporting year,Local authority,E92000001,England,E12000004,East Midlands,855,Leicestershire,E10000018,25 years,Total,58,100
2024,Reporting year,Local authority,E92000001,England,E12000004,East Midlands,855,Leicestershire,E10000018,25 years,Young person has requested and received support,11,19
2024,Reporting year,Local authority,E92000001,England,E12000004,East Midlands,925,Lincolnshire,E10000019,22 years,Care leaver not in touch,c,c
2024,Reporting year,Local authority,E92000001,England,E12000004,East Midlands,925,Lincolnshire,E10000019,22 years,Total,110,100
2024,Reporting year,Local authority,E92000001,England,E12000004,East Midlands,925,Lincolnshire,E10000019,22 years,Young person has requested and received support,c,c
2024,Reporting year,Local authority,E92000001,England,E12000004,East Midlands,925,Lincolnshire,E10000019,23 years,Care leaver not in touch,22,22
2024,Reporting year,Local authority,E92000001,England,E12000004,East Midlands,925,Lincolnshire,E10000019,23 years,Total,98,100
2024,Reporting year,Local authority,E92000001,England,E12000004,East Midlands,925,Lincolnshire,E10000019,23 years,Young person has requested and received support,76,78
2024,Reporting year,Local authority,E92000001,England,E12000004,East Midlands,925,Lincolnshire,E10000019,24 years,Care leaver not in touch,41,37
2024,Reporting year,Local authority,E92000001,England,E12000004,East Midlands,925,Lincolnshire,E10000019,24 years,Total,112,100
2024,Reporting year,Local authority,E92000001,England,E12000004,East Midlands,925,Lincolnshire,E10000019,24 years,Young person has requested and received support,71,63
2024,Reporting year,Local authority,E92000001,England,E12000004,East Midlands,925,Lincolnshire,E10000019,25 years,Care leaver not in touch,18,23
2024,Reporting year,Local authority,E92000001,England,E12000004,East Midlands,925,Lincolnshire,E10000019,25 years,Total,77,100
2024,Reporting year,Local authority,E92000001,England,E12000004,East Midlands,925,Lincolnshire,E10000019,25 years,Young person has requested and received support,59,77
2024,Reporting year,Local authority,E92000001,England,E12000004,East Midlands,891,Nottinghamshire,E10000024,22 years,Care leaver not in touch,11,11
2024,Reporting year,Local authority,E92000001,England,E12000004,East Midlands,891,Nottinghamshire,E10000024,22 years,Total,101,100
2024,Reporting year,Local authority,E92000001,England,E12000004,East Midlands,891,Nottinghamshire,E10000024,22 years,Young person has requested and received support,90,89
2024,Reporting year,Local authority,E92000001,England,E12000004,East Midlands,891,Nottinghamshire,E10000024,23 years,Care leaver not in touch,16,14
2024,Reporting year,Local authority,E92000001,England,E12000004,East Midlands,891,Nottinghamshire,E10000024,23 years,Total,116,100
2024,Reporting year,Local authority,E92000001,England,E12000004,East Midlands,891,Nottinghamshire,E10000024,23 years,Young person has requested and received support,100,86
2024,Reporting year,Local authority,E92000001,England,E12000004,East Midlands,891,Nottinghamshire,E10000024,24 years,Care leaver not in touch,8,8
2024,Reporting year,Local authority,E92000001,England,E12000004,East Midlands,891,Nottinghamshire,E10000024,24 years,Total,97,100
2024,Reporting year,Local authority,E92000001,England,E12000004,East Midlands,891,Nottinghamshire,E10000024,24 years,Young person has requested and received support,89,92
2024,Reporting year,Local authority,E92000001,England,E12000004,East Midlands,891,Nottinghamshire,E10000024,25 years,Care leaver not in touch,10,8
2024,Reporting year,Local authority,E92000001,England,E12000004,East Midlands,891,Nottinghamshire,E10000024,25 years,Total,121,100
2024,Reporting year,Local authority,E92000001,England,E12000004,East Midlands,891,Nottinghamshire,E10000024,25 years,Young person has requested and received support,111,92
2024,Reporting year,Local authority,E92000001,England,E12000005,West Midlands,884,"Herefordshire, County of",E06000019,22 years,Care leaver not in touch,9,39
2024,Reporting year,Local authority,E92000001,England,E12000005,West Midlands,884,"Herefordshire, County of",E06000019,22 years,Total,23,100
2024,Reporting year,Local authority,E92000001,England,E12000005,West Midlands,884,"Herefordshire, County of",E06000019,22 years,Young person has requested and received support,14,61
2024,Reporting year,Local authority,E92000001,England,E12000005,West Midlands,884,"Herefordshire, County of",E06000019,23 years,Care leaver not in touch,11,37
2024,Reporting year,Local authority,E92000001,England,E12000005,West Midlands,884,"Herefordshire, County of",E06000019,23 years,Total,30,100
2024,Reporting year,Local authority,E92000001,England,E12000005,West Midlands,884,"Herefordshire, County of",E06000019,23 years,Young person has requested and received support,19,63
2024,Reporting year,Local authority,E92000001,England,E12000005,West Midlands,884,"Herefordshire, County of",E06000019,24 years,Care leaver not in touch,18,56
2024,Reporting year,Local authority,E92000001,England,E12000005,West Midlands,884,"Herefordshire, County of",E06000019,24 years,Total,32,100
2024,Reporting year,Local authority,E92000001,England,E12000005,West Midlands,884,"Herefordshire, County of",E06000019,24 years,Young person has requested and received support,14,44
2024,Reporting year,Local authority,E92000001,England,E12000005,West Midlands,884,"Herefordshire, County of",E06000019,25 years,Care leaver not in touch,22,73
2024,Reporting year,Local authority,E92000001,England,E12000005,West Midlands,884,"Herefordshire, County of",E06000019,25 years,Total,30,100
2024,Reporting year,Local authority,E92000001,England,E12000005,West Midlands,884,"Herefordshire, County of",E06000019,25 years,Young person has requested and received support,8,27
2024,Reporting year,Local authority,E92000001,England,E12000005,West Midlands,894,Telford and Wrekin,E06000020,22 years,Care leaver not in touch,c,c
2024,Reporting year,Local authority,E92000001,England,E12000005,West Midlands,894,Telford and Wrekin,E06000020,22 years,Total,26,100
2024,Reporting year,Local authority,E92000001,England,E12000005,West Midlands,894,Telford and Wrekin,E06000020,22 years,Young person has requested and received support,c,c
2024,Reporting year,Local authority,E92000001,England,E12000005,West Midlands,894,Telford and Wrekin,E06000020,23 years,Care leaver not in touch,c,c
2024,Reporting year,Local authority,E92000001,England,E12000005,West Midlands,894,Telford and Wrekin,E06000020,23 years,Total,25,100
2024,Reporting year,Local authority,E92000001,England,E12000005,West Midlands,894,Telford and Wrekin,E06000020,23 years,Young person has requested and received support,c,c
2024,Reporting year,Local authority,E92000001,England,E12000005,West Midlands,894,Telford and Wrekin,E06000020,24 years,Care leaver not in touch,c,c
2024,Reporting year,Local authority,E92000001,England,E12000005,West Midlands,894,Telford and Wrekin,E06000020,24 years,Total,25,100
2024,Reporting year,Local authority,E92000001,England,E12000005,West Midlands,894,Telford and Wrekin,E06000020,24 years,Young person has requested and received support,c,c
2024,Reporting year,Local authority,E92000001,England,E12000005,West Midlands,894,Telford and Wrekin,E06000020,25 years,Care leaver not in touch,11,50
2024,Reporting year,Local authority,E92000001,England,E12000005,West Midlands,894,Telford and Wrekin,E06000020,25 years,Total,22,100
2024,Reporting year,Local authority,E92000001,England,E12000005,West Midlands,894,Telford and Wrekin,E06000020,25 years,Young person has requested and received support,11,50
2024,Reporting year,Local authority,E92000001,England,E12000005,West Midlands,861,Stoke-on-Trent,E06000021,22 years,Care leaver not in touch,39,67
2024,Reporting year,Local authority,E92000001,England,E12000005,West Midlands,861,Stoke-on-Trent,E06000021,22 years,Total,58,100
2024,Reporting year,Local authority,E92000001,England,E12000005,West Midlands,861,Stoke-on-Trent,E06000021,22 years,Young person has requested and received support,19,33
2024,Reporting year,Local authority,E92000001,England,E12000005,West Midlands,861,Stoke-on-Trent,E06000021,23 years,Care leaver not in touch,59,82
2024,Reporting year,Local authority,E92000001,England,E12000005,West Midlands,861,Stoke-on-Trent,E06000021,23 years,Total,72,100
2024,Reporting year,Local authority,E92000001,England,E12000005,West Midlands,861,Stoke-on-Trent,E06000021,23 years,Young person has requested and received support,13,18
2024,Reporting year,Local authority,E92000001,England,E12000005,West Midlands,861,Stoke-on-Trent,E06000021,24 years,Care leaver not in touch,c,c
2024,Reporting year,Local authority,E92000001,England,E12000005,West Midlands,861,Stoke-on-Trent,E06000021,24 years,Total,44,100
2024,Reporting year,Local authority,E92000001,England,E12000005,West Midlands,861,Stoke-on-Trent,E06000021,24 years,Young person has requested and received support,c,c
2024,Reporting year,Local authority,E92000001,England,E12000005,West Midlands,861,Stoke-on-Trent,E06000021,25 years,Care leaver not in touch,43,100
2024,Reporting year,Local authority,E92000001,England,E12000005,West Midlands,861,Stoke-on-Trent,E06000021,25 years,Total,43,100
2024,Reporting year,Local authority,E92000001,England,E12000005,West Midlands,861,Stoke-on-Trent,E06000021,25 years,Young person has requested and received support,0,0
2024,Reporting year,Local authority,E92000001,England,E12000005,West Midlands,893,Shropshire,E06000051,22 years,Care leaver not in touch,31,55
2024,Reporting year,Local authority,E92000001,England,E12000005,West Midlands,893,Shropshire,E06000051,22 years,Total,56,100
2024,Reporting year,Local authority,E92000001,England,E12000005,West Midlands,893,Shropshire,E06000051,22 years,Young person has requested and received support,25,45
2024,Reporting year,Local authority,E92000001,England,E12000005,West Midlands,893,Shropshire,E06000051,23 years,Care leaver not in touch,28,78
2024,Reporting year,Local authority,E92000001,England,E12000005,West Midlands,893,Shropshire,E06000051,23 years,Total,36,100
2024,Reporting year,Local authority,E92000001,England,E12000005,West Midlands,893,Shropshire,E06000051,23 years,Young person has requested and received support,8,22
2024,Reporting year,Local authority,E92000001,England,E12000005,West Midlands,893,Shropshire,E06000051,24 years,Care leaver not in touch,39,85
2024,Reporting year,Local authority,E92000001,England,E12000005,West Midlands,893,Shropshire,E06000051,24 years,Total,46,100
2024,Reporting year,Local authority,E92000001,England,E12000005,West Midlands,893,Shropshire,E06000051,24 years,Young person has requested and received support,7,15
2024,Reporting year,Local authority,E92000001,England,E12000005,West Midlands,893,Shropshire,E06000051,25 years,Care leaver not in touch,c,c
2024,Reporting year,Local authority,E92000001,England,E12000005,West Midlands,893,Shropshire,E06000051,25 years,Total,36,100
2024,Reporting year,Local authority,E92000001,England,E12000005,West Midlands,893,Shropshire,E06000051,25 years,Young person has requested and received support,c,c
2024,Reporting year,Local authority,E92000001,England,E12000005,West Midlands,330,Birmingham,E08000025,22 years,Care leaver not in touch,237,75
2024,Reporting year,Local authority,E92000001,England,E12000005,West Midlands,330,Birmingham,E08000025,22 years,Total,314,100
2024,Reporting year,Local authority,E92000001,England,E12000005,West Midlands,330,Birmingham,E08000025,22 years,Young person has requested and received support,77,25
2024,Reporting year,Local authority,E92000001,England,E12000005,West Midlands,330,Birmingham,E08000025,23 years,Care leaver not in touch,233,83
2024,Reporting year,Local authority,E92000001,England,E12000005,West Midlands,330,Birmingham,E08000025,23 years,Total,281,100
2024,Reporting year,Local authority,E92000001,England,E12000005,West Midlands,330,Birmingham,E08000025,23 years,Young person has requested and received support,48,17
2024,Reporting year,Local authority,E92000001,England,E12000005,West Midlands,330,Birmingham,E08000025,24 years,Care leaver not in touch,241,92
2024,Reporting year,Local authority,E92000001,England,E12000005,West Midlands,330,Birmingham,E08000025,24 years,Total,262,100
2024,Reporting year,Local authority,E92000001,England,E12000005,West Midlands,330,Birmingham,E08000025,24 years,Young person has requested and received support,21,8
2024,Reporting year,Local authority,E92000001,England,E12000005,West Midlands,330,Birmingham,E08000025,25 years,Care leaver not in touch,227,95
2024,Reporting year,Local authority,E92000001,England,E12000005,West Midlands,330,Birmingham,E08000025,25 years,Total,240,100
2024,Reporting year,Local authority,E92000001,England,E12000005,West Midlands,330,Birmingham,E08000025,25 years,Young person has requested and received support,13,5
2024,Reporting year,Local authority,E92000001,England,E12000005,West Midlands,331,Coventry,E08000026,22 years,Care leaver not in touch,43,44
2024,Reporting year,Local authority,E92000001,England,E12000005,West Midlands,331,Coventry,E08000026,22 years,Total,98,100
2024,Reporting year,Local authority,E92000001,England,E12000005,West Midlands,331,Coventry,E08000026,22 years,Young person has requested and received support,55,56
2024,Reporting year,Local authority,E92000001,England,E12000005,West Midlands,331,Coventry,E08000026,23 years,Care leaver not in touch,71,68
2024,Reporting year,Local authority,E92000001,England,E12000005,West Midlands,331,Coventry,E08000026,23 years,Total,105,100
2024,Reporting year,Local authority,E92000001,England,E12000005,West Midlands,331,Coventry,E08000026,23 years,Young person has requested and received support,34,32
2024,Reporting year,Local authority,E92000001,England,E12000005,West Midlands,331,Coventry,E08000026,24 years,Care leaver not in touch,68,75
2024,Reporting year,Local authority,E92000001,England,E12000005,West Midlands,331,Coventry,E08000026,24 years,Total,91,100
2024,Reporting year,Local authority,E92000001,England,E12000005,West Midlands,331,Coventry,E08000026,24 years,Young person has requested and received support,23,25
2024,Reporting year,Local authority,E92000001,England,E12000005,West Midlands,331,Coventry,E08000026,25 years,Care leaver not in touch,63,85
2024,Reporting year,Local authority,E92000001,England,E12000005,West Midlands,331,Coventry,E08000026,25 years,Total,74,100
2024,Reporting year,Local authority,E92000001,England,E12000005,West Midlands,331,Coventry,E08000026,25 years,Young person has requested and received support,11,15
2024,Reporting year,Local authority,E92000001,England,E12000005,West Midlands,332,Dudley,E08000027,22 years,Care leaver not in touch,35,60
2024,Reporting year,Local authority,E92000001,England,E12000005,West Midlands,332,Dudley,E08000027,22 years,Total,58,100
2024,Reporting year,Local authority,E92000001,England,E12000005,West Midlands,332,Dudley,E08000027,22 years,Young person has requested and received support,23,40
2024,Reporting year,Local authority,E92000001,England,E12000005,West Midlands,332,Dudley,E08000027,23 years,Care leaver not in touch,61,91
2024,Reporting year,Local authority,E92000001,England,E12000005,West Midlands,332,Dudley,E08000027,23 years,Total,67,100
2024,Reporting year,Local authority,E92000001,England,E12000005,West Midlands,332,Dudley,E08000027,23 years,Young person has requested and received support,6,9
2024,Reporting year,Local authority,E92000001,England,E12000005,West Midlands,332,Dudley,E08000027,24 years,Care leaver not in touch,73,92
2024,Reporting year,Local authority,E92000001,England,E12000005,West Midlands,332,Dudley,E08000027,24 years,Total,79,100
2024,Reporting year,Local authority,E92000001,England,E12000005,West Midlands,332,Dudley,E08000027,24 years,Young person has requested and received support,6,8
2024,Reporting year,Local authority,E92000001,England,E12000005,West Midlands,332,Dudley,E08000027,25 years,Care leaver not in touch,61,100
2024,Reporting year,Local authority,E92000001,England,E12000005,West Midlands,332,Dudley,E08000027,25 years,Total,61,100
2024,Reporting year,Local authority,E92000001,England,E12000005,West Midlands,332,Dudley,E08000027,25 years,Young person has requested and received support,0,0
2024,Reporting year,Local authority,E92000001,England,E12000005,West Midlands,333,Sandwell,E08000028,22 years,Care leaver not in touch,35,42
2024,Reporting year,Local authority,E92000001,England,E12000005,West Midlands,333,Sandwell,E08000028,22 years,Total,84,100
2024,Reporting year,Local authority,E92000001,England,E12000005,West Midlands,333,Sandwell,E08000028,22 years,Young person has requested and received support,49,58
2024,Reporting year,Local authority,E92000001,England,E12000005,West Midlands,333,Sandwell,E08000028,23 years,Care leaver not in touch,48,55
2024,Reporting year,Local authority,E92000001,England,E12000005,West Midlands,333,Sandwell,E08000028,23 years,Total,88,100
2024,Reporting year,Local authority,E92000001,England,E12000005,West Midlands,333,Sandwell,E08000028,23 years,Young person has requested and received support,40,45
2024,Reporting year,Local authority,E92000001,England,E12000005,West Midlands,333,Sandwell,E08000028,24 years,Care leaver not in touch,36,61
2024,Reporting year,Local authority,E92000001,England,E12000005,West Midlands,333,Sandwell,E08000028,24 years,Total,59,100
2024,Reporting year,Local authority,E92000001,England,E12000005,West Midlands,333,Sandwell,E08000028,24 years,Young person has requested and received support,23,39
2024,Reporting year,Local authority,E92000001,England,E12000005,West Midlands,333,Sandwell,E08000028,25 years,Care leaver not in touch,44,77
2024,Reporting year,Local authority,E92000001,England,E12000005,West Midlands,333,Sandwell,E08000028,25 years,Total,57,100
2024,Reporting year,Local authority,E92000001,England,E12000005,West Midlands,333,Sandwell,E08000028,25 years,Young person has requested and received support,13,23
2024,Reporting year,Local authority,E92000001,England,E12000005,West Midlands,334,Solihull,E08000029,22 years,Care leaver not in touch,25,39
2024,Reporting year,Local authority,E92000001,England,E12000005,West Midlands,334,Solihull,E08000029,22 years,Total,64,100
2024,Reporting year,Local authority,E92000001,England,E12000005,West Midlands,334,Solihull,E08000029,22 years,Young person has requested and received support,39,61
2024,Reporting year,Local authority,E92000001,England,E12000005,West Midlands,334,Solihull,E08000029,23 years,Care leaver not in touch,29,52
2024,Reporting year,Local authority,E92000001,England,E12000005,West Midlands,334,Solihull,E08000029,23 years,Total,56,100
2024,Reporting year,Local authority,E92000001,England,E12000005,West Midlands,334,Solihull,E08000029,23 years,Young person has requested and received support,27,48
2024,Reporting year,Local authority,E92000001,England,E12000005,West Midlands,334,Solihull,E08000029,24 years,Care leaver not in touch,20,41
2024,Reporting year,Local authority,E92000001,England,E12000005,West Midlands,334,Solihull,E08000029,24 years,Total,49,100
2024,Reporting year,Local authority,E92000001,England,E12000005,West Midlands,334,Solihull,E08000029,24 years,Young person has requested and received support,29,59
2024,Reporting year,Local authority,E92000001,England,E12000005,West Midlands,334,Solihull,E08000029,25 years,Care leaver not in touch,41,82
2024,Reporting year,Local authority,E92000001,England,E12000005,West Midlands,334,Solihull,E08000029,25 years,Total,50,100
2024,Reporting year,Local authority,E92000001,England,E12000005,West Midlands,334,Solihull,E08000029,25 years,Young person has requested and received support,9,18
2024,Reporting year,Local authority,E92000001,England,E12000005,West Midlands,335,Walsall,E08000030,22 years,Care leaver not in touch,0,0
2024,Reporting year,Local authority,E92000001,England,E12000005,West Midlands,335,Walsall,E08000030,22 years,Total,53,100
2024,Reporting year,Local authority,E92000001,England,E12000005,West Midlands,335,Walsall,E08000030,22 years,Young person has requested and received support,53,100
2024,Reporting year,Local authority,E92000001,England,E12000005,West Midlands,335,Walsall,E08000030,23 years,Care leaver not in touch,40,75
2024,Reporting year,Local authority,E92000001,England,E12000005,West Midlands,335,Walsall,E08000030,23 years,Total,53,100
2024,Reporting year,Local authority,E92000001,England,E12000005,West Midlands,335,Walsall,E08000030,23 years,Young person has requested and received support,13,25
2024,Reporting year,Local authority,E92000001,England,E12000005,West Midlands,335,Walsall,E08000030,24 years,Care leaver not in touch,50,86
2024,Reporting year,Local authority,E92000001,England,E12000005,West Midlands,335,Walsall,E08000030,24 years,Total,58,100
2024,Reporting year,Local authority,E92000001,England,E12000005,West Midlands,335,Walsall,E08000030,24 years,Young person has requested and received support,8,14
2024,Reporting year,Local authority,E92000001,England,E12000005,West Midlands,335,Walsall,E08000030,25 years,Care leaver not in touch,c,c
2024,Reporting year,Local authority,E92000001,England,E12000005,West Midlands,335,Walsall,E08000030,25 years,Total,46,100
2024,Reporting year,Local authority,E92000001,England,E12000005,West Midlands,335,Walsall,E08000030,25 years,Young person has requested and received support,c,c
2024,Reporting year,Local authority,E92000001,England,E12000005,West Midlands,336,Wolverhampton,E08000031,22 years,Care leaver not in touch,22,33
2024,Reporting year,Local authority,E92000001,England,E12000005,West Midlands,336,Wolverhampton,E08000031,22 years,Total,67,100
2024,Reporting year,Local authority,E92000001,England,E12000005,West Midlands,336,Wolverhampton,E08000031,22 years,Young person has requested and received support,45,67
2024,Reporting year,Local authority,E92000001,England,E12000005,West Midlands,336,Wolverhampton,E08000031,23 years,Care leaver not in touch,25,60
2024,Reporting year,Local authority,E92000001,England,E12000005,West Midlands,336,Wolverhampton,E08000031,23 years,Total,42,100
2024,Reporting year,Local authority,E92000001,England,E12000005,West Midlands,336,Wolverhampton,E08000031,23 years,Young person has requested and received support,17,40
2024,Reporting year,Local authority,E92000001,England,E12000005,West Midlands,336,Wolverhampton,E08000031,24 years,Care leaver not in touch,32,58
2024,Reporting year,Local authority,E92000001,England,E12000005,West Midlands,336,Wolverhampton,E08000031,24 years,Total,55,100
2024,Reporting year,Local authority,E92000001,England,E12000005,West Midlands,336,Wolverhampton,E08000031,24 years,Young person has requested and received support,23,42
2024,Reporting year,Local authority,E92000001,England,E12000005,West Midlands,336,Wolverhampton,E08000031,25 years,Care leaver not in touch,45,79
2024,Reporting year,Local authority,E92000001,England,E12000005,West Midlands,336,Wolverhampton,E08000031,25 years,Total,57,100
2024,Reporting year,Local authority,E92000001,England,E12000005,West Midlands,336,Wolverhampton,E08000031,25 years,Young person has requested and received support,12,21
2024,Reporting year,Local authority,E92000001,England,E12000005,West Midlands,860,Staffordshire,E10000028,22 years,Care leaver not in touch,120,81
2024,Reporting year,Local authority,E92000001,England,E12000005,West Midlands,860,Staffordshire,E10000028,22 years,Total,148,100
2024,Reporting year,Local authority,E92000001,England,E12000005,West Midlands,860,Staffordshire,E10000028,22 years,Young person has requested and received support,28,19
2024,Reporting year,Local authority,E92000001,England,E12000005,West Midlands,860,Staffordshire,E10000028,23 years,Care leaver not in touch,128,90
2024,Reporting year,Local authority,E92000001,England,E12000005,West Midlands,860,Staffordshire,E10000028,23 years,Total,142,100
2024,Reporting year,Local authority,E92000001,England,E12000005,West Midlands,860,Staffordshire,E10000028,23 years,Young person has requested and received support,14,10
2024,Reporting year,Local authority,E92000001,England,E12000005,West Midlands,860,Staffordshire,E10000028,24 years,Care leaver not in touch,142,96
2024,Reporting year,Local authority,E92000001,England,E12000005,West Midlands,860,Staffordshire,E10000028,24 years,Total,148,100
2024,Reporting year,Local authority,E92000001,England,E12000005,West Midlands,860,Staffordshire,E10000028,24 years,Young person has requested and received support,6,4
2024,Reporting year,Local authority,E92000001,England,E12000005,West Midlands,860,Staffordshire,E10000028,25 years,Care leaver not in touch,122,95
2024,Reporting year,Local authority,E92000001,England,E12000005,West Midlands,860,Staffordshire,E10000028,25 years,Total,128,100
2024,Reporting year,Local authority,E92000001,England,E12000005,West Midlands,860,Staffordshire,E10000028,25 years,Young person has requested and received support,6,5
2024,Reporting year,Local authority,E92000001,England,E12000005,West Midlands,937,Warwickshire,E10000031,22 years,Care leaver not in touch,23,23
2024,Reporting year,Local authority,E92000001,England,E12000005,West Midlands,937,Warwickshire,E10000031,22 years,Total,99,100
2024,Reporting year,Local authority,E92000001,England,E12000005,West Midlands,937,Warwickshire,E10000031,22 years,Young person has requested and received support,76,77
2024,Reporting year,Local authority,E92000001,England,E12000005,West Midlands,937,Warwickshire,E10000031,23 years,Care leaver not in touch,70,49
2024,Reporting year,Local authority,E92000001,England,E12000005,West Midlands,937,Warwickshire,E10000031,23 years,Total,142,100
2024,Reporting year,Local authority,E92000001,England,E12000005,West Midlands,937,Warwickshire,E10000031,23 years,Young person has requested and received support,72,51
2024,Reporting year,Local authority,E92000001,England,E12000005,West Midlands,937,Warwickshire,E10000031,24 years,Care leaver not in touch,57,53
2024,Reporting year,Local authority,E92000001,England,E12000005,West Midlands,937,Warwickshire,E10000031,24 years,Total,108,100
2024,Reporting year,Local authority,E92000001,England,E12000005,West Midlands,937,Warwickshire,E10000031,24 years,Young person has requested and received support,51,47
2024,Reporting year,Local authority,E92000001,England,E12000005,West Midlands,937,Warwickshire,E10000031,25 years,Care leaver not in touch,87,83
2024,Reporting year,Local authority,E92000001,England,E12000005,West Midlands,937,Warwickshire,E10000031,25 years,Total,105,100
2024,Reporting year,Local authority,E92000001,England,E12000005,West Midlands,937,Warwickshire,E10000031,25 years,Young person has requested and received support,18,17
2024,Reporting year,Local authority,E92000001,England,E12000005,West Midlands,885,Worcestershire,E10000034,22 years,Care leaver not in touch,36,35
2024,Reporting year,Local authority,E92000001,England,E12000005,West Midlands,885,Worcestershire,E10000034,22 years,Total,102,100
2024,Reporting year,Local authority,E92000001,England,E12000005,West Midlands,885,Worcestershire,E10000034,22 years,Young person has requested and received support,66,65
2024,Reporting year,Local authority,E92000001,England,E12000005,West Midlands,885,Worcestershire,E10000034,23 years,Care leaver not in touch,53,59
2024,Reporting year,Local authority,E92000001,England,E12000005,West Midlands,885,Worcestershire,E10000034,23 years,Total,90,100
2024,Reporting year,Local authority,E92000001,England,E12000005,West Midlands,885,Worcestershire,E10000034,23 years,Young person has requested and received support,37,41
2024,Reporting year,Local authority,E92000001,England,E12000005,West Midlands,885,Worcestershire,E10000034,24 years,Care leaver not in touch,68,68
2024,Reporting year,Local authority,E92000001,England,E12000005,West Midlands,885,Worcestershire,E10000034,24 years,Total,100,100
2024,Reporting year,Local authority,E92000001,England,E12000005,West Midlands,885,Worcestershire,E10000034,24 years,Young person has requested and received support,32,32
2024,Reporting year,Local authority,E92000001,England,E12000005,West Midlands,885,Worcestershire,E10000034,25 years,Care leaver not in touch,92,94
2024,Reporting year,Local authority,E92000001,England,E12000005,West Midlands,885,Worcestershire,E10000034,25 years,Total,98,100
2024,Reporting year,Local authority,E92000001,England,E12000005,West Midlands,885,Worcestershire,E10000034,25 years,Young person has requested and received support,6,6
2024,Reporting year,Local authority,E92000001,England,E12000006,East of England,874,Peterborough,E06000031,22 years,Care leaver not in touch,46,82
2024,Reporting year,Local authority,E92000001,England,E12000006,East of England,874,Peterborough,E06000031,22 years,Total,56,100
2024,Reporting year,Local authority,E92000001,England,E12000006,East of England,874,Peterborough,E06000031,22 years,Young person has requested and received support,10,18
2024,Reporting year,Local authority,E92000001,England,E12000006,East of England,874,Peterborough,E06000031,23 years,Care leaver not in touch,c,c
2024,Reporting year,Local authority,E92000001,England,E12000006,East of England,874,Peterborough,E06000031,23 years,Total,73,100
2024,Reporting year,Local authority,E92000001,England,E12000006,East of England,874,Peterborough,E06000031,23 years,Young person has requested and received support,c,c
2024,Reporting year,Local authority,E92000001,England,E12000006,East of England,874,Peterborough,E06000031,24 years,Care leaver not in touch,c,c
2024,Reporting year,Local authority,E92000001,England,E12000006,East of England,874,Peterborough,E06000031,24 years,Total,60,100
2024,Reporting year,Local authority,E92000001,England,E12000006,East of England,874,Peterborough,E06000031,24 years,Young person has requested and received support,c,c
2024,Reporting year,Local authority,E92000001,England,E12000006,East of England,874,Peterborough,E06000031,25 years,Care leaver not in touch,c,c
2024,Reporting year,Local authority,E92000001,England,E12000006,East of England,874,Peterborough,E06000031,25 years,Total,45,100
2024,Reporting year,Local authority,E92000001,England,E12000006,East of England,874,Peterborough,E06000031,25 years,Young person has requested and received support,c,c
2024,Reporting year,Local authority,E92000001,England,E12000006,East of England,821,Luton,E06000032,22 years,Care leaver not in touch,45,63
2024,Reporting year,Local authority,E92000001,England,E12000006,East of England,821,Luton,E06000032,22 years,Total,71,100
2024,Reporting year,Local authority,E92000001,England,E12000006,East of England,821,Luton,E06000032,22 years,Young person has requested and received support,26,37
2024,Reporting year,Local authority,E92000001,England,E12000006,East of England,821,Luton,E06000032,23 years,Care leaver not in touch,39,80
2024,Reporting year,Local authority,E92000001,England,E12000006,East of England,821,Luton,E06000032,23 years,Total,49,100
2024,Reporting year,Local authority,E92000001,England,E12000006,East of England,821,Luton,E06000032,23 years,Young person has requested and received support,10,20
2024,Reporting year,Local authority,E92000001,England,E12000006,East of England,821,Luton,E06000032,24 years,Care leaver not in touch,69,84
2024,Reporting year,Local authority,E92000001,England,E12000006,East of England,821,Luton,E06000032,24 years,Total,82,100
2024,Reporting year,Local authority,E92000001,England,E12000006,East of England,821,Luton,E06000032,24 years,Young person has requested and received support,13,16
2024,Reporting year,Local authority,E92000001,England,E12000006,East of England,821,Luton,E06000032,25 years,Care leaver not in touch,c,c
2024,Reporting year,Local authority,E92000001,England,E12000006,East of England,821,Luton,E06000032,25 years,Total,65,100
2024,Reporting year,Local authority,E92000001,England,E12000006,East of England,821,Luton,E06000032,25 years,Young person has requested and received support,c,c
2024,Reporting year,Local authority,E92000001,England,E12000006,East of England,882,Southend-on-Sea,E06000033,22 years,Care leaver not in touch,c,c
2024,Reporting year,Local authority,E92000001,England,E12000006,East of England,882,Southend-on-Sea,E06000033,22 years,Total,45,100
2024,Reporting year,Local authority,E92000001,England,E12000006,East of England,882,Southend-on-Sea,E06000033,22 years,Young person has requested and received support,c,c
2024,Reporting year,Local authority,E92000001,England,E12000006,East of England,882,Southend-on-Sea,E06000033,23 years,Care leaver not in touch,41,100
2024,Reporting year,Local authority,E92000001,England,E12000006,East of England,882,Southend-on-Sea,E06000033,23 years,Total,41,100
2024,Reporting year,Local authority,E92000001,England,E12000006,East of England,882,Southend-on-Sea,E06000033,23 years,Young person has requested and received support,0,0
2024,Reporting year,Local authority,E92000001,England,E12000006,East of England,882,Southend-on-Sea,E06000033,24 years,Care leaver not in touch,43,100
2024,Reporting year,Local authority,E92000001,England,E12000006,East of England,882,Southend-on-Sea,E06000033,24 years,Total,43,100
2024,Reporting year,Local authority,E92000001,England,E12000006,East of England,882,Southend-on-Sea,E06000033,24 years,Young person has requested and received support,0,0
2024,Reporting year,Local authority,E92000001,England,E12000006,East of England,882,Southend-on-Sea,E06000033,25 years,Care leaver not in touch,c,c
2024,Reporting year,Local authority,E92000001,England,E12000006,East of England,882,Southend-on-Sea,E06000033,25 years,Total,40,100
2024,Reporting year,Local authority,E92000001,England,E12000006,East of England,882,Southend-on-Sea,E06000033,25 years,Young person has requested and received support,c,c
2024,Reporting year,Local authority,E92000001,England,E12000006,East of England,883,Thurrock,E06000034,22 years,Care leaver not in touch,21,37
2024,Reporting year,Local authority,E92000001,England,E12000006,East of England,883,Thurrock,E06000034,22 years,Total,57,100
2024,Reporting year,Local authority,E92000001,England,E12000006,East of England,883,Thurrock,E06000034,22 years,Young person has requested and received support,36,63
2024,Reporting year,Local authority,E92000001,England,E12000006,East of England,883,Thurrock,E06000034,23 years,Care leaver not in touch,27,47
2024,Reporting year,Local authority,E92000001,England,E12000006,East of England,883,Thurrock,E06000034,23 years,Total,58,100
2024,Reporting year,Local authority,E92000001,England,E12000006,East of England,883,Thurrock,E06000034,23 years,Young person has requested and received support,31,53
2024,Reporting year,Local authority,E92000001,England,E12000006,East of England,883,Thurrock,E06000034,24 years,Care leaver not in touch,37,52
2024,Reporting year,Local authority,E92000001,England,E12000006,East of England,883,Thurrock,E06000034,24 years,Total,71,100
2024,Reporting year,Local authority,E92000001,England,E12000006,East of England,883,Thurrock,E06000034,24 years,Young person has requested and received support,34,48
2024,Reporting year,Local authority,E92000001,England,E12000006,East of England,883,Thurrock,E06000034,25 years,Care leaver not in touch,c,c
2024,Reporting year,Local authority,E92000001,England,E12000006,East of England,883,Thurrock,E06000034,25 years,Total,60,100
2024,Reporting year,Local authority,E92000001,England,E12000006,East of England,883,Thurrock,E06000034,25 years,Young person has requested and received support,c,c
2024,Reporting year,Local authority,E92000001,England,E12000006,East of England,822,Bedford,E06000055,22 years,Care leaver not in touch,19,53
2024,Reporting year,Local authority,E92000001,England,E12000006,East of England,822,Bedford,E06000055,22 years,Total,36,100
2024,Reporting year,Local authority,E92000001,England,E12000006,East of England,822,Bedford,E06000055,22 years,Young person has requested and received support,17,47
2024,Reporting year,Local authority,E92000001,England,E12000006,East of England,822,Bedford,E06000055,23 years,Care leaver not in touch,31,79
2024,Reporting year,Local authority,E92000001,England,E12000006,East of England,822,Bedford,E06000055,23 years,Total,39,100
2024,Reporting year,Local authority,E92000001,England,E12000006,East of England,822,Bedford,E06000055,23 years,Young person has requested and received support,8,21
2024,Reporting year,Local authority,E92000001,England,E12000006,East of England,822,Bedford,E06000055,24 years,Care leaver not in touch,34,77
2024,Reporting year,Local authority,E92000001,England,E12000006,East of England,822,Bedford,E06000055,24 years,Total,44,100
2024,Reporting year,Local authority,E92000001,England,E12000006,East of England,822,Bedford,E06000055,24 years,Young person has requested and received support,10,23
2024,Reporting year,Local authority,E92000001,England,E12000006,East of England,822,Bedford,E06000055,25 years,Care leaver not in touch,c,c
2024,Reporting year,Local authority,E92000001,England,E12000006,East of England,822,Bedford,E06000055,25 years,Total,35,100
2024,Reporting year,Local authority,E92000001,England,E12000006,East of England,822,Bedford,E06000055,25 years,Young person has requested and received support,c,c
2024,Reporting year,Local authority,E92000001,England,E12000006,East of England,823,Central Bedfordshire,E06000056,22 years,Care leaver not in touch,27,54
2024,Reporting year,Local authority,E92000001,England,E12000006,East of England,823,Central Bedfordshire,E06000056,22 years,Total,50,100
2024,Reporting year,Local authority,E92000001,England,E12000006,East of England,823,Central Bedfordshire,E06000056,22 years,Young person has requested and received support,23,46
2024,Reporting year,Local authority,E92000001,England,E12000006,East of England,823,Central Bedfordshire,E06000056,23 years,Care leaver not in touch,39,80
2024,Reporting year,Local authority,E92000001,England,E12000006,East of England,823,Central Bedfordshire,E06000056,23 years,Total,49,100
2024,Reporting year,Local authority,E92000001,England,E12000006,East of England,823,Central Bedfordshire,E06000056,23 years,Young person has requested and received support,10,20
2024,Reporting year,Local authority,E92000001,England,E12000006,East of England,823,Central Bedfordshire,E06000056,24 years,Care leaver not in touch,c,c
2024,Reporting year,Local authority,E92000001,England,E12000006,East of England,823,Central Bedfordshire,E06000056,24 years,Total,50,100
2024,Reporting year,Local authority,E92000001,England,E12000006,East of England,823,Central Bedfordshire,E06000056,24 years,Young person has requested and received support,c,c
2024,Reporting year,Local authority,E92000001,England,E12000006,East of England,823,Central Bedfordshire,E06000056,25 years,Care leaver not in touch,c,c
2024,Reporting year,Local authority,E92000001,England,E12000006,East of England,823,Central Bedfordshire,E06000056,25 years,Total,41,100
2024,Reporting year,Local authority,E92000001,England,E12000006,East of England,823,Central Bedfordshire,E06000056,25 years,Young person has requested and received support,c,c
2024,Reporting year,Local authority,E92000001,England,E12000006,East of England,873,Cambridgeshire,E10000003,22 years,Care leaver not in touch,9,9
2024,Reporting year,Local authority,E92000001,England,E12000006,East of England,873,Cambridgeshire,E10000003,22 years,Total,96,100
2024,Reporting year,Local authority,E92000001,England,E12000006,East of England,873,Cambridgeshire,E10000003,22 years,Young person has requested and received support,87,91
2024,Reporting year,Local authority,E92000001,England,E12000006,East of England,873,Cambridgeshire,E10000003,23 years,Care leaver not in touch,c,c
2024,Reporting year,Local authority,E92000001,England,E12000006,East of England,873,Cambridgeshire,E10000003,23 years,Total,92,100
2024,Reporting year,Local authority,E92000001,England,E12000006,East of England,873,Cambridgeshire,E10000003,23 years,Young person has requested and received support,c,c
2024,Reporting year,Local authority,E92000001,England,E12000006,East of England,873,Cambridgeshire,E10000003,24 years,Care leaver not in touch,c,c
2024,Reporting year,Local authority,E92000001,England,E12000006,East of England,873,Cambridgeshire,E10000003,24 years,Total,114,100
2024,Reporting year,Local authority,E92000001,England,E12000006,East of England,873,Cambridgeshire,E10000003,24 years,Young person has requested and received support,c,c
2024,Reporting year,Local authority,E92000001,England,E12000006,East of England,873,Cambridgeshire,E10000003,25 years,Care leaver not in touch,c,c
2024,Reporting year,Local authority,E92000001,England,E12000006,East of England,873,Cambridgeshire,E10000003,25 years,Total,86,100
2024,Reporting year,Local authority,E92000001,England,E12000006,East of England,873,Cambridgeshire,E10000003,25 years,Young person has requested and received support,c,c
2024,Reporting year,Local authority,E92000001,England,E12000006,East of England,881,Essex,E10000012,22 years,Care leaver not in touch,174,82
2024,Reporting year,Local authority,E92000001,England,E12000006,East of England,881,Essex,E10000012,22 years,Total,213,100
2024,Reporting year,Local authority,E92000001,England,E12000006,East of England,881,Essex,E10000012,22 years,Young person has requested and received support,39,18
2024,Reporting year,Local authority,E92000001,England,E12000006,East of England,881,Essex,E10000012,23 years,Care leaver not in touch,157,81
2024,Reporting year,Local authority,E92000001,England,E12000006,East of England,881,Essex,E10000012,23 years,Total,193,100
2024,Reporting year,Local authority,E92000001,England,E12000006,East of England,881,Essex,E10000012,23 years,Young person has requested and received support,36,19
2024,Reporting year,Local authority,E92000001,England,E12000006,East of England,881,Essex,E10000012,24 years,Care leaver not in touch,176,91
2024,Reporting year,Local authority,E92000001,England,E12000006,East of England,881,Essex,E10000012,24 years,Total,194,100
2024,Reporting year,Local authority,E92000001,England,E12000006,East of England,881,Essex,E10000012,24 years,Young person has requested and received support,18,9
2024,Reporting year,Local authority,E92000001,England,E12000006,East of England,881,Essex,E10000012,25 years,Care leaver not in touch,180,96
2024,Reporting year,Local authority,E92000001,England,E12000006,East of England,881,Essex,E10000012,25 years,Total,188,100
2024,Reporting year,Local authority,E92000001,England,E12000006,East of England,881,Essex,E10000012,25 years,Young person has requested and received support,8,4
2024,Reporting year,Local authority,E92000001,England,E12000006,East of England,919,Hertfordshire,E10000015,22 years,Care leaver not in touch,66,35
2024,Reporting year,Local authority,E92000001,England,E12000006,East of England,919,Hertfordshire,E10000015,22 years,Total,187,100
2024,Reporting year,Local authority,E92000001,England,E12000006,East of England,919,Hertfordshire,E10000015,22 years,Young person has requested and received support,121,65
2024,Reporting year,Local authority,E92000001,England,E12000006,East of England,919,Hertfordshire,E10000015,23 years,Care leaver not in touch,77,52
2024,Reporting year,Local authority,E92000001,England,E12000006,East of England,919,Hertfordshire,E10000015,23 years,Total,148,100
2024,Reporting year,Local authority,E92000001,England,E12000006,East of England,919,Hertfordshire,E10000015,23 years,Young person has requested and received support,71,48
2024,Reporting year,Local authority,E92000001,England,E12000006,East of England,919,Hertfordshire,E10000015,24 years,Care leaver not in touch,99,58
2024,Reporting year,Local authority,E92000001,England,E12000006,East of England,919,Hertfordshire,E10000015,24 years,Total,170,100
2024,Reporting year,Local authority,E92000001,England,E12000006,East of England,919,Hertfordshire,E10000015,24 years,Young person has requested and received support,71,42
2024,Reporting year,Local authority,E92000001,England,E12000006,East of England,919,Hertfordshire,E10000015,25 years,Care leaver not in touch,137,79
2024,Reporting year,Local authority,E92000001,England,E12000006,East of England,919,Hertfordshire,E10000015,25 years,Total,173,100
2024,Reporting year,Local authority,E92000001,England,E12000006,East of England,919,Hertfordshire,E10000015,25 years,Young person has requested and received support,36,21
2024,Reporting year,Local authority,E92000001,England,E12000006,East of England,926,Norfolk,E10000020,22 years,Care leaver not in touch,76,45
2024,Reporting year,Local authority,E92000001,England,E12000006,East of England,926,Norfolk,E10000020,22 years,Total,169,100
2024,Reporting year,Local authority,E92000001,England,E12000006,East of England,926,Norfolk,E10000020,22 years,Young person has requested and received support,93,55
2024,Reporting year,Local authority,E92000001,England,E12000006,East of England,926,Norfolk,E10000020,23 years,Care leaver not in touch,95,66
2024,Reporting year,Local authority,E92000001,England,E12000006,East of England,926,Norfolk,E10000020,23 years,Total,143,100
2024,Reporting year,Local authority,E92000001,England,E12000006,East of England,926,Norfolk,E10000020,23 years,Young person has requested and received support,48,34
2024,Reporting year,Local authority,E92000001,England,E12000006,East of England,926,Norfolk,E10000020,24 years,Care leaver not in touch,100,78
2024,Reporting year,Local authority,E92000001,England,E12000006,East of England,926,Norfolk,E10000020,24 years,Total,128,100
2024,Reporting year,Local authority,E92000001,England,E12000006,East of England,926,Norfolk,E10000020,24 years,Young person has requested and received support,28,22
2024,Reporting year,Local authority,E92000001,England,E12000006,East of England,926,Norfolk,E10000020,25 years,Care leaver not in touch,104,78
2024,Reporting year,Local authority,E92000001,England,E12000006,East of England,926,Norfolk,E10000020,25 years,Total,133,100
2024,Reporting year,Local authority,E92000001,England,E12000006,East of England,926,Norfolk,E10000020,25 years,Young person has requested and received support,29,22
2024,Reporting year,Local authority,E92000001,England,E12000006,East of England,935,Suffolk,E10000029,22 years,Care leaver not in touch,16,11
2024,Reporting year,Local authority,E92000001,England,E12000006,East of England,935,Suffolk,E10000029,22 years,Total,147,100
2024,Reporting year,Local authority,E92000001,England,E12000006,East of England,935,Suffolk,E10000029,22 years,Young person has requested and received support,131,89
2024,Reporting year,Local authority,E92000001,England,E12000006,East of England,935,Suffolk,E10000029,23 years,Care leaver not in touch,100,67
2024,Reporting year,Local authority,E92000001,England,E12000006,East of England,935,Suffolk,E10000029,23 years,Total,150,100
2024,Reporting year,Local authority,E92000001,England,E12000006,East of England,935,Suffolk,E10000029,23 years,Young person has requested and received support,50,33
2024,Reporting year,Local authority,E92000001,England,E12000006,East of England,935,Suffolk,E10000029,24 years,Care leaver not in touch,124,86
2024,Reporting year,Local authority,E92000001,England,E12000006,East of England,935,Suffolk,E10000029,24 years,Total,144,100
2024,Reporting year,Local authority,E92000001,England,E12000006,East of England,935,Suffolk,E10000029,24 years,Young person has requested and received support,20,14
2024,Reporting year,Local authority,E92000001,England,E12000006,East of England,935,Suffolk,E10000029,25 years,Care leaver not in touch,93,89
2024,Reporting year,Local authority,E92000001,England,E12000006,East of England,935,Suffolk,E10000029,25 years,Total,104,100
2024,Reporting year,Local authority,E92000001,England,E12000006,East of England,935,Suffolk,E10000029,25 years,Young person has requested and received support,11,11
2024,Reporting year,Local authority,E92000001,England,E12000008,South East,887,Medway,E06000035,22 years,Care leaver not in touch,33,60
2024,Reporting year,Local authority,E92000001,England,E12000008,South East,887,Medway,E06000035,22 years,Total,55,100
2024,Reporting year,Local authority,E92000001,England,E12000008,South East,887,Medway,E06000035,22 years,Young person has requested and received support,22,40
2024,Reporting year,Local authority,E92000001,England,E12000008,South East,887,Medway,E06000035,23 years,Care leaver not in touch,c,c
2024,Reporting year,Local authority,E92000001,England,E12000008,South East,887,Medway,E06000035,23 years,Total,41,100
2024,Reporting year,Local authority,E92000001,England,E12000008,South East,887,Medway,E06000035,23 years,Young person has requested and received support,c,c
2024,Reporting year,Local authority,E92000001,England,E12000008,South East,887,Medway,E06000035,24 years,Care leaver not in touch,c,c
2024,Reporting year,Local authority,E92000001,England,E12000008,South East,887,Medway,E06000035,24 years,Total,49,100
2024,Reporting year,Local authority,E92000001,England,E12000008,South East,887,Medway,E06000035,24 years,Young person has requested and received support,c,c
2024,Reporting year,Local authority,E92000001,England,E12000008,South East,887,Medway,E06000035,25 years,Care leaver not in touch,c,c
2024,Reporting year,Local authority,E92000001,England,E12000008,South East,887,Medway,E06000035,25 years,Total,49,100
2024,Reporting year,Local authority,E92000001,England,E12000008,South East,887,Medway,E06000035,25 years,Young person has requested and received support,c,c
2024,Reporting year,Local authority,E92000001,England,E12000008,South East,867,Bracknell Forest,E06000036,22 years,Care leaver not in touch,23,100
2024,Reporting year,Local authority,E92000001,England,E12000008,South East,867,Bracknell Forest,E06000036,22 years,Total,23,100
2024,Reporting year,Local authority,E92000001,England,E12000008,South East,867,Bracknell Forest,E06000036,22 years,Young person has requested and received support,0,0
2024,Reporting year,Local authority,E92000001,England,E12000008,South East,867,Bracknell Forest,E06000036,23 years,Care leaver not in touch,21,100
2024,Reporting year,Local authority,E92000001,England,E12000008,South East,867,Bracknell Forest,E06000036,23 years,Total,21,100
2024,Reporting year,Local authority,E92000001,England,E12000008,South East,867,Bracknell Forest,E06000036,23 years,Young person has requested and received support,0,0
2024,Reporting year,Local authority,E92000001,England,E12000008,South East,867,Bracknell Forest,E06000036,24 years,Care leaver not in touch,19,100
2024,Reporting year,Local authority,E92000001,England,E12000008,South East,867,Bracknell Forest,E06000036,24 years,Total,19,100
2024,Reporting year,Local authority,E92000001,England,E12000008,South East,867,Bracknell Forest,E06000036,24 years,Young person has requested and received support,0,0
2024,Reporting year,Local authority,E92000001,England,E12000008,South East,867,Bracknell Forest,E06000036,25 years,Care leaver not in touch,21,100
2024,Reporting year,Local authority,E92000001,England,E12000008,South East,867,Bracknell Forest,E06000036,25 years,Total,21,100
2024,Reporting year,Local authority,E92000001,England,E12000008,South East,867,Bracknell Forest,E06000036,25 years,Young person has requested and received support,0,0
2024,Reporting year,Local authority,E92000001,England,E12000008,South East,869,West Berkshire,E06000037,22 years,Care leaver not in touch,11,29
2024,Reporting year,Local authority,E92000001,England,E12000008,South East,869,West Berkshire,E06000037,22 years,Total,38,100
2024,Reporting year,Local authority,E92000001,England,E12000008,South East,869,West Berkshire,E06000037,22 years,Young person has requested and received support,27,71
2024,Reporting year,Local authority,E92000001,England,E12000008,South East,869,West Berkshire,E06000037,23 years,Care leaver not in touch,11,55
2024,Reporting year,Local authority,E92000001,England,E12000008,South East,869,West Berkshire,E06000037,23 years,Total,20,100
2024,Reporting year,Local authority,E92000001,England,E12000008,South East,869,West Berkshire,E06000037,23 years,Young person has requested and received support,9,45
2024,Reporting year,Local authority,E92000001,England,E12000008,South East,869,West Berkshire,E06000037,24 years,Care leaver not in touch,14,56
2024,Reporting year,Local authority,E92000001,England,E12000008,South East,869,West Berkshire,E06000037,24 years,Total,25,100
2024,Reporting year,Local authority,E92000001,England,E12000008,South East,869,West Berkshire,E06000037,24 years,Young person has requested and received support,11,44
2024,Reporting year,Local authority,E92000001,England,E12000008,South East,869,West Berkshire,E06000037,25 years,Care leaver not in touch,26,72
2024,Reporting year,Local authority,E92000001,England,E12000008,South East,869,West Berkshire,E06000037,25 years,Total,36,100
2024,Reporting year,Local authority,E92000001,England,E12000008,South East,869,West Berkshire,E06000037,25 years,Young person has requested and received support,10,28
2024,Reporting year,Local authority,E92000001,England,E12000008,South East,870,Reading,E06000038,22 years,Care leaver not in touch,12,48
2024,Reporting year,Local authority,E92000001,England,E12000008,South East,870,Reading,E06000038,22 years,Total,25,100
2024,Reporting year,Local authority,E92000001,England,E12000008,South East,870,Reading,E06000038,22 years,Young person has requested and received support,13,52
2024,Reporting year,Local authority,E92000001,England,E12000008,South East,870,Reading,E06000038,23 years,Care leaver not in touch,22,67
2024,Reporting year,Local authority,E92000001,England,E12000008,South East,870,Reading,E06000038,23 years,Total,33,100
2024,Reporting year,Local authority,E92000001,England,E12000008,South East,870,Reading,E06000038,23 years,Young person has requested and received support,11,33
2024,Reporting year,Local authority,E92000001,England,E12000008,South East,870,Reading,E06000038,24 years,Care leaver not in touch,30,83
2024,Reporting year,Local authority,E92000001,England,E12000008,South East,870,Reading,E06000038,24 years,Total,36,100
2024,Reporting year,Local authority,E92000001,England,E12000008,South East,870,Reading,E06000038,24 years,Young person has requested and received support,6,17
2024,Reporting year,Local authority,E92000001,England,E12000008,South East,870,Reading,E06000038,25 years,Care leaver not in touch,c,c
2024,Reporting year,Local authority,E92000001,England,E12000008,South East,870,Reading,E06000038,25 years,Total,29,100
2024,Reporting year,Local authority,E92000001,England,E12000008,South East,870,Reading,E06000038,25 years,Young person has requested and received support,c,c
2024,Reporting year,Local authority,E92000001,England,E12000008,South East,871,Slough,E06000039,22 years,Care leaver not in touch,7,19
2024,Reporting year,Local authority,E92000001,England,E12000008,South East,871,Slough,E06000039,22 years,Total,36,100
2024,Reporting year,Local authority,E92000001,England,E12000008,South East,871,Slough,E06000039,22 years,Young person has requested and received support,29,81
2024,Reporting year,Local authority,E92000001,England,E12000008,South East,871,Slough,E06000039,23 years,Care leaver not in touch,13,37
2024,Reporting year,Local authority,E92000001,England,E12000008,South East,871,Slough,E06000039,23 years,Total,35,100
2024,Reporting year,Local authority,E92000001,England,E12000008,South East,871,Slough,E06000039,23 years,Young person has requested and received support,22,63
2024,Reporting year,Local authority,E92000001,England,E12000008,South East,871,Slough,E06000039,24 years,Care leaver not in touch,18,58
2024,Reporting year,Local authority,E92000001,England,E12000008,South East,871,Slough,E06000039,24 years,Total,31,100
2024,Reporting year,Local authority,E92000001,England,E12000008,South East,871,Slough,E06000039,24 years,Young person has requested and received support,13,42
2024,Reporting year,Local authority,E92000001,England,E12000008,South East,871,Slough,E06000039,25 years,Care leaver not in touch,16,62
2024,Reporting year,Local authority,E92000001,England,E12000008,South East,871,Slough,E06000039,25 years,Total,26,100
2024,Reporting year,Local authority,E92000001,England,E12000008,South East,871,Slough,E06000039,25 years,Young person has requested and received support,10,38
2024,Reporting year,Local authority,E92000001,England,E12000008,South East,868,Windsor and Maidenhead,E06000040,22 years,Care leaver not in touch,14,67
2024,Reporting year,Local authority,E92000001,England,E12000008,South East,868,Windsor and Maidenhead,E06000040,22 years,Total,21,100
2024,Reporting year,Local authority,E92000001,England,E12000008,South East,868,Windsor and Maidenhead,E06000040,22 years,Young person has requested and received support,7,33
2024,Reporting year,Local authority,E92000001,England,E12000008,South East,868,Windsor and Maidenhead,E06000040,23 years,Care leaver not in touch,13,65
2024,Reporting year,Local authority,E92000001,England,E12000008,South East,868,Windsor and Maidenhead,E06000040,23 years,Total,20,100
2024,Reporting year,Local authority,E92000001,England,E12000008,South East,868,Windsor and Maidenhead,E06000040,23 years,Young person has requested and received support,7,35
2024,Reporting year,Local authority,E92000001,England,E12000008,South East,868,Windsor and Maidenhead,E06000040,24 years,Care leaver not in touch,c,c
2024,Reporting year,Local authority,E92000001,England,E12000008,South East,868,Windsor and Maidenhead,E06000040,24 years,Total,20,100
2024,Reporting year,Local authority,E92000001,England,E12000008,South East,868,Windsor and Maidenhead,E06000040,24 years,Young person has requested and received support,c,c
2024,Reporting year,Local authority,E92000001,England,E12000008,South East,868,Windsor and Maidenhead,E06000040,25 years,Care leaver not in touch,13,100
2024,Reporting year,Local authority,E92000001,England,E12000008,South East,868,Windsor and Maidenhead,E06000040,25 years,Total,13,100
2024,Reporting year,Local authority,E92000001,England,E12000008,South East,868,Windsor and Maidenhead,E06000040,25 years,Young person has requested and received support,0,0
2024,Reporting year,Local authority,E92000001,England,E12000008,South East,872,Wokingham,E06000041,22 years,Care leaver not in touch,c,c
2024,Reporting year,Local authority,E92000001,England,E12000008,South East,872,Wokingham,E06000041,22 years,Total,19,100
2024,Reporting year,Local authority,E92000001,England,E12000008,South East,872,Wokingham,E06000041,22 years,Young person has requested and received support,c,c
2024,Reporting year,Local authority,E92000001,England,E12000008,South East,872,Wokingham,E06000041,23 years,Care leaver not in touch,10,45
2024,Reporting year,Local authority,E92000001,England,E12000008,South East,872,Wokingham,E06000041,23 years,Total,22,100
2024,Reporting year,Local authority,E92000001,England,E12000008,South East,872,Wokingham,E06000041,23 years,Young person has requested and received support,12,55
2024,Reporting year,Local authority,E92000001,England,E12000008,South East,872,Wokingham,E06000041,24 years,Care leaver not in touch,c,c
2024,Reporting year,Local authority,E92000001,England,E12000008,South East,872,Wokingham,E06000041,24 years,Total,19,100
2024,Reporting year,Local authority,E92000001,England,E12000008,South East,872,Wokingham,E06000041,24 years,Young person has requested and received support,c,c
2024,Reporting year,Local authority,E92000001,England,E12000008,South East,872,Wokingham,E06000041,25 years,Care leaver not in touch,c,c
2024,Reporting year,Local authority,E92000001,England,E12000008,South East,872,Wokingham,E06000041,25 years,Total,10,100
2024,Reporting year,Local authority,E92000001,England,E12000008,South East,872,Wokingham,E06000041,25 years,Young person has requested and received support,c,c
2024,Reporting year,Local authority,E92000001,England,E12000008,South East,826,Milton Keynes,E06000042,22 years,Care leaver not in touch,25,60
2024,Reporting year,Local authority,E92000001,England,E12000008,South East,826,Milton Keynes,E06000042,22 years,Total,42,100
2024,Reporting year,Local authority,E92000001,England,E12000008,South East,826,Milton Keynes,E06000042,22 years,Young person has requested and received support,17,40
2024,Reporting year,Local authority,E92000001,England,E12000008,South East,826,Milton Keynes,E06000042,23 years,Care leaver not in touch,42,82
2024,Reporting year,Local authority,E92000001,England,E12000008,South East,826,Milton Keynes,E06000042,23 years,Total,51,100
2024,Reporting year,Local authority,E92000001,England,E12000008,South East,826,Milton Keynes,E06000042,23 years,Young person has requested and received support,9,18
2024,Reporting year,Local authority,E92000001,England,E12000008,South East,826,Milton Keynes,E06000042,24 years,Care leaver not in touch,47,82
2024,Reporting year,Local authority,E92000001,England,E12000008,South East,826,Milton Keynes,E06000042,24 years,Total,57,100
2024,Reporting year,Local authority,E92000001,England,E12000008,South East,826,Milton Keynes,E06000042,24 years,Young person has requested and received support,10,18
2024,Reporting year,Local authority,E92000001,England,E12000008,South East,826,Milton Keynes,E06000042,25 years,Care leaver not in touch,c,c
2024,Reporting year,Local authority,E92000001,England,E12000008,South East,826,Milton Keynes,E06000042,25 years,Total,52,100
2024,Reporting year,Local authority,E92000001,England,E12000008,South East,826,Milton Keynes,E06000042,25 years,Young person has requested and received support,c,c
2024,Reporting year,Local authority,E92000001,England,E12000008,South East,846,Brighton and Hove,E06000043,22 years,Care leaver not in touch,16,24
2024,Reporting year,Local authority,E92000001,England,E12000008,South East,846,Brighton and Hove,E06000043,22 years,Total,68,100
2024,Reporting year,Local authority,E92000001,England,E12000008,South East,846,Brighton and Hove,E06000043,22 years,Young person has requested and received support,52,76
2024,Reporting year,Local authority,E92000001,England,E12000008,South East,846,Brighton and Hove,E06000043,23 years,Care leaver not in touch,40,53
2024,Reporting year,Local authority,E92000001,England,E12000008,South East,846,Brighton and Hove,E06000043,23 years,Total,76,100
2024,Reporting year,Local authority,E92000001,England,E12000008,South East,846,Brighton and Hove,E06000043,23 years,Young person has requested and received support,36,47
2024,Reporting year,Local authority,E92000001,England,E12000008,South East,846,Brighton and Hove,E06000043,24 years,Care leaver not in touch,45,59
2024,Reporting year,Local authority,E92000001,England,E12000008,South East,846,Brighton and Hove,E06000043,24 years,Total,76,100
2024,Reporting year,Local authority,E92000001,England,E12000008,South East,846,Brighton and Hove,E06000043,24 years,Young person has requested and received support,31,41
2024,Reporting year,Local authority,E92000001,England,E12000008,South East,846,Brighton and Hove,E06000043,25 years,Care leaver not in touch,50,67
2024,Reporting year,Local authority,E92000001,England,E12000008,South East,846,Brighton and Hove,E06000043,25 years,Total,75,100
2024,Reporting year,Local authority,E92000001,England,E12000008,South East,846,Brighton and Hove,E06000043,25 years,Young person has requested and received support,25,33
2024,Reporting year,Local authority,E92000001,England,E12000008,South East,851,Portsmouth,E06000044,22 years,Care leaver not in touch,40,41
2024,Reporting year,Local authority,E92000001,England,E12000008,South East,851,Portsmouth,E06000044,22 years,Total,97,100
2024,Reporting year,Local authority,E92000001,England,E12000008,South East,851,Portsmouth,E06000044,22 years,Young person has requested and received support,57,59
2024,Reporting year,Local authority,E92000001,England,E12000008,South East,851,Portsmouth,E06000044,23 years,Care leaver not in touch,40,60
2024,Reporting year,Local authority,E92000001,England,E12000008,South East,851,Portsmouth,E06000044,23 years,Total,67,100
2024,Reporting year,Local authority,E92000001,England,E12000008,South East,851,Portsmouth,E06000044,23 years,Young person has requested and received support,27,40
2024,Reporting year,Local authority,E92000001,England,E12000008,South East,851,Portsmouth,E06000044,24 years,Care leaver not in touch,34,67
2024,Reporting year,Local authority,E92000001,England,E12000008,South East,851,Portsmouth,E06000044,24 years,Total,51,100
2024,Reporting year,Local authority,E92000001,England,E12000008,South East,851,Portsmouth,E06000044,24 years,Young person has requested and received support,17,33
2024,Reporting year,Local authority,E92000001,England,E12000008,South East,851,Portsmouth,E06000044,25 years,Care leaver not in touch,26,72
2024,Reporting year,Local authority,E92000001,England,E12000008,South East,851,Portsmouth,E06000044,25 years,Total,36,100
2024,Reporting year,Local authority,E92000001,England,E12000008,South East,851,Portsmouth,E06000044,25 years,Young person has requested and received support,10,28
2024,Reporting year,Local authority,E92000001,England,E12000008,South East,852,Southampton,E06000045,22 years,Care leaver not in touch,22,47
2024,Reporting year,Local authority,E92000001,England,E12000008,South East,852,Southampton,E06000045,22 years,Total,47,100
2024,Reporting year,Local authority,E92000001,England,E12000008,South East,852,Southampton,E06000045,22 years,Young person has requested and received support,25,53
2024,Reporting year,Local authority,E92000001,England,E12000008,South East,852,Southampton,E06000045,23 years,Care leaver not in touch,33,69
2024,Reporting year,Local authority,E92000001,England,E12000008,South East,852,Southampton,E06000045,23 years,Total,48,100
2024,Reporting year,Local authority,E92000001,England,E12000008,South East,852,Southampton,E06000045,23 years,Young person has requested and received support,15,31
2024,Reporting year,Local authority,E92000001,England,E12000008,South East,852,Southampton,E06000045,24 years,Care leaver not in touch,34,72
2024,Reporting year,Local authority,E92000001,England,E12000008,South East,852,Southampton,E06000045,24 years,Total,47,100
2024,Reporting year,Local authority,E92000001,England,E12000008,South East,852,Southampton,E06000045,24 years,Young person has requested and received support,13,28
2024,Reporting year,Local authority,E92000001,England,E12000008,South East,852,Southampton,E06000045,25 years,Care leaver not in touch,c,c
2024,Reporting year,Local authority,E92000001,England,E12000008,South East,852,Southampton,E06000045,25 years,Total,45,100
2024,Reporting year,Local authority,E92000001,England,E12000008,South East,852,Southampton,E06000045,25 years,Young person has requested and received support,c,c
2024,Reporting year,Local authority,E92000001,England,E12000008,South East,921,Isle of Wight,E06000046,22 years,Care leaver not in touch,21,100
2024,Reporting year,Local authority,E92000001,England,E12000008,South East,921,Isle of Wight,E06000046,22 years,Total,21,100
2024,Reporting year,Local authority,E92000001,England,E12000008,South East,921,Isle of Wight,E06000046,22 years,Young person has requested and received support,0,0
2024,Reporting year,Local authority,E92000001,England,E12000008,South East,921,Isle of Wight,E06000046,23 years,Care leaver not in touch,28,100
2024,Reporting year,Local authority,E92000001,England,E12000008,South East,921,Isle of Wight,E06000046,23 years,Total,28,100
2024,Reporting year,Local authority,E92000001,England,E12000008,South East,921,Isle of Wight,E06000046,23 years,Young person has requested and received support,0,0
2024,Reporting year,Local authority,E92000001,England,E12000008,South East,921,Isle of Wight,E06000046,24 years,Care leaver not in touch,35,100
2024,Reporting year,Local authority,E92000001,England,E12000008,South East,921,Isle of Wight,E06000046,24 years,Total,35,100
2024,Reporting year,Local authority,E92000001,England,E12000008,South East,921,Isle of Wight,E06000046,24 years,Young person has requested and received support,0,0
2024,Reporting year,Local authority,E92000001,England,E12000008,South East,921,Isle of Wight,E06000046,25 years,Care leaver not in touch,25,100
2024,Reporting year,Local authority,E92000001,England,E12000008,South East,921,Isle of Wight,E06000046,25 years,Total,25,100
2024,Reporting year,Local authority,E92000001,England,E12000008,South East,921,Isle of Wight,E06000046,25 years,Young person has requested and received support,0,0
2024,Reporting year,Local authority,E92000001,England,E12000008,South East,825,Buckinghamshire,E06000060,22 years,Care leaver not in touch,56,66
2024,Reporting year,Local authority,E92000001,England,E12000008,South East,825,Buckinghamshire,E06000060,22 years,Total,85,100
2024,Reporting year,Local authority,E92000001,England,E12000008,South East,825,Buckinghamshire,E06000060,22 years,Young person has requested and received support,29,34
2024,Reporting year,Local authority,E92000001,England,E12000008,South East,825,Buckinghamshire,E06000060,23 years,Care leaver not in touch,52,73
2024,Reporting year,Local authority,E92000001,England,E12000008,South East,825,Buckinghamshire,E06000060,23 years,Total,71,100
2024,Reporting year,Local authority,E92000001,England,E12000008,South East,825,Buckinghamshire,E06000060,23 years,Young person has requested and received support,19,27
2024,Reporting year,Local authority,E92000001,England,E12000008,South East,825,Buckinghamshire,E06000060,24 years,Care leaver not in touch,47,84
2024,Reporting year,Local authority,E92000001,England,E12000008,South East,825,Buckinghamshire,E06000060,24 years,Total,56,100
2024,Reporting year,Local authority,E92000001,England,E12000008,South East,825,Buckinghamshire,E06000060,24 years,Young person has requested and received support,9,16
2024,Reporting year,Local authority,E92000001,England,E12000008,South East,825,Buckinghamshire,E06000060,25 years,Care leaver not in touch,50,82
2024,Reporting year,Local authority,E92000001,England,E12000008,South East,825,Buckinghamshire,E06000060,25 years,Total,61,100
2024,Reporting year,Local authority,E92000001,England,E12000008,South East,825,Buckinghamshire,E06000060,25 years,Young person has requested and received support,11,18
2024,Reporting year,Local authority,E92000001,England,E12000008,South East,845,East Sussex,E10000011,22 years,Care leaver not in touch,36,48
2024,Reporting year,Local authority,E92000001,England,E12000008,South East,845,East Sussex,E10000011,22 years,Total,75,100
2024,Reporting year,Local authority,E92000001,England,E12000008,South East,845,East Sussex,E10000011,22 years,Young person has requested and received support,39,52
2024,Reporting year,Local authority,E92000001,England,E12000008,South East,845,East Sussex,E10000011,23 years,Care leaver not in touch,46,54
2024,Reporting year,Local authority,E92000001,England,E12000008,South East,845,East Sussex,E10000011,23 years,Total,85,100
2024,Reporting year,Local authority,E92000001,England,E12000008,South East,845,East Sussex,E10000011,23 years,Young person has requested and received support,39,46
2024,Reporting year,Local authority,E92000001,England,E12000008,South East,845,East Sussex,E10000011,24 years,Care leaver not in touch,37,66
2024,Reporting year,Local authority,E92000001,England,E12000008,South East,845,East Sussex,E10000011,24 years,Total,56,100
2024,Reporting year,Local authority,E92000001,England,E12000008,South East,845,East Sussex,E10000011,24 years,Young person has requested and received support,19,34
2024,Reporting year,Local authority,E92000001,England,E12000008,South East,845,East Sussex,E10000011,25 years,Care leaver not in touch,46,81
2024,Reporting year,Local authority,E92000001,England,E12000008,South East,845,East Sussex,E10000011,25 years,Total,57,100
2024,Reporting year,Local authority,E92000001,England,E12000008,South East,845,East Sussex,E10000011,25 years,Young person has requested and received support,11,19
2024,Reporting year,Local authority,E92000001,England,E12000008,South East,850,Hampshire,E10000014,22 years,Care leaver not in touch,224,90
2024,Reporting year,Local authority,E92000001,England,E12000008,South East,850,Hampshire,E10000014,22 years,Total,248,100
2024,Reporting year,Local authority,E92000001,England,E12000008,South East,850,Hampshire,E10000014,22 years,Young person has requested and received support,24,10
2024,Reporting year,Local authority,E92000001,England,E12000008,South East,850,Hampshire,E10000014,23 years,Care leaver not in touch,194,95
2024,Reporting year,Local authority,E92000001,England,E12000008,South East,850,Hampshire,E10000014,23 years,Total,205,100
2024,Reporting year,Local authority,E92000001,England,E12000008,South East,850,Hampshire,E10000014,23 years,Young person has requested and received support,11,5
2024,Reporting year,Local authority,E92000001,England,E12000008,South East,850,Hampshire,E10000014,24 years,Care leaver not in touch,161,95
2024,Reporting year,Local authority,E92000001,England,E12000008,South East,850,Hampshire,E10000014,24 years,Total,170,100
2024,Reporting year,Local authority,E92000001,England,E12000008,South East,850,Hampshire,E10000014,24 years,Young person has requested and received support,9,5
2024,Reporting year,Local authority,E92000001,England,E12000008,South East,850,Hampshire,E10000014,25 years,Care leaver not in touch,c,c
2024,Reporting year,Local authority,E92000001,England,E12000008,South East,850,Hampshire,E10000014,25 years,Total,176,100
2024,Reporting year,Local authority,E92000001,England,E12000008,South East,850,Hampshire,E10000014,25 years,Young person has requested and received support,c,c
2024,Reporting year,Local authority,E92000001,England,E12000008,South East,886,Kent,E10000016,22 years,Care leaver not in touch,67,18
2024,Reporting year,Local authority,E92000001,England,E12000008,South East,886,Kent,E10000016,22 years,Total,368,100
2024,Reporting year,Local authority,E92000001,England,E12000008,South East,886,Kent,E10000016,22 years,Young person has requested and received support,301,82
2024,Reporting year,Local authority,E92000001,England,E12000008,South East,886,Kent,E10000016,23 years,Care leaver not in touch,147,42
2024,Reporting year,Local authority,E92000001,England,E12000008,South East,886,Kent,E10000016,23 years,Total,350,100
2024,Reporting year,Local authority,E92000001,England,E12000008,South East,886,Kent,E10000016,23 years,Young person has requested and received support,203,58
2024,Reporting year,Local authority,E92000001,England,E12000008,South East,886,Kent,E10000016,24 years,Care leaver not in touch,264,56
2024,Reporting year,Local authority,E92000001,England,E12000008,South East,886,Kent,E10000016,24 years,Total,475,100
2024,Reporting year,Local authority,E92000001,England,E12000008,South East,886,Kent,E10000016,24 years,Young person has requested and received support,211,44
2024,Reporting year,Local authority,E92000001,England,E12000008,South East,886,Kent,E10000016,25 years,Care leaver not in touch,393,68
2024,Reporting year,Local authority,E92000001,England,E12000008,South East,886,Kent,E10000016,25 years,Total,581,100
2024,Reporting year,Local authority,E92000001,England,E12000008,South East,886,Kent,E10000016,25 years,Young person has requested and received support,188,32
2024,Reporting year,Local authority,E92000001,England,E12000008,South East,931,Oxfordshire,E10000025,22 years,Care leaver not in touch,61,59
2024,Reporting year,Local authority,E92000001,England,E12000008,South East,931,Oxfordshire,E10000025,22 years,Total,104,100
2024,Reporting year,Local authority,E92000001,England,E12000008,South East,931,Oxfordshire,E10000025,22 years,Young person has requested and received support,43,41
2024,Reporting year,Local authority,E92000001,England,E12000008,South East,931,Oxfordshire,E10000025,23 years,Care leaver not in touch,69,70
2024,Reporting year,Local authority,E92000001,England,E12000008,South East,931,Oxfordshire,E10000025,23 years,Total,98,100
2024,Reporting year,Local authority,E92000001,England,E12000008,South East,931,Oxfordshire,E10000025,23 years,Young person has requested and received support,29,30
2024,Reporting year,Local authority,E92000001,England,E12000008,South East,931,Oxfordshire,E10000025,24 years,Care leaver not in touch,72,70
2024,Reporting year,Local authority,E92000001,England,E12000008,South East,931,Oxfordshire,E10000025,24 years,Total,103,100
2024,Reporting year,Local authority,E92000001,England,E12000008,South East,931,Oxfordshire,E10000025,24 years,Young person has requested and received support,31,30
2024,Reporting year,Local authority,E92000001,England,E12000008,South East,931,Oxfordshire,E10000025,25 years,Care leaver not in touch,70,82
2024,Reporting year,Local authority,E92000001,England,E12000008,South East,931,Oxfordshire,E10000025,25 years,Total,85,100
2024,Reporting year,Local authority,E92000001,England,E12000008,South East,931,Oxfordshire,E10000025,25 years,Young person has requested and received support,15,18
2024,Reporting year,Local authority,E92000001,England,E12000008,South East,936,Surrey,E10000030,22 years,Care leaver not in touch,65,38
2024,Reporting year,Local authority,E92000001,England,E12000008,South East,936,Surrey,E10000030,22 years,Total,169,100
2024,Reporting year,Local authority,E92000001,England,E12000008,South East,936,Surrey,E10000030,22 years,Young person has requested and received support,104,62
2024,Reporting year,Local authority,E92000001,England,E12000008,South East,936,Surrey,E10000030,23 years,Care leaver not in touch,113,66
2024,Reporting year,Local authority,E92000001,England,E12000008,South East,936,Surrey,E10000030,23 years,Total,172,100
2024,Reporting year,Local authority,E92000001,England,E12000008,South East,936,Surrey,E10000030,23 years,Young person has requested and received support,59,34
2024,Reporting year,Local authority,E92000001,England,E12000008,South East,936,Surrey,E10000030,24 years,Care leaver not in touch,144,76
2024,Reporting year,Local authority,E92000001,England,E12000008,South East,936,Surrey,E10000030,24 years,Total,189,100
2024,Reporting year,Local authority,E92000001,England,E12000008,South East,936,Surrey,E10000030,24 years,Young person has requested and received support,45,24
2024,Reporting year,Local authority,E92000001,England,E12000008,South East,936,Surrey,E10000030,25 years,Care leaver not in touch,139,91
2024,Reporting year,Local authority,E92000001,England,E12000008,South East,936,Surrey,E10000030,25 years,Total,153,100
2024,Reporting year,Local authority,E92000001,England,E12000008,South East,936,Surrey,E10000030,25 years,Young person has requested and received support,14,9
2024,Reporting year,Local authority,E92000001,England,E12000008,South East,938,West Sussex,E10000032,22 years,Care leaver not in touch,66,47
2024,Reporting year,Local authority,E92000001,England,E12000008,South East,938,West Sussex,E10000032,22 years,Total,140,100
2024,Reporting year,Local authority,E92000001,England,E12000008,South East,938,West Sussex,E10000032,22 years,Young person has requested and received support,74,53
2024,Reporting year,Local authority,E92000001,England,E12000008,South East,938,West Sussex,E10000032,23 years,Care leaver not in touch,88,70
2024,Reporting year,Local authority,E92000001,England,E12000008,South East,938,West Sussex,E10000032,23 years,Total,125,100
2024,Reporting year,Local authority,E92000001,England,E12000008,South East,938,West Sussex,E10000032,23 years,Young person has requested and received support,37,30
2024,Reporting year,Local authority,E92000001,England,E12000008,South East,938,West Sussex,E10000032,24 years,Care leaver not in touch,103,84
2024,Reporting year,Local authority,E92000001,England,E12000008,South East,938,West Sussex,E10000032,24 years,Total,123,100
2024,Reporting year,Local authority,E92000001,England,E12000008,South East,938,West Sussex,E10000032,24 years,Young person has requested and received support,20,16
2024,Reporting year,Local authority,E92000001,England,E12000008,South East,938,West Sussex,E10000032,25 years,Care leaver not in touch,115,90
2024,Reporting year,Local authority,E92000001,England,E12000008,South East,938,West Sussex,E10000032,25 years,Total,128,100
2024,Reporting year,Local authority,E92000001,England,E12000008,South East,938,West Sussex,E10000032,25 years,Young person has requested and received support,13,10
2024,Reporting year,Local authority,E92000001,England,E12000009,South West,800,Bath and North East Somerset,E06000022,22 years,Care leaver not in touch,25,81
2024,Reporting year,Local authority,E92000001,England,E12000009,South West,800,Bath and North East Somerset,E06000022,22 years,Total,31,100
2024,Reporting year,Local authority,E92000001,England,E12000009,South West,800,Bath and North East Somerset,E06000022,22 years,Young person has requested and received support,6,19
2024,Reporting year,Local authority,E92000001,England,E12000009,South West,800,Bath and North East Somerset,E06000022,23 years,Care leaver not in touch,c,c
2024,Reporting year,Local authority,E92000001,England,E12000009,South West,800,Bath and North East Somerset,E06000022,23 years,Total,26,100
2024,Reporting year,Local authority,E92000001,England,E12000009,South West,800,Bath and North East Somerset,E06000022,23 years,Young person has requested and received support,c,c
2024,Reporting year,Local authority,E92000001,England,E12000009,South West,800,Bath and North East Somerset,E06000022,24 years,Care leaver not in touch,c,c
2024,Reporting year,Local authority,E92000001,England,E12000009,South West,800,Bath and North East Somerset,E06000022,24 years,Total,26,100
2024,Reporting year,Local authority,E92000001,England,E12000009,South West,800,Bath and North East Somerset,E06000022,24 years,Young person has requested and received support,c,c
2024,Reporting year,Local authority,E92000001,England,E12000009,South West,800,Bath and North East Somerset,E06000022,25 years,Care leaver not in touch,26,100
2024,Reporting year,Local authority,E92000001,England,E12000009,South West,800,Bath and North East Somerset,E06000022,25 years,Total,26,100
2024,Reporting year,Local authority,E92000001,England,E12000009,South West,800,Bath and North East Somerset,E06000022,25 years,Young person has requested and received support,0,0
2024,Reporting year,Local authority,E92000001,England,E12000009,South West,801,"Bristol, City of",E06000023,22 years,Care leaver not in touch,58,57
2024,Reporting year,Local authority,E92000001,England,E12000009,South West,801,"Bristol, City of",E06000023,22 years,Total,101,100
2024,Reporting year,Local authority,E92000001,England,E12000009,South West,801,"Bristol, City of",E06000023,22 years,Young person has requested and received support,43,43
2024,Reporting year,Local authority,E92000001,England,E12000009,South West,801,"Bristol, City of",E06000023,23 years,Care leaver not in touch,80,82
2024,Reporting year,Local authority,E92000001,England,E12000009,South West,801,"Bristol, City of",E06000023,23 years,Total,97,100
2024,Reporting year,Local authority,E92000001,England,E12000009,South West,801,"Bristol, City of",E06000023,23 years,Young person has requested and received support,17,18
2024,Reporting year,Local authority,E92000001,England,E12000009,South West,801,"Bristol, City of",E06000023,24 years,Care leaver not in touch,110,82
2024,Reporting year,Local authority,E92000001,England,E12000009,South West,801,"Bristol, City of",E06000023,24 years,Total,134,100
2024,Reporting year,Local authority,E92000001,England,E12000009,South West,801,"Bristol, City of",E06000023,24 years,Young person has requested and received support,24,18
2024,Reporting year,Local authority,E92000001,England,E12000009,South West,801,"Bristol, City of",E06000023,25 years,Care leaver not in touch,87,91
2024,Reporting year,Local authority,E92000001,England,E12000009,South West,801,"Bristol, City of",E06000023,25 years,Total,96,100
2024,Reporting year,Local authority,E92000001,England,E12000009,South West,801,"Bristol, City of",E06000023,25 years,Young person has requested and received support,9,9
2024,Reporting year,Local authority,E92000001,England,E12000009,South West,802,North Somerset,E06000024,22 years,Care leaver not in touch,0,0
2024,Reporting year,Local authority,E92000001,England,E12000009,South West,802,North Somerset,E06000024,22 years,Total,31,100
2024,Reporting year,Local authority,E92000001,England,E12000009,South West,802,North Somerset,E06000024,22 years,Young person has requested and received support,31,100
2024,Reporting year,Local authority,E92000001,England,E12000009,South West,802,North Somerset,E06000024,23 years,Care leaver not in touch,9,26
2024,Reporting year,Local authority,E92000001,England,E12000009,South West,802,North Somerset,E06000024,23 years,Total,34,100
2024,Reporting year,Local authority,E92000001,England,E12000009,South West,802,North Somerset,E06000024,23 years,Young person has requested and received support,25,74
2024,Reporting year,Local authority,E92000001,England,E12000009,South West,802,North Somerset,E06000024,24 years,Care leaver not in touch,14,41
2024,Reporting year,Local authority,E92000001,England,E12000009,South West,802,North Somerset,E06000024,24 years,Total,34,100
2024,Reporting year,Local authority,E92000001,England,E12000009,South West,802,North Somerset,E06000024,24 years,Young person has requested and received support,20,59
2024,Reporting year,Local authority,E92000001,England,E12000009,South West,802,North Somerset,E06000024,25 years,Care leaver not in touch,11,35
2024,Reporting year,Local authority,E92000001,England,E12000009,South West,802,North Somerset,E06000024,25 years,Total,31,100
2024,Reporting year,Local authority,E92000001,England,E12000009,South West,802,North Somerset,E06000024,25 years,Young person has requested and received support,20,65
2024,Reporting year,Local authority,E92000001,England,E12000009,South West,803,South Gloucestershire,E06000025,22 years,Care leaver not in touch,24,71
2024,Reporting year,Local authority,E92000001,England,E12000009,South West,803,South Gloucestershire,E06000025,22 years,Total,34,100
2024,Reporting year,Local authority,E92000001,England,E12000009,South West,803,South Gloucestershire,E06000025,22 years,Young person has requested and received support,10,29
2024,Reporting year,Local authority,E92000001,England,E12000009,South West,803,South Gloucestershire,E06000025,23 years,Care leaver not in touch,37,79
2024,Reporting year,Local authority,E92000001,England,E12000009,South West,803,South Gloucestershire,E06000025,23 years,Total,47,100
2024,Reporting year,Local authority,E92000001,England,E12000009,South West,803,South Gloucestershire,E06000025,23 years,Young person has requested and received support,10,21
2024,Reporting year,Local authority,E92000001,England,E12000009,South West,803,South Gloucestershire,E06000025,24 years,Care leaver not in touch,c,c
2024,Reporting year,Local authority,E92000001,England,E12000009,South West,803,South Gloucestershire,E06000025,24 years,Total,31,100
2024,Reporting year,Local authority,E92000001,England,E12000009,South West,803,South Gloucestershire,E06000025,24 years,Young person has requested and received support,c,c
2024,Reporting year,Local authority,E92000001,England,E12000009,South West,803,South Gloucestershire,E06000025,25 years,Care leaver not in touch,c,c
2024,Reporting year,Local authority,E92000001,England,E12000009,South West,803,South Gloucestershire,E06000025,25 years,Total,34,100
2024,Reporting year,Local authority,E92000001,England,E12000009,South West,803,South Gloucestershire,E06000025,25 years,Young person has requested and received support,c,c
2024,Reporting year,Local authority,E92000001,England,E12000009,South West,879,Plymouth,E06000026,22 years,Care leaver not in touch,32,52
2024,Reporting year,Local authority,E92000001,England,E12000009,South West,879,Plymouth,E06000026,22 years,Total,61,100
2024,Reporting year,Local authority,E92000001,England,E12000009,South West,879,Plymouth,E06000026,22 years,Young person has requested and received support,29,48
2024,Reporting year,Local authority,E92000001,England,E12000009,South West,879,Plymouth,E06000026,23 years,Care leaver not in touch,40,74
2024,Reporting year,Local authority,E92000001,England,E12000009,South West,879,Plymouth,E06000026,23 years,Total,54,100
2024,Reporting year,Local authority,E92000001,England,E12000009,South West,879,Plymouth,E06000026,23 years,Young person has requested and received support,14,26
2024,Reporting year,Local authority,E92000001,England,E12000009,South West,879,Plymouth,E06000026,24 years,Care leaver not in touch,50,83
2024,Reporting year,Local authority,E92000001,England,E12000009,South West,879,Plymouth,E06000026,24 years,Total,60,100
2024,Reporting year,Local authority,E92000001,England,E12000009,South West,879,Plymouth,E06000026,24 years,Young person has requested and received support,10,17
2024,Reporting year,Local authority,E92000001,England,E12000009,South West,879,Plymouth,E06000026,25 years,Care leaver not in touch,52,85
2024,Reporting year,Local authority,E92000001,England,E12000009,South West,879,Plymouth,E06000026,25 years,Total,61,100
2024,Reporting year,Local authority,E92000001,England,E12000009,South West,879,Plymouth,E06000026,25 years,Young person has requested and received support,9,15
2024,Reporting year,Local authority,E92000001,England,E12000009,South West,880,Torbay,E06000027,22 years,Care leaver not in touch,c,c
2024,Reporting year,Local authority,E92000001,England,E12000009,South West,880,Torbay,E06000027,22 years,Total,38,100
2024,Reporting year,Local authority,E92000001,England,E12000009,South West,880,Torbay,E06000027,22 years,Young person has requested and received support,c,c
2024,Reporting year,Local authority,E92000001,England,E12000009,South West,880,Torbay,E06000027,23 years,Care leaver not in touch,c,c
2024,Reporting year,Local authority,E92000001,England,E12000009,South West,880,Torbay,E06000027,23 years,Total,44,100
2024,Reporting year,Local authority,E92000001,England,E12000009,South West,880,Torbay,E06000027,23 years,Young person has requested and received support,c,c
2024,Reporting year,Local authority,E92000001,England,E12000009,South West,880,Torbay,E06000027,24 years,Care leaver not in touch,29,100
2024,Reporting year,Local authority,E92000001,England,E12000009,South West,880,Torbay,E06000027,24 years,Total,29,100
2024,Reporting year,Local authority,E92000001,England,E12000009,South West,880,Torbay,E06000027,24 years,Young person has requested and received support,0,0
2024,Reporting year,Local authority,E92000001,England,E12000009,South West,880,Torbay,E06000027,25 years,Care leaver not in touch,c,c
2024,Reporting year,Local authority,E92000001,England,E12000009,South West,880,Torbay,E06000027,25 years,Total,34,100
2024,Reporting year,Local authority,E92000001,England,E12000009,South West,880,Torbay,E06000027,25 years,Young person has requested and received support,c,c
2024,Reporting year,Local authority,E92000001,England,E12000009,South West,866,Swindon,E06000030,22 years,Care leaver not in touch,42,76
2024,Reporting year,Local authority,E92000001,England,E12000009,South West,866,Swindon,E06000030,22 years,Total,55,100
2024,Reporting year,Local authority,E92000001,England,E12000009,South West,866,Swindon,E06000030,22 years,Young person has requested and received support,13,24
2024,Reporting year,Local authority,E92000001,England,E12000009,South West,866,Swindon,E06000030,23 years,Care leaver not in touch,34,71
2024,Reporting year,Local authority,E92000001,England,E12000009,South West,866,Swindon,E06000030,23 years,Total,48,100
2024,Reporting year,Local authority,E92000001,England,E12000009,South West,866,Swindon,E06000030,23 years,Young person has requested and received support,14,29
2024,Reporting year,Local authority,E92000001,England,E12000009,South West,866,Swindon,E06000030,24 years,Care leaver not in touch,c,c
2024,Reporting year,Local authority,E92000001,England,E12000009,South West,866,Swindon,E06000030,24 years,Total,43,100
2024,Reporting year,Local authority,E92000001,England,E12000009,South West,866,Swindon,E06000030,24 years,Young person has requested and received support,c,c
2024,Reporting year,Local authority,E92000001,England,E12000009,South West,866,Swindon,E06000030,25 years,Care leaver not in touch,c,c
2024,Reporting year,Local authority,E92000001,England,E12000009,South West,866,Swindon,E06000030,25 years,Total,47,100
2024,Reporting year,Local authority,E92000001,England,E12000009,South West,866,Swindon,E06000030,25 years,Young person has requested and received support,c,c
2024,Reporting year,Local authority,E92000001,England,E12000009,South West,908,Cornwall,E06000052,22 years,Care leaver not in touch,50,82
2024,Reporting year,Local authority,E92000001,England,E12000009,South West,908,Cornwall,E06000052,22 years,Total,61,100
2024,Reporting year,Local authority,E92000001,England,E12000009,South West,908,Cornwall,E06000052,22 years,Young person has requested and received support,11,18
2024,Reporting year,Local authority,E92000001,England,E12000009,South West,908,Cornwall,E06000052,23 years,Care leaver not in touch,51,84
2024,Reporting year,Local authority,E92000001,England,E12000009,South West,908,Cornwall,E06000052,23 years,Total,61,100
2024,Reporting year,Local authority,E92000001,England,E12000009,South West,908,Cornwall,E06000052,23 years,Young person has requested and received support,10,16
2024,Reporting year,Local authority,E92000001,England,E12000009,South West,908,Cornwall,E06000052,24 years,Care leaver not in touch,62,87
2024,Reporting year,Local authority,E92000001,England,E12000009,South West,908,Cornwall,E06000052,24 years,Total,71,100
2024,Reporting year,Local authority,E92000001,England,E12000009,South West,908,Cornwall,E06000052,24 years,Young person has requested and received support,9,13
2024,Reporting year,Local authority,E92000001,England,E12000009,South West,908,Cornwall,E06000052,25 years,Care leaver not in touch,c,c
2024,Reporting year,Local authority,E92000001,England,E12000009,South West,908,Cornwall,E06000052,25 years,Total,52,100
2024,Reporting year,Local authority,E92000001,England,E12000009,South West,908,Cornwall,E06000052,25 years,Young person has requested and received support,c,c
2024,Reporting year,Local authority,E92000001,England,E12000009,South West,420,Isles of Scilly,E06000053,22 years,Care leaver not in touch,0,z
2024,Reporting year,Local authority,E92000001,England,E12000009,South West,420,Isles of Scilly,E06000053,22 years,Total,0,z
2024,Reporting year,Local authority,E92000001,England,E12000009,South West,420,Isles of Scilly,E06000053,22 years,Young person has requested and received support,0,z
2024,Reporting year,Local authority,E92000001,England,E12000009,South West,420,Isles of Scilly,E06000053,23 years,Care leaver not in touch,0,z
2024,Reporting year,Local authority,E92000001,England,E12000009,South West,420,Isles of Scilly,E06000053,23 years,Total,0,z
2024,Reporting year,Local authority,E92000001,England,E12000009,South West,420,Isles of Scilly,E06000053,23 years,Young person has requested and received support,0,z
2024,Reporting year,Local authority,E92000001,England,E12000009,South West,420,Isles of Scilly,E06000053,24 years,Care leaver not in touch,0,z
2024,Reporting year,Local authority,E92000001,England,E12000009,South West,420,Isles of Scilly,E06000053,24 years,Total,0,z
2024,Reporting year,Local authority,E92000001,England,E12000009,South West,420,Isles of Scilly,E06000053,24 years,Young person has requested and received support,0,z
2024,Reporting year,Local authority,E92000001,England,E12000009,South West,420,Isles of Scilly,E06000053,25 years,Care leaver not in touch,0,z
2024,Reporting year,Local authority,E92000001,England,E12000009,South West,420,Isles of Scilly,E06000053,25 years,Total,0,z
2024,Reporting year,Local authority,E92000001,England,E12000009,South West,420,Isles of Scilly,E06000053,25 years,Young person has requested and received support,0,z
2024,Reporting year,Local authority,E92000001,England,E12000009,South West,865,Wiltshire,E06000054,22 years,Care leaver not in touch,20,28
2024,Reporting year,Local authority,E92000001,England,E12000009,South West,865,Wiltshire,E06000054,22 years,Total,71,100
2024,Reporting year,Local authority,E92000001,England,E12000009,South West,865,Wiltshire,E06000054,22 years,Young person has requested and received support,51,72
2024,Reporting year,Local authority,E92000001,England,E12000009,South West,865,Wiltshire,E06000054,23 years,Care leaver not in touch,29,44
2024,Reporting year,Local authority,E92000001,England,E12000009,South West,865,Wiltshire,E06000054,23 years,Total,66,100
2024,Reporting year,Local authority,E92000001,England,E12000009,South West,865,Wiltshire,E06000054,23 years,Young person has requested and received support,37,56
2024,Reporting year,Local authority,E92000001,England,E12000009,South West,865,Wiltshire,E06000054,24 years,Care leaver not in touch,37,60
2024,Reporting year,Local authority,E92000001,England,E12000009,South West,865,Wiltshire,E06000054,24 years,Total,62,100
2024,Reporting year,Local authority,E92000001,England,E12000009,South West,865,Wiltshire,E06000054,24 years,Young person has requested and received support,25,40
2024,Reporting year,Local authority,E92000001,England,E12000009,South West,865,Wiltshire,E06000054,25 years,Care leaver not in touch,25,60
2024,Reporting year,Local authority,E92000001,England,E12000009,South West,865,Wiltshire,E06000054,25 years,Total,42,100
2024,Reporting year,Local authority,E92000001,England,E12000009,South West,865,Wiltshire,E06000054,25 years,Young person has requested and received support,17,40
2024,Reporting year,Local authority,E92000001,England,E12000009,South West,839,"Bournemouth, Christchurch and Poole",E06000058,22 years,Care leaver not in touch,23,28
2024,Reporting year,Local authority,E92000001,England,E12000009,South West,839,"Bournemouth, Christchurch and Poole",E06000058,22 years,Total,81,100
2024,Reporting year,Local authority,E92000001,England,E12000009,South West,839,"Bournemouth, Christchurch and Poole",E06000058,22 years,Young person has requested and received support,58,72
2024,Reporting year,Local authority,E92000001,England,E12000009,South West,839,"Bournemouth, Christchurch and Poole",E06000058,23 years,Care leaver not in touch,45,63
2024,Reporting year,Local authority,E92000001,England,E12000009,South West,839,"Bournemouth, Christchurch and Poole",E06000058,23 years,Total,72,100
2024,Reporting year,Local authority,E92000001,England,E12000009,South West,839,"Bournemouth, Christchurch and Poole",E06000058,23 years,Young person has requested and received support,27,38
2024,Reporting year,Local authority,E92000001,England,E12000009,South West,839,"Bournemouth, Christchurch and Poole",E06000058,24 years,Care leaver not in touch,41,67
2024,Reporting year,Local authority,E92000001,England,E12000009,South West,839,"Bournemouth, Christchurch and Poole",E06000058,24 years,Total,61,100
2024,Reporting year,Local authority,E92000001,England,E12000009,South West,839,"Bournemouth, Christchurch and Poole",E06000058,24 years,Young person has requested and received support,20,33
2024,Reporting year,Local authority,E92000001,England,E12000009,South West,839,"Bournemouth, Christchurch and Poole",E06000058,25 years,Care leaver not in touch,42,84
2024,Reporting year,Local authority,E92000001,England,E12000009,South West,839,"Bournemouth, Christchurch and Poole",E06000058,25 years,Total,50,100
2024,Reporting year,Local authority,E92000001,England,E12000009,South West,839,"Bournemouth, Christchurch and Poole",E06000058,25 years,Young person has requested and received support,8,16
2024,Reporting year,Local authority,E92000001,England,E12000009,South West,838,Dorset,E06000059,22 years,Care leaver not in touch,36,49
2024,Reporting year,Local authority,E92000001,England,E12000009,South West,838,Dorset,E06000059,22 years,Total,73,100
2024,Reporting year,Local authority,E92000001,England,E12000009,South West,838,Dorset,E06000059,22 years,Young person has requested and received support,37,51
2024,Reporting year,Local authority,E92000001,England,E12000009,South West,838,Dorset,E06000059,23 years,Care leaver not in touch,37,63
2024,Reporting year,Local authority,E92000001,England,E12000009,South West,838,Dorset,E06000059,23 years,Total,59,100
2024,Reporting year,Local authority,E92000001,England,E12000009,South West,838,Dorset,E06000059,23 years,Young person has requested and received support,22,37
2024,Reporting year,Local authority,E92000001,England,E12000009,South West,838,Dorset,E06000059,24 years,Care leaver not in touch,50,68
2024,Reporting year,Local authority,E92000001,England,E12000009,South West,838,Dorset,E06000059,24 years,Total,74,100
2024,Reporting year,Local authority,E92000001,England,E12000009,South West,838,Dorset,E06000059,24 years,Young person has requested and received support,24,32
2024,Reporting year,Local authority,E92000001,England,E12000009,South West,838,Dorset,E06000059,25 years,Care leaver not in touch,c,c
2024,Reporting year,Local authority,E92000001,England,E12000009,South West,838,Dorset,E06000059,25 years,Total,59,100
2024,Reporting year,Local authority,E92000001,England,E12000009,South West,838,Dorset,E06000059,25 years,Young person has requested and received support,c,c
2024,Reporting year,Local authority,E92000001,England,E12000009,South West,933,Somerset,E06000066,22 years,Care leaver not in touch,41,58
2024,Reporting year,Local authority,E92000001,England,E12000009,South West,933,Somerset,E06000066,22 years,Total,71,100
2024,Reporting year,Local authority,E92000001,England,E12000009,South West,933,Somerset,E06000066,22 years,Young person has requested and received support,30,42
2024,Reporting year,Local authority,E92000001,England,E12000009,South West,933,Somerset,E06000066,23 years,Care leaver not in touch,61,73
2024,Reporting year,Local authority,E92000001,England,E12000009,South West,933,Somerset,E06000066,23 years,Total,84,100
2024,Reporting year,Local authority,E92000001,England,E12000009,South West,933,Somerset,E06000066,23 years,Young person has requested and received support,23,27
2024,Reporting year,Local authority,E92000001,England,E12000009,South West,933,Somerset,E06000066,24 years,Care leaver not in touch,57,80
2024,Reporting year,Local authority,E92000001,England,E12000009,South West,933,Somerset,E06000066,24 years,Total,71,100
2024,Reporting year,Local authority,E92000001,England,E12000009,South West,933,Somerset,E06000066,24 years,Young person has requested and received support,14,20
2024,Reporting year,Local authority,E92000001,England,E12000009,South West,933,Somerset,E06000066,25 years,Care leaver not in touch,c,c
2024,Reporting year,Local authority,E92000001,England,E12000009,South West,933,Somerset,E06000066,25 years,Total,63,100
2024,Reporting year,Local authority,E92000001,England,E12000009,South West,933,Somerset,E06000066,25 years,Young person has requested and received support,c,c
2024,Reporting year,Local authority,E92000001,England,E12000009,South West,878,Devon,E10000008,22 years,Care leaver not in touch,61,52
2024,Reporting year,Local authority,E92000001,England,E12000009,South West,878,Devon,E10000008,22 years,Total,117,100
2024,Reporting year,Local authority,E92000001,England,E12000009,South West,878,Devon,E10000008,22 years,Young person has requested and received support,56,48
2024,Reporting year,Local authority,E92000001,England,E12000009,South West,878,Devon,E10000008,23 years,Care leaver not in touch,58,62
2024,Reporting year,Local authority,E92000001,England,E12000009,South West,878,Devon,E10000008,23 years,Total,94,100
2024,Reporting year,Local authority,E92000001,England,E12000009,South West,878,Devon,E10000008,23 years,Young person has requested and received support,36,38
2024,Reporting year,Local authority,E92000001,England,E12000009,South West,878,Devon,E10000008,24 years,Care leaver not in touch,70,73
2024,Reporting year,Local authority,E92000001,England,E12000009,South West,878,Devon,E10000008,24 years,Total,96,100
2024,Reporting year,Local authority,E92000001,England,E12000009,South West,878,Devon,E10000008,24 years,Young person has requested and received support,26,27
2024,Reporting year,Local authority,E92000001,England,E12000009,South West,878,Devon,E10000008,25 years,Care leaver not in touch,81,85
2024,Reporting year,Local authority,E92000001,England,E12000009,South West,878,Devon,E10000008,25 years,Total,95,100
2024,Reporting year,Local authority,E92000001,England,E12000009,South West,878,Devon,E10000008,25 years,Young person has requested and received support,14,15
2024,Reporting year,Local authority,E92000001,England,E12000009,South West,916,Gloucestershire,E10000013,22 years,Care leaver not in touch,34,33
2024,Reporting year,Local authority,E92000001,England,E12000009,South West,916,Gloucestershire,E10000013,22 years,Total,104,100
2024,Reporting year,Local authority,E92000001,England,E12000009,South West,916,Gloucestershire,E10000013,22 years,Young person has requested and received support,70,67
2024,Reporting year,Local authority,E92000001,England,E12000009,South West,916,Gloucestershire,E10000013,23 years,Care leaver not in touch,64,69
2024,Reporting year,Local authority,E92000001,England,E12000009,South West,916,Gloucestershire,E10000013,23 years,Total,93,100
2024,Reporting year,Local authority,E92000001,England,E12000009,South West,916,Gloucestershire,E10000013,23 years,Young person has requested and received support,29,31
2024,Reporting year,Local authority,E92000001,England,E12000009,South West,916,Gloucestershire,E10000013,24 years,Care leaver not in touch,55,73
2024,Reporting year,Local authority,E92000001,England,E12000009,South West,916,Gloucestershire,E10000013,24 years,Total,75,100
2024,Reporting year,Local authority,E92000001,England,E12000009,South West,916,Gloucestershire,E10000013,24 years,Young person has requested and received support,20,27
2024,Reporting year,Local authority,E92000001,England,E12000009,South West,916,Gloucestershire,E10000013,25 years,Care leaver not in touch,60,79
2024,Reporting year,Local authority,E92000001,England,E12000009,South West,916,Gloucestershire,E10000013,25 years,Total,76,100
2024,Reporting year,Local authority,E92000001,England,E12000009,South West,916,Gloucestershire,E10000013,25 years,Young person has requested and received support,16,21
2024,Reporting year,Local authority,E92000001,England,E13000001,Inner London,201,City of London,E09000001,22 years,Care leaver not in touch,c,c
2024,Reporting year,Local authority,E92000001,England,E13000001,Inner London,201,City of London,E09000001,22 years,Total,11,100
2024,Reporting year,Local authority,E92000001,England,E13000001,Inner London,201,City of London,E09000001,22 years,Young person has requested and received support,c,c
2024,Reporting year,Local authority,E92000001,England,E13000001,Inner London,201,City of London,E09000001,23 years,Care leaver not in touch,c,c
2024,Reporting year,Local authority,E92000001,England,E13000001,Inner London,201,City of London,E09000001,23 years,Total,c,c
2024,Reporting year,Local authority,E92000001,England,E13000001,Inner London,201,City of London,E09000001,23 years,Young person has requested and received support,c,c
2024,Reporting year,Local authority,E92000001,England,E13000001,Inner London,201,City of London,E09000001,24 years,Care leaver not in touch,c,c
2024,Reporting year,Local authority,E92000001,England,E13000001,Inner London,201,City of London,E09000001,24 years,Total,7,100
2024,Reporting year,Local authority,E92000001,England,E13000001,Inner London,201,City of London,E09000001,24 years,Young person has requested and received support,c,c
2024,Reporting year,Local authority,E92000001,England,E13000001,Inner London,201,City of London,E09000001,25 years,Care leaver not in touch,c,c
2024,Reporting year,Local authority,E92000001,England,E13000001,Inner London,201,City of London,E09000001,25 years,Total,c,c
2024,Reporting year,Local authority,E92000001,England,E13000001,Inner London,201,City of London,E09000001,25 years,Young person has requested and received support,0,0
2024,Reporting year,Local authority,E92000001,England,E13000001,Inner London,202,Camden,E09000007,22 years,Care leaver not in touch,11,17
2024,Reporting year,Local authority,E92000001,England,E13000001,Inner London,202,Camden,E09000007,22 years,Total,63,100
2024,Reporting year,Local authority,E92000001,England,E13000001,Inner London,202,Camden,E09000007,22 years,Young person has requested and received support,52,83
2024,Reporting year,Local authority,E92000001,England,E13000001,Inner London,202,Camden,E09000007,23 years,Care leaver not in touch,18,31
2024,Reporting year,Local authority,E92000001,England,E13000001,Inner London,202,Camden,E09000007,23 years,Total,59,100
2024,Reporting year,Local authority,E92000001,England,E13000001,Inner London,202,Camden,E09000007,23 years,Young person has requested and received support,41,69
2024,Reporting year,Local authority,E92000001,England,E13000001,Inner London,202,Camden,E09000007,24 years,Care leaver not in touch,27,47
2024,Reporting year,Local authority,E92000001,England,E13000001,Inner London,202,Camden,E09000007,24 years,Total,58,100
2024,Reporting year,Local authority,E92000001,England,E13000001,Inner London,202,Camden,E09000007,24 years,Young person has requested and received support,31,53
2024,Reporting year,Local authority,E92000001,England,E13000001,Inner London,202,Camden,E09000007,25 years,Care leaver not in touch,25,50
2024,Reporting year,Local authority,E92000001,England,E13000001,Inner London,202,Camden,E09000007,25 years,Total,50,100
2024,Reporting year,Local authority,E92000001,England,E13000001,Inner London,202,Camden,E09000007,25 years,Young person has requested and received support,25,50
2024,Reporting year,Local authority,E92000001,England,E13000001,Inner London,204,Hackney,E09000012,22 years,Care leaver not in touch,38,36
2024,Reporting year,Local authority,E92000001,England,E13000001,Inner London,204,Hackney,E09000012,22 years,Total,106,100
2024,Reporting year,Local authority,E92000001,England,E13000001,Inner London,204,Hackney,E09000012,22 years,Young person has requested and received support,68,64
2024,Reporting year,Local authority,E92000001,England,E13000001,Inner London,204,Hackney,E09000012,23 years,Care leaver not in touch,43,58
2024,Reporting year,Local authority,E92000001,England,E13000001,Inner London,204,Hackney,E09000012,23 years,Total,74,100
2024,Reporting year,Local authority,E92000001,England,E13000001,Inner London,204,Hackney,E09000012,23 years,Young person has requested and received support,31,42
2024,Reporting year,Local authority,E92000001,England,E13000001,Inner London,204,Hackney,E09000012,24 years,Care leaver not in touch,49,56
2024,Reporting year,Local authority,E92000001,England,E13000001,Inner London,204,Hackney,E09000012,24 years,Total,88,100
2024,Reporting year,Local authority,E92000001,England,E13000001,Inner London,204,Hackney,E09000012,24 years,Young person has requested and received support,39,44
2024,Reporting year,Local authority,E92000001,England,E13000001,Inner London,204,Hackney,E09000012,25 years,Care leaver not in touch,47,70
2024,Reporting year,Local authority,E92000001,England,E13000001,Inner London,204,Hackney,E09000012,25 years,Total,67,100
2024,Reporting year,Local authority,E92000001,England,E13000001,Inner London,204,Hackney,E09000012,25 years,Young person has requested and received support,20,30
2024,Reporting year,Local authority,E92000001,England,E13000001,Inner London,205,Hammersmith and Fulham,E09000013,22 years,Care leaver not in touch,19,37
2024,Reporting year,Local authority,E92000001,England,E13000001,Inner London,205,Hammersmith and Fulham,E09000013,22 years,Total,52,100
2024,Reporting year,Local authority,E92000001,England,E13000001,Inner London,205,Hammersmith and Fulham,E09000013,22 years,Young person has requested and received support,33,63
2024,Reporting year,Local authority,E92000001,England,E13000001,Inner London,205,Hammersmith and Fulham,E09000013,23 years,Care leaver not in touch,36,55
2024,Reporting year,Local authority,E92000001,England,E13000001,Inner London,205,Hammersmith and Fulham,E09000013,23 years,Total,65,100
2024,Reporting year,Local authority,E92000001,England,E13000001,Inner London,205,Hammersmith and Fulham,E09000013,23 years,Young person has requested and received support,29,45
2024,Reporting year,Local authority,E92000001,England,E13000001,Inner London,205,Hammersmith and Fulham,E09000013,24 years,Care leaver not in touch,48,83
2024,Reporting year,Local authority,E92000001,England,E13000001,Inner London,205,Hammersmith and Fulham,E09000013,24 years,Total,58,100
2024,Reporting year,Local authority,E92000001,England,E13000001,Inner London,205,Hammersmith and Fulham,E09000013,24 years,Young person has requested and received support,10,17
2024,Reporting year,Local authority,E92000001,England,E13000001,Inner London,205,Hammersmith and Fulham,E09000013,25 years,Care leaver not in touch,40,85
2024,Reporting year,Local authority,E92000001,England,E13000001,Inner London,205,Hammersmith and Fulham,E09000013,25 years,Total,47,100
2024,Reporting year,Local authority,E92000001,England,E13000001,Inner London,205,Hammersmith and Fulham,E09000013,25 years,Young person has requested and received support,7,15
2024,Reporting year,Local authority,E92000001,England,E13000001,Inner London,309,Haringey,E09000014,22 years,Care leaver not in touch,c,c
2024,Reporting year,Local authority,E92000001,England,E13000001,Inner London,309,Haringey,E09000014,22 years,Total,72,100
2024,Reporting year,Local authority,E92000001,England,E13000001,Inner London,309,Haringey,E09000014,22 years,Young person has requested and received support,c,c
2024,Reporting year,Local authority,E92000001,England,E13000001,Inner London,309,Haringey,E09000014,23 years,Care leaver not in touch,7,9
2024,Reporting year,Local authority,E92000001,England,E13000001,Inner London,309,Haringey,E09000014,23 years,Total,76,100
2024,Reporting year,Local authority,E92000001,England,E13000001,Inner London,309,Haringey,E09000014,23 years,Young person has requested and received support,69,91
2024,Reporting year,Local authority,E92000001,England,E13000001,Inner London,309,Haringey,E09000014,24 years,Care leaver not in touch,21,24
2024,Reporting year,Local authority,E92000001,England,E13000001,Inner London,309,Haringey,E09000014,24 years,Total,87,100
2024,Reporting year,Local authority,E92000001,England,E13000001,Inner London,309,Haringey,E09000014,24 years,Young person has requested and received support,66,76
2024,Reporting year,Local authority,E92000001,England,E13000001,Inner London,309,Haringey,E09000014,25 years,Care leaver not in touch,21,32
2024,Reporting year,Local authority,E92000001,England,E13000001,Inner London,309,Haringey,E09000014,25 years,Total,66,100
2024,Reporting year,Local authority,E92000001,England,E13000001,Inner London,309,Haringey,E09000014,25 years,Young person has requested and received support,45,68
2024,Reporting year,Local authority,E92000001,England,E13000001,Inner London,206,Islington,E09000019,22 years,Care leaver not in touch,22,34
2024,Reporting year,Local authority,E92000001,England,E13000001,Inner London,206,Islington,E09000019,22 years,Total,65,100
2024,Reporting year,Local authority,E92000001,England,E13000001,Inner London,206,Islington,E09000019,22 years,Young person has requested and received support,43,66
2024,Reporting year,Local authority,E92000001,England,E13000001,Inner London,206,Islington,E09000019,23 years,Care leaver not in touch,49,56
2024,Reporting year,Local authority,E92000001,England,E13000001,Inner London,206,Islington,E09000019,23 years,Total,88,100
2024,Reporting year,Local authority,E92000001,England,E13000001,Inner London,206,Islington,E09000019,23 years,Young person has requested and received support,39,44
2024,Reporting year,Local authority,E92000001,England,E13000001,Inner London,206,Islington,E09000019,24 years,Care leaver not in touch,67,67
2024,Reporting year,Local authority,E92000001,England,E13000001,Inner London,206,Islington,E09000019,24 years,Total,100,100
2024,Reporting year,Local authority,E92000001,England,E13000001,Inner London,206,Islington,E09000019,24 years,Young person has requested and received support,33,33
2024,Reporting year,Local authority,E92000001,England,E13000001,Inner London,206,Islington,E09000019,25 years,Care leaver not in touch,c,c
2024,Reporting year,Local authority,E92000001,England,E13000001,Inner London,206,Islington,E09000019,25 years,Total,100,100
2024,Reporting year,Local authority,E92000001,England,E13000001,Inner London,206,Islington,E09000019,25 years,Young person has requested and received support,c,c
2024,Reporting year,Local authority,E92000001,England,E13000001,Inner London,207,Kensington and Chelsea,E09000020,22 years,Care leaver not in touch,10,33
2024,Reporting year,Local authority,E92000001,England,E13000001,Inner London,207,Kensington and Chelsea,E09000020,22 years,Total,30,100
2024,Reporting year,Local authority,E92000001,England,E13000001,Inner London,207,Kensington and Chelsea,E09000020,22 years,Young person has requested and received support,20,67
2024,Reporting year,Local authority,E92000001,England,E13000001,Inner London,207,Kensington and Chelsea,E09000020,23 years,Care leaver not in touch,18,49
2024,Reporting year,Local authority,E92000001,England,E13000001,Inner London,207,Kensington and Chelsea,E09000020,23 years,Total,37,100
2024,Reporting year,Local authority,E92000001,England,E13000001,Inner London,207,Kensington and Chelsea,E09000020,23 years,Young person has requested and received support,19,51
2024,Reporting year,Local authority,E92000001,England,E13000001,Inner London,207,Kensington and Chelsea,E09000020,24 years,Care leaver not in touch,25,66
2024,Reporting year,Local authority,E92000001,England,E13000001,Inner London,207,Kensington and Chelsea,E09000020,24 years,Total,38,100
2024,Reporting year,Local authority,E92000001,England,E13000001,Inner London,207,Kensington and Chelsea,E09000020,24 years,Young person has requested and received support,13,34
2024,Reporting year,Local authority,E92000001,England,E13000001,Inner London,207,Kensington and Chelsea,E09000020,25 years,Care leaver not in touch,26,79
2024,Reporting year,Local authority,E92000001,England,E13000001,Inner London,207,Kensington and Chelsea,E09000020,25 years,Total,33,100
2024,Reporting year,Local authority,E92000001,England,E13000001,Inner London,207,Kensington and Chelsea,E09000020,25 years,Young person has requested and received support,7,21
2024,Reporting year,Local authority,E92000001,England,E13000001,Inner London,208,Lambeth,E09000022,22 years,Care leaver not in touch,17,22
2024,Reporting year,Local authority,E92000001,England,E13000001,Inner London,208,Lambeth,E09000022,22 years,Total,76,100
2024,Reporting year,Local authority,E92000001,England,E13000001,Inner London,208,Lambeth,E09000022,22 years,Young person has requested and received support,59,78
2024,Reporting year,Local authority,E92000001,England,E13000001,Inner London,208,Lambeth,E09000022,23 years,Care leaver not in touch,33,28
2024,Reporting year,Local authority,E92000001,England,E13000001,Inner London,208,Lambeth,E09000022,23 years,Total,116,100
2024,Reporting year,Local authority,E92000001,England,E13000001,Inner London,208,Lambeth,E09000022,23 years,Young person has requested and received support,83,72
2024,Reporting year,Local authority,E92000001,England,E13000001,Inner London,208,Lambeth,E09000022,24 years,Care leaver not in touch,54,50
2024,Reporting year,Local authority,E92000001,England,E13000001,Inner London,208,Lambeth,E09000022,24 years,Total,108,100
2024,Reporting year,Local authority,E92000001,England,E13000001,Inner London,208,Lambeth,E09000022,24 years,Young person has requested and received support,54,50
2024,Reporting year,Local authority,E92000001,England,E13000001,Inner London,208,Lambeth,E09000022,25 years,Care leaver not in touch,68,80
2024,Reporting year,Local authority,E92000001,England,E13000001,Inner London,208,Lambeth,E09000022,25 years,Total,85,100
2024,Reporting year,Local authority,E92000001,England,E13000001,Inner London,208,Lambeth,E09000022,25 years,Young person has requested and received support,17,20
2024,Reporting year,Local authority,E92000001,England,E13000001,Inner London,209,Lewisham,E09000023,22 years,Care leaver not in touch,25,27
2024,Reporting year,Local authority,E92000001,England,E13000001,Inner London,209,Lewisham,E09000023,22 years,Total,91,100
2024,Reporting year,Local authority,E92000001,England,E13000001,Inner London,209,Lewisham,E09000023,22 years,Young person has requested and received support,66,73
2024,Reporting year,Local authority,E92000001,England,E13000001,Inner London,209,Lewisham,E09000023,23 years,Care leaver not in touch,34,33
2024,Reporting year,Local authority,E92000001,England,E13000001,Inner London,209,Lewisham,E09000023,23 years,Total,103,100
2024,Reporting year,Local authority,E92000001,England,E13000001,Inner London,209,Lewisham,E09000023,23 years,Young person has requested and received support,69,67
2024,Reporting year,Local authority,E92000001,England,E13000001,Inner London,209,Lewisham,E09000023,24 years,Care leaver not in touch,57,58
2024,Reporting year,Local authority,E92000001,England,E13000001,Inner London,209,Lewisham,E09000023,24 years,Total,99,100
2024,Reporting year,Local authority,E92000001,England,E13000001,Inner London,209,Lewisham,E09000023,24 years,Young person has requested and received support,42,42
2024,Reporting year,Local authority,E92000001,England,E13000001,Inner London,209,Lewisham,E09000023,25 years,Care leaver not in touch,c,c
2024,Reporting year,Local authority,E92000001,England,E13000001,Inner London,209,Lewisham,E09000023,25 years,Total,100,100
2024,Reporting year,Local authority,E92000001,England,E13000001,Inner London,209,Lewisham,E09000023,25 years,Young person has requested and received support,c,c
2024,Reporting year,Local authority,E92000001,England,E13000001,Inner London,316,Newham,E09000025,22 years,Care leaver not in touch,15,17
2024,Reporting year,Local authority,E92000001,England,E13000001,Inner London,316,Newham,E09000025,22 years,Total,86,100
2024,Reporting year,Local authority,E92000001,England,E13000001,Inner London,316,Newham,E09000025,22 years,Young person has requested and received support,71,83
2024,Reporting year,Local authority,E92000001,England,E13000001,Inner London,316,Newham,E09000025,23 years,Care leaver not in touch,40,37
2024,Reporting year,Local authority,E92000001,England,E13000001,Inner London,316,Newham,E09000025,23 years,Total,109,100
2024,Reporting year,Local authority,E92000001,England,E13000001,Inner London,316,Newham,E09000025,23 years,Young person has requested and received support,69,63
2024,Reporting year,Local authority,E92000001,England,E13000001,Inner London,316,Newham,E09000025,24 years,Care leaver not in touch,54,55
2024,Reporting year,Local authority,E92000001,England,E13000001,Inner London,316,Newham,E09000025,24 years,Total,99,100
2024,Reporting year,Local authority,E92000001,England,E13000001,Inner London,316,Newham,E09000025,24 years,Young person has requested and received support,45,45
2024,Reporting year,Local authority,E92000001,England,E13000001,Inner London,316,Newham,E09000025,25 years,Care leaver not in touch,65,75
2024,Reporting year,Local authority,E92000001,England,E13000001,Inner London,316,Newham,E09000025,25 years,Total,87,100
2024,Reporting year,Local authority,E92000001,England,E13000001,Inner London,316,Newham,E09000025,25 years,Young person has requested and received support,22,25
2024,Reporting year,Local authority,E92000001,England,E13000001,Inner London,210,Southwark,E09000028,22 years,Care leaver not in touch,34,33
2024,Reporting year,Local authority,E92000001,England,E13000001,Inner London,210,Southwark,E09000028,22 years,Total,103,100
2024,Reporting year,Local authority,E92000001,England,E13000001,Inner London,210,Southwark,E09000028,22 years,Young person has requested and received support,69,67
2024,Reporting year,Local authority,E92000001,England,E13000001,Inner London,210,Southwark,E09000028,23 years,Care leaver not in touch,52,47
2024,Reporting year,Local authority,E92000001,England,E13000001,Inner London,210,Southwark,E09000028,23 years,Total,111,100
2024,Reporting year,Local authority,E92000001,England,E13000001,Inner London,210,Southwark,E09000028,23 years,Young person has requested and received support,59,53
2024,Reporting year,Local authority,E92000001,England,E13000001,Inner London,210,Southwark,E09000028,24 years,Care leaver not in touch,50,55
2024,Reporting year,Local authority,E92000001,England,E13000001,Inner London,210,Southwark,E09000028,24 years,Total,91,100
2024,Reporting year,Local authority,E92000001,England,E13000001,Inner London,210,Southwark,E09000028,24 years,Young person has requested and received support,41,45
2024,Reporting year,Local authority,E92000001,England,E13000001,Inner London,210,Southwark,E09000028,25 years,Care leaver not in touch,53,56
2024,Reporting year,Local authority,E92000001,England,E13000001,Inner London,210,Southwark,E09000028,25 years,Total,94,100
2024,Reporting year,Local authority,E92000001,England,E13000001,Inner London,210,Southwark,E09000028,25 years,Young person has requested and received support,41,44
2024,Reporting year,Local authority,E92000001,England,E13000001,Inner London,211,Tower Hamlets,E09000030,22 years,Care leaver not in touch,55,63
2024,Reporting year,Local authority,E92000001,England,E13000001,Inner London,211,Tower Hamlets,E09000030,22 years,Total,87,100
2024,Reporting year,Local authority,E92000001,England,E13000001,Inner London,211,Tower Hamlets,E09000030,22 years,Young person has requested and received support,32,37
2024,Reporting year,Local authority,E92000001,England,E13000001,Inner London,211,Tower Hamlets,E09000030,23 years,Care leaver not in touch,51,65
2024,Reporting year,Local authority,E92000001,England,E13000001,Inner London,211,Tower Hamlets,E09000030,23 years,Total,79,100
2024,Reporting year,Local authority,E92000001,England,E13000001,Inner London,211,Tower Hamlets,E09000030,23 years,Young person has requested and received support,28,35
2024,Reporting year,Local authority,E92000001,England,E13000001,Inner London,211,Tower Hamlets,E09000030,24 years,Care leaver not in touch,56,81
2024,Reporting year,Local authority,E92000001,England,E13000001,Inner London,211,Tower Hamlets,E09000030,24 years,Total,69,100
2024,Reporting year,Local authority,E92000001,England,E13000001,Inner London,211,Tower Hamlets,E09000030,24 years,Young person has requested and received support,13,19
2024,Reporting year,Local authority,E92000001,England,E13000001,Inner London,211,Tower Hamlets,E09000030,25 years,Care leaver not in touch,c,c
2024,Reporting year,Local authority,E92000001,England,E13000001,Inner London,211,Tower Hamlets,E09000030,25 years,Total,66,100
2024,Reporting year,Local authority,E92000001,England,E13000001,Inner London,211,Tower Hamlets,E09000030,25 years,Young person has requested and received support,c,c
2024,Reporting year,Local authority,E92000001,England,E13000001,Inner London,212,Wandsworth,E09000032,22 years,Care leaver not in touch,22,25
2024,Reporting year,Local authority,E92000001,England,E13000001,Inner London,212,Wandsworth,E09000032,22 years,Total,87,100
2024,Reporting year,Local authority,E92000001,England,E13000001,Inner London,212,Wandsworth,E09000032,22 years,Young person has requested and received support,65,75
2024,Reporting year,Local authority,E92000001,England,E13000001,Inner London,212,Wandsworth,E09000032,23 years,Care leaver not in touch,19,32
2024,Reporting year,Local authority,E92000001,England,E13000001,Inner London,212,Wandsworth,E09000032,23 years,Total,60,100
2024,Reporting year,Local authority,E92000001,England,E13000001,Inner London,212,Wandsworth,E09000032,23 years,Young person has requested and received support,41,68
2024,Reporting year,Local authority,E92000001,England,E13000001,Inner London,212,Wandsworth,E09000032,24 years,Care leaver not in touch,47,69
2024,Reporting year,Local authority,E92000001,England,E13000001,Inner London,212,Wandsworth,E09000032,24 years,Total,68,100
2024,Reporting year,Local authority,E92000001,England,E13000001,Inner London,212,Wandsworth,E09000032,24 years,Young person has requested and received support,21,31
2024,Reporting year,Local authority,E92000001,England,E13000001,Inner London,212,Wandsworth,E09000032,25 years,Care leaver not in touch,36,69
2024,Reporting year,Local authority,E92000001,England,E13000001,Inner London,212,Wandsworth,E09000032,25 years,Total,52,100
2024,Reporting year,Local authority,E92000001,England,E13000001,Inner London,212,Wandsworth,E09000032,25 years,Young person has requested and received support,16,31
2024,Reporting year,Local authority,E92000001,England,E13000001,Inner London,213,Westminster,E09000033,22 years,Care leaver not in touch,7,11
2024,Reporting year,Local authority,E92000001,England,E13000001,Inner London,213,Westminster,E09000033,22 years,Total,66,100
2024,Reporting year,Local authority,E92000001,England,E13000001,Inner London,213,Westminster,E09000033,22 years,Young person has requested and received support,59,89
2024,Reporting year,Local authority,E92000001,England,E13000001,Inner London,213,Westminster,E09000033,23 years,Care leaver not in touch,22,39
2024,Reporting year,Local authority,E92000001,England,E13000001,Inner London,213,Westminster,E09000033,23 years,Total,57,100
2024,Reporting year,Local authority,E92000001,England,E13000001,Inner London,213,Westminster,E09000033,23 years,Young person has requested and received support,35,61
2024,Reporting year,Local authority,E92000001,England,E13000001,Inner London,213,Westminster,E09000033,24 years,Care leaver not in touch,29,56
2024,Reporting year,Local authority,E92000001,England,E13000001,Inner London,213,Westminster,E09000033,24 years,Total,52,100
2024,Reporting year,Local authority,E92000001,England,E13000001,Inner London,213,Westminster,E09000033,24 years,Young person has requested and received support,23,44
2024,Reporting year,Local authority,E92000001,England,E13000001,Inner London,213,Westminster,E09000033,25 years,Care leaver not in touch,28,67
2024,Reporting year,Local authority,E92000001,England,E13000001,Inner London,213,Westminster,E09000033,25 years,Total,42,100
2024,Reporting year,Local authority,E92000001,England,E13000001,Inner London,213,Westminster,E09000033,25 years,Young person has requested and received support,14,33
2024,Reporting year,Local authority,E92000001,England,E13000002,Outer London,301,Barking and Dagenham,E09000002,22 years,Care leaver not in touch,54,60
2024,Reporting year,Local authority,E92000001,England,E13000002,Outer London,301,Barking and Dagenham,E09000002,22 years,Total,90,100
2024,Reporting year,Local authority,E92000001,England,E13000002,Outer London,301,Barking and Dagenham,E09000002,22 years,Young person has requested and received support,36,40
2024,Reporting year,Local authority,E92000001,England,E13000002,Outer London,301,Barking and Dagenham,E09000002,23 years,Care leaver not in touch,54,77
2024,Reporting year,Local authority,E92000001,England,E13000002,Outer London,301,Barking and Dagenham,E09000002,23 years,Total,70,100
2024,Reporting year,Local authority,E92000001,England,E13000002,Outer London,301,Barking and Dagenham,E09000002,23 years,Young person has requested and received support,16,23
2024,Reporting year,Local authority,E92000001,England,E13000002,Outer London,301,Barking and Dagenham,E09000002,24 years,Care leaver not in touch,71,91
2024,Reporting year,Local authority,E92000001,England,E13000002,Outer London,301,Barking and Dagenham,E09000002,24 years,Total,78,100
2024,Reporting year,Local authority,E92000001,England,E13000002,Outer London,301,Barking and Dagenham,E09000002,24 years,Young person has requested and received support,7,9
2024,Reporting year,Local authority,E92000001,England,E13000002,Outer London,301,Barking and Dagenham,E09000002,25 years,Care leaver not in touch,c,c
2024,Reporting year,Local authority,E92000001,England,E13000002,Outer London,301,Barking and Dagenham,E09000002,25 years,Total,73,100
2024,Reporting year,Local authority,E92000001,England,E13000002,Outer London,301,Barking and Dagenham,E09000002,25 years,Young person has requested and received support,c,c
2024,Reporting year,Local authority,E92000001,England,E13000002,Outer London,302,Barnet,E09000003,22 years,Care leaver not in touch,c,c
2024,Reporting year,Local authority,E92000001,England,E13000002,Outer London,302,Barnet,E09000003,22 years,Total,84,100
2024,Reporting year,Local authority,E92000001,England,E13000002,Outer London,302,Barnet,E09000003,22 years,Young person has requested and received support,c,c
2024,Reporting year,Local authority,E92000001,England,E13000002,Outer London,302,Barnet,E09000003,23 years,Care leaver not in touch,12,12
2024,Reporting year,Local authority,E92000001,England,E13000002,Outer London,302,Barnet,E09000003,23 years,Total,104,100
2024,Reporting year,Local authority,E92000001,England,E13000002,Outer London,302,Barnet,E09000003,23 years,Young person has requested and received support,92,88
2024,Reporting year,Local authority,E92000001,England,E13000002,Outer London,302,Barnet,E09000003,24 years,Care leaver not in touch,c,c
2024,Reporting year,Local authority,E92000001,England,E13000002,Outer London,302,Barnet,E09000003,24 years,Total,85,100
2024,Reporting year,Local authority,E92000001,England,E13000002,Outer London,302,Barnet,E09000003,24 years,Young person has requested and received support,c,c
2024,Reporting year,Local authority,E92000001,England,E13000002,Outer London,302,Barnet,E09000003,25 years,Care leaver not in touch,0,0
2024,Reporting year,Local authority,E92000001,England,E13000002,Outer London,302,Barnet,E09000003,25 years,Total,57,100
2024,Reporting year,Local authority,E92000001,England,E13000002,Outer London,302,Barnet,E09000003,25 years,Young person has requested and received support,57,100
2024,Reporting year,Local authority,E92000001,England,E13000002,Outer London,303,Bexley,E09000004,22 years,Care leaver not in touch,13,19
2024,Reporting year,Local authority,E92000001,England,E13000002,Outer London,303,Bexley,E09000004,22 years,Total,70,100
2024,Reporting year,Local authority,E92000001,England,E13000002,Outer London,303,Bexley,E09000004,22 years,Young person has requested and received support,57,81
2024,Reporting year,Local authority,E92000001,England,E13000002,Outer London,303,Bexley,E09000004,23 years,Care leaver not in touch,7,13
2024,Reporting year,Local authority,E92000001,England,E13000002,Outer London,303,Bexley,E09000004,23 years,Total,55,100
2024,Reporting year,Local authority,E92000001,England,E13000002,Outer London,303,Bexley,E09000004,23 years,Young person has requested and received support,48,87
2024,Reporting year,Local authority,E92000001,England,E13000002,Outer London,303,Bexley,E09000004,24 years,Care leaver not in touch,13,22
2024,Reporting year,Local authority,E92000001,England,E13000002,Outer London,303,Bexley,E09000004,24 years,Total,60,100
2024,Reporting year,Local authority,E92000001,England,E13000002,Outer London,303,Bexley,E09000004,24 years,Young person has requested and received support,47,78
2024,Reporting year,Local authority,E92000001,England,E13000002,Outer London,303,Bexley,E09000004,25 years,Care leaver not in touch,32,59
2024,Reporting year,Local authority,E92000001,England,E13000002,Outer London,303,Bexley,E09000004,25 years,Total,54,100
2024,Reporting year,Local authority,E92000001,England,E13000002,Outer London,303,Bexley,E09000004,25 years,Young person has requested and received support,22,41
2024,Reporting year,Local authority,E92000001,England,E13000002,Outer London,304,Brent,E09000005,22 years,Care leaver not in touch,22,28
2024,Reporting year,Local authority,E92000001,England,E13000002,Outer London,304,Brent,E09000005,22 years,Total,79,100
2024,Reporting year,Local authority,E92000001,England,E13000002,Outer London,304,Brent,E09000005,22 years,Young person has requested and received support,57,72
2024,Reporting year,Local authority,E92000001,England,E13000002,Outer London,304,Brent,E09000005,23 years,Care leaver not in touch,36,46
2024,Reporting year,Local authority,E92000001,England,E13000002,Outer London,304,Brent,E09000005,23 years,Total,78,100
2024,Reporting year,Local authority,E92000001,England,E13000002,Outer London,304,Brent,E09000005,23 years,Young person has requested and received support,42,54
2024,Reporting year,Local authority,E92000001,England,E13000002,Outer London,304,Brent,E09000005,24 years,Care leaver not in touch,41,51
2024,Reporting year,Local authority,E92000001,England,E13000002,Outer London,304,Brent,E09000005,24 years,Total,80,100
2024,Reporting year,Local authority,E92000001,England,E13000002,Outer London,304,Brent,E09000005,24 years,Young person has requested and received support,39,49
2024,Reporting year,Local authority,E92000001,England,E13000002,Outer London,304,Brent,E09000005,25 years,Care leaver not in touch,68,79
2024,Reporting year,Local authority,E92000001,England,E13000002,Outer London,304,Brent,E09000005,25 years,Total,86,100
2024,Reporting year,Local authority,E92000001,England,E13000002,Outer London,304,Brent,E09000005,25 years,Young person has requested and received support,18,21
2024,Reporting year,Local authority,E92000001,England,E13000002,Outer London,305,Bromley,E09000006,22 years,Care leaver not in touch,34,44
2024,Reporting year,Local authority,E92000001,England,E13000002,Outer London,305,Bromley,E09000006,22 years,Total,77,100
2024,Reporting year,Local authority,E92000001,England,E13000002,Outer London,305,Bromley,E09000006,22 years,Young person has requested and received support,43,56
2024,Reporting year,Local authority,E92000001,England,E13000002,Outer London,305,Bromley,E09000006,23 years,Care leaver not in touch,25,48
2024,Reporting year,Local authority,E92000001,England,E13000002,Outer London,305,Bromley,E09000006,23 years,Total,52,100
2024,Reporting year,Local authority,E92000001,England,E13000002,Outer London,305,Bromley,E09000006,23 years,Young person has requested and received support,27,52
2024,Reporting year,Local authority,E92000001,England,E13000002,Outer London,305,Bromley,E09000006,24 years,Care leaver not in touch,37,65
2024,Reporting year,Local authority,E92000001,England,E13000002,Outer London,305,Bromley,E09000006,24 years,Total,57,100
2024,Reporting year,Local authority,E92000001,England,E13000002,Outer London,305,Bromley,E09000006,24 years,Young person has requested and received support,20,35
2024,Reporting year,Local authority,E92000001,England,E13000002,Outer London,305,Bromley,E09000006,25 years,Care leaver not in touch,52,90
2024,Reporting year,Local authority,E92000001,England,E13000002,Outer London,305,Bromley,E09000006,25 years,Total,58,100
2024,Reporting year,Local authority,E92000001,England,E13000002,Outer London,305,Bromley,E09000006,25 years,Young person has requested and received support,6,10
2024,Reporting year,Local authority,E92000001,England,E13000002,Outer London,306,Croydon,E09000008,22 years,Care leaver not in touch,70,37
2024,Reporting year,Local authority,E92000001,England,E13000002,Outer London,306,Croydon,E09000008,22 years,Total,190,100
2024,Reporting year,Local authority,E92000001,England,E13000002,Outer London,306,Croydon,E09000008,22 years,Young person has requested and received support,120,63
2024,Reporting year,Local authority,E92000001,England,E13000002,Outer London,306,Croydon,E09000008,23 years,Care leaver not in touch,125,55
2024,Reporting year,Local authority,E92000001,England,E13000002,Outer London,306,Croydon,E09000008,23 years,Total,227,100
2024,Reporting year,Local authority,E92000001,England,E13000002,Outer London,306,Croydon,E09000008,23 years,Young person has requested and received support,102,45
2024,Reporting year,Local authority,E92000001,England,E13000002,Outer London,306,Croydon,E09000008,24 years,Care leaver not in touch,195,83
2024,Reporting year,Local authority,E92000001,England,E13000002,Outer London,306,Croydon,E09000008,24 years,Total,235,100
2024,Reporting year,Local authority,E92000001,England,E13000002,Outer London,306,Croydon,E09000008,24 years,Young person has requested and received support,40,17
2024,Reporting year,Local authority,E92000001,England,E13000002,Outer London,306,Croydon,E09000008,25 years,Care leaver not in touch,224,95
2024,Reporting year,Local authority,E92000001,England,E13000002,Outer London,306,Croydon,E09000008,25 years,Total,236,100
2024,Reporting year,Local authority,E92000001,England,E13000002,Outer London,306,Croydon,E09000008,25 years,Young person has requested and received support,12,5
2024,Reporting year,Local authority,E92000001,England,E13000002,Outer London,307,Ealing,E09000009,22 years,Care leaver not in touch,30,39
2024,Reporting year,Local authority,E92000001,England,E13000002,Outer London,307,Ealing,E09000009,22 years,Total,77,100
2024,Reporting year,Local authority,E92000001,England,E13000002,Outer London,307,Ealing,E09000009,22 years,Young person has requested and received support,47,61
2024,Reporting year,Local authority,E92000001,England,E13000002,Outer London,307,Ealing,E09000009,23 years,Care leaver not in touch,51,59
2024,Reporting year,Local authority,E92000001,England,E13000002,Outer London,307,Ealing,E09000009,23 years,Total,87,100
2024,Reporting year,Local authority,E92000001,England,E13000002,Outer London,307,Ealing,E09000009,23 years,Young person has requested and received support,36,41
2024,Reporting year,Local authority,E92000001,England,E13000002,Outer London,307,Ealing,E09000009,24 years,Care leaver not in touch,68,74
2024,Reporting year,Local authority,E92000001,England,E13000002,Outer London,307,Ealing,E09000009,24 years,Total,92,100
2024,Reporting year,Local authority,E92000001,England,E13000002,Outer London,307,Ealing,E09000009,24 years,Young person has requested and received support,24,26
2024,Reporting year,Local authority,E92000001,England,E13000002,Outer London,307,Ealing,E09000009,25 years,Care leaver not in touch,66,87
2024,Reporting year,Local authority,E92000001,England,E13000002,Outer London,307,Ealing,E09000009,25 years,Total,76,100
2024,Reporting year,Local authority,E92000001,England,E13000002,Outer London,307,Ealing,E09000009,25 years,Young person has requested and received support,10,13
2024,Reporting year,Local authority,E92000001,England,E13000002,Outer London,308,Enfield,E09000010,22 years,Care leaver not in touch,76,76
2024,Reporting year,Local authority,E92000001,England,E13000002,Outer London,308,Enfield,E09000010,22 years,Total,100,100
2024,Reporting year,Local authority,E92000001,England,E13000002,Outer London,308,Enfield,E09000010,22 years,Young person has requested and received support,24,24
2024,Reporting year,Local authority,E92000001,England,E13000002,Outer London,308,Enfield,E09000010,23 years,Care leaver not in touch,63,85
2024,Reporting year,Local authority,E92000001,England,E13000002,Outer London,308,Enfield,E09000010,23 years,Total,74,100
2024,Reporting year,Local authority,E92000001,England,E13000002,Outer London,308,Enfield,E09000010,23 years,Young person has requested and received support,11,15
2024,Reporting year,Local authority,E92000001,England,E13000002,Outer London,308,Enfield,E09000010,24 years,Care leaver not in touch,c,c
2024,Reporting year,Local authority,E92000001,England,E13000002,Outer London,308,Enfield,E09000010,24 years,Total,61,100
2024,Reporting year,Local authority,E92000001,England,E13000002,Outer London,308,Enfield,E09000010,24 years,Young person has requested and received support,c,c
2024,Reporting year,Local authority,E92000001,England,E13000002,Outer London,308,Enfield,E09000010,25 years,Care leaver not in touch,c,c
2024,Reporting year,Local authority,E92000001,England,E13000002,Outer London,308,Enfield,E09000010,25 years,Total,82,100
2024,Reporting year,Local authority,E92000001,England,E13000002,Outer London,308,Enfield,E09000010,25 years,Young person has requested and received support,c,c
2024,Reporting year,Local authority,E92000001,England,E13000002,Outer London,203,Greenwich,E09000011,22 years,Care leaver not in touch,60,58
2024,Reporting year,Local authority,E92000001,England,E13000002,Outer London,203,Greenwich,E09000011,22 years,Total,103,100
2024,Reporting year,Local authority,E92000001,England,E13000002,Outer London,203,Greenwich,E09000011,22 years,Young person has requested and received support,43,42
2024,Reporting year,Local authority,E92000001,England,E13000002,Outer London,203,Greenwich,E09000011,23 years,Care leaver not in touch,58,79
2024,Reporting year,Local authority,E92000001,England,E13000002,Outer London,203,Greenwich,E09000011,23 years,Total,73,100
2024,Reporting year,Local authority,E92000001,England,E13000002,Outer London,203,Greenwich,E09000011,23 years,Young person has requested and received support,15,21
2024,Reporting year,Local authority,E92000001,England,E13000002,Outer London,203,Greenwich,E09000011,24 years,Care leaver not in touch,65,88
2024,Reporting year,Local authority,E92000001,England,E13000002,Outer London,203,Greenwich,E09000011,24 years,Total,74,100
2024,Reporting year,Local authority,E92000001,England,E13000002,Outer London,203,Greenwich,E09000011,24 years,Young person has requested and received support,9,12
2024,Reporting year,Local authority,E92000001,England,E13000002,Outer London,203,Greenwich,E09000011,25 years,Care leaver not in touch,c,c
2024,Reporting year,Local authority,E92000001,England,E13000002,Outer London,203,Greenwich,E09000011,25 years,Total,89,100
2024,Reporting year,Local authority,E92000001,England,E13000002,Outer London,203,Greenwich,E09000011,25 years,Young person has requested and received support,c,c
2024,Reporting year,Local authority,E92000001,England,E13000002,Outer London,310,Harrow,E09000015,22 years,Care leaver not in touch,21,47
2024,Reporting year,Local authority,E92000001,England,E13000002,Outer London,310,Harrow,E09000015,22 years,Total,45,100
2024,Reporting year,Local authority,E92000001,England,E13000002,Outer London,310,Harrow,E09000015,22 years,Young person has requested and received support,24,53
2024,Reporting year,Local authority,E92000001,England,E13000002,Outer London,310,Harrow,E09000015,23 years,Care leaver not in touch,39,64
2024,Reporting year,Local authority,E92000001,England,E13000002,Outer London,310,Harrow,E09000015,23 years,Total,61,100
2024,Reporting year,Local authority,E92000001,England,E13000002,Outer London,310,Harrow,E09000015,23 years,Young person has requested and received support,22,36
2024,Reporting year,Local authority,E92000001,England,E13000002,Outer London,310,Harrow,E09000015,24 years,Care leaver not in touch,34,83
2024,Reporting year,Local authority,E92000001,England,E13000002,Outer London,310,Harrow,E09000015,24 years,Total,41,100
2024,Reporting year,Local authority,E92000001,England,E13000002,Outer London,310,Harrow,E09000015,24 years,Young person has requested and received support,7,17
2024,Reporting year,Local authority,E92000001,England,E13000002,Outer London,310,Harrow,E09000015,25 years,Care leaver not in touch,c,c
2024,Reporting year,Local authority,E92000001,England,E13000002,Outer London,310,Harrow,E09000015,25 years,Total,38,100
2024,Reporting year,Local authority,E92000001,England,E13000002,Outer London,310,Harrow,E09000015,25 years,Young person has requested and received support,c,c
2024,Reporting year,Local authority,E92000001,England,E13000002,Outer London,311,Havering,E09000016,22 years,Care leaver not in touch,46,62
2024,Reporting year,Local authority,E92000001,England,E13000002,Outer London,311,Havering,E09000016,22 years,Total,74,100
2024,Reporting year,Local authority,E92000001,England,E13000002,Outer London,311,Havering,E09000016,22 years,Young person has requested and received support,28,38
2024,Reporting year,Local authority,E92000001,England,E13000002,Outer London,311,Havering,E09000016,23 years,Care leaver not in touch,34,61
2024,Reporting year,Local authority,E92000001,England,E13000002,Outer London,311,Havering,E09000016,23 years,Total,56,100
2024,Reporting year,Local authority,E92000001,England,E13000002,Outer London,311,Havering,E09000016,23 years,Young person has requested and received support,22,39
2024,Reporting year,Local authority,E92000001,England,E13000002,Outer London,311,Havering,E09000016,24 years,Care leaver not in touch,29,69
2024,Reporting year,Local authority,E92000001,England,E13000002,Outer London,311,Havering,E09000016,24 years,Total,42,100
2024,Reporting year,Local authority,E92000001,England,E13000002,Outer London,311,Havering,E09000016,24 years,Young person has requested and received support,13,31
2024,Reporting year,Local authority,E92000001,England,E13000002,Outer London,311,Havering,E09000016,25 years,Care leaver not in touch,31,78
2024,Reporting year,Local authority,E92000001,England,E13000002,Outer London,311,Havering,E09000016,25 years,Total,40,100
2024,Reporting year,Local authority,E92000001,England,E13000002,Outer London,311,Havering,E09000016,25 years,Young person has requested and received support,9,23
2024,Reporting year,Local authority,E92000001,England,E13000002,Outer London,312,Hillingdon,E09000017,22 years,Care leaver not in touch,33,33
2024,Reporting year,Local authority,E92000001,England,E13000002,Outer London,312,Hillingdon,E09000017,22 years,Total,101,100
2024,Reporting year,Local authority,E92000001,England,E13000002,Outer London,312,Hillingdon,E09000017,22 years,Young person has requested and received support,68,67
2024,Reporting year,Local authority,E92000001,England,E13000002,Outer London,312,Hillingdon,E09000017,23 years,Care leaver not in touch,36,42
2024,Reporting year,Local authority,E92000001,England,E13000002,Outer London,312,Hillingdon,E09000017,23 years,Total,85,100
2024,Reporting year,Local authority,E92000001,England,E13000002,Outer London,312,Hillingdon,E09000017,23 years,Young person has requested and received support,49,58
2024,Reporting year,Local authority,E92000001,England,E13000002,Outer London,312,Hillingdon,E09000017,24 years,Care leaver not in touch,54,57
2024,Reporting year,Local authority,E92000001,England,E13000002,Outer London,312,Hillingdon,E09000017,24 years,Total,94,100
2024,Reporting year,Local authority,E92000001,England,E13000002,Outer London,312,Hillingdon,E09000017,24 years,Young person has requested and received support,40,43
2024,Reporting year,Local authority,E92000001,England,E13000002,Outer London,312,Hillingdon,E09000017,25 years,Care leaver not in touch,79,83
2024,Reporting year,Local authority,E92000001,England,E13000002,Outer London,312,Hillingdon,E09000017,25 years,Total,95,100
2024,Reporting year,Local authority,E92000001,England,E13000002,Outer London,312,Hillingdon,E09000017,25 years,Young person has requested and received support,16,17
2024,Reporting year,Local authority,E92000001,England,E13000002,Outer London,313,Hounslow,E09000018,22 years,Care leaver not in touch,37,54
2024,Reporting year,Local authority,E92000001,England,E13000002,Outer London,313,Hounslow,E09000018,22 years,Total,69,100
2024,Reporting year,Local authority,E92000001,England,E13000002,Outer London,313,Hounslow,E09000018,22 years,Young person has requested and received support,32,46
2024,Reporting year,Local authority,E92000001,England,E13000002,Outer London,313,Hounslow,E09000018,23 years,Care leaver not in touch,47,75
2024,Reporting year,Local authority,E92000001,England,E13000002,Outer London,313,Hounslow,E09000018,23 years,Total,63,100
2024,Reporting year,Local authority,E92000001,England,E13000002,Outer London,313,Hounslow,E09000018,23 years,Young person has requested and received support,16,25
2024,Reporting year,Local authority,E92000001,England,E13000002,Outer London,313,Hounslow,E09000018,24 years,Care leaver not in touch,59,87
2024,Reporting year,Local authority,E92000001,England,E13000002,Outer London,313,Hounslow,E09000018,24 years,Total,68,100
2024,Reporting year,Local authority,E92000001,England,E13000002,Outer London,313,Hounslow,E09000018,24 years,Young person has requested and received support,9,13
2024,Reporting year,Local authority,E92000001,England,E13000002,Outer London,313,Hounslow,E09000018,25 years,Care leaver not in touch,c,c
2024,Reporting year,Local authority,E92000001,England,E13000002,Outer London,313,Hounslow,E09000018,25 years,Total,73,100
2024,Reporting year,Local authority,E92000001,England,E13000002,Outer London,313,Hounslow,E09000018,25 years,Young person has requested and received support,c,c
2024,Reporting year,Local authority,E92000001,England,E13000002,Outer London,314,Kingston upon Thames,E09000021,22 years,Care leaver not in touch,9,23
2024,Reporting year,Local authority,E92000001,England,E13000002,Outer London,314,Kingston upon Thames,E09000021,22 years,Total,40,100
2024,Reporting year,Local authority,E92000001,England,E13000002,Outer London,314,Kingston upon Thames,E09000021,22 years,Young person has requested and received support,31,78
2024,Reporting year,Local authority,E92000001,England,E13000002,Outer London,314,Kingston upon Thames,E09000021,23 years,Care leaver not in touch,12,41
2024,Reporting year,Local authority,E92000001,England,E13000002,Outer London,314,Kingston upon Thames,E09000021,23 years,Total,29,100
2024,Reporting year,Local authority,E92000001,England,E13000002,Outer London,314,Kingston upon Thames,E09000021,23 years,Young person has requested and received support,17,59
2024,Reporting year,Local authority,E92000001,England,E13000002,Outer London,314,Kingston upon Thames,E09000021,24 years,Care leaver not in touch,13,52
2024,Reporting year,Local authority,E92000001,England,E13000002,Outer London,314,Kingston upon Thames,E09000021,24 years,Total,25,100
2024,Reporting year,Local authority,E92000001,England,E13000002,Outer London,314,Kingston upon Thames,E09000021,24 years,Young person has requested and received support,12,48
2024,Reporting year,Local authority,E92000001,England,E13000002,Outer London,314,Kingston upon Thames,E09000021,25 years,Care leaver not in touch,c,c
2024,Reporting year,Local authority,E92000001,England,E13000002,Outer London,314,Kingston upon Thames,E09000021,25 years,Total,21,100
2024,Reporting year,Local authority,E92000001,England,E13000002,Outer London,314,Kingston upon Thames,E09000021,25 years,Young person has requested and received support,c,c
2024,Reporting year,Local authority,E92000001,England,E13000002,Outer London,315,Merton,E09000024,22 years,Care leaver not in touch,7,15
2024,Reporting year,Local authority,E92000001,England,E13000002,Outer London,315,Merton,E09000024,22 years,Total,47,100
2024,Reporting year,Local authority,E92000001,England,E13000002,Outer London,315,Merton,E09000024,22 years,Young person has requested and received support,40,85
2024,Reporting year,Local authority,E92000001,England,E13000002,Outer London,315,Merton,E09000024,23 years,Care leaver not in touch,c,c
2024,Reporting year,Local authority,E92000001,England,E13000002,Outer London,315,Merton,E09000024,23 years,Total,33,100
2024,Reporting year,Local authority,E92000001,England,E13000002,Outer London,315,Merton,E09000024,23 years,Young person has requested and received support,c,c
2024,Reporting year,Local authority,E92000001,England,E13000002,Outer London,315,Merton,E09000024,24 years,Care leaver not in touch,6,13
2024,Reporting year,Local authority,E92000001,England,E13000002,Outer London,315,Merton,E09000024,24 years,Total,45,100
2024,Reporting year,Local authority,E92000001,England,E13000002,Outer London,315,Merton,E09000024,24 years,Young person has requested and received support,39,87
2024,Reporting year,Local authority,E92000001,England,E13000002,Outer London,315,Merton,E09000024,25 years,Care leaver not in touch,10,26
2024,Reporting year,Local authority,E92000001,England,E13000002,Outer London,315,Merton,E09000024,25 years,Total,38,100
2024,Reporting year,Local authority,E92000001,England,E13000002,Outer London,315,Merton,E09000024,25 years,Young person has requested and received support,28,74
2024,Reporting year,Local authority,E92000001,England,E13000002,Outer London,317,Redbridge,E09000026,22 years,Care leaver not in touch,44,63
2024,Reporting year,Local authority,E92000001,England,E13000002,Outer London,317,Redbridge,E09000026,22 years,Total,70,100
2024,Reporting year,Local authority,E92000001,England,E13000002,Outer London,317,Redbridge,E09000026,22 years,Young person has requested and received support,26,37
2024,Reporting year,Local authority,E92000001,England,E13000002,Outer London,317,Redbridge,E09000026,23 years,Care leaver not in touch,36,72
2024,Reporting year,Local authority,E92000001,England,E13000002,Outer London,317,Redbridge,E09000026,23 years,Total,50,100
2024,Reporting year,Local authority,E92000001,England,E13000002,Outer London,317,Redbridge,E09000026,23 years,Young person has requested and received support,14,28
2024,Reporting year,Local authority,E92000001,England,E13000002,Outer London,317,Redbridge,E09000026,24 years,Care leaver not in touch,43,80
2024,Reporting year,Local authority,E92000001,England,E13000002,Outer London,317,Redbridge,E09000026,24 years,Total,54,100
2024,Reporting year,Local authority,E92000001,England,E13000002,Outer London,317,Redbridge,E09000026,24 years,Young person has requested and received support,11,20
2024,Reporting year,Local authority,E92000001,England,E13000002,Outer London,317,Redbridge,E09000026,25 years,Care leaver not in touch,46,84
2024,Reporting year,Local authority,E92000001,England,E13000002,Outer London,317,Redbridge,E09000026,25 years,Total,55,100
2024,Reporting year,Local authority,E92000001,England,E13000002,Outer London,317,Redbridge,E09000026,25 years,Young person has requested and received support,9,16
2024,Reporting year,Local authority,E92000001,England,E13000002,Outer London,318,Richmond upon Thames,E09000027,22 years,Care leaver not in touch,10,26
2024,Reporting year,Local authority,E92000001,England,E13000002,Outer London,318,Richmond upon Thames,E09000027,22 years,Total,38,100
2024,Reporting year,Local authority,E92000001,England,E13000002,Outer London,318,Richmond upon Thames,E09000027,22 years,Young person has requested and received support,28,74
2024,Reporting year,Local authority,E92000001,England,E13000002,Outer London,318,Richmond upon Thames,E09000027,23 years,Care leaver not in touch,19,66
2024,Reporting year,Local authority,E92000001,England,E13000002,Outer London,318,Richmond upon Thames,E09000027,23 years,Total,29,100
2024,Reporting year,Local authority,E92000001,England,E13000002,Outer London,318,Richmond upon Thames,E09000027,23 years,Young person has requested and received support,10,34
2024,Reporting year,Local authority,E92000001,England,E13000002,Outer London,318,Richmond upon Thames,E09000027,24 years,Care leaver not in touch,c,c
2024,Reporting year,Local authority,E92000001,England,E13000002,Outer London,318,Richmond upon Thames,E09000027,24 years,Total,30,100
2024,Reporting year,Local authority,E92000001,England,E13000002,Outer London,318,Richmond upon Thames,E09000027,24 years,Young person has requested and received support,c,c
2024,Reporting year,Local authority,E92000001,England,E13000002,Outer London,318,Richmond upon Thames,E09000027,25 years,Care leaver not in touch,38,100
2024,Reporting year,Local authority,E92000001,England,E13000002,Outer London,318,Richmond upon Thames,E09000027,25 years,Total,38,100
2024,Reporting year,Local authority,E92000001,England,E13000002,Outer London,318,Richmond upon Thames,E09000027,25 years,Young person has requested and received support,0,0
2024,Reporting year,Local authority,E92000001,England,E13000002,Outer London,319,Sutton,E09000029,22 years,Care leaver not in touch,20,30
2024,Reporting year,Local authority,E92000001,England,E13000002,Outer London,319,Sutton,E09000029,22 years,Total,66,100
2024,Reporting year,Local authority,E92000001,England,E13000002,Outer London,319,Sutton,E09000029,22 years,Young person has requested and received support,46,70
2024,Reporting year,Local authority,E92000001,England,E13000002,Outer London,319,Sutton,E09000029,23 years,Care leaver not in touch,26,55
2024,Reporting year,Local authority,E92000001,England,E13000002,Outer London,319,Sutton,E09000029,23 years,Total,47,100
2024,Reporting year,Local authority,E92000001,England,E13000002,Outer London,319,Sutton,E09000029,23 years,Young person has requested and received support,21,45
2024,Reporting year,Local authority,E92000001,England,E13000002,Outer London,319,Sutton,E09000029,24 years,Care leaver not in touch,27,59
2024,Reporting year,Local authority,E92000001,England,E13000002,Outer London,319,Sutton,E09000029,24 years,Total,46,100
2024,Reporting year,Local authority,E92000001,England,E13000002,Outer London,319,Sutton,E09000029,24 years,Young person has requested and received support,19,41
2024,Reporting year,Local authority,E92000001,England,E13000002,Outer London,319,Sutton,E09000029,25 years,Care leaver not in touch,34,72
2024,Reporting year,Local authority,E92000001,England,E13000002,Outer London,319,Sutton,E09000029,25 years,Total,47,100
2024,Reporting year,Local authority,E92000001,England,E13000002,Outer London,319,Sutton,E09000029,25 years,Young person has requested and received support,13,28
2024,Reporting year,Local authority,E92000001,England,E13000002,Outer London,320,Waltham Forest,E09000031,22 years,Care leaver not in touch,18,24
2024,Reporting year,Local authority,E92000001,England,E13000002,Outer London,320,Waltham Forest,E09000031,22 years,Total,76,100
2024,Reporting year,Local authority,E92000001,England,E13000002,Outer London,320,Waltham Forest,E09000031,22 years,Young person has requested and received support,58,76
2024,Reporting year,Local authority,E92000001,England,E13000002,Outer London,320,Waltham Forest,E09000031,23 years,Care leaver not in touch,22,28
2024,Reporting year,Local authority,E92000001,England,E13000002,Outer London,320,Waltham Forest,E09000031,23 years,Total,78,100
2024,Reporting year,Local authority,E92000001,England,E13000002,Outer London,320,Waltham Forest,E09000031,23 years,Young person has requested and received support,56,72
2024,Reporting year,Local authority,E92000001,England,E13000002,Outer London,320,Waltham Forest,E09000031,24 years,Care leaver not in touch,30,53
2024,Reporting year,Local authority,E92000001,England,E13000002,Outer London,320,Waltham Forest,E09000031,24 years,Total,57,100
2024,Reporting year,Local authority,E92000001,England,E13000002,Outer London,320,Waltham Forest,E09000031,24 years,Young person has requested and received support,27,47
2024,Reporting year,Local authority,E92000001,England,E13000002,Outer London,320,Waltham Forest,E09000031,25 years,Care leaver not in touch,42,66
2024,Reporting year,Local authority,E92000001,England,E13000002,Outer London,320,Waltham Forest,E09000031,25 years,Total,64,100
2024,Reporting year,Local authority,E92000001,England,E13000002,Outer London,320,Waltham Forest,E09000031,25 years,Young person has requested and received support,22,34
2023,Reporting year,National,E92000001,England,,,,,,22 years,Care leaver not in touch,5290,49
2023,Reporting year,National,E92000001,England,,,,,,22 years,Total,10840,100
2023,Reporting year,National,E92000001,England,,,,,,22 years,Young person has requested and received support,5550,51
2023,Reporting year,National,E92000001,England,,,,,,23 years,Care leaver not in touch,6530,62
2023,Reporting year,National,E92000001,England,,,,,,23 years,Total,10540,100
2023,Reporting year,National,E92000001,England,,,,,,23 years,Young person has requested and received support,4010,38
2023,Reporting year,National,E92000001,England,,,,,,24 years,Care leaver not in touch,6980,70
2023,Reporting year,National,E92000001,England,,,,,,24 years,Total,9980,100
2023,Reporting year,National,E92000001,England,,,,,,24 years,Young person has requested and received support,3000,30
2023,Reporting year,National,E92000001,England,,,,,,25 years,Care leaver not in touch,7190,82
2023,Reporting year,National,E92000001,England,,,,,,25 years,Total,8770,100
2023,Reporting year,National,E92000001,England,,,,,,25 years,Young person has requested and received support,1570,18
2023,Reporting year,Regional,E92000001,England,E12000001,North East,,,,22 years,Care leaver not in touch,250,49
2023,Reporting year,Regional,E92000001,England,E12000001,North East,,,,22 years,Total,510,100
2023,Reporting year,Regional,E92000001,England,E12000001,North East,,,,22 years,Young person has requested and received support,260,51
2023,Reporting year,Regional,E92000001,England,E12000001,North East,,,,23 years,Care leaver not in touch,320,68
2023,Reporting year,Regional,E92000001,England,E12000001,North East,,,,23 years,Total,480,100
2023,Reporting year,Regional,E92000001,England,E12000001,North East,,,,23 years,Young person has requested and received support,150,32
2023,Reporting year,Regional,E92000001,England,E12000001,North East,,,,24 years,Care leaver not in touch,360,78
2023,Reporting year,Regional,E92000001,England,E12000001,North East,,,,24 years,Total,470,100
2023,Reporting year,Regional,E92000001,England,E12000001,North East,,,,24 years,Young person has requested and received support,100,22
2023,Reporting year,Regional,E92000001,England,E12000001,North East,,,,25 years,Care leaver not in touch,370,86
2023,Reporting year,Regional,E92000001,England,E12000001,North East,,,,25 years,Total,430,100
2023,Reporting year,Regional,E92000001,England,E12000001,North East,,,,25 years,Young person has requested and received support,60,14
2023,Reporting year,Regional,E92000001,England,E12000002,North West,,,,22 years,Care leaver not in touch,780,51
2023,Reporting year,Regional,E92000001,England,E12000002,North West,,,,22 years,Total,1510,100
2023,Reporting year,Regional,E92000001,England,E12000002,North West,,,,22 years,Young person has requested and received support,730,49
2023,Reporting year,Regional,E92000001,England,E12000002,North West,,,,23 years,Care leaver not in touch,910,67
2023,Reporting year,Regional,E92000001,England,E12000002,North West,,,,23 years,Total,1360,100
2023,Reporting year,Regional,E92000001,England,E12000002,North West,,,,23 years,Young person has requested and received support,450,33
2023,Reporting year,Regional,E92000001,England,E12000002,North West,,,,24 years,Care leaver not in touch,920,73
2023,Reporting year,Regional,E92000001,England,E12000002,North West,,,,24 years,Total,1260,100
2023,Reporting year,Regional,E92000001,England,E12000002,North West,,,,24 years,Young person has requested and received support,340,27
2023,Reporting year,Regional,E92000001,England,E12000002,North West,,,,25 years,Care leaver not in touch,890,84
2023,Reporting year,Regional,E92000001,England,E12000002,North West,,,,25 years,Total,1050,100
2023,Reporting year,Regional,E92000001,England,E12000002,North West,,,,25 years,Young person has requested and received support,170,16
2023,Reporting year,Regional,E92000001,England,E12000003,Yorkshire and The Humber,,,,22 years,Care leaver not in touch,440,48
2023,Reporting year,Regional,E92000001,England,E12000003,Yorkshire and The Humber,,,,22 years,Total,920,100
2023,Reporting year,Regional,E92000001,England,E12000003,Yorkshire and The Humber,,,,22 years,Young person has requested and received support,480,52
2023,Reporting year,Regional,E92000001,England,E12000003,Yorkshire and The Humber,,,,23 years,Care leaver not in touch,580,66
2023,Reporting year,Regional,E92000001,England,E12000003,Yorkshire and The Humber,,,,23 years,Total,880,100
2023,Reporting year,Regional,E92000001,England,E12000003,Yorkshire and The Humber,,,,23 years,Young person has requested and received support,300,34
2023,Reporting year,Regional,E92000001,England,E12000003,Yorkshire and The Humber,,,,24 years,Care leaver not in touch,620,76
2023,Reporting year,Regional,E92000001,England,E12000003,Yorkshire and The Humber,,,,24 years,Total,810,100
2023,Reporting year,Regional,E92000001,England,E12000003,Yorkshire and The Humber,,,,24 years,Young person has requested and received support,190,24
2023,Reporting year,Regional,E92000001,England,E12000003,Yorkshire and The Humber,,,,25 years,Care leaver not in touch,600,86
2023,Reporting year,Regional,E92000001,England,E12000003,Yorkshire and The Humber,,,,25 years,Total,690,100
2023,Reporting year,Regional,E92000001,England,E12000003,Yorkshire and The Humber,,,,25 years,Young person has requested and received support,100,14
2023,Reporting year,Regional,E92000001,England,E12000004,East Midlands,,,,22 years,Care leaver not in touch,420,51
2023,Reporting year,Regional,E92000001,England,E12000004,East Midlands,,,,22 years,Total,810,100
2023,Reporting year,Regional,E92000001,England,E12000004,East Midlands,,,,22 years,Young person has requested and received support,390,49
2023,Reporting year,Regional,E92000001,England,E12000004,East Midlands,,,,23 years,Care leaver not in touch,430,58
2023,Reporting year,Regional,E92000001,England,E12000004,East Midlands,,,,23 years,Total,730,100
2023,Reporting year,Regional,E92000001,England,E12000004,East Midlands,,,,23 years,Young person has requested and received support,310,42
2023,Reporting year,Regional,E92000001,England,E12000004,East Midlands,,,,24 years,Care leaver not in touch,220,41
2023,Reporting year,Regional,E92000001,England,E12000004,East Midlands,,,,24 years,Total,540,100
2023,Reporting year,Regional,E92000001,England,E12000004,East Midlands,,,,24 years,Young person has requested and received support,320,59
2023,Reporting year,Regional,E92000001,England,E12000004,East Midlands,,,,25 years,Care leaver not in touch,290,52
2023,Reporting year,Regional,E92000001,England,E12000004,East Midlands,,,,25 years,Total,550,100
2023,Reporting year,Regional,E92000001,England,E12000004,East Midlands,,,,25 years,Young person has requested and received support,260,48
2023,Reporting year,Regional,E92000001,England,E12000005,West Midlands,,,,22 years,Care leaver not in touch,590,48
2023,Reporting year,Regional,E92000001,England,E12000005,West Midlands,,,,22 years,Total,1230,100
2023,Reporting year,Regional,E92000001,England,E12000005,West Midlands,,,,22 years,Young person has requested and received support,640,52
2023,Reporting year,Regional,E92000001,England,E12000005,West Midlands,,,,23 years,Care leaver not in touch,700,60
2023,Reporting year,Regional,E92000001,England,E12000005,West Midlands,,,,23 years,Total,1160,100
2023,Reporting year,Regional,E92000001,England,E12000005,West Midlands,,,,23 years,Young person has requested and received support,460,40
2023,Reporting year,Regional,E92000001,England,E12000005,West Midlands,,,,24 years,Care leaver not in touch,800,72
2023,Reporting year,Regional,E92000001,England,E12000005,West Midlands,,,,24 years,Total,1110,100
2023,Reporting year,Regional,E92000001,England,E12000005,West Midlands,,,,24 years,Young person has requested and received support,310,28
2023,Reporting year,Regional,E92000001,England,E12000005,West Midlands,,,,25 years,Care leaver not in touch,890,90
2023,Reporting year,Regional,E92000001,England,E12000005,West Midlands,,,,25 years,Total,990,100
2023,Reporting year,Regional,E92000001,England,E12000005,West Midlands,,,,25 years,Young person has requested and received support,100,10
2023,Reporting year,Regional,E92000001,England,E12000006,East of England,,,,22 years,Care leaver not in touch,650,62
2023,Reporting year,Regional,E92000001,England,E12000006,East of England,,,,22 years,Total,1030,100
2023,Reporting year,Regional,E92000001,England,E12000006,East of England,,,,22 years,Young person has requested and received support,390,38
2023,Reporting year,Regional,E92000001,England,E12000006,East of England,,,,23 years,Care leaver not in touch,770,70
2023,Reporting year,Regional,E92000001,England,E12000006,East of England,,,,23 years,Total,1100,100
2023,Reporting year,Regional,E92000001,England,E12000006,East of England,,,,23 years,Young person has requested and received support,330,30
2023,Reporting year,Regional,E92000001,England,E12000006,East of England,,,,24 years,Care leaver not in touch,770,76
2023,Reporting year,Regional,E92000001,England,E12000006,East of England,,,,24 years,Total,1000,100
2023,Reporting year,Regional,E92000001,England,E12000006,East of England,,,,24 years,Young person has requested and received support,240,24
2023,Reporting year,Regional,E92000001,England,E12000006,East of England,,,,25 years,Care leaver not in touch,790,88
2023,Reporting year,Regional,E92000001,England,E12000006,East of England,,,,25 years,Total,900,100
2023,Reporting year,Regional,E92000001,England,E12000006,East of England,,,,25 years,Young person has requested and received support,110,12
2023,Reporting year,Regional,E92000001,England,E12000007,London,,,,22 years,Care leaver not in touch,970,41
2023,Reporting year,Regional,E92000001,England,E12000007,London,,,,22 years,Total,2380,100
2023,Reporting year,Regional,E92000001,England,E12000007,London,,,,22 years,Young person has requested and received support,1410,59
2023,Reporting year,Regional,E92000001,England,E12000007,London,,,,23 years,Care leaver not in touch,1230,53
2023,Reporting year,Regional,E92000001,England,E12000007,London,,,,23 years,Total,2340,100
2023,Reporting year,Regional,E92000001,England,E12000007,London,,,,23 years,Young person has requested and received support,1110,47
2023,Reporting year,Regional,E92000001,England,E12000007,London,,,,24 years,Care leaver not in touch,1500,65
2023,Reporting year,Regional,E92000001,England,E12000007,London,,,,24 years,Total,2290,100
2023,Reporting year,Regional,E92000001,England,E12000007,London,,,,24 years,Young person has requested and received support,790,35
2023,Reporting year,Regional,E92000001,England,E12000007,London,,,,25 years,Care leaver not in touch,1520,79
2023,Reporting year,Regional,E92000001,England,E12000007,London,,,,25 years,Total,1920,100
2023,Reporting year,Regional,E92000001,England,E12000007,London,,,,25 years,Young person has requested and received support,400,21
2023,Reporting year,Regional,E92000001,England,E12000008,South East,,,,22 years,Care leaver not in touch,770,49
2023,Reporting year,Regional,E92000001,England,E12000008,South East,,,,22 years,Total,1560,100
2023,Reporting year,Regional,E92000001,England,E12000008,South East,,,,22 years,Young person has requested and received support,790,51
2023,Reporting year,Regional,E92000001,England,E12000008,South East,,,,23 years,Care leaver not in touch,1010,62
2023,Reporting year,Regional,E92000001,England,E12000008,South East,,,,23 years,Total,1620,100
2023,Reporting year,Regional,E92000001,England,E12000008,South East,,,,23 years,Young person has requested and received support,610,38
2023,Reporting year,Regional,E92000001,England,E12000008,South East,,,,24 years,Care leaver not in touch,1210,72
2023,Reporting year,Regional,E92000001,England,E12000008,South East,,,,24 years,Total,1690,100
2023,Reporting year,Regional,E92000001,England,E12000008,South East,,,,24 years,Young person has requested and received support,480,28
2023,Reporting year,Regional,E92000001,England,E12000008,South East,,,,25 years,Care leaver not in touch,1200,84
2023,Reporting year,Regional,E92000001,England,E12000008,South East,,,,25 years,Total,1430,100
2023,Reporting year,Regional,E92000001,England,E12000008,South East,,,,25 years,Young person has requested and received support,230,16
2023,Reporting year,Regional,E92000001,England,E12000009,South West,,,,22 years,Care leaver not in touch,440,49
2023,Reporting year,Regional,E92000001,England,E12000009,South West,,,,22 years,Total,890,100
2023,Reporting year,Regional,E92000001,England,E12000009,South West,,,,22 years,Young person has requested and received support,450,51
2023,Reporting year,Regional,E92000001,England,E12000009,South West,,,,23 years,Care leaver not in touch,570,66
2023,Reporting year,Regional,E92000001,England,E12000009,South West,,,,23 years,Total,860,100
2023,Reporting year,Regional,E92000001,England,E12000009,South West,,,,23 years,Young person has requested and received support,290,34
2023,Reporting year,Regional,E92000001,England,E12000009,South West,,,,24 years,Care leaver not in touch,580,71
2023,Reporting year,Regional,E92000001,England,E12000009,South West,,,,24 years,Total,810,100
2023,Reporting year,Regional,E92000001,England,E12000009,South West,,,,24 years,Young person has requested and received support,230,29
2023,Reporting year,Regional,E92000001,England,E12000009,South West,,,,25 years,Care leaver not in touch,660,81
2023,Reporting year,Regional,E92000001,England,E12000009,South West,,,,25 years,Total,810,100
2023,Reporting year,Regional,E92000001,England,E12000009,South West,,,,25 years,Young person has requested and received support,150,19
2023,Reporting year,Regional,E92000001,England,E13000001,Inner London,,,,22 years,Care leaver not in touch,310,31
2023,Reporting year,Regional,E92000001,England,E13000001,Inner London,,,,22 years,Total,1030,100
2023,Reporting year,Regional,E92000001,England,E13000001,Inner London,,,,22 years,Young person has requested and received support,710,69
2023,Reporting year,Regional,E92000001,England,E13000001,Inner London,,,,23 years,Care leaver not in touch,390,38
2023,Reporting year,Regional,E92000001,England,E13000001,Inner London,,,,23 years,Total,1020,100
2023,Reporting year,Regional,E92000001,England,E13000001,Inner London,,,,23 years,Young person has requested and received support,630,62
2023,Reporting year,Regional,E92000001,England,E13000001,Inner London,,,,24 years,Care leaver not in touch,480,52
2023,Reporting year,Regional,E92000001,England,E13000001,Inner London,,,,24 years,Total,920,100
2023,Reporting year,Regional,E92000001,England,E13000001,Inner London,,,,24 years,Young person has requested and received support,440,48
2023,Reporting year,Regional,E92000001,England,E13000001,Inner London,,,,25 years,Care leaver not in touch,570,72
2023,Reporting year,Regional,E92000001,England,E13000001,Inner London,,,,25 years,Total,790,100
2023,Reporting year,Regional,E92000001,England,E13000001,Inner London,,,,25 years,Young person has requested and received support,220,28
2023,Reporting year,Regional,E92000001,England,E13000002,Outer London,,,,22 years,Care leaver not in touch,660,48
2023,Reporting year,Regional,E92000001,England,E13000002,Outer London,,,,22 years,Total,1350,100
2023,Reporting year,Regional,E92000001,England,E13000002,Outer London,,,,22 years,Young person has requested and received support,700,52
2023,Reporting year,Regional,E92000001,England,E13000002,Outer London,,,,23 years,Care leaver not in touch,850,64
2023,Reporting year,Regional,E92000001,England,E13000002,Outer London,,,,23 years,Total,1330,100
2023,Reporting year,Regional,E92000001,England,E13000002,Outer London,,,,23 years,Young person has requested and received support,480,36
2023,Reporting year,Regional,E92000001,England,E13000002,Outer London,,,,24 years,Care leaver not in touch,1020,74
2023,Reporting year,Regional,E92000001,England,E13000002,Outer London,,,,24 years,Total,1370,100
2023,Reporting year,Regional,E92000001,England,E13000002,Outer London,,,,24 years,Young person has requested and received support,350,26
2023,Reporting year,Regional,E92000001,England,E13000002,Outer London,,,,25 years,Care leaver not in touch,950,84
2023,Reporting year,Regional,E92000001,England,E13000002,Outer London,,,,25 years,Total,1130,100
2023,Reporting year,Regional,E92000001,England,E13000002,Outer London,,,,25 years,Young person has requested and received support,180,16
2023,Reporting year,Local authority,E92000001,England,E12000001,North East,805,Hartlepool,E06000001,22 years,Care leaver not in touch,c,c
2023,Reporting year,Local authority,E92000001,England,E12000001,North East,805,Hartlepool,E06000001,22 years,Total,29,100
2023,Reporting year,Local authority,E92000001,England,E12000001,North East,805,Hartlepool,E06000001,22 years,Young person has requested and received support,c,c
2023,Reporting year,Local authority,E92000001,England,E12000001,North East,805,Hartlepool,E06000001,23 years,Care leaver not in touch,25,81
2023,Reporting year,Local authority,E92000001,England,E12000001,North East,805,Hartlepool,E06000001,23 years,Total,31,100
2023,Reporting year,Local authority,E92000001,England,E12000001,North East,805,Hartlepool,E06000001,23 years,Young person has requested and received support,6,19
2023,Reporting year,Local authority,E92000001,England,E12000001,North East,805,Hartlepool,E06000001,24 years,Care leaver not in touch,c,c
2023,Reporting year,Local authority,E92000001,England,E12000001,North East,805,Hartlepool,E06000001,24 years,Total,17,100
2023,Reporting year,Local authority,E92000001,England,E12000001,North East,805,Hartlepool,E06000001,24 years,Young person has requested and received support,c,c
2023,Reporting year,Local authority,E92000001,England,E12000001,North East,805,Hartlepool,E06000001,25 years,Care leaver not in touch,c,c
2023,Reporting year,Local authority,E92000001,England,E12000001,North East,805,Hartlepool,E06000001,25 years,Total,16,100
2023,Reporting year,Local authority,E92000001,England,E12000001,North East,805,Hartlepool,E06000001,25 years,Young person has requested and received support,c,c
2023,Reporting year,Local authority,E92000001,England,E12000001,North East,806,Middlesbrough,E06000002,22 years,Care leaver not in touch,22,63
2023,Reporting year,Local authority,E92000001,England,E12000001,North East,806,Middlesbrough,E06000002,22 years,Total,35,100
2023,Reporting year,Local authority,E92000001,England,E12000001,North East,806,Middlesbrough,E06000002,22 years,Young person has requested and received support,13,37
2023,Reporting year,Local authority,E92000001,England,E12000001,North East,806,Middlesbrough,E06000002,23 years,Care leaver not in touch,34,76
2023,Reporting year,Local authority,E92000001,England,E12000001,North East,806,Middlesbrough,E06000002,23 years,Total,45,100
2023,Reporting year,Local authority,E92000001,England,E12000001,North East,806,Middlesbrough,E06000002,23 years,Young person has requested and received support,11,24
2023,Reporting year,Local authority,E92000001,England,E12000001,North East,806,Middlesbrough,E06000002,24 years,Care leaver not in touch,35,80
2023,Reporting year,Local authority,E92000001,England,E12000001,North East,806,Middlesbrough,E06000002,24 years,Total,44,100
2023,Reporting year,Local authority,E92000001,England,E12000001,North East,806,Middlesbrough,E06000002,24 years,Young person has requested and received support,9,20
2023,Reporting year,Local authority,E92000001,England,E12000001,North East,806,Middlesbrough,E06000002,25 years,Care leaver not in touch,c,c
2023,Reporting year,Local authority,E92000001,England,E12000001,North East,806,Middlesbrough,E06000002,25 years,Total,31,100
2023,Reporting year,Local authority,E92000001,England,E12000001,North East,806,Middlesbrough,E06000002,25 years,Young person has requested and received support,c,c
2023,Reporting year,Local authority,E92000001,England,E12000001,North East,807,Redcar and Cleveland,E06000003,22 years,Care leaver not in touch,14,47
2023,Reporting year,Local authority,E92000001,England,E12000001,North East,807,Redcar and Cleveland,E06000003,22 years,Total,30,100
2023,Reporting year,Local authority,E92000001,England,E12000001,North East,807,Redcar and Cleveland,E06000003,22 years,Young person has requested and received support,16,53
2023,Reporting year,Local authority,E92000001,England,E12000001,North East,807,Redcar and Cleveland,E06000003,23 years,Care leaver not in touch,13,59
2023,Reporting year,Local authority,E92000001,England,E12000001,North East,807,Redcar and Cleveland,E06000003,23 years,Total,22,100
2023,Reporting year,Local authority,E92000001,England,E12000001,North East,807,Redcar and Cleveland,E06000003,23 years,Young person has requested and received support,9,41
2023,Reporting year,Local authority,E92000001,England,E12000001,North East,807,Redcar and Cleveland,E06000003,24 years,Care leaver not in touch,c,c
2023,Reporting year,Local authority,E92000001,England,E12000001,North East,807,Redcar and Cleveland,E06000003,24 years,Total,17,100
2023,Reporting year,Local authority,E92000001,England,E12000001,North East,807,Redcar and Cleveland,E06000003,24 years,Young person has requested and received support,c,c
2023,Reporting year,Local authority,E92000001,England,E12000001,North East,807,Redcar and Cleveland,E06000003,25 years,Care leaver not in touch,c,c
2023,Reporting year,Local authority,E92000001,England,E12000001,North East,807,Redcar and Cleveland,E06000003,25 years,Total,10,100
2023,Reporting year,Local authority,E92000001,England,E12000001,North East,807,Redcar and Cleveland,E06000003,25 years,Young person has requested and received support,c,c
2023,Reporting year,Local authority,E92000001,England,E12000001,North East,808,Stockton-on-Tees,E06000004,22 years,Care leaver not in touch,20,57
2023,Reporting year,Local authority,E92000001,England,E12000001,North East,808,Stockton-on-Tees,E06000004,22 years,Total,35,100
2023,Reporting year,Local authority,E92000001,England,E12000001,North East,808,Stockton-on-Tees,E06000004,22 years,Young person has requested and received support,15,43
2023,Reporting year,Local authority,E92000001,England,E12000001,North East,808,Stockton-on-Tees,E06000004,23 years,Care leaver not in touch,30,79
2023,Reporting year,Local authority,E92000001,England,E12000001,North East,808,Stockton-on-Tees,E06000004,23 years,Total,38,100
2023,Reporting year,Local authority,E92000001,England,E12000001,North East,808,Stockton-on-Tees,E06000004,23 years,Young person has requested and received support,8,21
2023,Reporting year,Local authority,E92000001,England,E12000001,North East,808,Stockton-on-Tees,E06000004,24 years,Care leaver not in touch,29,76
2023,Reporting year,Local authority,E92000001,England,E12000001,North East,808,Stockton-on-Tees,E06000004,24 years,Total,38,100
2023,Reporting year,Local authority,E92000001,England,E12000001,North East,808,Stockton-on-Tees,E06000004,24 years,Young person has requested and received support,9,24
2023,Reporting year,Local authority,E92000001,England,E12000001,North East,808,Stockton-on-Tees,E06000004,25 years,Care leaver not in touch,46,100
2023,Reporting year,Local authority,E92000001,England,E12000001,North East,808,Stockton-on-Tees,E06000004,25 years,Total,46,100
2023,Reporting year,Local authority,E92000001,England,E12000001,North East,808,Stockton-on-Tees,E06000004,25 years,Young person has requested and received support,0,0
2023,Reporting year,Local authority,E92000001,England,E12000001,North East,841,Darlington,E06000005,22 years,Care leaver not in touch,c,c
2023,Reporting year,Local authority,E92000001,England,E12000001,North East,841,Darlington,E06000005,22 years,Total,22,100
2023,Reporting year,Local authority,E92000001,England,E12000001,North East,841,Darlington,E06000005,22 years,Young person has requested and received support,c,c
2023,Reporting year,Local authority,E92000001,England,E12000001,North East,841,Darlington,E06000005,23 years,Care leaver not in touch,c,c
2023,Reporting year,Local authority,E92000001,England,E12000001,North East,841,Darlington,E06000005,23 years,Total,19,100
2023,Reporting year,Local authority,E92000001,England,E12000001,North East,841,Darlington,E06000005,23 years,Young person has requested and received support,c,c
2023,Reporting year,Local authority,E92000001,England,E12000001,North East,841,Darlington,E06000005,24 years,Care leaver not in touch,c,c
2023,Reporting year,Local authority,E92000001,England,E12000001,North East,841,Darlington,E06000005,24 years,Total,22,100
2023,Reporting year,Local authority,E92000001,England,E12000001,North East,841,Darlington,E06000005,24 years,Young person has requested and received support,c,c
2023,Reporting year,Local authority,E92000001,England,E12000001,North East,841,Darlington,E06000005,25 years,Care leaver not in touch,c,c
2023,Reporting year,Local authority,E92000001,England,E12000001,North East,841,Darlington,E06000005,25 years,Total,20,100
2023,Reporting year,Local authority,E92000001,England,E12000001,North East,841,Darlington,E06000005,25 years,Young person has requested and received support,c,c
2023,Reporting year,Local authority,E92000001,England,E12000001,North East,840,County Durham,E06000047,22 years,Care leaver not in touch,32,47
2023,Reporting year,Local authority,E92000001,England,E12000001,North East,840,County Durham,E06000047,22 years,Total,68,100
2023,Reporting year,Local authority,E92000001,England,E12000001,North East,840,County Durham,E06000047,22 years,Young person has requested and received support,36,53
2023,Reporting year,Local authority,E92000001,England,E12000001,North East,840,County Durham,E06000047,23 years,Care leaver not in touch,32,63
2023,Reporting year,Local authority,E92000001,England,E12000001,North East,840,County Durham,E06000047,23 years,Total,51,100
2023,Reporting year,Local authority,E92000001,England,E12000001,North East,840,County Durham,E06000047,23 years,Young person has requested and received support,19,37
2023,Reporting year,Local authority,E92000001,England,E12000001,North East,840,County Durham,E06000047,24 years,Care leaver not in touch,47,82
2023,Reporting year,Local authority,E92000001,England,E12000001,North East,840,County Durham,E06000047,24 years,Total,57,100
2023,Reporting year,Local authority,E92000001,England,E12000001,North East,840,County Durham,E06000047,24 years,Young person has requested and received support,10,18
2023,Reporting year,Local authority,E92000001,England,E12000001,North East,840,County Durham,E06000047,25 years,Care leaver not in touch,36,82
2023,Reporting year,Local authority,E92000001,England,E12000001,North East,840,County Durham,E06000047,25 years,Total,44,100
2023,Reporting year,Local authority,E92000001,England,E12000001,North East,840,County Durham,E06000047,25 years,Young person has requested and received support,8,18
2023,Reporting year,Local authority,E92000001,England,E12000001,North East,929,Northumberland,E06000057,22 years,Care leaver not in touch,30,79
2023,Reporting year,Local authority,E92000001,England,E12000001,North East,929,Northumberland,E06000057,22 years,Total,38,100
2023,Reporting year,Local authority,E92000001,England,E12000001,North East,929,Northumberland,E06000057,22 years,Young person has requested and received support,8,21
2023,Reporting year,Local authority,E92000001,England,E12000001,North East,929,Northumberland,E06000057,23 years,Care leaver not in touch,c,c
2023,Reporting year,Local authority,E92000001,England,E12000001,North East,929,Northumberland,E06000057,23 years,Total,42,100
2023,Reporting year,Local authority,E92000001,England,E12000001,North East,929,Northumberland,E06000057,23 years,Young person has requested and received support,c,c
2023,Reporting year,Local authority,E92000001,England,E12000001,North East,929,Northumberland,E06000057,24 years,Care leaver not in touch,c,c
2023,Reporting year,Local authority,E92000001,England,E12000001,North East,929,Northumberland,E06000057,24 years,Total,31,100
2023,Reporting year,Local authority,E92000001,England,E12000001,North East,929,Northumberland,E06000057,24 years,Young person has requested and received support,c,c
2023,Reporting year,Local authority,E92000001,England,E12000001,North East,929,Northumberland,E06000057,25 years,Care leaver not in touch,32,100
2023,Reporting year,Local authority,E92000001,England,E12000001,North East,929,Northumberland,E06000057,25 years,Total,32,100
2023,Reporting year,Local authority,E92000001,England,E12000001,North East,929,Northumberland,E06000057,25 years,Young person has requested and received support,0,0
2023,Reporting year,Local authority,E92000001,England,E12000001,North East,391,Newcastle upon Tyne,E08000021,22 years,Care leaver not in touch,44,57
2023,Reporting year,Local authority,E92000001,England,E12000001,North East,391,Newcastle upon Tyne,E08000021,22 years,Total,77,100
2023,Reporting year,Local authority,E92000001,England,E12000001,North East,391,Newcastle upon Tyne,E08000021,22 years,Young person has requested and received support,33,43
2023,Reporting year,Local authority,E92000001,England,E12000001,North East,391,Newcastle upon Tyne,E08000021,23 years,Care leaver not in touch,48,83
2023,Reporting year,Local authority,E92000001,England,E12000001,North East,391,Newcastle upon Tyne,E08000021,23 years,Total,58,100
2023,Reporting year,Local authority,E92000001,England,E12000001,North East,391,Newcastle upon Tyne,E08000021,23 years,Young person has requested and received support,10,17
2023,Reporting year,Local authority,E92000001,England,E12000001,North East,391,Newcastle upon Tyne,E08000021,24 years,Care leaver not in touch,c,c
2023,Reporting year,Local authority,E92000001,England,E12000001,North East,391,Newcastle upon Tyne,E08000021,24 years,Total,63,100
2023,Reporting year,Local authority,E92000001,England,E12000001,North East,391,Newcastle upon Tyne,E08000021,24 years,Young person has requested and received support,c,c
2023,Reporting year,Local authority,E92000001,England,E12000001,North East,391,Newcastle upon Tyne,E08000021,25 years,Care leaver not in touch,c,c
2023,Reporting year,Local authority,E92000001,England,E12000001,North East,391,Newcastle upon Tyne,E08000021,25 years,Total,73,100
2023,Reporting year,Local authority,E92000001,England,E12000001,North East,391,Newcastle upon Tyne,E08000021,25 years,Young person has requested and received support,c,c
2023,Reporting year,Local authority,E92000001,England,E12000001,North East,392,North Tyneside,E08000022,22 years,Care leaver not in touch,20,44
2023,Reporting year,Local authority,E92000001,England,E12000001,North East,392,North Tyneside,E08000022,22 years,Total,45,100
2023,Reporting year,Local authority,E92000001,England,E12000001,North East,392,North Tyneside,E08000022,22 years,Young person has requested and received support,25,56
2023,Reporting year,Local authority,E92000001,England,E12000001,North East,392,North Tyneside,E08000022,23 years,Care leaver not in touch,18,50
2023,Reporting year,Local authority,E92000001,England,E12000001,North East,392,North Tyneside,E08000022,23 years,Total,36,100
2023,Reporting year,Local authority,E92000001,England,E12000001,North East,392,North Tyneside,E08000022,23 years,Young person has requested and received support,18,50
2023,Reporting year,Local authority,E92000001,England,E12000001,North East,392,North Tyneside,E08000022,24 years,Care leaver not in touch,27,66
2023,Reporting year,Local authority,E92000001,England,E12000001,North East,392,North Tyneside,E08000022,24 years,Total,41,100
2023,Reporting year,Local authority,E92000001,England,E12000001,North East,392,North Tyneside,E08000022,24 years,Young person has requested and received support,14,34
2023,Reporting year,Local authority,E92000001,England,E12000001,North East,392,North Tyneside,E08000022,25 years,Care leaver not in touch,23,58
2023,Reporting year,Local authority,E92000001,England,E12000001,North East,392,North Tyneside,E08000022,25 years,Total,40,100
2023,Reporting year,Local authority,E92000001,England,E12000001,North East,392,North Tyneside,E08000022,25 years,Young person has requested and received support,17,43
2023,Reporting year,Local authority,E92000001,England,E12000001,North East,393,South Tyneside,E08000023,22 years,Care leaver not in touch,c,c
2023,Reporting year,Local authority,E92000001,England,E12000001,North East,393,South Tyneside,E08000023,22 years,Total,36,100
2023,Reporting year,Local authority,E92000001,England,E12000001,North East,393,South Tyneside,E08000023,22 years,Young person has requested and received support,c,c
2023,Reporting year,Local authority,E92000001,England,E12000001,North East,393,South Tyneside,E08000023,23 years,Care leaver not in touch,c,c
2023,Reporting year,Local authority,E92000001,England,E12000001,North East,393,South Tyneside,E08000023,23 years,Total,30,100
2023,Reporting year,Local authority,E92000001,England,E12000001,North East,393,South Tyneside,E08000023,23 years,Young person has requested and received support,c,c
2023,Reporting year,Local authority,E92000001,England,E12000001,North East,393,South Tyneside,E08000023,24 years,Care leaver not in touch,c,c
2023,Reporting year,Local authority,E92000001,England,E12000001,North East,393,South Tyneside,E08000023,24 years,Total,26,100
2023,Reporting year,Local authority,E92000001,England,E12000001,North East,393,South Tyneside,E08000023,24 years,Young person has requested and received support,c,c
2023,Reporting year,Local authority,E92000001,England,E12000001,North East,393,South Tyneside,E08000023,25 years,Care leaver not in touch,10,34
2023,Reporting year,Local authority,E92000001,England,E12000001,North East,393,South Tyneside,E08000023,25 years,Total,29,100
2023,Reporting year,Local authority,E92000001,England,E12000001,North East,393,South Tyneside,E08000023,25 years,Young person has requested and received support,19,66
2023,Reporting year,Local authority,E92000001,England,E12000001,North East,394,Sunderland,E08000024,22 years,Care leaver not in touch,32,56
2023,Reporting year,Local authority,E92000001,England,E12000001,North East,394,Sunderland,E08000024,22 years,Total,57,100
2023,Reporting year,Local authority,E92000001,England,E12000001,North East,394,Sunderland,E08000024,22 years,Young person has requested and received support,25,44
2023,Reporting year,Local authority,E92000001,England,E12000001,North East,394,Sunderland,E08000024,23 years,Care leaver not in touch,42,78
2023,Reporting year,Local authority,E92000001,England,E12000001,North East,394,Sunderland,E08000024,23 years,Total,54,100
2023,Reporting year,Local authority,E92000001,England,E12000001,North East,394,Sunderland,E08000024,23 years,Young person has requested and received support,12,22
2023,Reporting year,Local authority,E92000001,England,E12000001,North East,394,Sunderland,E08000024,24 years,Care leaver not in touch,53,79
2023,Reporting year,Local authority,E92000001,England,E12000001,North East,394,Sunderland,E08000024,24 years,Total,67,100
2023,Reporting year,Local authority,E92000001,England,E12000001,North East,394,Sunderland,E08000024,24 years,Young person has requested and received support,14,21
2023,Reporting year,Local authority,E92000001,England,E12000001,North East,394,Sunderland,E08000024,25 years,Care leaver not in touch,c,c
2023,Reporting year,Local authority,E92000001,England,E12000001,North East,394,Sunderland,E08000024,25 years,Total,51,100
2023,Reporting year,Local authority,E92000001,England,E12000001,North East,394,Sunderland,E08000024,25 years,Young person has requested and received support,c,c
2023,Reporting year,Local authority,E92000001,England,E12000001,North East,390,Gateshead,E08000037,22 years,Care leaver not in touch,c,c
2023,Reporting year,Local authority,E92000001,England,E12000001,North East,390,Gateshead,E08000037,22 years,Total,34,100
2023,Reporting year,Local authority,E92000001,England,E12000001,North East,390,Gateshead,E08000037,22 years,Young person has requested and received support,c,c
2023,Reporting year,Local authority,E92000001,England,E12000001,North East,390,Gateshead,E08000037,23 years,Care leaver not in touch,37,76
2023,Reporting year,Local authority,E92000001,England,E12000001,North East,390,Gateshead,E08000037,23 years,Total,49,100
2023,Reporting year,Local authority,E92000001,England,E12000001,North East,390,Gateshead,E08000037,23 years,Young person has requested and received support,12,24
2023,Reporting year,Local authority,E92000001,England,E12000001,North East,390,Gateshead,E08000037,24 years,Care leaver not in touch,c,c
2023,Reporting year,Local authority,E92000001,England,E12000001,North East,390,Gateshead,E08000037,24 years,Total,42,100
2023,Reporting year,Local authority,E92000001,England,E12000001,North East,390,Gateshead,E08000037,24 years,Young person has requested and received support,c,c
2023,Reporting year,Local authority,E92000001,England,E12000001,North East,390,Gateshead,E08000037,25 years,Care leaver not in touch,c,c
2023,Reporting year,Local authority,E92000001,England,E12000001,North East,390,Gateshead,E08000037,25 years,Total,36,100
2023,Reporting year,Local authority,E92000001,England,E12000001,North East,390,Gateshead,E08000037,25 years,Young person has requested and received support,c,c
2023,Reporting year,Local authority,E92000001,England,E12000002,North West,876,Halton,E06000006,22 years,Care leaver not in touch,20,77
2023,Reporting year,Local authority,E92000001,England,E12000002,North West,876,Halton,E06000006,22 years,Total,26,100
2023,Reporting year,Local authority,E92000001,England,E12000002,North West,876,Halton,E06000006,22 years,Young person has requested and received support,6,23
2023,Reporting year,Local authority,E92000001,England,E12000002,North West,876,Halton,E06000006,23 years,Care leaver not in touch,23,100
2023,Reporting year,Local authority,E92000001,England,E12000002,North West,876,Halton,E06000006,23 years,Total,23,100
2023,Reporting year,Local authority,E92000001,England,E12000002,North West,876,Halton,E06000006,23 years,Young person has requested and received support,0,0
2023,Reporting year,Local authority,E92000001,England,E12000002,North West,876,Halton,E06000006,24 years,Care leaver not in touch,c,c
2023,Reporting year,Local authority,E92000001,England,E12000002,North West,876,Halton,E06000006,24 years,Total,26,100
2023,Reporting year,Local authority,E92000001,England,E12000002,North West,876,Halton,E06000006,24 years,Young person has requested and received support,c,c
2023,Reporting year,Local authority,E92000001,England,E12000002,North West,876,Halton,E06000006,25 years,Care leaver not in touch,12,100
2023,Reporting year,Local authority,E92000001,England,E12000002,North West,876,Halton,E06000006,25 years,Total,12,100
2023,Reporting year,Local authority,E92000001,England,E12000002,North West,876,Halton,E06000006,25 years,Young person has requested and received support,0,0
2023,Reporting year,Local authority,E92000001,England,E12000002,North West,877,Warrington,E06000007,22 years,Care leaver not in touch,c,c
2023,Reporting year,Local authority,E92000001,England,E12000002,North West,877,Warrington,E06000007,22 years,Total,37,100
2023,Reporting year,Local authority,E92000001,England,E12000002,North West,877,Warrington,E06000007,22 years,Young person has requested and received support,c,c
2023,Reporting year,Local authority,E92000001,England,E12000002,North West,877,Warrington,E06000007,23 years,Care leaver not in touch,30,83
2023,Reporting year,Local authority,E92000001,England,E12000002,North West,877,Warrington,E06000007,23 years,Total,36,100
2023,Reporting year,Local authority,E92000001,England,E12000002,North West,877,Warrington,E06000007,23 years,Young person has requested and received support,6,17
2023,Reporting year,Local authority,E92000001,England,E12000002,North West,877,Warrington,E06000007,24 years,Care leaver not in touch,30,100
2023,Reporting year,Local authority,E92000001,England,E12000002,North West,877,Warrington,E06000007,24 years,Total,30,100
2023,Reporting year,Local authority,E92000001,England,E12000002,North West,877,Warrington,E06000007,24 years,Young person has requested and received support,0,0
2023,Reporting year,Local authority,E92000001,England,E12000002,North West,877,Warrington,E06000007,25 years,Care leaver not in touch,33,100
2023,Reporting year,Local authority,E92000001,England,E12000002,North West,877,Warrington,E06000007,25 years,Total,33,100
2023,Reporting year,Local authority,E92000001,England,E12000002,North West,877,Warrington,E06000007,25 years,Young person has requested and received support,0,0
2023,Reporting year,Local authority,E92000001,England,E12000002,North West,889,Blackburn with Darwen,E06000008,22 years,Care leaver not in touch,7,20
2023,Reporting year,Local authority,E92000001,England,E12000002,North West,889,Blackburn with Darwen,E06000008,22 years,Total,35,100
2023,Reporting year,Local authority,E92000001,England,E12000002,North West,889,Blackburn with Darwen,E06000008,22 years,Young person has requested and received support,28,80
2023,Reporting year,Local authority,E92000001,England,E12000002,North West,889,Blackburn with Darwen,E06000008,23 years,Care leaver not in touch,6,18
2023,Reporting year,Local authority,E92000001,England,E12000002,North West,889,Blackburn with Darwen,E06000008,23 years,Total,34,100
2023,Reporting year,Local authority,E92000001,England,E12000002,North West,889,Blackburn with Darwen,E06000008,23 years,Young person has requested and received support,28,82
2023,Reporting year,Local authority,E92000001,England,E12000002,North West,889,Blackburn with Darwen,E06000008,24 years,Care leaver not in touch,6,22
2023,Reporting year,Local authority,E92000001,England,E12000002,North West,889,Blackburn with Darwen,E06000008,24 years,Total,27,100
2023,Reporting year,Local authority,E92000001,England,E12000002,North West,889,Blackburn with Darwen,E06000008,24 years,Young person has requested and received support,21,78
2023,Reporting year,Local authority,E92000001,England,E12000002,North West,889,Blackburn with Darwen,E06000008,25 years,Care leaver not in touch,c,c
2023,Reporting year,Local authority,E92000001,England,E12000002,North West,889,Blackburn with Darwen,E06000008,25 years,Total,13,100
2023,Reporting year,Local authority,E92000001,England,E12000002,North West,889,Blackburn with Darwen,E06000008,25 years,Young person has requested and received support,c,c
2023,Reporting year,Local authority,E92000001,England,E12000002,North West,890,Blackpool,E06000009,22 years,Care leaver not in touch,8,16
2023,Reporting year,Local authority,E92000001,England,E12000002,North West,890,Blackpool,E06000009,22 years,Total,51,100
2023,Reporting year,Local authority,E92000001,England,E12000002,North West,890,Blackpool,E06000009,22 years,Young person has requested and received support,43,84
2023,Reporting year,Local authority,E92000001,England,E12000002,North West,890,Blackpool,E06000009,23 years,Care leaver not in touch,12,32
2023,Reporting year,Local authority,E92000001,England,E12000002,North West,890,Blackpool,E06000009,23 years,Total,37,100
2023,Reporting year,Local authority,E92000001,England,E12000002,North West,890,Blackpool,E06000009,23 years,Young person has requested and received support,25,68
2023,Reporting year,Local authority,E92000001,England,E12000002,North West,890,Blackpool,E06000009,24 years,Care leaver not in touch,39,68
2023,Reporting year,Local authority,E92000001,England,E12000002,North West,890,Blackpool,E06000009,24 years,Total,57,100
2023,Reporting year,Local authority,E92000001,England,E12000002,North West,890,Blackpool,E06000009,24 years,Young person has requested and received support,18,32
2023,Reporting year,Local authority,E92000001,England,E12000002,North West,890,Blackpool,E06000009,25 years,Care leaver not in touch,24,67
2023,Reporting year,Local authority,E92000001,England,E12000002,North West,890,Blackpool,E06000009,25 years,Total,36,100
2023,Reporting year,Local authority,E92000001,England,E12000002,North West,890,Blackpool,E06000009,25 years,Young person has requested and received support,12,33
2023,Reporting year,Local authority,E92000001,England,E12000002,North West,895,Cheshire East,E06000049,22 years,Care leaver not in touch,24,41
2023,Reporting year,Local authority,E92000001,England,E12000002,North West,895,Cheshire East,E06000049,22 years,Total,59,100
2023,Reporting year,Local authority,E92000001,England,E12000002,North West,895,Cheshire East,E06000049,22 years,Young person has requested and received support,35,59
2023,Reporting year,Local authority,E92000001,England,E12000002,North West,895,Cheshire East,E06000049,23 years,Care leaver not in touch,30,73
2023,Reporting year,Local authority,E92000001,England,E12000002,North West,895,Cheshire East,E06000049,23 years,Total,41,100
2023,Reporting year,Local authority,E92000001,England,E12000002,North West,895,Cheshire East,E06000049,23 years,Young person has requested and received support,11,27
2023,Reporting year,Local authority,E92000001,England,E12000002,North West,895,Cheshire East,E06000049,24 years,Care leaver not in touch,27,77
2023,Reporting year,Local authority,E92000001,England,E12000002,North West,895,Cheshire East,E06000049,24 years,Total,35,100
2023,Reporting year,Local authority,E92000001,England,E12000002,North West,895,Cheshire East,E06000049,24 years,Young person has requested and received support,8,23
2023,Reporting year,Local authority,E92000001,England,E12000002,North West,895,Cheshire East,E06000049,25 years,Care leaver not in touch,26,72
2023,Reporting year,Local authority,E92000001,England,E12000002,North West,895,Cheshire East,E06000049,25 years,Total,36,100
2023,Reporting year,Local authority,E92000001,England,E12000002,North West,895,Cheshire East,E06000049,25 years,Young person has requested and received support,10,28
2023,Reporting year,Local authority,E92000001,England,E12000002,North West,896,Cheshire West and Chester,E06000050,22 years,Care leaver not in touch,33,63
2023,Reporting year,Local authority,E92000001,England,E12000002,North West,896,Cheshire West and Chester,E06000050,22 years,Total,52,100
2023,Reporting year,Local authority,E92000001,England,E12000002,North West,896,Cheshire West and Chester,E06000050,22 years,Young person has requested and received support,19,37
2023,Reporting year,Local authority,E92000001,England,E12000002,North West,896,Cheshire West and Chester,E06000050,23 years,Care leaver not in touch,54,81
2023,Reporting year,Local authority,E92000001,England,E12000002,North West,896,Cheshire West and Chester,E06000050,23 years,Total,67,100
2023,Reporting year,Local authority,E92000001,England,E12000002,North West,896,Cheshire West and Chester,E06000050,23 years,Young person has requested and received support,13,19
2023,Reporting year,Local authority,E92000001,England,E12000002,North West,896,Cheshire West and Chester,E06000050,24 years,Care leaver not in touch,c,c
2023,Reporting year,Local authority,E92000001,England,E12000002,North West,896,Cheshire West and Chester,E06000050,24 years,Total,49,100
2023,Reporting year,Local authority,E92000001,England,E12000002,North West,896,Cheshire West and Chester,E06000050,24 years,Young person has requested and received support,c,c
2023,Reporting year,Local authority,E92000001,England,E12000002,North West,896,Cheshire West and Chester,E06000050,25 years,Care leaver not in touch,45,100
2023,Reporting year,Local authority,E92000001,England,E12000002,North West,896,Cheshire West and Chester,E06000050,25 years,Total,45,100
2023,Reporting year,Local authority,E92000001,England,E12000002,North West,896,Cheshire West and Chester,E06000050,25 years,Young person has requested and received support,0,0
2023,Reporting year,Local authority,E92000001,England,E12000002,North West,942,Cumberland,E06000063,22 years,Care leaver not in touch,z,z
2023,Reporting year,Local authority,E92000001,England,E12000002,North West,942,Cumberland,E06000063,22 years,Total,z,z
2023,Reporting year,Local authority,E92000001,England,E12000002,North West,942,Cumberland,E06000063,22 years,Young person has requested and received support,z,z
2023,Reporting year,Local authority,E92000001,England,E12000002,North West,942,Cumberland,E06000063,23 years,Care leaver not in touch,z,z
2023,Reporting year,Local authority,E92000001,England,E12000002,North West,942,Cumberland,E06000063,23 years,Total,z,z
2023,Reporting year,Local authority,E92000001,England,E12000002,North West,942,Cumberland,E06000063,23 years,Young person has requested and received support,z,z
2023,Reporting year,Local authority,E92000001,England,E12000002,North West,942,Cumberland,E06000063,24 years,Care leaver not in touch,z,z
2023,Reporting year,Local authority,E92000001,England,E12000002,North West,942,Cumberland,E06000063,24 years,Total,z,z
2023,Reporting year,Local authority,E92000001,England,E12000002,North West,942,Cumberland,E06000063,24 years,Young person has requested and received support,z,z
2023,Reporting year,Local authority,E92000001,England,E12000002,North West,942,Cumberland,E06000063,25 years,Care leaver not in touch,z,z
2023,Reporting year,Local authority,E92000001,England,E12000002,North West,942,Cumberland,E06000063,25 years,Total,z,z
2023,Reporting year,Local authority,E92000001,England,E12000002,North West,942,Cumberland,E06000063,25 years,Young person has requested and received support,z,z
2023,Reporting year,Local authority,E92000001,England,E12000002,North West,943,Westmorland and Furness,E06000064,22 years,Care leaver not in touch,z,z
2023,Reporting year,Local authority,E92000001,England,E12000002,North West,943,Westmorland and Furness,E06000064,22 years,Total,z,z
2023,Reporting year,Local authority,E92000001,England,E12000002,North West,943,Westmorland and Furness,E06000064,22 years,Young person has requested and received support,z,z
2023,Reporting year,Local authority,E92000001,England,E12000002,North West,943,Westmorland and Furness,E06000064,23 years,Care leaver not in touch,z,z
2023,Reporting year,Local authority,E92000001,England,E12000002,North West,943,Westmorland and Furness,E06000064,23 years,Total,z,z
2023,Reporting year,Local authority,E92000001,England,E12000002,North West,943,Westmorland and Furness,E06000064,23 years,Young person has requested and received support,z,z
2023,Reporting year,Local authority,E92000001,England,E12000002,North West,943,Westmorland and Furness,E06000064,24 years,Care leaver not in touch,z,z
2023,Reporting year,Local authority,E92000001,England,E12000002,North West,943,Westmorland and Furness,E06000064,24 years,Total,z,z
2023,Reporting year,Local authority,E92000001,England,E12000002,North West,943,Westmorland and Furness,E06000064,24 years,Young person has requested and received support,z,z
2023,Reporting year,Local authority,E92000001,England,E12000002,North West,943,Westmorland and Furness,E06000064,25 years,Care leaver not in touch,z,z
2023,Reporting year,Local authority,E92000001,England,E12000002,North West,943,Westmorland and Furness,E06000064,25 years,Total,z,z
2023,Reporting year,Local authority,E92000001,England,E12000002,North West,943,Westmorland and Furness,E06000064,25 years,Young person has requested and received support,z,z
2023,Reporting year,Local authority,E92000001,England,E12000002,North West,350,Bolton,E08000001,22 years,Care leaver not in touch,21,43
2023,Reporting year,Local authority,E92000001,England,E12000002,North West,350,Bolton,E08000001,22 years,Total,49,100
2023,Reporting year,Local authority,E92000001,England,E12000002,North West,350,Bolton,E08000001,22 years,Young person has requested and received support,28,57
2023,Reporting year,Local authority,E92000001,England,E12000002,North West,350,Bolton,E08000001,23 years,Care leaver not in touch,32,64
2023,Reporting year,Local authority,E92000001,England,E12000002,North West,350,Bolton,E08000001,23 years,Total,50,100
2023,Reporting year,Local authority,E92000001,England,E12000002,North West,350,Bolton,E08000001,23 years,Young person has requested and received support,18,36
2023,Reporting year,Local authority,E92000001,England,E12000002,North West,350,Bolton,E08000001,24 years,Care leaver not in touch,31,72
2023,Reporting year,Local authority,E92000001,England,E12000002,North West,350,Bolton,E08000001,24 years,Total,43,100
2023,Reporting year,Local authority,E92000001,England,E12000002,North West,350,Bolton,E08000001,24 years,Young person has requested and received support,12,28
2023,Reporting year,Local authority,E92000001,England,E12000002,North West,350,Bolton,E08000001,25 years,Care leaver not in touch,c,c
2023,Reporting year,Local authority,E92000001,England,E12000002,North West,350,Bolton,E08000001,25 years,Total,31,100
2023,Reporting year,Local authority,E92000001,England,E12000002,North West,350,Bolton,E08000001,25 years,Young person has requested and received support,c,c
2023,Reporting year,Local authority,E92000001,England,E12000002,North West,351,Bury,E08000002,22 years,Care leaver not in touch,31,79
2023,Reporting year,Local authority,E92000001,England,E12000002,North West,351,Bury,E08000002,22 years,Total,39,100
2023,Reporting year,Local authority,E92000001,England,E12000002,North West,351,Bury,E08000002,22 years,Young person has requested and received support,8,21
2023,Reporting year,Local authority,E92000001,England,E12000002,North West,351,Bury,E08000002,23 years,Care leaver not in touch,33,80
2023,Reporting year,Local authority,E92000001,England,E12000002,North West,351,Bury,E08000002,23 years,Total,41,100
2023,Reporting year,Local authority,E92000001,England,E12000002,North West,351,Bury,E08000002,23 years,Young person has requested and received support,8,20
2023,Reporting year,Local authority,E92000001,England,E12000002,North West,351,Bury,E08000002,24 years,Care leaver not in touch,c,c
2023,Reporting year,Local authority,E92000001,England,E12000002,North West,351,Bury,E08000002,24 years,Total,32,100
2023,Reporting year,Local authority,E92000001,England,E12000002,North West,351,Bury,E08000002,24 years,Young person has requested and received support,c,c
2023,Reporting year,Local authority,E92000001,England,E12000002,North West,351,Bury,E08000002,25 years,Care leaver not in touch,30,100
2023,Reporting year,Local authority,E92000001,England,E12000002,North West,351,Bury,E08000002,25 years,Total,30,100
2023,Reporting year,Local authority,E92000001,England,E12000002,North West,351,Bury,E08000002,25 years,Young person has requested and received support,0,0
2023,Reporting year,Local authority,E92000001,England,E12000002,North West,352,Manchester,E08000003,22 years,Care leaver not in touch,38,22
2023,Reporting year,Local authority,E92000001,England,E12000002,North West,352,Manchester,E08000003,22 years,Total,171,100
2023,Reporting year,Local authority,E92000001,England,E12000002,North West,352,Manchester,E08000003,22 years,Young person has requested and received support,133,78
2023,Reporting year,Local authority,E92000001,England,E12000002,North West,352,Manchester,E08000003,23 years,Care leaver not in touch,60,36
2023,Reporting year,Local authority,E92000001,England,E12000002,North West,352,Manchester,E08000003,23 years,Total,167,100
2023,Reporting year,Local authority,E92000001,England,E12000002,North West,352,Manchester,E08000003,23 years,Young person has requested and received support,107,64
2023,Reporting year,Local authority,E92000001,England,E12000002,North West,352,Manchester,E08000003,24 years,Care leaver not in touch,67,41
2023,Reporting year,Local authority,E92000001,England,E12000002,North West,352,Manchester,E08000003,24 years,Total,162,100
2023,Reporting year,Local authority,E92000001,England,E12000002,North West,352,Manchester,E08000003,24 years,Young person has requested and received support,95,59
2023,Reporting year,Local authority,E92000001,England,E12000002,North West,352,Manchester,E08000003,25 years,Care leaver not in touch,108,70
2023,Reporting year,Local authority,E92000001,England,E12000002,North West,352,Manchester,E08000003,25 years,Total,155,100
2023,Reporting year,Local authority,E92000001,England,E12000002,North West,352,Manchester,E08000003,25 years,Young person has requested and received support,47,30
2023,Reporting year,Local authority,E92000001,England,E12000002,North West,353,Oldham,E08000004,22 years,Care leaver not in touch,32,60
2023,Reporting year,Local authority,E92000001,England,E12000002,North West,353,Oldham,E08000004,22 years,Total,53,100
2023,Reporting year,Local authority,E92000001,England,E12000002,North West,353,Oldham,E08000004,22 years,Young person has requested and received support,21,40
2023,Reporting year,Local authority,E92000001,England,E12000002,North West,353,Oldham,E08000004,23 years,Care leaver not in touch,29,76
2023,Reporting year,Local authority,E92000001,England,E12000002,North West,353,Oldham,E08000004,23 years,Total,38,100
2023,Reporting year,Local authority,E92000001,England,E12000002,North West,353,Oldham,E08000004,23 years,Young person has requested and received support,9,24
2023,Reporting year,Local authority,E92000001,England,E12000002,North West,353,Oldham,E08000004,24 years,Care leaver not in touch,26,74
2023,Reporting year,Local authority,E92000001,England,E12000002,North West,353,Oldham,E08000004,24 years,Total,35,100
2023,Reporting year,Local authority,E92000001,England,E12000002,North West,353,Oldham,E08000004,24 years,Young person has requested and received support,9,26
2023,Reporting year,Local authority,E92000001,England,E12000002,North West,353,Oldham,E08000004,25 years,Care leaver not in touch,c,c
2023,Reporting year,Local authority,E92000001,England,E12000002,North West,353,Oldham,E08000004,25 years,Total,26,100
2023,Reporting year,Local authority,E92000001,England,E12000002,North West,353,Oldham,E08000004,25 years,Young person has requested and received support,c,c
2023,Reporting year,Local authority,E92000001,England,E12000002,North West,354,Rochdale,E08000005,22 years,Care leaver not in touch,28,68
2023,Reporting year,Local authority,E92000001,England,E12000002,North West,354,Rochdale,E08000005,22 years,Total,41,100
2023,Reporting year,Local authority,E92000001,England,E12000002,North West,354,Rochdale,E08000005,22 years,Young person has requested and received support,13,32
2023,Reporting year,Local authority,E92000001,England,E12000002,North West,354,Rochdale,E08000005,23 years,Care leaver not in touch,31,78
2023,Reporting year,Local authority,E92000001,England,E12000002,North West,354,Rochdale,E08000005,23 years,Total,40,100
2023,Reporting year,Local authority,E92000001,England,E12000002,North West,354,Rochdale,E08000005,23 years,Young person has requested and received support,9,23
2023,Reporting year,Local authority,E92000001,England,E12000002,North West,354,Rochdale,E08000005,24 years,Care leaver not in touch,32,82
2023,Reporting year,Local authority,E92000001,England,E12000002,North West,354,Rochdale,E08000005,24 years,Total,39,100
2023,Reporting year,Local authority,E92000001,England,E12000002,North West,354,Rochdale,E08000005,24 years,Young person has requested and received support,7,18
2023,Reporting year,Local authority,E92000001,England,E12000002,North West,354,Rochdale,E08000005,25 years,Care leaver not in touch,c,c
2023,Reporting year,Local authority,E92000001,England,E12000002,North West,354,Rochdale,E08000005,25 years,Total,46,100
2023,Reporting year,Local authority,E92000001,England,E12000002,North West,354,Rochdale,E08000005,25 years,Young person has requested and received support,c,c
2023,Reporting year,Local authority,E92000001,England,E12000002,North West,355,Salford,E08000006,22 years,Care leaver not in touch,9,13
2023,Reporting year,Local authority,E92000001,England,E12000002,North West,355,Salford,E08000006,22 years,Total,72,100
2023,Reporting year,Local authority,E92000001,England,E12000002,North West,355,Salford,E08000006,22 years,Young person has requested and received support,63,88
2023,Reporting year,Local authority,E92000001,England,E12000002,North West,355,Salford,E08000006,23 years,Care leaver not in touch,10,18
2023,Reporting year,Local authority,E92000001,England,E12000002,North West,355,Salford,E08000006,23 years,Total,57,100
2023,Reporting year,Local authority,E92000001,England,E12000002,North West,355,Salford,E08000006,23 years,Young person has requested and received support,47,82
2023,Reporting year,Local authority,E92000001,England,E12000002,North West,355,Salford,E08000006,24 years,Care leaver not in touch,17,27
2023,Reporting year,Local authority,E92000001,England,E12000002,North West,355,Salford,E08000006,24 years,Total,62,100
2023,Reporting year,Local authority,E92000001,England,E12000002,North West,355,Salford,E08000006,24 years,Young person has requested and received support,45,73
2023,Reporting year,Local authority,E92000001,England,E12000002,North West,355,Salford,E08000006,25 years,Care leaver not in touch,17,33
2023,Reporting year,Local authority,E92000001,England,E12000002,North West,355,Salford,E08000006,25 years,Total,52,100
2023,Reporting year,Local authority,E92000001,England,E12000002,North West,355,Salford,E08000006,25 years,Young person has requested and received support,35,67
2023,Reporting year,Local authority,E92000001,England,E12000002,North West,356,Stockport,E08000007,22 years,Care leaver not in touch,14,37
2023,Reporting year,Local authority,E92000001,England,E12000002,North West,356,Stockport,E08000007,22 years,Total,38,100
2023,Reporting year,Local authority,E92000001,England,E12000002,North West,356,Stockport,E08000007,22 years,Young person has requested and received support,24,63
2023,Reporting year,Local authority,E92000001,England,E12000002,North West,356,Stockport,E08000007,23 years,Care leaver not in touch,21,47
2023,Reporting year,Local authority,E92000001,England,E12000002,North West,356,Stockport,E08000007,23 years,Total,45,100
2023,Reporting year,Local authority,E92000001,England,E12000002,North West,356,Stockport,E08000007,23 years,Young person has requested and received support,24,53
2023,Reporting year,Local authority,E92000001,England,E12000002,North West,356,Stockport,E08000007,24 years,Care leaver not in touch,13,48
2023,Reporting year,Local authority,E92000001,England,E12000002,North West,356,Stockport,E08000007,24 years,Total,27,100
2023,Reporting year,Local authority,E92000001,England,E12000002,North West,356,Stockport,E08000007,24 years,Young person has requested and received support,14,52
2023,Reporting year,Local authority,E92000001,England,E12000002,North West,356,Stockport,E08000007,25 years,Care leaver not in touch,18,56
2023,Reporting year,Local authority,E92000001,England,E12000002,North West,356,Stockport,E08000007,25 years,Total,32,100
2023,Reporting year,Local authority,E92000001,England,E12000002,North West,356,Stockport,E08000007,25 years,Young person has requested and received support,14,44
2023,Reporting year,Local authority,E92000001,England,E12000002,North West,357,Tameside,E08000008,22 years,Care leaver not in touch,13,19
2023,Reporting year,Local authority,E92000001,England,E12000002,North West,357,Tameside,E08000008,22 years,Total,69,100
2023,Reporting year,Local authority,E92000001,England,E12000002,North West,357,Tameside,E08000008,22 years,Young person has requested and received support,56,81
2023,Reporting year,Local authority,E92000001,England,E12000002,North West,357,Tameside,E08000008,23 years,Care leaver not in touch,19,35
2023,Reporting year,Local authority,E92000001,England,E12000002,North West,357,Tameside,E08000008,23 years,Total,55,100
2023,Reporting year,Local authority,E92000001,England,E12000002,North West,357,Tameside,E08000008,23 years,Young person has requested and received support,36,65
2023,Reporting year,Local authority,E92000001,England,E12000002,North West,357,Tameside,E08000008,24 years,Care leaver not in touch,34,65
2023,Reporting year,Local authority,E92000001,England,E12000002,North West,357,Tameside,E08000008,24 years,Total,52,100
2023,Reporting year,Local authority,E92000001,England,E12000002,North West,357,Tameside,E08000008,24 years,Young person has requested and received support,18,35
2023,Reporting year,Local authority,E92000001,England,E12000002,North West,357,Tameside,E08000008,25 years,Care leaver not in touch,c,c
2023,Reporting year,Local authority,E92000001,England,E12000002,North West,357,Tameside,E08000008,25 years,Total,33,100
2023,Reporting year,Local authority,E92000001,England,E12000002,North West,357,Tameside,E08000008,25 years,Young person has requested and received support,c,c
2023,Reporting year,Local authority,E92000001,England,E12000002,North West,358,Trafford,E08000009,22 years,Care leaver not in touch,18,42
2023,Reporting year,Local authority,E92000001,England,E12000002,North West,358,Trafford,E08000009,22 years,Total,43,100
2023,Reporting year,Local authority,E92000001,England,E12000002,North West,358,Trafford,E08000009,22 years,Young person has requested and received support,25,58
2023,Reporting year,Local authority,E92000001,England,E12000002,North West,358,Trafford,E08000009,23 years,Care leaver not in touch,32,73
2023,Reporting year,Local authority,E92000001,England,E12000002,North West,358,Trafford,E08000009,23 years,Total,44,100
2023,Reporting year,Local authority,E92000001,England,E12000002,North West,358,Trafford,E08000009,23 years,Young person has requested and received support,12,27
2023,Reporting year,Local authority,E92000001,England,E12000002,North West,358,Trafford,E08000009,24 years,Care leaver not in touch,c,c
2023,Reporting year,Local authority,E92000001,England,E12000002,North West,358,Trafford,E08000009,24 years,Total,33,100
2023,Reporting year,Local authority,E92000001,England,E12000002,North West,358,Trafford,E08000009,24 years,Young person has requested and received support,c,c
2023,Reporting year,Local authority,E92000001,England,E12000002,North West,358,Trafford,E08000009,25 years,Care leaver not in touch,c,c
2023,Reporting year,Local authority,E92000001,England,E12000002,North West,358,Trafford,E08000009,25 years,Total,32,100
2023,Reporting year,Local authority,E92000001,England,E12000002,North West,358,Trafford,E08000009,25 years,Young person has requested and received support,c,c
2023,Reporting year,Local authority,E92000001,England,E12000002,North West,359,Wigan,E08000010,22 years,Care leaver not in touch,22,49
2023,Reporting year,Local authority,E92000001,England,E12000002,North West,359,Wigan,E08000010,22 years,Total,45,100
2023,Reporting year,Local authority,E92000001,England,E12000002,North West,359,Wigan,E08000010,22 years,Young person has requested and received support,23,51
2023,Reporting year,Local authority,E92000001,England,E12000002,North West,359,Wigan,E08000010,23 years,Care leaver not in touch,27,79
2023,Reporting year,Local authority,E92000001,England,E12000002,North West,359,Wigan,E08000010,23 years,Total,34,100
2023,Reporting year,Local authority,E92000001,England,E12000002,North West,359,Wigan,E08000010,23 years,Young person has requested and received support,7,21
2023,Reporting year,Local authority,E92000001,England,E12000002,North West,359,Wigan,E08000010,24 years,Care leaver not in touch,c,c
2023,Reporting year,Local authority,E92000001,England,E12000002,North West,359,Wigan,E08000010,24 years,Total,48,100
2023,Reporting year,Local authority,E92000001,England,E12000002,North West,359,Wigan,E08000010,24 years,Young person has requested and received support,c,c
2023,Reporting year,Local authority,E92000001,England,E12000002,North West,359,Wigan,E08000010,25 years,Care leaver not in touch,31,100
2023,Reporting year,Local authority,E92000001,England,E12000002,North West,359,Wigan,E08000010,25 years,Total,31,100
2023,Reporting year,Local authority,E92000001,England,E12000002,North West,359,Wigan,E08000010,25 years,Young person has requested and received support,0,0
2023,Reporting year,Local authority,E92000001,England,E12000002,North West,340,Knowsley,E08000011,22 years,Care leaver not in touch,8,25
2023,Reporting year,Local authority,E92000001,England,E12000002,North West,340,Knowsley,E08000011,22 years,Total,32,100
2023,Reporting year,Local authority,E92000001,England,E12000002,North West,340,Knowsley,E08000011,22 years,Young person has requested and received support,24,75
2023,Reporting year,Local authority,E92000001,England,E12000002,North West,340,Knowsley,E08000011,23 years,Care leaver not in touch,17,65
2023,Reporting year,Local authority,E92000001,England,E12000002,North West,340,Knowsley,E08000011,23 years,Total,26,100
2023,Reporting year,Local authority,E92000001,England,E12000002,North West,340,Knowsley,E08000011,23 years,Young person has requested and received support,9,35
2023,Reporting year,Local authority,E92000001,England,E12000002,North West,340,Knowsley,E08000011,24 years,Care leaver not in touch,18,60
2023,Reporting year,Local authority,E92000001,England,E12000002,North West,340,Knowsley,E08000011,24 years,Total,30,100
2023,Reporting year,Local authority,E92000001,England,E12000002,North West,340,Knowsley,E08000011,24 years,Young person has requested and received support,12,40
2023,Reporting year,Local authority,E92000001,England,E12000002,North West,340,Knowsley,E08000011,25 years,Care leaver not in touch,c,c
2023,Reporting year,Local authority,E92000001,England,E12000002,North West,340,Knowsley,E08000011,25 years,Total,30,100
2023,Reporting year,Local authority,E92000001,England,E12000002,North West,340,Knowsley,E08000011,25 years,Young person has requested and received support,c,c
2023,Reporting year,Local authority,E92000001,England,E12000002,North West,341,Liverpool,E08000012,22 years,Care leaver not in touch,120,82
2023,Reporting year,Local authority,E92000001,England,E12000002,North West,341,Liverpool,E08000012,22 years,Total,147,100
2023,Reporting year,Local authority,E92000001,England,E12000002,North West,341,Liverpool,E08000012,22 years,Young person has requested and received support,27,18
2023,Reporting year,Local authority,E92000001,England,E12000002,North West,341,Liverpool,E08000012,23 years,Care leaver not in touch,109,93
2023,Reporting year,Local authority,E92000001,England,E12000002,North West,341,Liverpool,E08000012,23 years,Total,117,100
2023,Reporting year,Local authority,E92000001,England,E12000002,North West,341,Liverpool,E08000012,23 years,Young person has requested and received support,8,7
2023,Reporting year,Local authority,E92000001,England,E12000002,North West,341,Liverpool,E08000012,24 years,Care leaver not in touch,98,91
2023,Reporting year,Local authority,E92000001,England,E12000002,North West,341,Liverpool,E08000012,24 years,Total,108,100
2023,Reporting year,Local authority,E92000001,England,E12000002,North West,341,Liverpool,E08000012,24 years,Young person has requested and received support,10,9
2023,Reporting year,Local authority,E92000001,England,E12000002,North West,341,Liverpool,E08000012,25 years,Care leaver not in touch,c,c
2023,Reporting year,Local authority,E92000001,England,E12000002,North West,341,Liverpool,E08000012,25 years,Total,91,100
2023,Reporting year,Local authority,E92000001,England,E12000002,North West,341,Liverpool,E08000012,25 years,Young person has requested and received support,c,c
2023,Reporting year,Local authority,E92000001,England,E12000002,North West,342,St. Helens,E08000013,22 years,Care leaver not in touch,c,c
2023,Reporting year,Local authority,E92000001,England,E12000002,North West,342,St. Helens,E08000013,22 years,Total,49,100
2023,Reporting year,Local authority,E92000001,England,E12000002,North West,342,St. Helens,E08000013,22 years,Young person has requested and received support,c,c
2023,Reporting year,Local authority,E92000001,England,E12000002,North West,342,St. Helens,E08000013,23 years,Care leaver not in touch,39,85
2023,Reporting year,Local authority,E92000001,England,E12000002,North West,342,St. Helens,E08000013,23 years,Total,46,100
2023,Reporting year,Local authority,E92000001,England,E12000002,North West,342,St. Helens,E08000013,23 years,Young person has requested and received support,7,15
2023,Reporting year,Local authority,E92000001,England,E12000002,North West,342,St. Helens,E08000013,24 years,Care leaver not in touch,c,c
2023,Reporting year,Local authority,E92000001,England,E12000002,North West,342,St. Helens,E08000013,24 years,Total,37,100
2023,Reporting year,Local authority,E92000001,England,E12000002,North West,342,St. Helens,E08000013,24 years,Young person has requested and received support,c,c
2023,Reporting year,Local authority,E92000001,England,E12000002,North West,342,St. Helens,E08000013,25 years,Care leaver not in touch,c,c
2023,Reporting year,Local authority,E92000001,England,E12000002,North West,342,St. Helens,E08000013,25 years,Total,23,100
2023,Reporting year,Local authority,E92000001,England,E12000002,North West,342,St. Helens,E08000013,25 years,Young person has requested and received support,c,c
2023,Reporting year,Local authority,E92000001,England,E12000002,North West,343,Sefton,E08000014,22 years,Care leaver not in touch,34,63
2023,Reporting year,Local authority,E92000001,England,E12000002,North West,343,Sefton,E08000014,22 years,Total,54,100
2023,Reporting year,Local authority,E92000001,England,E12000002,North West,343,Sefton,E08000014,22 years,Young person has requested and received support,20,37
2023,Reporting year,Local authority,E92000001,England,E12000002,North West,343,Sefton,E08000014,23 years,Care leaver not in touch,44,81
2023,Reporting year,Local authority,E92000001,England,E12000002,North West,343,Sefton,E08000014,23 years,Total,54,100
2023,Reporting year,Local authority,E92000001,England,E12000002,North West,343,Sefton,E08000014,23 years,Young person has requested and received support,10,19
2023,Reporting year,Local authority,E92000001,England,E12000002,North West,343,Sefton,E08000014,24 years,Care leaver not in touch,46,84
2023,Reporting year,Local authority,E92000001,England,E12000002,North West,343,Sefton,E08000014,24 years,Total,55,100
2023,Reporting year,Local authority,E92000001,England,E12000002,North West,343,Sefton,E08000014,24 years,Young person has requested and received support,9,16
2023,Reporting year,Local authority,E92000001,England,E12000002,North West,343,Sefton,E08000014,25 years,Care leaver not in touch,c,c
2023,Reporting year,Local authority,E92000001,England,E12000002,North West,343,Sefton,E08000014,25 years,Total,31,100
2023,Reporting year,Local authority,E92000001,England,E12000002,North West,343,Sefton,E08000014,25 years,Young person has requested and received support,c,c
2023,Reporting year,Local authority,E92000001,England,E12000002,North West,344,Wirral,E08000015,22 years,Care leaver not in touch,23,30
2023,Reporting year,Local authority,E92000001,England,E12000002,North West,344,Wirral,E08000015,22 years,Total,76,100
2023,Reporting year,Local authority,E92000001,England,E12000002,North West,344,Wirral,E08000015,22 years,Young person has requested and received support,53,70
2023,Reporting year,Local authority,E92000001,England,E12000002,North West,344,Wirral,E08000015,23 years,Care leaver not in touch,18,26
2023,Reporting year,Local authority,E92000001,England,E12000002,North West,344,Wirral,E08000015,23 years,Total,69,100
2023,Reporting year,Local authority,E92000001,England,E12000002,North West,344,Wirral,E08000015,23 years,Young person has requested and received support,51,74
2023,Reporting year,Local authority,E92000001,England,E12000002,North West,344,Wirral,E08000015,24 years,Care leaver not in touch,22,35
2023,Reporting year,Local authority,E92000001,England,E12000002,North West,344,Wirral,E08000015,24 years,Total,63,100
2023,Reporting year,Local authority,E92000001,England,E12000002,North West,344,Wirral,E08000015,24 years,Young person has requested and received support,41,65
2023,Reporting year,Local authority,E92000001,England,E12000002,North West,344,Wirral,E08000015,25 years,Care leaver not in touch,c,c
2023,Reporting year,Local authority,E92000001,England,E12000002,North West,344,Wirral,E08000015,25 years,Total,51,100
2023,Reporting year,Local authority,E92000001,England,E12000002,North West,344,Wirral,E08000015,25 years,Young person has requested and received support,c,c
2023,Reporting year,Local authority,E92000001,England,E12000002,North West,909,Cumbria,E10000006,22 years,Care leaver not in touch,34,77
2023,Reporting year,Local authority,E92000001,England,E12000002,North West,909,Cumbria,E10000006,22 years,Total,44,100
2023,Reporting year,Local authority,E92000001,England,E12000002,North West,909,Cumbria,E10000006,22 years,Young person has requested and received support,10,23
2023,Reporting year,Local authority,E92000001,England,E12000002,North West,909,Cumbria,E10000006,23 years,Care leaver not in touch,c,c
2023,Reporting year,Local authority,E92000001,England,E12000002,North West,909,Cumbria,E10000006,23 years,Total,50,100
2023,Reporting year,Local authority,E92000001,England,E12000002,North West,909,Cumbria,E10000006,23 years,Young person has requested and received support,c,c
2023,Reporting year,Local authority,E92000001,England,E12000002,North West,909,Cumbria,E10000006,24 years,Care leaver not in touch,56,86
2023,Reporting year,Local authority,E92000001,England,E12000002,North West,909,Cumbria,E10000006,24 years,Total,65,100
2023,Reporting year,Local authority,E92000001,England,E12000002,North West,909,Cumbria,E10000006,24 years,Young person has requested and received support,9,14
2023,Reporting year,Local authority,E92000001,England,E12000002,North West,909,Cumbria,E10000006,25 years,Care leaver not in touch,c,c
2023,Reporting year,Local authority,E92000001,England,E12000002,North West,909,Cumbria,E10000006,25 years,Total,60,100
2023,Reporting year,Local authority,E92000001,England,E12000002,North West,909,Cumbria,E10000006,25 years,Young person has requested and received support,c,c
2023,Reporting year,Local authority,E92000001,England,E12000002,North West,888,Lancashire,E10000017,22 years,Care leaver not in touch,159,70
2023,Reporting year,Local authority,E92000001,England,E12000002,North West,888,Lancashire,E10000017,22 years,Total,227,100
2023,Reporting year,Local authority,E92000001,England,E12000002,North West,888,Lancashire,E10000017,22 years,Young person has requested and received support,68,30
2023,Reporting year,Local authority,E92000001,England,E12000002,North West,888,Lancashire,E10000017,23 years,Care leaver not in touch,c,c
2023,Reporting year,Local authority,E92000001,England,E12000002,North West,888,Lancashire,E10000017,23 years,Total,188,100
2023,Reporting year,Local authority,E92000001,England,E12000002,North West,888,Lancashire,E10000017,23 years,Young person has requested and received support,c,c
2023,Reporting year,Local authority,E92000001,England,E12000002,North West,888,Lancashire,E10000017,24 years,Care leaver not in touch,147,100
2023,Reporting year,Local authority,E92000001,England,E12000002,North West,888,Lancashire,E10000017,24 years,Total,147,100
2023,Reporting year,Local authority,E92000001,England,E12000002,North West,888,Lancashire,E10000017,24 years,Young person has requested and received support,0,0
2023,Reporting year,Local authority,E92000001,England,E12000002,North West,888,Lancashire,E10000017,25 years,Care leaver not in touch,124,100
2023,Reporting year,Local authority,E92000001,England,E12000002,North West,888,Lancashire,E10000017,25 years,Total,124,100
2023,Reporting year,Local authority,E92000001,England,E12000002,North West,888,Lancashire,E10000017,25 years,Young person has requested and received support,0,0
2023,Reporting year,Local authority,E92000001,England,E12000003,Yorkshire and The Humber,810,"Kingston upon Hull, City of",E06000010,22 years,Care leaver not in touch,39,53
2023,Reporting year,Local authority,E92000001,England,E12000003,Yorkshire and The Humber,810,"Kingston upon Hull, City of",E06000010,22 years,Total,74,100
2023,Reporting year,Local authority,E92000001,England,E12000003,Yorkshire and The Humber,810,"Kingston upon Hull, City of",E06000010,22 years,Young person has requested and received support,35,47
2023,Reporting year,Local authority,E92000001,England,E12000003,Yorkshire and The Humber,810,"Kingston upon Hull, City of",E06000010,23 years,Care leaver not in touch,45,69
2023,Reporting year,Local authority,E92000001,England,E12000003,Yorkshire and The Humber,810,"Kingston upon Hull, City of",E06000010,23 years,Total,65,100
2023,Reporting year,Local authority,E92000001,England,E12000003,Yorkshire and The Humber,810,"Kingston upon Hull, City of",E06000010,23 years,Young person has requested and received support,20,31
2023,Reporting year,Local authority,E92000001,England,E12000003,Yorkshire and The Humber,810,"Kingston upon Hull, City of",E06000010,24 years,Care leaver not in touch,56,78
2023,Reporting year,Local authority,E92000001,England,E12000003,Yorkshire and The Humber,810,"Kingston upon Hull, City of",E06000010,24 years,Total,72,100
2023,Reporting year,Local authority,E92000001,England,E12000003,Yorkshire and The Humber,810,"Kingston upon Hull, City of",E06000010,24 years,Young person has requested and received support,16,22
2023,Reporting year,Local authority,E92000001,England,E12000003,Yorkshire and The Humber,810,"Kingston upon Hull, City of",E06000010,25 years,Care leaver not in touch,53,85
2023,Reporting year,Local authority,E92000001,England,E12000003,Yorkshire and The Humber,810,"Kingston upon Hull, City of",E06000010,25 years,Total,62,100
2023,Reporting year,Local authority,E92000001,England,E12000003,Yorkshire and The Humber,810,"Kingston upon Hull, City of",E06000010,25 years,Young person has requested and received support,9,15
2023,Reporting year,Local authority,E92000001,England,E12000003,Yorkshire and The Humber,811,East Riding of Yorkshire,E06000011,22 years,Care leaver not in touch,32,80
2023,Reporting year,Local authority,E92000001,England,E12000003,Yorkshire and The Humber,811,East Riding of Yorkshire,E06000011,22 years,Total,40,100
2023,Reporting year,Local authority,E92000001,England,E12000003,Yorkshire and The Humber,811,East Riding of Yorkshire,E06000011,22 years,Young person has requested and received support,8,20
2023,Reporting year,Local authority,E92000001,England,E12000003,Yorkshire and The Humber,811,East Riding of Yorkshire,E06000011,23 years,Care leaver not in touch,34,81
2023,Reporting year,Local authority,E92000001,England,E12000003,Yorkshire and The Humber,811,East Riding of Yorkshire,E06000011,23 years,Total,42,100
2023,Reporting year,Local authority,E92000001,England,E12000003,Yorkshire and The Humber,811,East Riding of Yorkshire,E06000011,23 years,Young person has requested and received support,8,19
2023,Reporting year,Local authority,E92000001,England,E12000003,Yorkshire and The Humber,811,East Riding of Yorkshire,E06000011,24 years,Care leaver not in touch,c,c
2023,Reporting year,Local authority,E92000001,England,E12000003,Yorkshire and The Humber,811,East Riding of Yorkshire,E06000011,24 years,Total,41,100
2023,Reporting year,Local authority,E92000001,England,E12000003,Yorkshire and The Humber,811,East Riding of Yorkshire,E06000011,24 years,Young person has requested and received support,c,c
2023,Reporting year,Local authority,E92000001,England,E12000003,Yorkshire and The Humber,811,East Riding of Yorkshire,E06000011,25 years,Care leaver not in touch,c,c
2023,Reporting year,Local authority,E92000001,England,E12000003,Yorkshire and The Humber,811,East Riding of Yorkshire,E06000011,25 years,Total,31,100
2023,Reporting year,Local authority,E92000001,England,E12000003,Yorkshire and The Humber,811,East Riding of Yorkshire,E06000011,25 years,Young person has requested and received support,c,c
2023,Reporting year,Local authority,E92000001,England,E12000003,Yorkshire and The Humber,812,North East Lincolnshire,E06000012,22 years,Care leaver not in touch,21,100
2023,Reporting year,Local authority,E92000001,England,E12000003,Yorkshire and The Humber,812,North East Lincolnshire,E06000012,22 years,Total,21,100
2023,Reporting year,Local authority,E92000001,England,E12000003,Yorkshire and The Humber,812,North East Lincolnshire,E06000012,22 years,Young person has requested and received support,0,0
2023,Reporting year,Local authority,E92000001,England,E12000003,Yorkshire and The Humber,812,North East Lincolnshire,E06000012,23 years,Care leaver not in touch,24,100
2023,Reporting year,Local authority,E92000001,England,E12000003,Yorkshire and The Humber,812,North East Lincolnshire,E06000012,23 years,Total,24,100
2023,Reporting year,Local authority,E92000001,England,E12000003,Yorkshire and The Humber,812,North East Lincolnshire,E06000012,23 years,Young person has requested and received support,0,0
2023,Reporting year,Local authority,E92000001,England,E12000003,Yorkshire and The Humber,812,North East Lincolnshire,E06000012,24 years,Care leaver not in touch,28,100
2023,Reporting year,Local authority,E92000001,England,E12000003,Yorkshire and The Humber,812,North East Lincolnshire,E06000012,24 years,Total,28,100
2023,Reporting year,Local authority,E92000001,England,E12000003,Yorkshire and The Humber,812,North East Lincolnshire,E06000012,24 years,Young person has requested and received support,0,0
2023,Reporting year,Local authority,E92000001,England,E12000003,Yorkshire and The Humber,812,North East Lincolnshire,E06000012,25 years,Care leaver not in touch,16,100
2023,Reporting year,Local authority,E92000001,England,E12000003,Yorkshire and The Humber,812,North East Lincolnshire,E06000012,25 years,Total,16,100
2023,Reporting year,Local authority,E92000001,England,E12000003,Yorkshire and The Humber,812,North East Lincolnshire,E06000012,25 years,Young person has requested and received support,0,0
2023,Reporting year,Local authority,E92000001,England,E12000003,Yorkshire and The Humber,813,North Lincolnshire,E06000013,22 years,Care leaver not in touch,15,47
2023,Reporting year,Local authority,E92000001,England,E12000003,Yorkshire and The Humber,813,North Lincolnshire,E06000013,22 years,Total,32,100
2023,Reporting year,Local authority,E92000001,England,E12000003,Yorkshire and The Humber,813,North Lincolnshire,E06000013,22 years,Young person has requested and received support,17,53
2023,Reporting year,Local authority,E92000001,England,E12000003,Yorkshire and The Humber,813,North Lincolnshire,E06000013,23 years,Care leaver not in touch,c,c
2023,Reporting year,Local authority,E92000001,England,E12000003,Yorkshire and The Humber,813,North Lincolnshire,E06000013,23 years,Total,21,100
2023,Reporting year,Local authority,E92000001,England,E12000003,Yorkshire and The Humber,813,North Lincolnshire,E06000013,23 years,Young person has requested and received support,c,c
2023,Reporting year,Local authority,E92000001,England,E12000003,Yorkshire and The Humber,813,North Lincolnshire,E06000013,24 years,Care leaver not in touch,c,c
2023,Reporting year,Local authority,E92000001,England,E12000003,Yorkshire and The Humber,813,North Lincolnshire,E06000013,24 years,Total,22,100
2023,Reporting year,Local authority,E92000001,England,E12000003,Yorkshire and The Humber,813,North Lincolnshire,E06000013,24 years,Young person has requested and received support,c,c
2023,Reporting year,Local authority,E92000001,England,E12000003,Yorkshire and The Humber,813,North Lincolnshire,E06000013,25 years,Care leaver not in touch,c,c
2023,Reporting year,Local authority,E92000001,England,E12000003,Yorkshire and The Humber,813,North Lincolnshire,E06000013,25 years,Total,21,100
2023,Reporting year,Local authority,E92000001,England,E12000003,Yorkshire and The Humber,813,North Lincolnshire,E06000013,25 years,Young person has requested and received support,c,c
2023,Reporting year,Local authority,E92000001,England,E12000003,Yorkshire and The Humber,816,York,E06000014,22 years,Care leaver not in touch,9,32
2023,Reporting year,Local authority,E92000001,England,E12000003,Yorkshire and The Humber,816,York,E06000014,22 years,Total,28,100
2023,Reporting year,Local authority,E92000001,England,E12000003,Yorkshire and The Humber,816,York,E06000014,22 years,Young person has requested and received support,19,68
2023,Reporting year,Local authority,E92000001,England,E12000003,Yorkshire and The Humber,816,York,E06000014,23 years,Care leaver not in touch,14,45
2023,Reporting year,Local authority,E92000001,England,E12000003,Yorkshire and The Humber,816,York,E06000014,23 years,Total,31,100
2023,Reporting year,Local authority,E92000001,England,E12000003,Yorkshire and The Humber,816,York,E06000014,23 years,Young person has requested and received support,17,55
2023,Reporting year,Local authority,E92000001,England,E12000003,Yorkshire and The Humber,816,York,E06000014,24 years,Care leaver not in touch,c,c
2023,Reporting year,Local authority,E92000001,England,E12000003,Yorkshire and The Humber,816,York,E06000014,24 years,Total,20,100
2023,Reporting year,Local authority,E92000001,England,E12000003,Yorkshire and The Humber,816,York,E06000014,24 years,Young person has requested and received support,c,c
2023,Reporting year,Local authority,E92000001,England,E12000003,Yorkshire and The Humber,816,York,E06000014,25 years,Care leaver not in touch,c,c
2023,Reporting year,Local authority,E92000001,England,E12000003,Yorkshire and The Humber,816,York,E06000014,25 years,Total,28,100
2023,Reporting year,Local authority,E92000001,England,E12000003,Yorkshire and The Humber,816,York,E06000014,25 years,Young person has requested and received support,c,c
2023,Reporting year,Local authority,E92000001,England,E12000003,Yorkshire and The Humber,815,North Yorkshire,E06000065,22 years,Care leaver not in touch,10,17
2023,Reporting year,Local authority,E92000001,England,E12000003,Yorkshire and The Humber,815,North Yorkshire,E06000065,22 years,Total,58,100
2023,Reporting year,Local authority,E92000001,England,E12000003,Yorkshire and The Humber,815,North Yorkshire,E06000065,22 years,Young person has requested and received support,48,83
2023,Reporting year,Local authority,E92000001,England,E12000003,Yorkshire and The Humber,815,North Yorkshire,E06000065,23 years,Care leaver not in touch,25,38
2023,Reporting year,Local authority,E92000001,England,E12000003,Yorkshire and The Humber,815,North Yorkshire,E06000065,23 years,Total,66,100
2023,Reporting year,Local authority,E92000001,England,E12000003,Yorkshire and The Humber,815,North Yorkshire,E06000065,23 years,Young person has requested and received support,41,62
2023,Reporting year,Local authority,E92000001,England,E12000003,Yorkshire and The Humber,815,North Yorkshire,E06000065,24 years,Care leaver not in touch,34,52
2023,Reporting year,Local authority,E92000001,England,E12000003,Yorkshire and The Humber,815,North Yorkshire,E06000065,24 years,Total,66,100
2023,Reporting year,Local authority,E92000001,England,E12000003,Yorkshire and The Humber,815,North Yorkshire,E06000065,24 years,Young person has requested and received support,32,48
2023,Reporting year,Local authority,E92000001,England,E12000003,Yorkshire and The Humber,815,North Yorkshire,E06000065,25 years,Care leaver not in touch,37,67
2023,Reporting year,Local authority,E92000001,England,E12000003,Yorkshire and The Humber,815,North Yorkshire,E06000065,25 years,Total,55,100
2023,Reporting year,Local authority,E92000001,England,E12000003,Yorkshire and The Humber,815,North Yorkshire,E06000065,25 years,Young person has requested and received support,18,33
2023,Reporting year,Local authority,E92000001,England,E12000003,Yorkshire and The Humber,370,Barnsley,E08000016,22 years,Care leaver not in touch,8,47
2023,Reporting year,Local authority,E92000001,England,E12000003,Yorkshire and The Humber,370,Barnsley,E08000016,22 years,Total,17,100
2023,Reporting year,Local authority,E92000001,England,E12000003,Yorkshire and The Humber,370,Barnsley,E08000016,22 years,Young person has requested and received support,9,53
2023,Reporting year,Local authority,E92000001,England,E12000003,Yorkshire and The Humber,370,Barnsley,E08000016,23 years,Care leaver not in touch,15,65
2023,Reporting year,Local authority,E92000001,England,E12000003,Yorkshire and The Humber,370,Barnsley,E08000016,23 years,Total,23,100
2023,Reporting year,Local authority,E92000001,England,E12000003,Yorkshire and The Humber,370,Barnsley,E08000016,23 years,Young person has requested and received support,8,35
2023,Reporting year,Local authority,E92000001,England,E12000003,Yorkshire and The Humber,370,Barnsley,E08000016,24 years,Care leaver not in touch,14,61
2023,Reporting year,Local authority,E92000001,England,E12000003,Yorkshire and The Humber,370,Barnsley,E08000016,24 years,Total,23,100
2023,Reporting year,Local authority,E92000001,England,E12000003,Yorkshire and The Humber,370,Barnsley,E08000016,24 years,Young person has requested and received support,9,39
2023,Reporting year,Local authority,E92000001,England,E12000003,Yorkshire and The Humber,370,Barnsley,E08000016,25 years,Care leaver not in touch,9,60
2023,Reporting year,Local authority,E92000001,England,E12000003,Yorkshire and The Humber,370,Barnsley,E08000016,25 years,Total,15,100
2023,Reporting year,Local authority,E92000001,England,E12000003,Yorkshire and The Humber,370,Barnsley,E08000016,25 years,Young person has requested and received support,6,40
2023,Reporting year,Local authority,E92000001,England,E12000003,Yorkshire and The Humber,371,Doncaster,E08000017,22 years,Care leaver not in touch,c,c
2023,Reporting year,Local authority,E92000001,England,E12000003,Yorkshire and The Humber,371,Doncaster,E08000017,22 years,Total,75,100
2023,Reporting year,Local authority,E92000001,England,E12000003,Yorkshire and The Humber,371,Doncaster,E08000017,22 years,Young person has requested and received support,c,c
2023,Reporting year,Local authority,E92000001,England,E12000003,Yorkshire and The Humber,371,Doncaster,E08000017,23 years,Care leaver not in touch,9,16
2023,Reporting year,Local authority,E92000001,England,E12000003,Yorkshire and The Humber,371,Doncaster,E08000017,23 years,Total,58,100
2023,Reporting year,Local authority,E92000001,England,E12000003,Yorkshire and The Humber,371,Doncaster,E08000017,23 years,Young person has requested and received support,49,84
2023,Reporting year,Local authority,E92000001,England,E12000003,Yorkshire and The Humber,371,Doncaster,E08000017,24 years,Care leaver not in touch,47,76
2023,Reporting year,Local authority,E92000001,England,E12000003,Yorkshire and The Humber,371,Doncaster,E08000017,24 years,Total,62,100
2023,Reporting year,Local authority,E92000001,England,E12000003,Yorkshire and The Humber,371,Doncaster,E08000017,24 years,Young person has requested and received support,15,24
2023,Reporting year,Local authority,E92000001,England,E12000003,Yorkshire and The Humber,371,Doncaster,E08000017,25 years,Care leaver not in touch,c,c
2023,Reporting year,Local authority,E92000001,England,E12000003,Yorkshire and The Humber,371,Doncaster,E08000017,25 years,Total,42,100
2023,Reporting year,Local authority,E92000001,England,E12000003,Yorkshire and The Humber,371,Doncaster,E08000017,25 years,Young person has requested and received support,c,c
2023,Reporting year,Local authority,E92000001,England,E12000003,Yorkshire and The Humber,372,Rotherham,E08000018,22 years,Care leaver not in touch,52,83
2023,Reporting year,Local authority,E92000001,England,E12000003,Yorkshire and The Humber,372,Rotherham,E08000018,22 years,Total,63,100
2023,Reporting year,Local authority,E92000001,England,E12000003,Yorkshire and The Humber,372,Rotherham,E08000018,22 years,Young person has requested and received support,11,17
2023,Reporting year,Local authority,E92000001,England,E12000003,Yorkshire and The Humber,372,Rotherham,E08000018,23 years,Care leaver not in touch,c,c
2023,Reporting year,Local authority,E92000001,England,E12000003,Yorkshire and The Humber,372,Rotherham,E08000018,23 years,Total,47,100
2023,Reporting year,Local authority,E92000001,England,E12000003,Yorkshire and The Humber,372,Rotherham,E08000018,23 years,Young person has requested and received support,c,c
2023,Reporting year,Local authority,E92000001,England,E12000003,Yorkshire and The Humber,372,Rotherham,E08000018,24 years,Care leaver not in touch,c,c
2023,Reporting year,Local authority,E92000001,England,E12000003,Yorkshire and The Humber,372,Rotherham,E08000018,24 years,Total,54,100
2023,Reporting year,Local authority,E92000001,England,E12000003,Yorkshire and The Humber,372,Rotherham,E08000018,24 years,Young person has requested and received support,c,c
2023,Reporting year,Local authority,E92000001,England,E12000003,Yorkshire and The Humber,372,Rotherham,E08000018,25 years,Care leaver not in touch,c,c
2023,Reporting year,Local authority,E92000001,England,E12000003,Yorkshire and The Humber,372,Rotherham,E08000018,25 years,Total,39,100
2023,Reporting year,Local authority,E92000001,England,E12000003,Yorkshire and The Humber,372,Rotherham,E08000018,25 years,Young person has requested and received support,c,c
2023,Reporting year,Local authority,E92000001,England,E12000003,Yorkshire and The Humber,373,Sheffield,E08000019,22 years,Care leaver not in touch,23,27
2023,Reporting year,Local authority,E92000001,England,E12000003,Yorkshire and The Humber,373,Sheffield,E08000019,22 years,Total,84,100
2023,Reporting year,Local authority,E92000001,England,E12000003,Yorkshire and The Humber,373,Sheffield,E08000019,22 years,Young person has requested and received support,61,73
2023,Reporting year,Local authority,E92000001,England,E12000003,Yorkshire and The Humber,373,Sheffield,E08000019,23 years,Care leaver not in touch,43,46
2023,Reporting year,Local authority,E92000001,England,E12000003,Yorkshire and The Humber,373,Sheffield,E08000019,23 years,Total,94,100
2023,Reporting year,Local authority,E92000001,England,E12000003,Yorkshire and The Humber,373,Sheffield,E08000019,23 years,Young person has requested and received support,51,54
2023,Reporting year,Local authority,E92000001,England,E12000003,Yorkshire and The Humber,373,Sheffield,E08000019,24 years,Care leaver not in touch,33,46
2023,Reporting year,Local authority,E92000001,England,E12000003,Yorkshire and The Humber,373,Sheffield,E08000019,24 years,Total,72,100
2023,Reporting year,Local authority,E92000001,England,E12000003,Yorkshire and The Humber,373,Sheffield,E08000019,24 years,Young person has requested and received support,39,54
2023,Reporting year,Local authority,E92000001,England,E12000003,Yorkshire and The Humber,373,Sheffield,E08000019,25 years,Care leaver not in touch,52,69
2023,Reporting year,Local authority,E92000001,England,E12000003,Yorkshire and The Humber,373,Sheffield,E08000019,25 years,Total,75,100
2023,Reporting year,Local authority,E92000001,England,E12000003,Yorkshire and The Humber,373,Sheffield,E08000019,25 years,Young person has requested and received support,23,31
2023,Reporting year,Local authority,E92000001,England,E12000003,Yorkshire and The Humber,380,Bradford,E08000032,22 years,Care leaver not in touch,44,43
2023,Reporting year,Local authority,E92000001,England,E12000003,Yorkshire and The Humber,380,Bradford,E08000032,22 years,Total,102,100
2023,Reporting year,Local authority,E92000001,England,E12000003,Yorkshire and The Humber,380,Bradford,E08000032,22 years,Young person has requested and received support,58,57
2023,Reporting year,Local authority,E92000001,England,E12000003,Yorkshire and The Humber,380,Bradford,E08000032,23 years,Care leaver not in touch,82,80
2023,Reporting year,Local authority,E92000001,England,E12000003,Yorkshire and The Humber,380,Bradford,E08000032,23 years,Total,103,100
2023,Reporting year,Local authority,E92000001,England,E12000003,Yorkshire and The Humber,380,Bradford,E08000032,23 years,Young person has requested and received support,21,20
2023,Reporting year,Local authority,E92000001,England,E12000003,Yorkshire and The Humber,380,Bradford,E08000032,24 years,Care leaver not in touch,58,79
2023,Reporting year,Local authority,E92000001,England,E12000003,Yorkshire and The Humber,380,Bradford,E08000032,24 years,Total,73,100
2023,Reporting year,Local authority,E92000001,England,E12000003,Yorkshire and The Humber,380,Bradford,E08000032,24 years,Young person has requested and received support,15,21
2023,Reporting year,Local authority,E92000001,England,E12000003,Yorkshire and The Humber,380,Bradford,E08000032,25 years,Care leaver not in touch,70,92
2023,Reporting year,Local authority,E92000001,England,E12000003,Yorkshire and The Humber,380,Bradford,E08000032,25 years,Total,76,100
2023,Reporting year,Local authority,E92000001,England,E12000003,Yorkshire and The Humber,380,Bradford,E08000032,25 years,Young person has requested and received support,6,8
2023,Reporting year,Local authority,E92000001,England,E12000003,Yorkshire and The Humber,381,Calderdale,E08000033,22 years,Care leaver not in touch,c,c
2023,Reporting year,Local authority,E92000001,England,E12000003,Yorkshire and The Humber,381,Calderdale,E08000033,22 years,Total,36,100
2023,Reporting year,Local authority,E92000001,England,E12000003,Yorkshire and The Humber,381,Calderdale,E08000033,22 years,Young person has requested and received support,c,c
2023,Reporting year,Local authority,E92000001,England,E12000003,Yorkshire and The Humber,381,Calderdale,E08000033,23 years,Care leaver not in touch,c,c
2023,Reporting year,Local authority,E92000001,England,E12000003,Yorkshire and The Humber,381,Calderdale,E08000033,23 years,Total,30,100
2023,Reporting year,Local authority,E92000001,England,E12000003,Yorkshire and The Humber,381,Calderdale,E08000033,23 years,Young person has requested and received support,c,c
2023,Reporting year,Local authority,E92000001,England,E12000003,Yorkshire and The Humber,381,Calderdale,E08000033,24 years,Care leaver not in touch,31,100
2023,Reporting year,Local authority,E92000001,England,E12000003,Yorkshire and The Humber,381,Calderdale,E08000033,24 years,Total,31,100
2023,Reporting year,Local authority,E92000001,England,E12000003,Yorkshire and The Humber,381,Calderdale,E08000033,24 years,Young person has requested and received support,0,0
2023,Reporting year,Local authority,E92000001,England,E12000003,Yorkshire and The Humber,381,Calderdale,E08000033,25 years,Care leaver not in touch,19,100
2023,Reporting year,Local authority,E92000001,England,E12000003,Yorkshire and The Humber,381,Calderdale,E08000033,25 years,Total,19,100
2023,Reporting year,Local authority,E92000001,England,E12000003,Yorkshire and The Humber,381,Calderdale,E08000033,25 years,Young person has requested and received support,0,0
2023,Reporting year,Local authority,E92000001,England,E12000003,Yorkshire and The Humber,382,Kirklees,E08000034,22 years,Care leaver not in touch,40,51
2023,Reporting year,Local authority,E92000001,England,E12000003,Yorkshire and The Humber,382,Kirklees,E08000034,22 years,Total,78,100
2023,Reporting year,Local authority,E92000001,England,E12000003,Yorkshire and The Humber,382,Kirklees,E08000034,22 years,Young person has requested and received support,38,49
2023,Reporting year,Local authority,E92000001,England,E12000003,Yorkshire and The Humber,382,Kirklees,E08000034,23 years,Care leaver not in touch,58,78
2023,Reporting year,Local authority,E92000001,England,E12000003,Yorkshire and The Humber,382,Kirklees,E08000034,23 years,Total,74,100
2023,Reporting year,Local authority,E92000001,England,E12000003,Yorkshire and The Humber,382,Kirklees,E08000034,23 years,Young person has requested and received support,16,22
2023,Reporting year,Local authority,E92000001,England,E12000003,Yorkshire and The Humber,382,Kirklees,E08000034,24 years,Care leaver not in touch,c,c
2023,Reporting year,Local authority,E92000001,England,E12000003,Yorkshire and The Humber,382,Kirklees,E08000034,24 years,Total,74,100
2023,Reporting year,Local authority,E92000001,England,E12000003,Yorkshire and The Humber,382,Kirklees,E08000034,24 years,Young person has requested and received support,c,c
2023,Reporting year,Local authority,E92000001,England,E12000003,Yorkshire and The Humber,382,Kirklees,E08000034,25 years,Care leaver not in touch,c,c
2023,Reporting year,Local authority,E92000001,England,E12000003,Yorkshire and The Humber,382,Kirklees,E08000034,25 years,Total,64,100
2023,Reporting year,Local authority,E92000001,England,E12000003,Yorkshire and The Humber,382,Kirklees,E08000034,25 years,Young person has requested and received support,c,c
2023,Reporting year,Local authority,E92000001,England,E12000003,Yorkshire and The Humber,383,Leeds,E08000035,22 years,Care leaver not in touch,100,70
2023,Reporting year,Local authority,E92000001,England,E12000003,Yorkshire and The Humber,383,Leeds,E08000035,22 years,Total,143,100
2023,Reporting year,Local authority,E92000001,England,E12000003,Yorkshire and The Humber,383,Leeds,E08000035,22 years,Young person has requested and received support,43,30
2023,Reporting year,Local authority,E92000001,England,E12000003,Yorkshire and The Humber,383,Leeds,E08000035,23 years,Care leaver not in touch,132,87
2023,Reporting year,Local authority,E92000001,England,E12000003,Yorkshire and The Humber,383,Leeds,E08000035,23 years,Total,151,100
2023,Reporting year,Local authority,E92000001,England,E12000003,Yorkshire and The Humber,383,Leeds,E08000035,23 years,Young person has requested and received support,19,13
2023,Reporting year,Local authority,E92000001,England,E12000003,Yorkshire and The Humber,383,Leeds,E08000035,24 years,Care leaver not in touch,109,89
2023,Reporting year,Local authority,E92000001,England,E12000003,Yorkshire and The Humber,383,Leeds,E08000035,24 years,Total,123,100
2023,Reporting year,Local authority,E92000001,England,E12000003,Yorkshire and The Humber,383,Leeds,E08000035,24 years,Young person has requested and received support,14,11
2023,Reporting year,Local authority,E92000001,England,E12000003,Yorkshire and The Humber,383,Leeds,E08000035,25 years,Care leaver not in touch,100,94
2023,Reporting year,Local authority,E92000001,England,E12000003,Yorkshire and The Humber,383,Leeds,E08000035,25 years,Total,106,100
2023,Reporting year,Local authority,E92000001,England,E12000003,Yorkshire and The Humber,383,Leeds,E08000035,25 years,Young person has requested and received support,6,6
2023,Reporting year,Local authority,E92000001,England,E12000003,Yorkshire and The Humber,384,Wakefield,E08000036,22 years,Care leaver not in touch,10,16
2023,Reporting year,Local authority,E92000001,England,E12000003,Yorkshire and The Humber,384,Wakefield,E08000036,22 years,Total,64,100
2023,Reporting year,Local authority,E92000001,England,E12000003,Yorkshire and The Humber,384,Wakefield,E08000036,22 years,Young person has requested and received support,54,84
2023,Reporting year,Local authority,E92000001,England,E12000003,Yorkshire and The Humber,384,Wakefield,E08000036,23 years,Care leaver not in touch,12,22
2023,Reporting year,Local authority,E92000001,England,E12000003,Yorkshire and The Humber,384,Wakefield,E08000036,23 years,Total,54,100
2023,Reporting year,Local authority,E92000001,England,E12000003,Yorkshire and The Humber,384,Wakefield,E08000036,23 years,Young person has requested and received support,42,78
2023,Reporting year,Local authority,E92000001,England,E12000003,Yorkshire and The Humber,384,Wakefield,E08000036,24 years,Care leaver not in touch,15,29
2023,Reporting year,Local authority,E92000001,England,E12000003,Yorkshire and The Humber,384,Wakefield,E08000036,24 years,Total,52,100
2023,Reporting year,Local authority,E92000001,England,E12000003,Yorkshire and The Humber,384,Wakefield,E08000036,24 years,Young person has requested and received support,37,71
2023,Reporting year,Local authority,E92000001,England,E12000003,Yorkshire and The Humber,384,Wakefield,E08000036,25 years,Care leaver not in touch,31,69
2023,Reporting year,Local authority,E92000001,England,E12000003,Yorkshire and The Humber,384,Wakefield,E08000036,25 years,Total,45,100
2023,Reporting year,Local authority,E92000001,England,E12000003,Yorkshire and The Humber,384,Wakefield,E08000036,25 years,Young person has requested and received support,14,31
2023,Reporting year,Local authority,E92000001,England,E12000004,East Midlands,831,Derby,E06000015,22 years,Care leaver not in touch,39,58
2023,Reporting year,Local authority,E92000001,England,E12000004,East Midlands,831,Derby,E06000015,22 years,Total,67,100
2023,Reporting year,Local authority,E92000001,England,E12000004,East Midlands,831,Derby,E06000015,22 years,Young person has requested and received support,28,42
2023,Reporting year,Local authority,E92000001,England,E12000004,East Midlands,831,Derby,E06000015,23 years,Care leaver not in touch,59,87
2023,Reporting year,Local authority,E92000001,England,E12000004,East Midlands,831,Derby,E06000015,23 years,Total,68,100
2023,Reporting year,Local authority,E92000001,England,E12000004,East Midlands,831,Derby,E06000015,23 years,Young person has requested and received support,9,13
2023,Reporting year,Local authority,E92000001,England,E12000004,East Midlands,831,Derby,E06000015,24 years,Care leaver not in touch,44,77
2023,Reporting year,Local authority,E92000001,England,E12000004,East Midlands,831,Derby,E06000015,24 years,Total,57,100
2023,Reporting year,Local authority,E92000001,England,E12000004,East Midlands,831,Derby,E06000015,24 years,Young person has requested and received support,13,23
2023,Reporting year,Local authority,E92000001,England,E12000004,East Midlands,831,Derby,E06000015,25 years,Care leaver not in touch,c,c
2023,Reporting year,Local authority,E92000001,England,E12000004,East Midlands,831,Derby,E06000015,25 years,Total,40,100
2023,Reporting year,Local authority,E92000001,England,E12000004,East Midlands,831,Derby,E06000015,25 years,Young person has requested and received support,c,c
2023,Reporting year,Local authority,E92000001,England,E12000004,East Midlands,856,Leicester,E06000016,22 years,Care leaver not in touch,0,0
2023,Reporting year,Local authority,E92000001,England,E12000004,East Midlands,856,Leicester,E06000016,22 years,Total,64,100
2023,Reporting year,Local authority,E92000001,England,E12000004,East Midlands,856,Leicester,E06000016,22 years,Young person has requested and received support,64,100
2023,Reporting year,Local authority,E92000001,England,E12000004,East Midlands,856,Leicester,E06000016,23 years,Care leaver not in touch,0,0
2023,Reporting year,Local authority,E92000001,England,E12000004,East Midlands,856,Leicester,E06000016,23 years,Total,79,100
2023,Reporting year,Local authority,E92000001,England,E12000004,East Midlands,856,Leicester,E06000016,23 years,Young person has requested and received support,79,100
2023,Reporting year,Local authority,E92000001,England,E12000004,East Midlands,856,Leicester,E06000016,24 years,Care leaver not in touch,0,0
2023,Reporting year,Local authority,E92000001,England,E12000004,East Midlands,856,Leicester,E06000016,24 years,Total,66,100
2023,Reporting year,Local authority,E92000001,England,E12000004,East Midlands,856,Leicester,E06000016,24 years,Young person has requested and received support,66,100
2023,Reporting year,Local authority,E92000001,England,E12000004,East Midlands,856,Leicester,E06000016,25 years,Care leaver not in touch,0,0
2023,Reporting year,Local authority,E92000001,England,E12000004,East Midlands,856,Leicester,E06000016,25 years,Total,58,100
2023,Reporting year,Local authority,E92000001,England,E12000004,East Midlands,856,Leicester,E06000016,25 years,Young person has requested and received support,58,100
2023,Reporting year,Local authority,E92000001,England,E12000004,East Midlands,857,Rutland,E06000017,22 years,Care leaver not in touch,0,0
2023,Reporting year,Local authority,E92000001,England,E12000004,East Midlands,857,Rutland,E06000017,22 years,Total,c,c
2023,Reporting year,Local authority,E92000001,England,E12000004,East Midlands,857,Rutland,E06000017,22 years,Young person has requested and received support,c,c
2023,Reporting year,Local authority,E92000001,England,E12000004,East Midlands,857,Rutland,E06000017,23 years,Care leaver not in touch,c,c
2023,Reporting year,Local authority,E92000001,England,E12000004,East Midlands,857,Rutland,E06000017,23 years,Total,c,c
2023,Reporting year,Local authority,E92000001,England,E12000004,East Midlands,857,Rutland,E06000017,23 years,Young person has requested and received support,c,c
2023,Reporting year,Local authority,E92000001,England,E12000004,East Midlands,857,Rutland,E06000017,24 years,Care leaver not in touch,c,c
2023,Reporting year,Local authority,E92000001,England,E12000004,East Midlands,857,Rutland,E06000017,24 years,Total,c,c
2023,Reporting year,Local authority,E92000001,England,E12000004,East Midlands,857,Rutland,E06000017,24 years,Young person has requested and received support,c,c
2023,Reporting year,Local authority,E92000001,England,E12000004,East Midlands,857,Rutland,E06000017,25 years,Care leaver not in touch,c,c
2023,Reporting year,Local authority,E92000001,England,E12000004,East Midlands,857,Rutland,E06000017,25 years,Total,c,c
2023,Reporting year,Local authority,E92000001,England,E12000004,East Midlands,857,Rutland,E06000017,25 years,Young person has requested and received support,c,c
2023,Reporting year,Local authority,E92000001,England,E12000004,East Midlands,892,Nottingham,E06000018,22 years,Care leaver not in touch,82,84
2023,Reporting year,Local authority,E92000001,England,E12000004,East Midlands,892,Nottingham,E06000018,22 years,Total,98,100
2023,Reporting year,Local authority,E92000001,England,E12000004,East Midlands,892,Nottingham,E06000018,22 years,Young person has requested and received support,16,16
2023,Reporting year,Local authority,E92000001,England,E12000004,East Midlands,892,Nottingham,E06000018,23 years,Care leaver not in touch,80,90
2023,Reporting year,Local authority,E92000001,England,E12000004,East Midlands,892,Nottingham,E06000018,23 years,Total,89,100
2023,Reporting year,Local authority,E92000001,England,E12000004,East Midlands,892,Nottingham,E06000018,23 years,Young person has requested and received support,9,10
2023,Reporting year,Local authority,E92000001,England,E12000004,East Midlands,892,Nottingham,E06000018,24 years,Care leaver not in touch,c,c
2023,Reporting year,Local authority,E92000001,England,E12000004,East Midlands,892,Nottingham,E06000018,24 years,Total,64,100
2023,Reporting year,Local authority,E92000001,England,E12000004,East Midlands,892,Nottingham,E06000018,24 years,Young person has requested and received support,c,c
2023,Reporting year,Local authority,E92000001,England,E12000004,East Midlands,892,Nottingham,E06000018,25 years,Care leaver not in touch,c,c
2023,Reporting year,Local authority,E92000001,England,E12000004,East Midlands,892,Nottingham,E06000018,25 years,Total,96,100
2023,Reporting year,Local authority,E92000001,England,E12000004,East Midlands,892,Nottingham,E06000018,25 years,Young person has requested and received support,c,c
2023,Reporting year,Local authority,E92000001,England,E12000004,East Midlands,940,North Northamptonshire,E06000061,22 years,Care leaver not in touch,54,78
2023,Reporting year,Local authority,E92000001,England,E12000004,East Midlands,940,North Northamptonshire,E06000061,22 years,Total,69,100
2023,Reporting year,Local authority,E92000001,England,E12000004,East Midlands,940,North Northamptonshire,E06000061,22 years,Young person has requested and received support,15,22
2023,Reporting year,Local authority,E92000001,England,E12000004,East Midlands,940,North Northamptonshire,E06000061,23 years,Care leaver not in touch,39,81
2023,Reporting year,Local authority,E92000001,England,E12000004,East Midlands,940,North Northamptonshire,E06000061,23 years,Total,48,100
2023,Reporting year,Local authority,E92000001,England,E12000004,East Midlands,940,North Northamptonshire,E06000061,23 years,Young person has requested and received support,9,19
2023,Reporting year,Local authority,E92000001,England,E12000004,East Midlands,940,North Northamptonshire,E06000061,24 years,Care leaver not in touch,x,x
2023,Reporting year,Local authority,E92000001,England,E12000004,East Midlands,940,North Northamptonshire,E06000061,24 years,Total,x,x
2023,Reporting year,Local authority,E92000001,England,E12000004,East Midlands,940,North Northamptonshire,E06000061,24 years,Young person has requested and received support,x,x
2023,Reporting year,Local authority,E92000001,England,E12000004,East Midlands,940,North Northamptonshire,E06000061,25 years,Care leaver not in touch,x,x
2023,Reporting year,Local authority,E92000001,England,E12000004,East Midlands,940,North Northamptonshire,E06000061,25 years,Total,x,x
2023,Reporting year,Local authority,E92000001,England,E12000004,East Midlands,940,North Northamptonshire,E06000061,25 years,Young person has requested and received support,x,x
2023,Reporting year,Local authority,E92000001,England,E12000004,East Midlands,941,West Northamptonshire,E06000062,22 years,Care leaver not in touch,99,90
2023,Reporting year,Local authority,E92000001,England,E12000004,East Midlands,941,West Northamptonshire,E06000062,22 years,Total,110,100
2023,Reporting year,Local authority,E92000001,England,E12000004,East Midlands,941,West Northamptonshire,E06000062,22 years,Young person has requested and received support,11,10
2023,Reporting year,Local authority,E92000001,England,E12000004,East Midlands,941,West Northamptonshire,E06000062,23 years,Care leaver not in touch,c,c
2023,Reporting year,Local authority,E92000001,England,E12000004,East Midlands,941,West Northamptonshire,E06000062,23 years,Total,111,100
2023,Reporting year,Local authority,E92000001,England,E12000004,East Midlands,941,West Northamptonshire,E06000062,23 years,Young person has requested and received support,c,c
2023,Reporting year,Local authority,E92000001,England,E12000004,East Midlands,941,West Northamptonshire,E06000062,24 years,Care leaver not in touch,x,x
2023,Reporting year,Local authority,E92000001,England,E12000004,East Midlands,941,West Northamptonshire,E06000062,24 years,Total,x,x
2023,Reporting year,Local authority,E92000001,England,E12000004,East Midlands,941,West Northamptonshire,E06000062,24 years,Young person has requested and received support,x,x
2023,Reporting year,Local authority,E92000001,England,E12000004,East Midlands,941,West Northamptonshire,E06000062,25 years,Care leaver not in touch,x,x
2023,Reporting year,Local authority,E92000001,England,E12000004,East Midlands,941,West Northamptonshire,E06000062,25 years,Total,x,x
2023,Reporting year,Local authority,E92000001,England,E12000004,East Midlands,941,West Northamptonshire,E06000062,25 years,Young person has requested and received support,x,x
2023,Reporting year,Local authority,E92000001,England,E12000004,East Midlands,830,Derbyshire,E10000007,22 years,Care leaver not in touch,40,37
2023,Reporting year,Local authority,E92000001,England,E12000004,East Midlands,830,Derbyshire,E10000007,22 years,Total,109,100
2023,Reporting year,Local authority,E92000001,England,E12000004,East Midlands,830,Derbyshire,E10000007,22 years,Young person has requested and received support,69,63
2023,Reporting year,Local authority,E92000001,England,E12000004,East Midlands,830,Derbyshire,E10000007,23 years,Care leaver not in touch,45,52
2023,Reporting year,Local authority,E92000001,England,E12000004,East Midlands,830,Derbyshire,E10000007,23 years,Total,86,100
2023,Reporting year,Local authority,E92000001,England,E12000004,East Midlands,830,Derbyshire,E10000007,23 years,Young person has requested and received support,41,48
2023,Reporting year,Local authority,E92000001,England,E12000004,East Midlands,830,Derbyshire,E10000007,24 years,Care leaver not in touch,52,57
2023,Reporting year,Local authority,E92000001,England,E12000004,East Midlands,830,Derbyshire,E10000007,24 years,Total,91,100
2023,Reporting year,Local authority,E92000001,England,E12000004,East Midlands,830,Derbyshire,E10000007,24 years,Young person has requested and received support,39,43
2023,Reporting year,Local authority,E92000001,England,E12000004,East Midlands,830,Derbyshire,E10000007,25 years,Care leaver not in touch,64,76
2023,Reporting year,Local authority,E92000001,England,E12000004,East Midlands,830,Derbyshire,E10000007,25 years,Total,84,100
2023,Reporting year,Local authority,E92000001,England,E12000004,East Midlands,830,Derbyshire,E10000007,25 years,Young person has requested and received support,20,24
2023,Reporting year,Local authority,E92000001,England,E12000004,East Midlands,855,Leicestershire,E10000018,22 years,Care leaver not in touch,45,59
2023,Reporting year,Local authority,E92000001,England,E12000004,East Midlands,855,Leicestershire,E10000018,22 years,Total,76,100
2023,Reporting year,Local authority,E92000001,England,E12000004,East Midlands,855,Leicestershire,E10000018,22 years,Young person has requested and received support,31,41
2023,Reporting year,Local authority,E92000001,England,E12000004,East Midlands,855,Leicestershire,E10000018,23 years,Care leaver not in touch,51,73
2023,Reporting year,Local authority,E92000001,England,E12000004,East Midlands,855,Leicestershire,E10000018,23 years,Total,70,100
2023,Reporting year,Local authority,E92000001,England,E12000004,East Midlands,855,Leicestershire,E10000018,23 years,Young person has requested and received support,19,27
2023,Reporting year,Local authority,E92000001,England,E12000004,East Midlands,855,Leicestershire,E10000018,24 years,Care leaver not in touch,45,78
2023,Reporting year,Local authority,E92000001,England,E12000004,East Midlands,855,Leicestershire,E10000018,24 years,Total,58,100
2023,Reporting year,Local authority,E92000001,England,E12000004,East Midlands,855,Leicestershire,E10000018,24 years,Young person has requested and received support,13,22
2023,Reporting year,Local authority,E92000001,England,E12000004,East Midlands,855,Leicestershire,E10000018,25 years,Care leaver not in touch,63,91
2023,Reporting year,Local authority,E92000001,England,E12000004,East Midlands,855,Leicestershire,E10000018,25 years,Total,69,100
2023,Reporting year,Local authority,E92000001,England,E12000004,East Midlands,855,Leicestershire,E10000018,25 years,Young person has requested and received support,6,9
2023,Reporting year,Local authority,E92000001,England,E12000004,East Midlands,925,Lincolnshire,E10000019,22 years,Care leaver not in touch,40,40
2023,Reporting year,Local authority,E92000001,England,E12000004,East Midlands,925,Lincolnshire,E10000019,22 years,Total,99,100
2023,Reporting year,Local authority,E92000001,England,E12000004,East Midlands,925,Lincolnshire,E10000019,22 years,Young person has requested and received support,59,60
2023,Reporting year,Local authority,E92000001,England,E12000004,East Midlands,925,Lincolnshire,E10000019,23 years,Care leaver not in touch,40,48
2023,Reporting year,Local authority,E92000001,England,E12000004,East Midlands,925,Lincolnshire,E10000019,23 years,Total,83,100
2023,Reporting year,Local authority,E92000001,England,E12000004,East Midlands,925,Lincolnshire,E10000019,23 years,Young person has requested and received support,43,52
2023,Reporting year,Local authority,E92000001,England,E12000004,East Midlands,925,Lincolnshire,E10000019,24 years,Care leaver not in touch,6,8
2023,Reporting year,Local authority,E92000001,England,E12000004,East Midlands,925,Lincolnshire,E10000019,24 years,Total,77,100
2023,Reporting year,Local authority,E92000001,England,E12000004,East Midlands,925,Lincolnshire,E10000019,24 years,Young person has requested and received support,71,92
2023,Reporting year,Local authority,E92000001,England,E12000004,East Midlands,925,Lincolnshire,E10000019,25 years,Care leaver not in touch,9,12
2023,Reporting year,Local authority,E92000001,England,E12000004,East Midlands,925,Lincolnshire,E10000019,25 years,Total,76,100
2023,Reporting year,Local authority,E92000001,England,E12000004,East Midlands,925,Lincolnshire,E10000019,25 years,Young person has requested and received support,67,88
2023,Reporting year,Local authority,E92000001,England,E12000004,East Midlands,891,Nottinghamshire,E10000024,22 years,Care leaver not in touch,17,15
2023,Reporting year,Local authority,E92000001,England,E12000004,East Midlands,891,Nottinghamshire,E10000024,22 years,Total,116,100
2023,Reporting year,Local authority,E92000001,England,E12000004,East Midlands,891,Nottinghamshire,E10000024,22 years,Young person has requested and received support,99,85
2023,Reporting year,Local authority,E92000001,England,E12000004,East Midlands,891,Nottinghamshire,E10000024,23 years,Care leaver not in touch,6,6
2023,Reporting year,Local authority,E92000001,England,E12000004,East Midlands,891,Nottinghamshire,E10000024,23 years,Total,97,100
2023,Reporting year,Local authority,E92000001,England,E12000004,East Midlands,891,Nottinghamshire,E10000024,23 years,Young person has requested and received support,91,94
2023,Reporting year,Local authority,E92000001,England,E12000004,East Midlands,891,Nottinghamshire,E10000024,24 years,Care leaver not in touch,10,8
2023,Reporting year,Local authority,E92000001,England,E12000004,East Midlands,891,Nottinghamshire,E10000024,24 years,Total,122,100
2023,Reporting year,Local authority,E92000001,England,E12000004,East Midlands,891,Nottinghamshire,E10000024,24 years,Young person has requested and received support,112,92
2023,Reporting year,Local authority,E92000001,England,E12000004,East Midlands,891,Nottinghamshire,E10000024,25 years,Care leaver not in touch,14,11
2023,Reporting year,Local authority,E92000001,England,E12000004,East Midlands,891,Nottinghamshire,E10000024,25 years,Total,122,100
2023,Reporting year,Local authority,E92000001,England,E12000004,East Midlands,891,Nottinghamshire,E10000024,25 years,Young person has requested and received support,108,89
2023,Reporting year,Local authority,E92000001,England,E12000005,West Midlands,884,"Herefordshire, County of",E06000019,22 years,Care leaver not in touch,c,c
2023,Reporting year,Local authority,E92000001,England,E12000005,West Midlands,884,"Herefordshire, County of",E06000019,22 years,Total,32,100
2023,Reporting year,Local authority,E92000001,England,E12000005,West Midlands,884,"Herefordshire, County of",E06000019,22 years,Young person has requested and received support,c,c
2023,Reporting year,Local authority,E92000001,England,E12000005,West Midlands,884,"Herefordshire, County of",E06000019,23 years,Care leaver not in touch,c,c
2023,Reporting year,Local authority,E92000001,England,E12000005,West Midlands,884,"Herefordshire, County of",E06000019,23 years,Total,39,100
2023,Reporting year,Local authority,E92000001,England,E12000005,West Midlands,884,"Herefordshire, County of",E06000019,23 years,Young person has requested and received support,c,c
2023,Reporting year,Local authority,E92000001,England,E12000005,West Midlands,884,"Herefordshire, County of",E06000019,24 years,Care leaver not in touch,6,17
2023,Reporting year,Local authority,E92000001,England,E12000005,West Midlands,884,"Herefordshire, County of",E06000019,24 years,Total,35,100
2023,Reporting year,Local authority,E92000001,England,E12000005,West Midlands,884,"Herefordshire, County of",E06000019,24 years,Young person has requested and received support,29,83
2023,Reporting year,Local authority,E92000001,England,E12000005,West Midlands,884,"Herefordshire, County of",E06000019,25 years,Care leaver not in touch,21,100
2023,Reporting year,Local authority,E92000001,England,E12000005,West Midlands,884,"Herefordshire, County of",E06000019,25 years,Total,21,100
2023,Reporting year,Local authority,E92000001,England,E12000005,West Midlands,884,"Herefordshire, County of",E06000019,25 years,Young person has requested and received support,0,0
2023,Reporting year,Local authority,E92000001,England,E12000005,West Midlands,894,Telford and Wrekin,E06000020,22 years,Care leaver not in touch,6,24
2023,Reporting year,Local authority,E92000001,England,E12000005,West Midlands,894,Telford and Wrekin,E06000020,22 years,Total,25,100
2023,Reporting year,Local authority,E92000001,England,E12000005,West Midlands,894,Telford and Wrekin,E06000020,22 years,Young person has requested and received support,19,76
2023,Reporting year,Local authority,E92000001,England,E12000005,West Midlands,894,Telford and Wrekin,E06000020,23 years,Care leaver not in touch,7,28
2023,Reporting year,Local authority,E92000001,England,E12000005,West Midlands,894,Telford and Wrekin,E06000020,23 years,Total,25,100
2023,Reporting year,Local authority,E92000001,England,E12000005,West Midlands,894,Telford and Wrekin,E06000020,23 years,Young person has requested and received support,18,72
2023,Reporting year,Local authority,E92000001,England,E12000005,West Midlands,894,Telford and Wrekin,E06000020,24 years,Care leaver not in touch,6,24
2023,Reporting year,Local authority,E92000001,England,E12000005,West Midlands,894,Telford and Wrekin,E06000020,24 years,Total,25,100
2023,Reporting year,Local authority,E92000001,England,E12000005,West Midlands,894,Telford and Wrekin,E06000020,24 years,Young person has requested and received support,19,76
2023,Reporting year,Local authority,E92000001,England,E12000005,West Midlands,894,Telford and Wrekin,E06000020,25 years,Care leaver not in touch,20,69
2023,Reporting year,Local authority,E92000001,England,E12000005,West Midlands,894,Telford and Wrekin,E06000020,25 years,Total,29,100
2023,Reporting year,Local authority,E92000001,England,E12000005,West Midlands,894,Telford and Wrekin,E06000020,25 years,Young person has requested and received support,9,31
2023,Reporting year,Local authority,E92000001,England,E12000005,West Midlands,861,Stoke-on-Trent,E06000021,22 years,Care leaver not in touch,35,49
2023,Reporting year,Local authority,E92000001,England,E12000005,West Midlands,861,Stoke-on-Trent,E06000021,22 years,Total,72,100
2023,Reporting year,Local authority,E92000001,England,E12000005,West Midlands,861,Stoke-on-Trent,E06000021,22 years,Young person has requested and received support,37,51
2023,Reporting year,Local authority,E92000001,England,E12000005,West Midlands,861,Stoke-on-Trent,E06000021,23 years,Care leaver not in touch,28,64
2023,Reporting year,Local authority,E92000001,England,E12000005,West Midlands,861,Stoke-on-Trent,E06000021,23 years,Total,44,100
2023,Reporting year,Local authority,E92000001,England,E12000005,West Midlands,861,Stoke-on-Trent,E06000021,23 years,Young person has requested and received support,16,36
2023,Reporting year,Local authority,E92000001,England,E12000005,West Midlands,861,Stoke-on-Trent,E06000021,24 years,Care leaver not in touch,38,72
2023,Reporting year,Local authority,E92000001,England,E12000005,West Midlands,861,Stoke-on-Trent,E06000021,24 years,Total,53,100
2023,Reporting year,Local authority,E92000001,England,E12000005,West Midlands,861,Stoke-on-Trent,E06000021,24 years,Young person has requested and received support,15,28
2023,Reporting year,Local authority,E92000001,England,E12000005,West Midlands,861,Stoke-on-Trent,E06000021,25 years,Care leaver not in touch,c,c
2023,Reporting year,Local authority,E92000001,England,E12000005,West Midlands,861,Stoke-on-Trent,E06000021,25 years,Total,56,100
2023,Reporting year,Local authority,E92000001,England,E12000005,West Midlands,861,Stoke-on-Trent,E06000021,25 years,Young person has requested and received support,c,c
2023,Reporting year,Local authority,E92000001,England,E12000005,West Midlands,893,Shropshire,E06000051,22 years,Care leaver not in touch,29,81
2023,Reporting year,Local authority,E92000001,England,E12000005,West Midlands,893,Shropshire,E06000051,22 years,Total,36,100
2023,Reporting year,Local authority,E92000001,England,E12000005,West Midlands,893,Shropshire,E06000051,22 years,Young person has requested and received support,7,19
2023,Reporting year,Local authority,E92000001,England,E12000005,West Midlands,893,Shropshire,E06000051,23 years,Care leaver not in touch,c,c
2023,Reporting year,Local authority,E92000001,England,E12000005,West Midlands,893,Shropshire,E06000051,23 years,Total,46,100
2023,Reporting year,Local authority,E92000001,England,E12000005,West Midlands,893,Shropshire,E06000051,23 years,Young person has requested and received support,c,c
2023,Reporting year,Local authority,E92000001,England,E12000005,West Midlands,893,Shropshire,E06000051,24 years,Care leaver not in touch,c,c
2023,Reporting year,Local authority,E92000001,England,E12000005,West Midlands,893,Shropshire,E06000051,24 years,Total,38,100
2023,Reporting year,Local authority,E92000001,England,E12000005,West Midlands,893,Shropshire,E06000051,24 years,Young person has requested and received support,c,c
2023,Reporting year,Local authority,E92000001,England,E12000005,West Midlands,893,Shropshire,E06000051,25 years,Care leaver not in touch,35,100
2023,Reporting year,Local authority,E92000001,England,E12000005,West Midlands,893,Shropshire,E06000051,25 years,Total,35,100
2023,Reporting year,Local authority,E92000001,England,E12000005,West Midlands,893,Shropshire,E06000051,25 years,Young person has requested and received support,0,0
2023,Reporting year,Local authority,E92000001,England,E12000005,West Midlands,330,Birmingham,E08000025,22 years,Care leaver not in touch,200,71
2023,Reporting year,Local authority,E92000001,England,E12000005,West Midlands,330,Birmingham,E08000025,22 years,Total,282,100
2023,Reporting year,Local authority,E92000001,England,E12000005,West Midlands,330,Birmingham,E08000025,22 years,Young person has requested and received support,82,29
2023,Reporting year,Local authority,E92000001,England,E12000005,West Midlands,330,Birmingham,E08000025,23 years,Care leaver not in touch,219,84
2023,Reporting year,Local authority,E92000001,England,E12000005,West Midlands,330,Birmingham,E08000025,23 years,Total,261,100
2023,Reporting year,Local authority,E92000001,England,E12000005,West Midlands,330,Birmingham,E08000025,23 years,Young person has requested and received support,42,16
2023,Reporting year,Local authority,E92000001,England,E12000005,West Midlands,330,Birmingham,E08000025,24 years,Care leaver not in touch,216,90
2023,Reporting year,Local authority,E92000001,England,E12000005,West Midlands,330,Birmingham,E08000025,24 years,Total,240,100
2023,Reporting year,Local authority,E92000001,England,E12000005,West Midlands,330,Birmingham,E08000025,24 years,Young person has requested and received support,24,10
2023,Reporting year,Local authority,E92000001,England,E12000005,West Midlands,330,Birmingham,E08000025,25 years,Care leaver not in touch,237,94
2023,Reporting year,Local authority,E92000001,England,E12000005,West Midlands,330,Birmingham,E08000025,25 years,Total,252,100
2023,Reporting year,Local authority,E92000001,England,E12000005,West Midlands,330,Birmingham,E08000025,25 years,Young person has requested and received support,15,6
2023,Reporting year,Local authority,E92000001,England,E12000005,West Midlands,331,Coventry,E08000026,22 years,Care leaver not in touch,49,47
2023,Reporting year,Local authority,E92000001,England,E12000005,West Midlands,331,Coventry,E08000026,22 years,Total,105,100
2023,Reporting year,Local authority,E92000001,England,E12000005,West Midlands,331,Coventry,E08000026,22 years,Young person has requested and received support,56,53
2023,Reporting year,Local authority,E92000001,England,E12000005,West Midlands,331,Coventry,E08000026,23 years,Care leaver not in touch,63,69
2023,Reporting year,Local authority,E92000001,England,E12000005,West Midlands,331,Coventry,E08000026,23 years,Total,91,100
2023,Reporting year,Local authority,E92000001,England,E12000005,West Midlands,331,Coventry,E08000026,23 years,Young person has requested and received support,28,31
2023,Reporting year,Local authority,E92000001,England,E12000005,West Midlands,331,Coventry,E08000026,24 years,Care leaver not in touch,60,78
2023,Reporting year,Local authority,E92000001,England,E12000005,West Midlands,331,Coventry,E08000026,24 years,Total,77,100
2023,Reporting year,Local authority,E92000001,England,E12000005,West Midlands,331,Coventry,E08000026,24 years,Young person has requested and received support,17,22
2023,Reporting year,Local authority,E92000001,England,E12000005,West Midlands,331,Coventry,E08000026,25 years,Care leaver not in touch,58,89
2023,Reporting year,Local authority,E92000001,England,E12000005,West Midlands,331,Coventry,E08000026,25 years,Total,65,100
2023,Reporting year,Local authority,E92000001,England,E12000005,West Midlands,331,Coventry,E08000026,25 years,Young person has requested and received support,7,11
2023,Reporting year,Local authority,E92000001,England,E12000005,West Midlands,332,Dudley,E08000027,22 years,Care leaver not in touch,55,83
2023,Reporting year,Local authority,E92000001,England,E12000005,West Midlands,332,Dudley,E08000027,22 years,Total,66,100
2023,Reporting year,Local authority,E92000001,England,E12000005,West Midlands,332,Dudley,E08000027,22 years,Young person has requested and received support,11,17
2023,Reporting year,Local authority,E92000001,England,E12000005,West Midlands,332,Dudley,E08000027,23 years,Care leaver not in touch,68,86
2023,Reporting year,Local authority,E92000001,England,E12000005,West Midlands,332,Dudley,E08000027,23 years,Total,79,100
2023,Reporting year,Local authority,E92000001,England,E12000005,West Midlands,332,Dudley,E08000027,23 years,Young person has requested and received support,11,14
2023,Reporting year,Local authority,E92000001,England,E12000005,West Midlands,332,Dudley,E08000027,24 years,Care leaver not in touch,c,c
2023,Reporting year,Local authority,E92000001,England,E12000005,West Midlands,332,Dudley,E08000027,24 years,Total,63,100
2023,Reporting year,Local authority,E92000001,England,E12000005,West Midlands,332,Dudley,E08000027,24 years,Young person has requested and received support,c,c
2023,Reporting year,Local authority,E92000001,England,E12000005,West Midlands,332,Dudley,E08000027,25 years,Care leaver not in touch,67,100
2023,Reporting year,Local authority,E92000001,England,E12000005,West Midlands,332,Dudley,E08000027,25 years,Total,67,100
2023,Reporting year,Local authority,E92000001,England,E12000005,West Midlands,332,Dudley,E08000027,25 years,Young person has requested and received support,0,0
2023,Reporting year,Local authority,E92000001,England,E12000005,West Midlands,333,Sandwell,E08000028,22 years,Care leaver not in touch,27,31
2023,Reporting year,Local authority,E92000001,England,E12000005,West Midlands,333,Sandwell,E08000028,22 years,Total,88,100
2023,Reporting year,Local authority,E92000001,England,E12000005,West Midlands,333,Sandwell,E08000028,22 years,Young person has requested and received support,61,69
2023,Reporting year,Local authority,E92000001,England,E12000005,West Midlands,333,Sandwell,E08000028,23 years,Care leaver not in touch,32,54
2023,Reporting year,Local authority,E92000001,England,E12000005,West Midlands,333,Sandwell,E08000028,23 years,Total,59,100
2023,Reporting year,Local authority,E92000001,England,E12000005,West Midlands,333,Sandwell,E08000028,23 years,Young person has requested and received support,27,46
2023,Reporting year,Local authority,E92000001,England,E12000005,West Midlands,333,Sandwell,E08000028,24 years,Care leaver not in touch,37,65
2023,Reporting year,Local authority,E92000001,England,E12000005,West Midlands,333,Sandwell,E08000028,24 years,Total,57,100
2023,Reporting year,Local authority,E92000001,England,E12000005,West Midlands,333,Sandwell,E08000028,24 years,Young person has requested and received support,20,35
2023,Reporting year,Local authority,E92000001,England,E12000005,West Midlands,333,Sandwell,E08000028,25 years,Care leaver not in touch,41,76
2023,Reporting year,Local authority,E92000001,England,E12000005,West Midlands,333,Sandwell,E08000028,25 years,Total,54,100
2023,Reporting year,Local authority,E92000001,England,E12000005,West Midlands,333,Sandwell,E08000028,25 years,Young person has requested and received support,13,24
2023,Reporting year,Local authority,E92000001,England,E12000005,West Midlands,334,Solihull,E08000029,22 years,Care leaver not in touch,26,46
2023,Reporting year,Local authority,E92000001,England,E12000005,West Midlands,334,Solihull,E08000029,22 years,Total,56,100
2023,Reporting year,Local authority,E92000001,England,E12000005,West Midlands,334,Solihull,E08000029,22 years,Young person has requested and received support,30,54
2023,Reporting year,Local authority,E92000001,England,E12000005,West Midlands,334,Solihull,E08000029,23 years,Care leaver not in touch,19,39
2023,Reporting year,Local authority,E92000001,England,E12000005,West Midlands,334,Solihull,E08000029,23 years,Total,49,100
2023,Reporting year,Local authority,E92000001,England,E12000005,West Midlands,334,Solihull,E08000029,23 years,Young person has requested and received support,30,61
2023,Reporting year,Local authority,E92000001,England,E12000005,West Midlands,334,Solihull,E08000029,24 years,Care leaver not in touch,24,47
2023,Reporting year,Local authority,E92000001,England,E12000005,West Midlands,334,Solihull,E08000029,24 years,Total,51,100
2023,Reporting year,Local authority,E92000001,England,E12000005,West Midlands,334,Solihull,E08000029,24 years,Young person has requested and received support,27,53
2023,Reporting year,Local authority,E92000001,England,E12000005,West Midlands,334,Solihull,E08000029,25 years,Care leaver not in touch,37,84
2023,Reporting year,Local authority,E92000001,England,E12000005,West Midlands,334,Solihull,E08000029,25 years,Total,44,100
2023,Reporting year,Local authority,E92000001,England,E12000005,West Midlands,334,Solihull,E08000029,25 years,Young person has requested and received support,7,16
2023,Reporting year,Local authority,E92000001,England,E12000005,West Midlands,335,Walsall,E08000030,22 years,Care leaver not in touch,40,75
2023,Reporting year,Local authority,E92000001,England,E12000005,West Midlands,335,Walsall,E08000030,22 years,Total,53,100
2023,Reporting year,Local authority,E92000001,England,E12000005,West Midlands,335,Walsall,E08000030,22 years,Young person has requested and received support,13,25
2023,Reporting year,Local authority,E92000001,England,E12000005,West Midlands,335,Walsall,E08000030,23 years,Care leaver not in touch,50,86
2023,Reporting year,Local authority,E92000001,England,E12000005,West Midlands,335,Walsall,E08000030,23 years,Total,58,100
2023,Reporting year,Local authority,E92000001,England,E12000005,West Midlands,335,Walsall,E08000030,23 years,Young person has requested and received support,8,14
2023,Reporting year,Local authority,E92000001,England,E12000005,West Midlands,335,Walsall,E08000030,24 years,Care leaver not in touch,c,c
2023,Reporting year,Local authority,E92000001,England,E12000005,West Midlands,335,Walsall,E08000030,24 years,Total,47,100
2023,Reporting year,Local authority,E92000001,England,E12000005,West Midlands,335,Walsall,E08000030,24 years,Young person has requested and received support,c,c
2023,Reporting year,Local authority,E92000001,England,E12000005,West Midlands,335,Walsall,E08000030,25 years,Care leaver not in touch,c,c
2023,Reporting year,Local authority,E92000001,England,E12000005,West Midlands,335,Walsall,E08000030,25 years,Total,40,100
2023,Reporting year,Local authority,E92000001,England,E12000005,West Midlands,335,Walsall,E08000030,25 years,Young person has requested and received support,c,c
2023,Reporting year,Local authority,E92000001,England,E12000005,West Midlands,336,Wolverhampton,E08000031,22 years,Care leaver not in touch,16,38
2023,Reporting year,Local authority,E92000001,England,E12000005,West Midlands,336,Wolverhampton,E08000031,22 years,Total,42,100
2023,Reporting year,Local authority,E92000001,England,E12000005,West Midlands,336,Wolverhampton,E08000031,22 years,Young person has requested and received support,26,62
2023,Reporting year,Local authority,E92000001,England,E12000005,West Midlands,336,Wolverhampton,E08000031,23 years,Care leaver not in touch,25,45
2023,Reporting year,Local authority,E92000001,England,E12000005,West Midlands,336,Wolverhampton,E08000031,23 years,Total,56,100
2023,Reporting year,Local authority,E92000001,England,E12000005,West Midlands,336,Wolverhampton,E08000031,23 years,Young person has requested and received support,31,55
2023,Reporting year,Local authority,E92000001,England,E12000005,West Midlands,336,Wolverhampton,E08000031,24 years,Care leaver not in touch,40,63
2023,Reporting year,Local authority,E92000001,England,E12000005,West Midlands,336,Wolverhampton,E08000031,24 years,Total,64,100
2023,Reporting year,Local authority,E92000001,England,E12000005,West Midlands,336,Wolverhampton,E08000031,24 years,Young person has requested and received support,24,38
2023,Reporting year,Local authority,E92000001,England,E12000005,West Midlands,336,Wolverhampton,E08000031,25 years,Care leaver not in touch,47,76
2023,Reporting year,Local authority,E92000001,England,E12000005,West Midlands,336,Wolverhampton,E08000031,25 years,Total,62,100
2023,Reporting year,Local authority,E92000001,England,E12000005,West Midlands,336,Wolverhampton,E08000031,25 years,Young person has requested and received support,15,24
2023,Reporting year,Local authority,E92000001,England,E12000005,West Midlands,860,Staffordshire,E10000028,22 years,Care leaver not in touch,9,6
2023,Reporting year,Local authority,E92000001,England,E12000005,West Midlands,860,Staffordshire,E10000028,22 years,Total,142,100
2023,Reporting year,Local authority,E92000001,England,E12000005,West Midlands,860,Staffordshire,E10000028,22 years,Young person has requested and received support,133,94
2023,Reporting year,Local authority,E92000001,England,E12000005,West Midlands,860,Staffordshire,E10000028,23 years,Care leaver not in touch,23,16
2023,Reporting year,Local authority,E92000001,England,E12000005,West Midlands,860,Staffordshire,E10000028,23 years,Total,148,100
2023,Reporting year,Local authority,E92000001,England,E12000005,West Midlands,860,Staffordshire,E10000028,23 years,Young person has requested and received support,125,84
2023,Reporting year,Local authority,E92000001,England,E12000005,West Midlands,860,Staffordshire,E10000028,24 years,Care leaver not in touch,75,54
2023,Reporting year,Local authority,E92000001,England,E12000005,West Midlands,860,Staffordshire,E10000028,24 years,Total,140,100
2023,Reporting year,Local authority,E92000001,England,E12000005,West Midlands,860,Staffordshire,E10000028,24 years,Young person has requested and received support,65,46
2023,Reporting year,Local authority,E92000001,England,E12000005,West Midlands,860,Staffordshire,E10000028,25 years,Care leaver not in touch,75,82
2023,Reporting year,Local authority,E92000001,England,E12000005,West Midlands,860,Staffordshire,E10000028,25 years,Total,91,100
2023,Reporting year,Local authority,E92000001,England,E12000005,West Midlands,860,Staffordshire,E10000028,25 years,Young person has requested and received support,16,18
2023,Reporting year,Local authority,E92000001,England,E12000005,West Midlands,937,Warwickshire,E10000031,22 years,Care leaver not in touch,46,32
2023,Reporting year,Local authority,E92000001,England,E12000005,West Midlands,937,Warwickshire,E10000031,22 years,Total,142,100
2023,Reporting year,Local authority,E92000001,England,E12000005,West Midlands,937,Warwickshire,E10000031,22 years,Young person has requested and received support,96,68
2023,Reporting year,Local authority,E92000001,England,E12000005,West Midlands,937,Warwickshire,E10000031,23 years,Care leaver not in touch,54,50
2023,Reporting year,Local authority,E92000001,England,E12000005,West Midlands,937,Warwickshire,E10000031,23 years,Total,108,100
2023,Reporting year,Local authority,E92000001,England,E12000005,West Midlands,937,Warwickshire,E10000031,23 years,Young person has requested and received support,54,50
2023,Reporting year,Local authority,E92000001,England,E12000005,West Midlands,937,Warwickshire,E10000031,24 years,Care leaver not in touch,73,65
2023,Reporting year,Local authority,E92000001,England,E12000005,West Midlands,937,Warwickshire,E10000031,24 years,Total,113,100
2023,Reporting year,Local authority,E92000001,England,E12000005,West Midlands,937,Warwickshire,E10000031,24 years,Young person has requested and received support,40,35
2023,Reporting year,Local authority,E92000001,England,E12000005,West Midlands,937,Warwickshire,E10000031,25 years,Care leaver not in touch,82,87
2023,Reporting year,Local authority,E92000001,England,E12000005,West Midlands,937,Warwickshire,E10000031,25 years,Total,94,100
2023,Reporting year,Local authority,E92000001,England,E12000005,West Midlands,937,Warwickshire,E10000031,25 years,Young person has requested and received support,12,13
2023,Reporting year,Local authority,E92000001,England,E12000005,West Midlands,885,Worcestershire,E10000034,22 years,Care leaver not in touch,49,54
2023,Reporting year,Local authority,E92000001,England,E12000005,West Midlands,885,Worcestershire,E10000034,22 years,Total,90,100
2023,Reporting year,Local authority,E92000001,England,E12000005,West Midlands,885,Worcestershire,E10000034,22 years,Young person has requested and received support,41,46
2023,Reporting year,Local authority,E92000001,England,E12000005,West Midlands,885,Worcestershire,E10000034,23 years,Care leaver not in touch,66,66
2023,Reporting year,Local authority,E92000001,England,E12000005,West Midlands,885,Worcestershire,E10000034,23 years,Total,100,100
2023,Reporting year,Local authority,E92000001,England,E12000005,West Midlands,885,Worcestershire,E10000034,23 years,Young person has requested and received support,34,34
2023,Reporting year,Local authority,E92000001,England,E12000005,West Midlands,885,Worcestershire,E10000034,24 years,Care leaver not in touch,86,83
2023,Reporting year,Local authority,E92000001,England,E12000005,West Midlands,885,Worcestershire,E10000034,24 years,Total,104,100
2023,Reporting year,Local authority,E92000001,England,E12000005,West Midlands,885,Worcestershire,E10000034,24 years,Young person has requested and received support,18,17
2023,Reporting year,Local authority,E92000001,England,E12000005,West Midlands,885,Worcestershire,E10000034,25 years,Care leaver not in touch,83,100
2023,Reporting year,Local authority,E92000001,England,E12000005,West Midlands,885,Worcestershire,E10000034,25 years,Total,83,100
2023,Reporting year,Local authority,E92000001,England,E12000005,West Midlands,885,Worcestershire,E10000034,25 years,Young person has requested and received support,0,0
2023,Reporting year,Local authority,E92000001,England,E12000006,East of England,874,Peterborough,E06000031,22 years,Care leaver not in touch,c,c
2023,Reporting year,Local authority,E92000001,England,E12000006,East of England,874,Peterborough,E06000031,22 years,Total,73,100
2023,Reporting year,Local authority,E92000001,England,E12000006,East of England,874,Peterborough,E06000031,22 years,Young person has requested and received support,c,c
2023,Reporting year,Local authority,E92000001,England,E12000006,East of England,874,Peterborough,E06000031,23 years,Care leaver not in touch,60,100
2023,Reporting year,Local authority,E92000001,England,E12000006,East of England,874,Peterborough,E06000031,23 years,Total,60,100
2023,Reporting year,Local authority,E92000001,England,E12000006,East of England,874,Peterborough,E06000031,23 years,Young person has requested and received support,0,0
2023,Reporting year,Local authority,E92000001,England,E12000006,East of England,874,Peterborough,E06000031,24 years,Care leaver not in touch,c,c
2023,Reporting year,Local authority,E92000001,England,E12000006,East of England,874,Peterborough,E06000031,24 years,Total,48,100
2023,Reporting year,Local authority,E92000001,England,E12000006,East of England,874,Peterborough,E06000031,24 years,Young person has requested and received support,c,c
2023,Reporting year,Local authority,E92000001,England,E12000006,East of England,874,Peterborough,E06000031,25 years,Care leaver not in touch,44,100
2023,Reporting year,Local authority,E92000001,England,E12000006,East of England,874,Peterborough,E06000031,25 years,Total,44,100
2023,Reporting year,Local authority,E92000001,England,E12000006,East of England,874,Peterborough,E06000031,25 years,Young person has requested and received support,0,0
2023,Reporting year,Local authority,E92000001,England,E12000006,East of England,821,Luton,E06000032,22 years,Care leaver not in touch,37,76
2023,Reporting year,Local authority,E92000001,England,E12000006,East of England,821,Luton,E06000032,22 years,Total,49,100
2023,Reporting year,Local authority,E92000001,England,E12000006,East of England,821,Luton,E06000032,22 years,Young person has requested and received support,12,24
2023,Reporting year,Local authority,E92000001,England,E12000006,East of England,821,Luton,E06000032,23 years,Care leaver not in touch,64,78
2023,Reporting year,Local authority,E92000001,England,E12000006,East of England,821,Luton,E06000032,23 years,Total,82,100
2023,Reporting year,Local authority,E92000001,England,E12000006,East of England,821,Luton,E06000032,23 years,Young person has requested and received support,18,22
2023,Reporting year,Local authority,E92000001,England,E12000006,East of England,821,Luton,E06000032,24 years,Care leaver not in touch,c,c
2023,Reporting year,Local authority,E92000001,England,E12000006,East of England,821,Luton,E06000032,24 years,Total,65,100
2023,Reporting year,Local authority,E92000001,England,E12000006,East of England,821,Luton,E06000032,24 years,Young person has requested and received support,c,c
2023,Reporting year,Local authority,E92000001,England,E12000006,East of England,821,Luton,E06000032,25 years,Care leaver not in touch,c,c
2023,Reporting year,Local authority,E92000001,England,E12000006,East of England,821,Luton,E06000032,25 years,Total,49,100
2023,Reporting year,Local authority,E92000001,England,E12000006,East of England,821,Luton,E06000032,25 years,Young person has requested and received support,c,c
2023,Reporting year,Local authority,E92000001,England,E12000006,East of England,882,Southend-on-Sea,E06000033,22 years,Care leaver not in touch,35,85
2023,Reporting year,Local authority,E92000001,England,E12000006,East of England,882,Southend-on-Sea,E06000033,22 years,Total,41,100
2023,Reporting year,Local authority,E92000001,England,E12000006,East of England,882,Southend-on-Sea,E06000033,22 years,Young person has requested and received support,6,15
2023,Reporting year,Local authority,E92000001,England,E12000006,East of England,882,Southend-on-Sea,E06000033,23 years,Care leaver not in touch,43,100
2023,Reporting year,Local authority,E92000001,England,E12000006,East of England,882,Southend-on-Sea,E06000033,23 years,Total,43,100
2023,Reporting year,Local authority,E92000001,England,E12000006,East of England,882,Southend-on-Sea,E06000033,23 years,Young person has requested and received support,0,0
2023,Reporting year,Local authority,E92000001,England,E12000006,East of England,882,Southend-on-Sea,E06000033,24 years,Care leaver not in touch,c,c
2023,Reporting year,Local authority,E92000001,England,E12000006,East of England,882,Southend-on-Sea,E06000033,24 years,Total,41,100
2023,Reporting year,Local authority,E92000001,England,E12000006,East of England,882,Southend-on-Sea,E06000033,24 years,Young person has requested and received support,c,c
2023,Reporting year,Local authority,E92000001,England,E12000006,East of England,882,Southend-on-Sea,E06000033,25 years,Care leaver not in touch,28,100
2023,Reporting year,Local authority,E92000001,England,E12000006,East of England,882,Southend-on-Sea,E06000033,25 years,Total,28,100
2023,Reporting year,Local authority,E92000001,England,E12000006,East of England,882,Southend-on-Sea,E06000033,25 years,Young person has requested and received support,0,0
2023,Reporting year,Local authority,E92000001,England,E12000006,East of England,883,Thurrock,E06000034,22 years,Care leaver not in touch,46,79
2023,Reporting year,Local authority,E92000001,England,E12000006,East of England,883,Thurrock,E06000034,22 years,Total,58,100
2023,Reporting year,Local authority,E92000001,England,E12000006,East of England,883,Thurrock,E06000034,22 years,Young person has requested and received support,12,21
2023,Reporting year,Local authority,E92000001,England,E12000006,East of England,883,Thurrock,E06000034,23 years,Care leaver not in touch,61,85
2023,Reporting year,Local authority,E92000001,England,E12000006,East of England,883,Thurrock,E06000034,23 years,Total,72,100
2023,Reporting year,Local authority,E92000001,England,E12000006,East of England,883,Thurrock,E06000034,23 years,Young person has requested and received support,11,15
2023,Reporting year,Local authority,E92000001,England,E12000006,East of England,883,Thurrock,E06000034,24 years,Care leaver not in touch,c,c
2023,Reporting year,Local authority,E92000001,England,E12000006,East of England,883,Thurrock,E06000034,24 years,Total,68,100
2023,Reporting year,Local authority,E92000001,England,E12000006,East of England,883,Thurrock,E06000034,24 years,Young person has requested and received support,c,c
2023,Reporting year,Local authority,E92000001,England,E12000006,East of England,883,Thurrock,E06000034,25 years,Care leaver not in touch,c,c
2023,Reporting year,Local authority,E92000001,England,E12000006,East of England,883,Thurrock,E06000034,25 years,Total,50,100
2023,Reporting year,Local authority,E92000001,England,E12000006,East of England,883,Thurrock,E06000034,25 years,Young person has requested and received support,c,c
2023,Reporting year,Local authority,E92000001,England,E12000006,East of England,822,Bedford,E06000055,22 years,Care leaver not in touch,c,c
2023,Reporting year,Local authority,E92000001,England,E12000006,East of England,822,Bedford,E06000055,22 years,Total,39,100
2023,Reporting year,Local authority,E92000001,England,E12000006,East of England,822,Bedford,E06000055,22 years,Young person has requested and received support,c,c
2023,Reporting year,Local authority,E92000001,England,E12000006,East of England,822,Bedford,E06000055,23 years,Care leaver not in touch,c,c
2023,Reporting year,Local authority,E92000001,England,E12000006,East of England,822,Bedford,E06000055,23 years,Total,45,100
2023,Reporting year,Local authority,E92000001,England,E12000006,East of England,822,Bedford,E06000055,23 years,Young person has requested and received support,c,c
2023,Reporting year,Local authority,E92000001,England,E12000006,East of England,822,Bedford,E06000055,24 years,Care leaver not in touch,c,c
2023,Reporting year,Local authority,E92000001,England,E12000006,East of England,822,Bedford,E06000055,24 years,Total,36,100
2023,Reporting year,Local authority,E92000001,England,E12000006,East of England,822,Bedford,E06000055,24 years,Young person has requested and received support,c,c
2023,Reporting year,Local authority,E92000001,England,E12000006,East of England,822,Bedford,E06000055,25 years,Care leaver not in touch,32,100
2023,Reporting year,Local authority,E92000001,England,E12000006,East of England,822,Bedford,E06000055,25 years,Total,32,100
2023,Reporting year,Local authority,E92000001,England,E12000006,East of England,822,Bedford,E06000055,25 years,Young person has requested and received support,0,0
2023,Reporting year,Local authority,E92000001,England,E12000006,East of England,823,Central Bedfordshire,E06000056,22 years,Care leaver not in touch,33,69
2023,Reporting year,Local authority,E92000001,England,E12000006,East of England,823,Central Bedfordshire,E06000056,22 years,Total,48,100
2023,Reporting year,Local authority,E92000001,England,E12000006,East of England,823,Central Bedfordshire,E06000056,22 years,Young person has requested and received support,15,31
2023,Reporting year,Local authority,E92000001,England,E12000006,East of England,823,Central Bedfordshire,E06000056,23 years,Care leaver not in touch,44,88
2023,Reporting year,Local authority,E92000001,England,E12000006,East of England,823,Central Bedfordshire,E06000056,23 years,Total,50,100
2023,Reporting year,Local authority,E92000001,England,E12000006,East of England,823,Central Bedfordshire,E06000056,23 years,Young person has requested and received support,6,12
2023,Reporting year,Local authority,E92000001,England,E12000006,East of England,823,Central Bedfordshire,E06000056,24 years,Care leaver not in touch,c,c
2023,Reporting year,Local authority,E92000001,England,E12000006,East of England,823,Central Bedfordshire,E06000056,24 years,Total,41,100
2023,Reporting year,Local authority,E92000001,England,E12000006,East of England,823,Central Bedfordshire,E06000056,24 years,Young person has requested and received support,c,c
2023,Reporting year,Local authority,E92000001,England,E12000006,East of England,823,Central Bedfordshire,E06000056,25 years,Care leaver not in touch,35,100
2023,Reporting year,Local authority,E92000001,England,E12000006,East of England,823,Central Bedfordshire,E06000056,25 years,Total,35,100
2023,Reporting year,Local authority,E92000001,England,E12000006,East of England,823,Central Bedfordshire,E06000056,25 years,Young person has requested and received support,0,0
2023,Reporting year,Local authority,E92000001,England,E12000006,East of England,873,Cambridgeshire,E10000003,22 years,Care leaver not in touch,c,c
2023,Reporting year,Local authority,E92000001,England,E12000006,East of England,873,Cambridgeshire,E10000003,22 years,Total,90,100
2023,Reporting year,Local authority,E92000001,England,E12000006,East of England,873,Cambridgeshire,E10000003,22 years,Young person has requested and received support,c,c
2023,Reporting year,Local authority,E92000001,England,E12000006,East of England,873,Cambridgeshire,E10000003,23 years,Care leaver not in touch,c,c
2023,Reporting year,Local authority,E92000001,England,E12000006,East of England,873,Cambridgeshire,E10000003,23 years,Total,114,100
2023,Reporting year,Local authority,E92000001,England,E12000006,East of England,873,Cambridgeshire,E10000003,23 years,Young person has requested and received support,c,c
2023,Reporting year,Local authority,E92000001,England,E12000006,East of England,873,Cambridgeshire,E10000003,24 years,Care leaver not in touch,c,c
2023,Reporting year,Local authority,E92000001,England,E12000006,East of England,873,Cambridgeshire,E10000003,24 years,Total,88,100
2023,Reporting year,Local authority,E92000001,England,E12000006,East of England,873,Cambridgeshire,E10000003,24 years,Young person has requested and received support,c,c
2023,Reporting year,Local authority,E92000001,England,E12000006,East of England,873,Cambridgeshire,E10000003,25 years,Care leaver not in touch,10,16
2023,Reporting year,Local authority,E92000001,England,E12000006,East of England,873,Cambridgeshire,E10000003,25 years,Total,61,100
2023,Reporting year,Local authority,E92000001,England,E12000006,East of England,873,Cambridgeshire,E10000003,25 years,Young person has requested and received support,51,84
2023,Reporting year,Local authority,E92000001,England,E12000006,East of England,881,Essex,E10000012,22 years,Care leaver not in touch,148,76
2023,Reporting year,Local authority,E92000001,England,E12000006,East of England,881,Essex,E10000012,22 years,Total,195,100
2023,Reporting year,Local authority,E92000001,England,E12000006,East of England,881,Essex,E10000012,22 years,Young person has requested and received support,47,24
2023,Reporting year,Local authority,E92000001,England,E12000006,East of England,881,Essex,E10000012,23 years,Care leaver not in touch,165,84
2023,Reporting year,Local authority,E92000001,England,E12000006,East of England,881,Essex,E10000012,23 years,Total,196,100
2023,Reporting year,Local authority,E92000001,England,E12000006,East of England,881,Essex,E10000012,23 years,Young person has requested and received support,31,16
2023,Reporting year,Local authority,E92000001,England,E12000006,East of England,881,Essex,E10000012,24 years,Care leaver not in touch,166,87
2023,Reporting year,Local authority,E92000001,England,E12000006,East of England,881,Essex,E10000012,24 years,Total,190,100
2023,Reporting year,Local authority,E92000001,England,E12000006,East of England,881,Essex,E10000012,24 years,Young person has requested and received support,24,13
2023,Reporting year,Local authority,E92000001,England,E12000006,East of England,881,Essex,E10000012,25 years,Care leaver not in touch,204,95
2023,Reporting year,Local authority,E92000001,England,E12000006,East of England,881,Essex,E10000012,25 years,Total,215,100
2023,Reporting year,Local authority,E92000001,England,E12000006,East of England,881,Essex,E10000012,25 years,Young person has requested and received support,11,5
2023,Reporting year,Local authority,E92000001,England,E12000006,East of England,919,Hertfordshire,E10000015,22 years,Care leaver not in touch,26,18
2023,Reporting year,Local authority,E92000001,England,E12000006,East of England,919,Hertfordshire,E10000015,22 years,Total,148,100
2023,Reporting year,Local authority,E92000001,England,E12000006,East of England,919,Hertfordshire,E10000015,22 years,Young person has requested and received support,122,82
2023,Reporting year,Local authority,E92000001,England,E12000006,East of England,919,Hertfordshire,E10000015,23 years,Care leaver not in touch,67,40
2023,Reporting year,Local authority,E92000001,England,E12000006,East of England,919,Hertfordshire,E10000015,23 years,Total,168,100
2023,Reporting year,Local authority,E92000001,England,E12000006,East of England,919,Hertfordshire,E10000015,23 years,Young person has requested and received support,101,60
2023,Reporting year,Local authority,E92000001,England,E12000006,East of England,919,Hertfordshire,E10000015,24 years,Care leaver not in touch,106,59
2023,Reporting year,Local authority,E92000001,England,E12000006,East of England,919,Hertfordshire,E10000015,24 years,Total,180,100
2023,Reporting year,Local authority,E92000001,England,E12000006,East of England,919,Hertfordshire,E10000015,24 years,Young person has requested and received support,74,41
2023,Reporting year,Local authority,E92000001,England,E12000006,East of England,919,Hertfordshire,E10000015,25 years,Care leaver not in touch,131,78
2023,Reporting year,Local authority,E92000001,England,E12000006,East of England,919,Hertfordshire,E10000015,25 years,Total,169,100
2023,Reporting year,Local authority,E92000001,England,E12000006,East of England,919,Hertfordshire,E10000015,25 years,Young person has requested and received support,38,22
2023,Reporting year,Local authority,E92000001,England,E12000006,East of England,926,Norfolk,E10000020,22 years,Care leaver not in touch,97,68
2023,Reporting year,Local authority,E92000001,England,E12000006,East of England,926,Norfolk,E10000020,22 years,Total,142,100
2023,Reporting year,Local authority,E92000001,England,E12000006,East of England,926,Norfolk,E10000020,22 years,Young person has requested and received support,45,32
2023,Reporting year,Local authority,E92000001,England,E12000006,East of England,926,Norfolk,E10000020,23 years,Care leaver not in touch,102,80
2023,Reporting year,Local authority,E92000001,England,E12000006,East of England,926,Norfolk,E10000020,23 years,Total,128,100
2023,Reporting year,Local authority,E92000001,England,E12000006,East of England,926,Norfolk,E10000020,23 years,Young person has requested and received support,26,20
2023,Reporting year,Local authority,E92000001,England,E12000006,East of England,926,Norfolk,E10000020,24 years,Care leaver not in touch,111,78
2023,Reporting year,Local authority,E92000001,England,E12000006,East of England,926,Norfolk,E10000020,24 years,Total,143,100
2023,Reporting year,Local authority,E92000001,England,E12000006,East of England,926,Norfolk,E10000020,24 years,Young person has requested and received support,32,22
2023,Reporting year,Local authority,E92000001,England,E12000006,East of England,926,Norfolk,E10000020,25 years,Care leaver not in touch,127,100
2023,Reporting year,Local authority,E92000001,England,E12000006,East of England,926,Norfolk,E10000020,25 years,Total,127,100
2023,Reporting year,Local authority,E92000001,England,E12000006,East of England,926,Norfolk,E10000020,25 years,Young person has requested and received support,0,0
2023,Reporting year,Local authority,E92000001,England,E12000006,East of England,935,Suffolk,E10000029,22 years,Care leaver not in touch,109,73
2023,Reporting year,Local authority,E92000001,England,E12000006,East of England,935,Suffolk,E10000029,22 years,Total,150,100
2023,Reporting year,Local authority,E92000001,England,E12000006,East of England,935,Suffolk,E10000029,22 years,Young person has requested and received support,41,27
2023,Reporting year,Local authority,E92000001,England,E12000006,East of England,935,Suffolk,E10000029,23 years,Care leaver not in touch,125,87
2023,Reporting year,Local authority,E92000001,England,E12000006,East of England,935,Suffolk,E10000029,23 years,Total,144,100
2023,Reporting year,Local authority,E92000001,England,E12000006,East of England,935,Suffolk,E10000029,23 years,Young person has requested and received support,19,13
2023,Reporting year,Local authority,E92000001,England,E12000006,East of England,935,Suffolk,E10000029,24 years,Care leaver not in touch,94,90
2023,Reporting year,Local authority,E92000001,England,E12000006,East of England,935,Suffolk,E10000029,24 years,Total,104,100
2023,Reporting year,Local authority,E92000001,England,E12000006,East of England,935,Suffolk,E10000029,24 years,Young person has requested and received support,10,10
2023,Reporting year,Local authority,E92000001,England,E12000006,East of England,935,Suffolk,E10000029,25 years,Care leaver not in touch,c,c
2023,Reporting year,Local authority,E92000001,England,E12000006,East of England,935,Suffolk,E10000029,25 years,Total,89,100
2023,Reporting year,Local authority,E92000001,England,E12000006,East of England,935,Suffolk,E10000029,25 years,Young person has requested and received support,c,c
2023,Reporting year,Local authority,E92000001,England,E12000008,South East,887,Medway,E06000035,22 years,Care leaver not in touch,c,c
2023,Reporting year,Local authority,E92000001,England,E12000008,South East,887,Medway,E06000035,22 years,Total,41,100
2023,Reporting year,Local authority,E92000001,England,E12000008,South East,887,Medway,E06000035,22 years,Young person has requested and received support,c,c
2023,Reporting year,Local authority,E92000001,England,E12000008,South East,887,Medway,E06000035,23 years,Care leaver not in touch,c,c
2023,Reporting year,Local authority,E92000001,England,E12000008,South East,887,Medway,E06000035,23 years,Total,49,100
2023,Reporting year,Local authority,E92000001,England,E12000008,South East,887,Medway,E06000035,23 years,Young person has requested and received support,c,c
2023,Reporting year,Local authority,E92000001,England,E12000008,South East,887,Medway,E06000035,24 years,Care leaver not in touch,42,86
2023,Reporting year,Local authority,E92000001,England,E12000008,South East,887,Medway,E06000035,24 years,Total,49,100
2023,Reporting year,Local authority,E92000001,England,E12000008,South East,887,Medway,E06000035,24 years,Young person has requested and received support,7,14
2023,Reporting year,Local authority,E92000001,England,E12000008,South East,887,Medway,E06000035,25 years,Care leaver not in touch,c,c
2023,Reporting year,Local authority,E92000001,England,E12000008,South East,887,Medway,E06000035,25 years,Total,38,100
2023,Reporting year,Local authority,E92000001,England,E12000008,South East,887,Medway,E06000035,25 years,Young person has requested and received support,c,c
2023,Reporting year,Local authority,E92000001,England,E12000008,South East,867,Bracknell Forest,E06000036,22 years,Care leaver not in touch,c,c
2023,Reporting year,Local authority,E92000001,England,E12000008,South East,867,Bracknell Forest,E06000036,22 years,Total,21,100
2023,Reporting year,Local authority,E92000001,England,E12000008,South East,867,Bracknell Forest,E06000036,22 years,Young person has requested and received support,c,c
2023,Reporting year,Local authority,E92000001,England,E12000008,South East,867,Bracknell Forest,E06000036,23 years,Care leaver not in touch,19,100
2023,Reporting year,Local authority,E92000001,England,E12000008,South East,867,Bracknell Forest,E06000036,23 years,Total,19,100
2023,Reporting year,Local authority,E92000001,England,E12000008,South East,867,Bracknell Forest,E06000036,23 years,Young person has requested and received support,0,0
2023,Reporting year,Local authority,E92000001,England,E12000008,South East,867,Bracknell Forest,E06000036,24 years,Care leaver not in touch,21,100
2023,Reporting year,Local authority,E92000001,England,E12000008,South East,867,Bracknell Forest,E06000036,24 years,Total,21,100
2023,Reporting year,Local authority,E92000001,England,E12000008,South East,867,Bracknell Forest,E06000036,24 years,Young person has requested and received support,0,0
2023,Reporting year,Local authority,E92000001,England,E12000008,South East,867,Bracknell Forest,E06000036,25 years,Care leaver not in touch,12,100
2023,Reporting year,Local authority,E92000001,England,E12000008,South East,867,Bracknell Forest,E06000036,25 years,Total,12,100
2023,Reporting year,Local authority,E92000001,England,E12000008,South East,867,Bracknell Forest,E06000036,25 years,Young person has requested and received support,0,0
2023,Reporting year,Local authority,E92000001,England,E12000008,South East,869,West Berkshire,E06000037,22 years,Care leaver not in touch,14,70
2023,Reporting year,Local authority,E92000001,England,E12000008,South East,869,West Berkshire,E06000037,22 years,Total,20,100
2023,Reporting year,Local authority,E92000001,England,E12000008,South East,869,West Berkshire,E06000037,22 years,Young person has requested and received support,6,30
2023,Reporting year,Local authority,E92000001,England,E12000008,South East,869,West Berkshire,E06000037,23 years,Care leaver not in touch,18,72
2023,Reporting year,Local authority,E92000001,England,E12000008,South East,869,West Berkshire,E06000037,23 years,Total,25,100
2023,Reporting year,Local authority,E92000001,England,E12000008,South East,869,West Berkshire,E06000037,23 years,Young person has requested and received support,7,28
2023,Reporting year,Local authority,E92000001,England,E12000008,South East,869,West Berkshire,E06000037,24 years,Care leaver not in touch,30,83
2023,Reporting year,Local authority,E92000001,England,E12000008,South East,869,West Berkshire,E06000037,24 years,Total,36,100
2023,Reporting year,Local authority,E92000001,England,E12000008,South East,869,West Berkshire,E06000037,24 years,Young person has requested and received support,6,17
2023,Reporting year,Local authority,E92000001,England,E12000008,South East,869,West Berkshire,E06000037,25 years,Care leaver not in touch,7,44
2023,Reporting year,Local authority,E92000001,England,E12000008,South East,869,West Berkshire,E06000037,25 years,Total,16,100
2023,Reporting year,Local authority,E92000001,England,E12000008,South East,869,West Berkshire,E06000037,25 years,Young person has requested and received support,9,56
2023,Reporting year,Local authority,E92000001,England,E12000008,South East,870,Reading,E06000038,22 years,Care leaver not in touch,19,56
2023,Reporting year,Local authority,E92000001,England,E12000008,South East,870,Reading,E06000038,22 years,Total,34,100
2023,Reporting year,Local authority,E92000001,England,E12000008,South East,870,Reading,E06000038,22 years,Young person has requested and received support,15,44
2023,Reporting year,Local authority,E92000001,England,E12000008,South East,870,Reading,E06000038,23 years,Care leaver not in touch,28,76
2023,Reporting year,Local authority,E92000001,England,E12000008,South East,870,Reading,E06000038,23 years,Total,37,100
2023,Reporting year,Local authority,E92000001,England,E12000008,South East,870,Reading,E06000038,23 years,Young person has requested and received support,9,24
2023,Reporting year,Local authority,E92000001,England,E12000008,South East,870,Reading,E06000038,24 years,Care leaver not in touch,c,c
2023,Reporting year,Local authority,E92000001,England,E12000008,South East,870,Reading,E06000038,24 years,Total,29,100
2023,Reporting year,Local authority,E92000001,England,E12000008,South East,870,Reading,E06000038,24 years,Young person has requested and received support,c,c
2023,Reporting year,Local authority,E92000001,England,E12000008,South East,870,Reading,E06000038,25 years,Care leaver not in touch,c,c
2023,Reporting year,Local authority,E92000001,England,E12000008,South East,870,Reading,E06000038,25 years,Total,32,100
2023,Reporting year,Local authority,E92000001,England,E12000008,South East,870,Reading,E06000038,25 years,Young person has requested and received support,c,c
2023,Reporting year,Local authority,E92000001,England,E12000008,South East,871,Slough,E06000039,22 years,Care leaver not in touch,15,43
2023,Reporting year,Local authority,E92000001,England,E12000008,South East,871,Slough,E06000039,22 years,Total,35,100
2023,Reporting year,Local authority,E92000001,England,E12000008,South East,871,Slough,E06000039,22 years,Young person has requested and received support,20,57
2023,Reporting year,Local authority,E92000001,England,E12000008,South East,871,Slough,E06000039,23 years,Care leaver not in touch,18,58
2023,Reporting year,Local authority,E92000001,England,E12000008,South East,871,Slough,E06000039,23 years,Total,31,100
2023,Reporting year,Local authority,E92000001,England,E12000008,South East,871,Slough,E06000039,23 years,Young person has requested and received support,13,42
2023,Reporting year,Local authority,E92000001,England,E12000008,South East,871,Slough,E06000039,24 years,Care leaver not in touch,21,66
2023,Reporting year,Local authority,E92000001,England,E12000008,South East,871,Slough,E06000039,24 years,Total,32,100
2023,Reporting year,Local authority,E92000001,England,E12000008,South East,871,Slough,E06000039,24 years,Young person has requested and received support,11,34
2023,Reporting year,Local authority,E92000001,England,E12000008,South East,871,Slough,E06000039,25 years,Care leaver not in touch,19,76
2023,Reporting year,Local authority,E92000001,England,E12000008,South East,871,Slough,E06000039,25 years,Total,25,100
2023,Reporting year,Local authority,E92000001,England,E12000008,South East,871,Slough,E06000039,25 years,Young person has requested and received support,6,24
2023,Reporting year,Local authority,E92000001,England,E12000008,South East,868,Windsor and Maidenhead,E06000040,22 years,Care leaver not in touch,7,37
2023,Reporting year,Local authority,E92000001,England,E12000008,South East,868,Windsor and Maidenhead,E06000040,22 years,Total,19,100
2023,Reporting year,Local authority,E92000001,England,E12000008,South East,868,Windsor and Maidenhead,E06000040,22 years,Young person has requested and received support,12,63
2023,Reporting year,Local authority,E92000001,England,E12000008,South East,868,Windsor and Maidenhead,E06000040,23 years,Care leaver not in touch,9,41
2023,Reporting year,Local authority,E92000001,England,E12000008,South East,868,Windsor and Maidenhead,E06000040,23 years,Total,22,100
2023,Reporting year,Local authority,E92000001,England,E12000008,South East,868,Windsor and Maidenhead,E06000040,23 years,Young person has requested and received support,13,59
2023,Reporting year,Local authority,E92000001,England,E12000008,South East,868,Windsor and Maidenhead,E06000040,24 years,Care leaver not in touch,c,c
2023,Reporting year,Local authority,E92000001,England,E12000008,South East,868,Windsor and Maidenhead,E06000040,24 years,Total,12,100
2023,Reporting year,Local authority,E92000001,England,E12000008,South East,868,Windsor and Maidenhead,E06000040,24 years,Young person has requested and received support,c,c
2023,Reporting year,Local authority,E92000001,England,E12000008,South East,868,Windsor and Maidenhead,E06000040,25 years,Care leaver not in touch,10,63
2023,Reporting year,Local authority,E92000001,England,E12000008,South East,868,Windsor and Maidenhead,E06000040,25 years,Total,16,100
2023,Reporting year,Local authority,E92000001,England,E12000008,South East,868,Windsor and Maidenhead,E06000040,25 years,Young person has requested and received support,6,38
2023,Reporting year,Local authority,E92000001,England,E12000008,South East,872,Wokingham,E06000041,22 years,Care leaver not in touch,8,36
2023,Reporting year,Local authority,E92000001,England,E12000008,South East,872,Wokingham,E06000041,22 years,Total,22,100
2023,Reporting year,Local authority,E92000001,England,E12000008,South East,872,Wokingham,E06000041,22 years,Young person has requested and received support,14,64
2023,Reporting year,Local authority,E92000001,England,E12000008,South East,872,Wokingham,E06000041,23 years,Care leaver not in touch,c,c
2023,Reporting year,Local authority,E92000001,England,E12000008,South East,872,Wokingham,E06000041,23 years,Total,19,100
2023,Reporting year,Local authority,E92000001,England,E12000008,South East,872,Wokingham,E06000041,23 years,Young person has requested and received support,c,c
2023,Reporting year,Local authority,E92000001,England,E12000008,South East,872,Wokingham,E06000041,24 years,Care leaver not in touch,c,c
2023,Reporting year,Local authority,E92000001,England,E12000008,South East,872,Wokingham,E06000041,24 years,Total,10,100
2023,Reporting year,Local authority,E92000001,England,E12000008,South East,872,Wokingham,E06000041,24 years,Young person has requested and received support,c,c
2023,Reporting year,Local authority,E92000001,England,E12000008,South East,872,Wokingham,E06000041,25 years,Care leaver not in touch,c,c
2023,Reporting year,Local authority,E92000001,England,E12000008,South East,872,Wokingham,E06000041,25 years,Total,8,100
2023,Reporting year,Local authority,E92000001,England,E12000008,South East,872,Wokingham,E06000041,25 years,Young person has requested and received support,c,c
2023,Reporting year,Local authority,E92000001,England,E12000008,South East,826,Milton Keynes,E06000042,22 years,Care leaver not in touch,29,55
2023,Reporting year,Local authority,E92000001,England,E12000008,South East,826,Milton Keynes,E06000042,22 years,Total,53,100
2023,Reporting year,Local authority,E92000001,England,E12000008,South East,826,Milton Keynes,E06000042,22 years,Young person has requested and received support,24,45
2023,Reporting year,Local authority,E92000001,England,E12000008,South East,826,Milton Keynes,E06000042,23 years,Care leaver not in touch,45,79
2023,Reporting year,Local authority,E92000001,England,E12000008,South East,826,Milton Keynes,E06000042,23 years,Total,57,100
2023,Reporting year,Local authority,E92000001,England,E12000008,South East,826,Milton Keynes,E06000042,23 years,Young person has requested and received support,12,21
2023,Reporting year,Local authority,E92000001,England,E12000008,South East,826,Milton Keynes,E06000042,24 years,Care leaver not in touch,43,83
2023,Reporting year,Local authority,E92000001,England,E12000008,South East,826,Milton Keynes,E06000042,24 years,Total,52,100
2023,Reporting year,Local authority,E92000001,England,E12000008,South East,826,Milton Keynes,E06000042,24 years,Young person has requested and received support,9,17
2023,Reporting year,Local authority,E92000001,England,E12000008,South East,826,Milton Keynes,E06000042,25 years,Care leaver not in touch,c,c
2023,Reporting year,Local authority,E92000001,England,E12000008,South East,826,Milton Keynes,E06000042,25 years,Total,55,100
2023,Reporting year,Local authority,E92000001,England,E12000008,South East,826,Milton Keynes,E06000042,25 years,Young person has requested and received support,c,c
2023,Reporting year,Local authority,E92000001,England,E12000008,South East,846,Brighton and Hove,E06000043,22 years,Care leaver not in touch,18,24
2023,Reporting year,Local authority,E92000001,England,E12000008,South East,846,Brighton and Hove,E06000043,22 years,Total,75,100
2023,Reporting year,Local authority,E92000001,England,E12000008,South East,846,Brighton and Hove,E06000043,22 years,Young person has requested and received support,57,76
2023,Reporting year,Local authority,E92000001,England,E12000008,South East,846,Brighton and Hove,E06000043,23 years,Care leaver not in touch,29,41
2023,Reporting year,Local authority,E92000001,England,E12000008,South East,846,Brighton and Hove,E06000043,23 years,Total,70,100
2023,Reporting year,Local authority,E92000001,England,E12000008,South East,846,Brighton and Hove,E06000043,23 years,Young person has requested and received support,41,59
2023,Reporting year,Local authority,E92000001,England,E12000008,South East,846,Brighton and Hove,E06000043,24 years,Care leaver not in touch,45,61
2023,Reporting year,Local authority,E92000001,England,E12000008,South East,846,Brighton and Hove,E06000043,24 years,Total,74,100
2023,Reporting year,Local authority,E92000001,England,E12000008,South East,846,Brighton and Hove,E06000043,24 years,Young person has requested and received support,29,39
2023,Reporting year,Local authority,E92000001,England,E12000008,South East,846,Brighton and Hove,E06000043,25 years,Care leaver not in touch,47,76
2023,Reporting year,Local authority,E92000001,England,E12000008,South East,846,Brighton and Hove,E06000043,25 years,Total,62,100
2023,Reporting year,Local authority,E92000001,England,E12000008,South East,846,Brighton and Hove,E06000043,25 years,Young person has requested and received support,15,24
2023,Reporting year,Local authority,E92000001,England,E12000008,South East,851,Portsmouth,E06000044,22 years,Care leaver not in touch,36,54
2023,Reporting year,Local authority,E92000001,England,E12000008,South East,851,Portsmouth,E06000044,22 years,Total,67,100
2023,Reporting year,Local authority,E92000001,England,E12000008,South East,851,Portsmouth,E06000044,22 years,Young person has requested and received support,31,46
2023,Reporting year,Local authority,E92000001,England,E12000008,South East,851,Portsmouth,E06000044,23 years,Care leaver not in touch,29,57
2023,Reporting year,Local authority,E92000001,England,E12000008,South East,851,Portsmouth,E06000044,23 years,Total,51,100
2023,Reporting year,Local authority,E92000001,England,E12000008,South East,851,Portsmouth,E06000044,23 years,Young person has requested and received support,22,43
2023,Reporting year,Local authority,E92000001,England,E12000008,South East,851,Portsmouth,E06000044,24 years,Care leaver not in touch,18,47
2023,Reporting year,Local authority,E92000001,England,E12000008,South East,851,Portsmouth,E06000044,24 years,Total,38,100
2023,Reporting year,Local authority,E92000001,England,E12000008,South East,851,Portsmouth,E06000044,24 years,Young person has requested and received support,20,53
2023,Reporting year,Local authority,E92000001,England,E12000008,South East,851,Portsmouth,E06000044,25 years,Care leaver not in touch,28,78
2023,Reporting year,Local authority,E92000001,England,E12000008,South East,851,Portsmouth,E06000044,25 years,Total,36,100
2023,Reporting year,Local authority,E92000001,England,E12000008,South East,851,Portsmouth,E06000044,25 years,Young person has requested and received support,8,22
2023,Reporting year,Local authority,E92000001,England,E12000008,South East,852,Southampton,E06000045,22 years,Care leaver not in touch,28,58
2023,Reporting year,Local authority,E92000001,England,E12000008,South East,852,Southampton,E06000045,22 years,Total,48,100
2023,Reporting year,Local authority,E92000001,England,E12000008,South East,852,Southampton,E06000045,22 years,Young person has requested and received support,20,42
2023,Reporting year,Local authority,E92000001,England,E12000008,South East,852,Southampton,E06000045,23 years,Care leaver not in touch,35,74
2023,Reporting year,Local authority,E92000001,England,E12000008,South East,852,Southampton,E06000045,23 years,Total,47,100
2023,Reporting year,Local authority,E92000001,England,E12000008,South East,852,Southampton,E06000045,23 years,Young person has requested and received support,12,26
2023,Reporting year,Local authority,E92000001,England,E12000008,South East,852,Southampton,E06000045,24 years,Care leaver not in touch,c,c
2023,Reporting year,Local authority,E92000001,England,E12000008,South East,852,Southampton,E06000045,24 years,Total,45,100
2023,Reporting year,Local authority,E92000001,England,E12000008,South East,852,Southampton,E06000045,24 years,Young person has requested and received support,c,c
2023,Reporting year,Local authority,E92000001,England,E12000008,South East,852,Southampton,E06000045,25 years,Care leaver not in touch,c,c
2023,Reporting year,Local authority,E92000001,England,E12000008,South East,852,Southampton,E06000045,25 years,Total,39,100
2023,Reporting year,Local authority,E92000001,England,E12000008,South East,852,Southampton,E06000045,25 years,Young person has requested and received support,c,c
2023,Reporting year,Local authority,E92000001,England,E12000008,South East,921,Isle of Wight,E06000046,22 years,Care leaver not in touch,8,29
2023,Reporting year,Local authority,E92000001,England,E12000008,South East,921,Isle of Wight,E06000046,22 years,Total,28,100
2023,Reporting year,Local authority,E92000001,England,E12000008,South East,921,Isle of Wight,E06000046,22 years,Young person has requested and received support,20,71
2023,Reporting year,Local authority,E92000001,England,E12000008,South East,921,Isle of Wight,E06000046,23 years,Care leaver not in touch,13,37
2023,Reporting year,Local authority,E92000001,England,E12000008,South East,921,Isle of Wight,E06000046,23 years,Total,35,100
2023,Reporting year,Local authority,E92000001,England,E12000008,South East,921,Isle of Wight,E06000046,23 years,Young person has requested and received support,22,63
2023,Reporting year,Local authority,E92000001,England,E12000008,South East,921,Isle of Wight,E06000046,24 years,Care leaver not in touch,17,68
2023,Reporting year,Local authority,E92000001,England,E12000008,South East,921,Isle of Wight,E06000046,24 years,Total,25,100
2023,Reporting year,Local authority,E92000001,England,E12000008,South East,921,Isle of Wight,E06000046,24 years,Young person has requested and received support,8,32
2023,Reporting year,Local authority,E92000001,England,E12000008,South East,921,Isle of Wight,E06000046,25 years,Care leaver not in touch,23,79
2023,Reporting year,Local authority,E92000001,England,E12000008,South East,921,Isle of Wight,E06000046,25 years,Total,29,100
2023,Reporting year,Local authority,E92000001,England,E12000008,South East,921,Isle of Wight,E06000046,25 years,Young person has requested and received support,6,21
2023,Reporting year,Local authority,E92000001,England,E12000008,South East,825,Buckinghamshire,E06000060,22 years,Care leaver not in touch,33,46
2023,Reporting year,Local authority,E92000001,England,E12000008,South East,825,Buckinghamshire,E06000060,22 years,Total,71,100
2023,Reporting year,Local authority,E92000001,England,E12000008,South East,825,Buckinghamshire,E06000060,22 years,Young person has requested and received support,38,54
2023,Reporting year,Local authority,E92000001,England,E12000008,South East,825,Buckinghamshire,E06000060,23 years,Care leaver not in touch,42,75
2023,Reporting year,Local authority,E92000001,England,E12000008,South East,825,Buckinghamshire,E06000060,23 years,Total,56,100
2023,Reporting year,Local authority,E92000001,England,E12000008,South East,825,Buckinghamshire,E06000060,23 years,Young person has requested and received support,14,25
2023,Reporting year,Local authority,E92000001,England,E12000008,South East,825,Buckinghamshire,E06000060,24 years,Care leaver not in touch,44,66
2023,Reporting year,Local authority,E92000001,England,E12000008,South East,825,Buckinghamshire,E06000060,24 years,Total,67,100
2023,Reporting year,Local authority,E92000001,England,E12000008,South East,825,Buckinghamshire,E06000060,24 years,Young person has requested and received support,23,34
2023,Reporting year,Local authority,E92000001,England,E12000008,South East,825,Buckinghamshire,E06000060,25 years,Care leaver not in touch,c,c
2023,Reporting year,Local authority,E92000001,England,E12000008,South East,825,Buckinghamshire,E06000060,25 years,Total,62,100
2023,Reporting year,Local authority,E92000001,England,E12000008,South East,825,Buckinghamshire,E06000060,25 years,Young person has requested and received support,c,c
2023,Reporting year,Local authority,E92000001,England,E12000008,South East,845,East Sussex,E10000011,22 years,Care leaver not in touch,35,41
2023,Reporting year,Local authority,E92000001,England,E12000008,South East,845,East Sussex,E10000011,22 years,Total,85,100
2023,Reporting year,Local authority,E92000001,England,E12000008,South East,845,East Sussex,E10000011,22 years,Young person has requested and received support,50,59
2023,Reporting year,Local authority,E92000001,England,E12000008,South East,845,East Sussex,E10000011,23 years,Care leaver not in touch,29,52
2023,Reporting year,Local authority,E92000001,England,E12000008,South East,845,East Sussex,E10000011,23 years,Total,56,100
2023,Reporting year,Local authority,E92000001,England,E12000008,South East,845,East Sussex,E10000011,23 years,Young person has requested and received support,27,48
2023,Reporting year,Local authority,E92000001,England,E12000008,South East,845,East Sussex,E10000011,24 years,Care leaver not in touch,43,74
2023,Reporting year,Local authority,E92000001,England,E12000008,South East,845,East Sussex,E10000011,24 years,Total,58,100
2023,Reporting year,Local authority,E92000001,England,E12000008,South East,845,East Sussex,E10000011,24 years,Young person has requested and received support,15,26
2023,Reporting year,Local authority,E92000001,England,E12000008,South East,845,East Sussex,E10000011,25 years,Care leaver not in touch,44,81
2023,Reporting year,Local authority,E92000001,England,E12000008,South East,845,East Sussex,E10000011,25 years,Total,54,100
2023,Reporting year,Local authority,E92000001,England,E12000008,South East,845,East Sussex,E10000011,25 years,Young person has requested and received support,10,19
2023,Reporting year,Local authority,E92000001,England,E12000008,South East,850,Hampshire,E10000014,22 years,Care leaver not in touch,162,79
2023,Reporting year,Local authority,E92000001,England,E12000008,South East,850,Hampshire,E10000014,22 years,Total,205,100
2023,Reporting year,Local authority,E92000001,England,E12000008,South East,850,Hampshire,E10000014,22 years,Young person has requested and received support,43,21
2023,Reporting year,Local authority,E92000001,England,E12000008,South East,850,Hampshire,E10000014,23 years,Care leaver not in touch,143,84
2023,Reporting year,Local authority,E92000001,England,E12000008,South East,850,Hampshire,E10000014,23 years,Total,170,100
2023,Reporting year,Local authority,E92000001,England,E12000008,South East,850,Hampshire,E10000014,23 years,Young person has requested and received support,27,16
2023,Reporting year,Local authority,E92000001,England,E12000008,South East,850,Hampshire,E10000014,24 years,Care leaver not in touch,163,93
2023,Reporting year,Local authority,E92000001,England,E12000008,South East,850,Hampshire,E10000014,24 years,Total,176,100
2023,Reporting year,Local authority,E92000001,England,E12000008,South East,850,Hampshire,E10000014,24 years,Young person has requested and received support,13,7
2023,Reporting year,Local authority,E92000001,England,E12000008,South East,850,Hampshire,E10000014,25 years,Care leaver not in touch,c,c
2023,Reporting year,Local authority,E92000001,England,E12000008,South East,850,Hampshire,E10000014,25 years,Total,167,100
2023,Reporting year,Local authority,E92000001,England,E12000008,South East,850,Hampshire,E10000014,25 years,Young person has requested and received support,c,c
2023,Reporting year,Local authority,E92000001,England,E12000008,South East,886,Kent,E10000016,22 years,Care leaver not in touch,108,31
2023,Reporting year,Local authority,E92000001,England,E12000008,South East,886,Kent,E10000016,22 years,Total,344,100
2023,Reporting year,Local authority,E92000001,England,E12000008,South East,886,Kent,E10000016,22 years,Young person has requested and received support,236,69
2023,Reporting year,Local authority,E92000001,England,E12000008,South East,886,Kent,E10000016,23 years,Care leaver not in touch,215,46
2023,Reporting year,Local authority,E92000001,England,E12000008,South East,886,Kent,E10000016,23 years,Total,466,100
2023,Reporting year,Local authority,E92000001,England,E12000008,South East,886,Kent,E10000016,23 years,Young person has requested and received support,251,54
2023,Reporting year,Local authority,E92000001,England,E12000008,South East,886,Kent,E10000016,24 years,Care leaver not in touch,354,60
2023,Reporting year,Local authority,E92000001,England,E12000008,South East,886,Kent,E10000016,24 years,Total,594,100
2023,Reporting year,Local authority,E92000001,England,E12000008,South East,886,Kent,E10000016,24 years,Young person has requested and received support,240,40
2023,Reporting year,Local authority,E92000001,England,E12000008,South East,886,Kent,E10000016,25 years,Care leaver not in touch,330,74
2023,Reporting year,Local authority,E92000001,England,E12000008,South East,886,Kent,E10000016,25 years,Total,446,100
2023,Reporting year,Local authority,E92000001,England,E12000008,South East,886,Kent,E10000016,25 years,Young person has requested and received support,116,26
2023,Reporting year,Local authority,E92000001,England,E12000008,South East,931,Oxfordshire,E10000025,22 years,Care leaver not in touch,67,68
2023,Reporting year,Local authority,E92000001,England,E12000008,South East,931,Oxfordshire,E10000025,22 years,Total,99,100
2023,Reporting year,Local authority,E92000001,England,E12000008,South East,931,Oxfordshire,E10000025,22 years,Young person has requested and received support,32,32
2023,Reporting year,Local authority,E92000001,England,E12000008,South East,931,Oxfordshire,E10000025,23 years,Care leaver not in touch,71,71
2023,Reporting year,Local authority,E92000001,England,E12000008,South East,931,Oxfordshire,E10000025,23 years,Total,100,100
2023,Reporting year,Local authority,E92000001,England,E12000008,South East,931,Oxfordshire,E10000025,23 years,Young person has requested and received support,29,29
2023,Reporting year,Local authority,E92000001,England,E12000008,South East,931,Oxfordshire,E10000025,24 years,Care leaver not in touch,72,79
2023,Reporting year,Local authority,E92000001,England,E12000008,South East,931,Oxfordshire,E10000025,24 years,Total,91,100
2023,Reporting year,Local authority,E92000001,England,E12000008,South East,931,Oxfordshire,E10000025,24 years,Young person has requested and received support,19,21
2023,Reporting year,Local authority,E92000001,England,E12000008,South East,931,Oxfordshire,E10000025,25 years,Care leaver not in touch,71,87
2023,Reporting year,Local authority,E92000001,England,E12000008,South East,931,Oxfordshire,E10000025,25 years,Total,82,100
2023,Reporting year,Local authority,E92000001,England,E12000008,South East,931,Oxfordshire,E10000025,25 years,Young person has requested and received support,11,13
2023,Reporting year,Local authority,E92000001,England,E12000008,South East,936,Surrey,E10000030,22 years,Care leaver not in touch,70,40
2023,Reporting year,Local authority,E92000001,England,E12000008,South East,936,Surrey,E10000030,22 years,Total,173,100
2023,Reporting year,Local authority,E92000001,England,E12000008,South East,936,Surrey,E10000030,22 years,Young person has requested and received support,103,60
2023,Reporting year,Local authority,E92000001,England,E12000008,South East,936,Surrey,E10000030,23 years,Care leaver not in touch,113,59
2023,Reporting year,Local authority,E92000001,England,E12000008,South East,936,Surrey,E10000030,23 years,Total,190,100
2023,Reporting year,Local authority,E92000001,England,E12000008,South East,936,Surrey,E10000030,23 years,Young person has requested and received support,77,41
2023,Reporting year,Local authority,E92000001,England,E12000008,South East,936,Surrey,E10000030,24 years,Care leaver not in touch,117,76
2023,Reporting year,Local authority,E92000001,England,E12000008,South East,936,Surrey,E10000030,24 years,Total,153,100
2023,Reporting year,Local authority,E92000001,England,E12000008,South East,936,Surrey,E10000030,24 years,Young person has requested and received support,36,24
2023,Reporting year,Local authority,E92000001,England,E12000008,South East,936,Surrey,E10000030,25 years,Care leaver not in touch,117,86
2023,Reporting year,Local authority,E92000001,England,E12000008,South East,936,Surrey,E10000030,25 years,Total,136,100
2023,Reporting year,Local authority,E92000001,England,E12000008,South East,936,Surrey,E10000030,25 years,Young person has requested and received support,19,14
2023,Reporting year,Local authority,E92000001,England,E12000008,South East,938,West Sussex,E10000032,22 years,Care leaver not in touch,60,48
2023,Reporting year,Local authority,E92000001,England,E12000008,South East,938,West Sussex,E10000032,22 years,Total,124,100
2023,Reporting year,Local authority,E92000001,England,E12000008,South East,938,West Sussex,E10000032,22 years,Young person has requested and received support,64,52
2023,Reporting year,Local authority,E92000001,England,E12000008,South East,938,West Sussex,E10000032,23 years,Care leaver not in touch,92,75
2023,Reporting year,Local authority,E92000001,England,E12000008,South East,938,West Sussex,E10000032,23 years,Total,122,100
2023,Reporting year,Local authority,E92000001,England,E12000008,South East,938,West Sussex,E10000032,23 years,Young person has requested and received support,30,25
2023,Reporting year,Local authority,E92000001,England,E12000008,South East,938,West Sussex,E10000032,24 years,Care leaver not in touch,100,79
2023,Reporting year,Local authority,E92000001,England,E12000008,South East,938,West Sussex,E10000032,24 years,Total,126,100
2023,Reporting year,Local authority,E92000001,England,E12000008,South East,938,West Sussex,E10000032,24 years,Young person has requested and received support,26,21
2023,Reporting year,Local authority,E92000001,England,E12000008,South East,938,West Sussex,E10000032,25 years,Care leaver not in touch,103,90
2023,Reporting year,Local authority,E92000001,England,E12000008,South East,938,West Sussex,E10000032,25 years,Total,114,100
2023,Reporting year,Local authority,E92000001,England,E12000008,South East,938,West Sussex,E10000032,25 years,Young person has requested and received support,11,10
2023,Reporting year,Local authority,E92000001,England,E12000009,South West,800,Bath and North East Somerset,E06000022,22 years,Care leaver not in touch,c,c
2023,Reporting year,Local authority,E92000001,England,E12000009,South West,800,Bath and North East Somerset,E06000022,22 years,Total,26,100
2023,Reporting year,Local authority,E92000001,England,E12000009,South West,800,Bath and North East Somerset,E06000022,22 years,Young person has requested and received support,c,c
2023,Reporting year,Local authority,E92000001,England,E12000009,South West,800,Bath and North East Somerset,E06000022,23 years,Care leaver not in touch,26,100
2023,Reporting year,Local authority,E92000001,England,E12000009,South West,800,Bath and North East Somerset,E06000022,23 years,Total,26,100
2023,Reporting year,Local authority,E92000001,England,E12000009,South West,800,Bath and North East Somerset,E06000022,23 years,Young person has requested and received support,0,0
2023,Reporting year,Local authority,E92000001,England,E12000009,South West,800,Bath and North East Somerset,E06000022,24 years,Care leaver not in touch,28,100
2023,Reporting year,Local authority,E92000001,England,E12000009,South West,800,Bath and North East Somerset,E06000022,24 years,Total,28,100
2023,Reporting year,Local authority,E92000001,England,E12000009,South West,800,Bath and North East Somerset,E06000022,24 years,Young person has requested and received support,0,0
2023,Reporting year,Local authority,E92000001,England,E12000009,South West,800,Bath and North East Somerset,E06000022,25 years,Care leaver not in touch,19,100
2023,Reporting year,Local authority,E92000001,England,E12000009,South West,800,Bath and North East Somerset,E06000022,25 years,Total,19,100
2023,Reporting year,Local authority,E92000001,England,E12000009,South West,800,Bath and North East Somerset,E06000022,25 years,Young person has requested and received support,0,0
2023,Reporting year,Local authority,E92000001,England,E12000009,South West,801,"Bristol, City of",E06000023,22 years,Care leaver not in touch,53,54
2023,Reporting year,Local authority,E92000001,England,E12000009,South West,801,"Bristol, City of",E06000023,22 years,Total,98,100
2023,Reporting year,Local authority,E92000001,England,E12000009,South West,801,"Bristol, City of",E06000023,22 years,Young person has requested and received support,45,46
2023,Reporting year,Local authority,E92000001,England,E12000009,South West,801,"Bristol, City of",E06000023,23 years,Care leaver not in touch,86,64
2023,Reporting year,Local authority,E92000001,England,E12000009,South West,801,"Bristol, City of",E06000023,23 years,Total,134,100
2023,Reporting year,Local authority,E92000001,England,E12000009,South West,801,"Bristol, City of",E06000023,23 years,Young person has requested and received support,48,36
2023,Reporting year,Local authority,E92000001,England,E12000009,South West,801,"Bristol, City of",E06000023,24 years,Care leaver not in touch,77,75
2023,Reporting year,Local authority,E92000001,England,E12000009,South West,801,"Bristol, City of",E06000023,24 years,Total,103,100
2023,Reporting year,Local authority,E92000001,England,E12000009,South West,801,"Bristol, City of",E06000023,24 years,Young person has requested and received support,26,25
2023,Reporting year,Local authority,E92000001,England,E12000009,South West,801,"Bristol, City of",E06000023,25 years,Care leaver not in touch,89,82
2023,Reporting year,Local authority,E92000001,England,E12000009,South West,801,"Bristol, City of",E06000023,25 years,Total,109,100
2023,Reporting year,Local authority,E92000001,England,E12000009,South West,801,"Bristol, City of",E06000023,25 years,Young person has requested and received support,20,18
2023,Reporting year,Local authority,E92000001,England,E12000009,South West,802,North Somerset,E06000024,22 years,Care leaver not in touch,7,21
2023,Reporting year,Local authority,E92000001,England,E12000009,South West,802,North Somerset,E06000024,22 years,Total,34,100
2023,Reporting year,Local authority,E92000001,England,E12000009,South West,802,North Somerset,E06000024,22 years,Young person has requested and received support,27,79
2023,Reporting year,Local authority,E92000001,England,E12000009,South West,802,North Somerset,E06000024,23 years,Care leaver not in touch,14,41
2023,Reporting year,Local authority,E92000001,England,E12000009,South West,802,North Somerset,E06000024,23 years,Total,34,100
2023,Reporting year,Local authority,E92000001,England,E12000009,South West,802,North Somerset,E06000024,23 years,Young person has requested and received support,20,59
2023,Reporting year,Local authority,E92000001,England,E12000009,South West,802,North Somerset,E06000024,24 years,Care leaver not in touch,9,26
2023,Reporting year,Local authority,E92000001,England,E12000009,South West,802,North Somerset,E06000024,24 years,Total,34,100
2023,Reporting year,Local authority,E92000001,England,E12000009,South West,802,North Somerset,E06000024,24 years,Young person has requested and received support,25,74
2023,Reporting year,Local authority,E92000001,England,E12000009,South West,802,North Somerset,E06000024,25 years,Care leaver not in touch,13,39
2023,Reporting year,Local authority,E92000001,England,E12000009,South West,802,North Somerset,E06000024,25 years,Total,33,100
2023,Reporting year,Local authority,E92000001,England,E12000009,South West,802,North Somerset,E06000024,25 years,Young person has requested and received support,20,61
2023,Reporting year,Local authority,E92000001,England,E12000009,South West,803,South Gloucestershire,E06000025,22 years,Care leaver not in touch,30,64
2023,Reporting year,Local authority,E92000001,England,E12000009,South West,803,South Gloucestershire,E06000025,22 years,Total,47,100
2023,Reporting year,Local authority,E92000001,England,E12000009,South West,803,South Gloucestershire,E06000025,22 years,Young person has requested and received support,17,36
2023,Reporting year,Local authority,E92000001,England,E12000009,South West,803,South Gloucestershire,E06000025,23 years,Care leaver not in touch,25,81
2023,Reporting year,Local authority,E92000001,England,E12000009,South West,803,South Gloucestershire,E06000025,23 years,Total,31,100
2023,Reporting year,Local authority,E92000001,England,E12000009,South West,803,South Gloucestershire,E06000025,23 years,Young person has requested and received support,6,19
2023,Reporting year,Local authority,E92000001,England,E12000009,South West,803,South Gloucestershire,E06000025,24 years,Care leaver not in touch,25,74
2023,Reporting year,Local authority,E92000001,England,E12000009,South West,803,South Gloucestershire,E06000025,24 years,Total,34,100
2023,Reporting year,Local authority,E92000001,England,E12000009,South West,803,South Gloucestershire,E06000025,24 years,Young person has requested and received support,9,26
2023,Reporting year,Local authority,E92000001,England,E12000009,South West,803,South Gloucestershire,E06000025,25 years,Care leaver not in touch,c,c
2023,Reporting year,Local authority,E92000001,England,E12000009,South West,803,South Gloucestershire,E06000025,25 years,Total,39,100
2023,Reporting year,Local authority,E92000001,England,E12000009,South West,803,South Gloucestershire,E06000025,25 years,Young person has requested and received support,c,c
2023,Reporting year,Local authority,E92000001,England,E12000009,South West,879,Plymouth,E06000026,22 years,Care leaver not in touch,22,41
2023,Reporting year,Local authority,E92000001,England,E12000009,South West,879,Plymouth,E06000026,22 years,Total,54,100
2023,Reporting year,Local authority,E92000001,England,E12000009,South West,879,Plymouth,E06000026,22 years,Young person has requested and received support,32,59
2023,Reporting year,Local authority,E92000001,England,E12000009,South West,879,Plymouth,E06000026,23 years,Care leaver not in touch,41,68
2023,Reporting year,Local authority,E92000001,England,E12000009,South West,879,Plymouth,E06000026,23 years,Total,60,100
2023,Reporting year,Local authority,E92000001,England,E12000009,South West,879,Plymouth,E06000026,23 years,Young person has requested and received support,19,32
2023,Reporting year,Local authority,E92000001,England,E12000009,South West,879,Plymouth,E06000026,24 years,Care leaver not in touch,42,69
2023,Reporting year,Local authority,E92000001,England,E12000009,South West,879,Plymouth,E06000026,24 years,Total,61,100
2023,Reporting year,Local authority,E92000001,England,E12000009,South West,879,Plymouth,E06000026,24 years,Young person has requested and received support,19,31
2023,Reporting year,Local authority,E92000001,England,E12000009,South West,879,Plymouth,E06000026,25 years,Care leaver not in touch,c,c
2023,Reporting year,Local authority,E92000001,England,E12000009,South West,879,Plymouth,E06000026,25 years,Total,66,100
2023,Reporting year,Local authority,E92000001,England,E12000009,South West,879,Plymouth,E06000026,25 years,Young person has requested and received support,c,c
2023,Reporting year,Local authority,E92000001,England,E12000009,South West,880,Torbay,E06000027,22 years,Care leaver not in touch,20,45
2023,Reporting year,Local authority,E92000001,England,E12000009,South West,880,Torbay,E06000027,22 years,Total,44,100
2023,Reporting year,Local authority,E92000001,England,E12000009,South West,880,Torbay,E06000027,22 years,Young person has requested and received support,24,55
2023,Reporting year,Local authority,E92000001,England,E12000009,South West,880,Torbay,E06000027,23 years,Care leaver not in touch,22,76
2023,Reporting year,Local authority,E92000001,England,E12000009,South West,880,Torbay,E06000027,23 years,Total,29,100
2023,Reporting year,Local authority,E92000001,England,E12000009,South West,880,Torbay,E06000027,23 years,Young person has requested and received support,7,24
2023,Reporting year,Local authority,E92000001,England,E12000009,South West,880,Torbay,E06000027,24 years,Care leaver not in touch,29,67
2023,Reporting year,Local authority,E92000001,England,E12000009,South West,880,Torbay,E06000027,24 years,Total,43,100
2023,Reporting year,Local authority,E92000001,England,E12000009,South West,880,Torbay,E06000027,24 years,Young person has requested and received support,14,33
2023,Reporting year,Local authority,E92000001,England,E12000009,South West,880,Torbay,E06000027,25 years,Care leaver not in touch,22,73
2023,Reporting year,Local authority,E92000001,England,E12000009,South West,880,Torbay,E06000027,25 years,Total,30,100
2023,Reporting year,Local authority,E92000001,England,E12000009,South West,880,Torbay,E06000027,25 years,Young person has requested and received support,8,27
2023,Reporting year,Local authority,E92000001,England,E12000009,South West,866,Swindon,E06000030,22 years,Care leaver not in touch,18,38
2023,Reporting year,Local authority,E92000001,England,E12000009,South West,866,Swindon,E06000030,22 years,Total,48,100
2023,Reporting year,Local authority,E92000001,England,E12000009,South West,866,Swindon,E06000030,22 years,Young person has requested and received support,30,63
2023,Reporting year,Local authority,E92000001,England,E12000009,South West,866,Swindon,E06000030,23 years,Care leaver not in touch,29,67
2023,Reporting year,Local authority,E92000001,England,E12000009,South West,866,Swindon,E06000030,23 years,Total,43,100
2023,Reporting year,Local authority,E92000001,England,E12000009,South West,866,Swindon,E06000030,23 years,Young person has requested and received support,14,33
2023,Reporting year,Local authority,E92000001,England,E12000009,South West,866,Swindon,E06000030,24 years,Care leaver not in touch,36,71
2023,Reporting year,Local authority,E92000001,England,E12000009,South West,866,Swindon,E06000030,24 years,Total,51,100
2023,Reporting year,Local authority,E92000001,England,E12000009,South West,866,Swindon,E06000030,24 years,Young person has requested and received support,15,29
2023,Reporting year,Local authority,E92000001,England,E12000009,South West,866,Swindon,E06000030,25 years,Care leaver not in touch,29,78
2023,Reporting year,Local authority,E92000001,England,E12000009,South West,866,Swindon,E06000030,25 years,Total,37,100
2023,Reporting year,Local authority,E92000001,England,E12000009,South West,866,Swindon,E06000030,25 years,Young person has requested and received support,8,22
2023,Reporting year,Local authority,E92000001,England,E12000009,South West,908,Cornwall,E06000052,22 years,Care leaver not in touch,51,84
2023,Reporting year,Local authority,E92000001,England,E12000009,South West,908,Cornwall,E06000052,22 years,Total,61,100
2023,Reporting year,Local authority,E92000001,England,E12000009,South West,908,Cornwall,E06000052,22 years,Young person has requested and received support,10,16
2023,Reporting year,Local authority,E92000001,England,E12000009,South West,908,Cornwall,E06000052,23 years,Care leaver not in touch,65,92
2023,Reporting year,Local authority,E92000001,England,E12000009,South West,908,Cornwall,E06000052,23 years,Total,71,100
2023,Reporting year,Local authority,E92000001,England,E12000009,South West,908,Cornwall,E06000052,23 years,Young person has requested and received support,6,8
2023,Reporting year,Local authority,E92000001,England,E12000009,South West,908,Cornwall,E06000052,24 years,Care leaver not in touch,c,c
2023,Reporting year,Local authority,E92000001,England,E12000009,South West,908,Cornwall,E06000052,24 years,Total,67,100
2023,Reporting year,Local authority,E92000001,England,E12000009,South West,908,Cornwall,E06000052,24 years,Young person has requested and received support,c,c
2023,Reporting year,Local authority,E92000001,England,E12000009,South West,908,Cornwall,E06000052,25 years,Care leaver not in touch,c,c
2023,Reporting year,Local authority,E92000001,England,E12000009,South West,908,Cornwall,E06000052,25 years,Total,63,100
2023,Reporting year,Local authority,E92000001,England,E12000009,South West,908,Cornwall,E06000052,25 years,Young person has requested and received support,c,c
2023,Reporting year,Local authority,E92000001,England,E12000009,South West,420,Isles of Scilly,E06000053,22 years,Care leaver not in touch,0,z
2023,Reporting year,Local authority,E92000001,England,E12000009,South West,420,Isles of Scilly,E06000053,22 years,Total,0,z
2023,Reporting year,Local authority,E92000001,England,E12000009,South West,420,Isles of Scilly,E06000053,22 years,Young person has requested and received support,0,z
2023,Reporting year,Local authority,E92000001,England,E12000009,South West,420,Isles of Scilly,E06000053,23 years,Care leaver not in touch,0,z
2023,Reporting year,Local authority,E92000001,England,E12000009,South West,420,Isles of Scilly,E06000053,23 years,Total,0,z
2023,Reporting year,Local authority,E92000001,England,E12000009,South West,420,Isles of Scilly,E06000053,23 years,Young person has requested and received support,0,z
2023,Reporting year,Local authority,E92000001,England,E12000009,South West,420,Isles of Scilly,E06000053,24 years,Care leaver not in touch,0,z
2023,Reporting year,Local authority,E92000001,England,E12000009,South West,420,Isles of Scilly,E06000053,24 years,Total,0,z
2023,Reporting year,Local authority,E92000001,England,E12000009,South West,420,Isles of Scilly,E06000053,24 years,Young person has requested and received support,0,z
2023,Reporting year,Local authority,E92000001,England,E12000009,South West,420,Isles of Scilly,E06000053,25 years,Care leaver not in touch,0,z
2023,Reporting year,Local authority,E92000001,England,E12000009,South West,420,Isles of Scilly,E06000053,25 years,Total,0,z
2023,Reporting year,Local authority,E92000001,England,E12000009,South West,420,Isles of Scilly,E06000053,25 years,Young person has requested and received support,0,z
2023,Reporting year,Local authority,E92000001,England,E12000009,South West,865,Wiltshire,E06000054,22 years,Care leaver not in touch,14,21
2023,Reporting year,Local authority,E92000001,England,E12000009,South West,865,Wiltshire,E06000054,22 years,Total,66,100
2023,Reporting year,Local authority,E92000001,England,E12000009,South West,865,Wiltshire,E06000054,22 years,Young person has requested and received support,52,79
2023,Reporting year,Local authority,E92000001,England,E12000009,South West,865,Wiltshire,E06000054,23 years,Care leaver not in touch,34,55
2023,Reporting year,Local authority,E92000001,England,E12000009,South West,865,Wiltshire,E06000054,23 years,Total,62,100
2023,Reporting year,Local authority,E92000001,England,E12000009,South West,865,Wiltshire,E06000054,23 years,Young person has requested and received support,28,45
2023,Reporting year,Local authority,E92000001,England,E12000009,South West,865,Wiltshire,E06000054,24 years,Care leaver not in touch,23,50
2023,Reporting year,Local authority,E92000001,England,E12000009,South West,865,Wiltshire,E06000054,24 years,Total,46,100
2023,Reporting year,Local authority,E92000001,England,E12000009,South West,865,Wiltshire,E06000054,24 years,Young person has requested and received support,23,50
2023,Reporting year,Local authority,E92000001,England,E12000009,South West,865,Wiltshire,E06000054,25 years,Care leaver not in touch,32,60
2023,Reporting year,Local authority,E92000001,England,E12000009,South West,865,Wiltshire,E06000054,25 years,Total,53,100
2023,Reporting year,Local authority,E92000001,England,E12000009,South West,865,Wiltshire,E06000054,25 years,Young person has requested and received support,21,40
2023,Reporting year,Local authority,E92000001,England,E12000009,South West,839,"Bournemouth, Christchurch and Poole",E06000058,22 years,Care leaver not in touch,20,29
2023,Reporting year,Local authority,E92000001,England,E12000009,South West,839,"Bournemouth, Christchurch and Poole",E06000058,22 years,Total,70,100
2023,Reporting year,Local authority,E92000001,England,E12000009,South West,839,"Bournemouth, Christchurch and Poole",E06000058,22 years,Young person has requested and received support,50,71
2023,Reporting year,Local authority,E92000001,England,E12000009,South West,839,"Bournemouth, Christchurch and Poole",E06000058,23 years,Care leaver not in touch,15,31
2023,Reporting year,Local authority,E92000001,England,E12000009,South West,839,"Bournemouth, Christchurch and Poole",E06000058,23 years,Total,48,100
2023,Reporting year,Local authority,E92000001,England,E12000009,South West,839,"Bournemouth, Christchurch and Poole",E06000058,23 years,Young person has requested and received support,33,69
2023,Reporting year,Local authority,E92000001,England,E12000009,South West,839,"Bournemouth, Christchurch and Poole",E06000058,24 years,Care leaver not in touch,13,26
2023,Reporting year,Local authority,E92000001,England,E12000009,South West,839,"Bournemouth, Christchurch and Poole",E06000058,24 years,Total,50,100
2023,Reporting year,Local authority,E92000001,England,E12000009,South West,839,"Bournemouth, Christchurch and Poole",E06000058,24 years,Young person has requested and received support,37,74
2023,Reporting year,Local authority,E92000001,England,E12000009,South West,839,"Bournemouth, Christchurch and Poole",E06000058,25 years,Care leaver not in touch,12,31
2023,Reporting year,Local authority,E92000001,England,E12000009,South West,839,"Bournemouth, Christchurch and Poole",E06000058,25 years,Total,39,100
2023,Reporting year,Local authority,E92000001,England,E12000009,South West,839,"Bournemouth, Christchurch and Poole",E06000058,25 years,Young person has requested and received support,27,69
2023,Reporting year,Local authority,E92000001,England,E12000009,South West,838,Dorset,E06000059,22 years,Care leaver not in touch,33,57
2023,Reporting year,Local authority,E92000001,England,E12000009,South West,838,Dorset,E06000059,22 years,Total,58,100
2023,Reporting year,Local authority,E92000001,England,E12000009,South West,838,Dorset,E06000059,22 years,Young person has requested and received support,25,43
2023,Reporting year,Local authority,E92000001,England,E12000009,South West,838,Dorset,E06000059,23 years,Care leaver not in touch,49,65
2023,Reporting year,Local authority,E92000001,England,E12000009,South West,838,Dorset,E06000059,23 years,Total,75,100
2023,Reporting year,Local authority,E92000001,England,E12000009,South West,838,Dorset,E06000059,23 years,Young person has requested and received support,26,35
2023,Reporting year,Local authority,E92000001,England,E12000009,South West,838,Dorset,E06000059,24 years,Care leaver not in touch,50,86
2023,Reporting year,Local authority,E92000001,England,E12000009,South West,838,Dorset,E06000059,24 years,Total,58,100
2023,Reporting year,Local authority,E92000001,England,E12000009,South West,838,Dorset,E06000059,24 years,Young person has requested and received support,8,14
2023,Reporting year,Local authority,E92000001,England,E12000009,South West,838,Dorset,E06000059,25 years,Care leaver not in touch,53,87
2023,Reporting year,Local authority,E92000001,England,E12000009,South West,838,Dorset,E06000059,25 years,Total,61,100
2023,Reporting year,Local authority,E92000001,England,E12000009,South West,838,Dorset,E06000059,25 years,Young person has requested and received support,8,13
2023,Reporting year,Local authority,E92000001,England,E12000009,South West,933,Somerset,E06000066,22 years,Care leaver not in touch,45,54
2023,Reporting year,Local authority,E92000001,England,E12000009,South West,933,Somerset,E06000066,22 years,Total,84,100
2023,Reporting year,Local authority,E92000001,England,E12000009,South West,933,Somerset,E06000066,22 years,Young person has requested and received support,39,46
2023,Reporting year,Local authority,E92000001,England,E12000009,South West,933,Somerset,E06000066,23 years,Care leaver not in touch,49,69
2023,Reporting year,Local authority,E92000001,England,E12000009,South West,933,Somerset,E06000066,23 years,Total,71,100
2023,Reporting year,Local authority,E92000001,England,E12000009,South West,933,Somerset,E06000066,23 years,Young person has requested and received support,22,31
2023,Reporting year,Local authority,E92000001,England,E12000009,South West,933,Somerset,E06000066,24 years,Care leaver not in touch,42,67
2023,Reporting year,Local authority,E92000001,England,E12000009,South West,933,Somerset,E06000066,24 years,Total,63,100
2023,Reporting year,Local authority,E92000001,England,E12000009,South West,933,Somerset,E06000066,24 years,Young person has requested and received support,21,33
2023,Reporting year,Local authority,E92000001,England,E12000009,South West,933,Somerset,E06000066,25 years,Care leaver not in touch,53,90
2023,Reporting year,Local authority,E92000001,England,E12000009,South West,933,Somerset,E06000066,25 years,Total,59,100
2023,Reporting year,Local authority,E92000001,England,E12000009,South West,933,Somerset,E06000066,25 years,Young person has requested and received support,6,10
2023,Reporting year,Local authority,E92000001,England,E12000009,South West,878,Devon,E10000008,22 years,Care leaver not in touch,56,53
2023,Reporting year,Local authority,E92000001,England,E12000009,South West,878,Devon,E10000008,22 years,Total,106,100
2023,Reporting year,Local authority,E92000001,England,E12000009,South West,878,Devon,E10000008,22 years,Young person has requested and received support,50,47
2023,Reporting year,Local authority,E92000001,England,E12000009,South West,878,Devon,E10000008,23 years,Care leaver not in touch,73,70
2023,Reporting year,Local authority,E92000001,England,E12000009,South West,878,Devon,E10000008,23 years,Total,104,100
2023,Reporting year,Local authority,E92000001,England,E12000009,South West,878,Devon,E10000008,23 years,Young person has requested and received support,31,30
2023,Reporting year,Local authority,E92000001,England,E12000009,South West,878,Devon,E10000008,24 years,Care leaver not in touch,79,81
2023,Reporting year,Local authority,E92000001,England,E12000009,South West,878,Devon,E10000008,24 years,Total,97,100
2023,Reporting year,Local authority,E92000001,England,E12000009,South West,878,Devon,E10000008,24 years,Young person has requested and received support,18,19
2023,Reporting year,Local authority,E92000001,England,E12000009,South West,878,Devon,E10000008,25 years,Care leaver not in touch,119,94
2023,Reporting year,Local authority,E92000001,England,E12000009,South West,878,Devon,E10000008,25 years,Total,127,100
2023,Reporting year,Local authority,E92000001,England,E12000009,South West,878,Devon,E10000008,25 years,Young person has requested and received support,8,6
2023,Reporting year,Local authority,E92000001,England,E12000009,South West,916,Gloucestershire,E10000013,22 years,Care leaver not in touch,45,48
2023,Reporting year,Local authority,E92000001,England,E12000009,South West,916,Gloucestershire,E10000013,22 years,Total,93,100
2023,Reporting year,Local authority,E92000001,England,E12000009,South West,916,Gloucestershire,E10000013,22 years,Young person has requested and received support,48,52
2023,Reporting year,Local authority,E92000001,England,E12000009,South West,916,Gloucestershire,E10000013,23 years,Care leaver not in touch,45,61
2023,Reporting year,Local authority,E92000001,England,E12000009,South West,916,Gloucestershire,E10000013,23 years,Total,74,100
2023,Reporting year,Local authority,E92000001,England,E12000009,South West,916,Gloucestershire,E10000013,23 years,Young person has requested and received support,29,39
2023,Reporting year,Local authority,E92000001,England,E12000009,South West,916,Gloucestershire,E10000013,24 years,Care leaver not in touch,62,78
2023,Reporting year,Local authority,E92000001,England,E12000009,South West,916,Gloucestershire,E10000013,24 years,Total,79,100
2023,Reporting year,Local authority,E92000001,England,E12000009,South West,916,Gloucestershire,E10000013,24 years,Young person has requested and received support,17,22
2023,Reporting year,Local authority,E92000001,England,E12000009,South West,916,Gloucestershire,E10000013,25 years,Care leaver not in touch,56,79
2023,Reporting year,Local authority,E92000001,England,E12000009,South West,916,Gloucestershire,E10000013,25 years,Total,71,100
2023,Reporting year,Local authority,E92000001,England,E12000009,South West,916,Gloucestershire,E10000013,25 years,Young person has requested and received support,15,21
2023,Reporting year,Local authority,E92000001,England,E13000001,Inner London,201,City of London,E09000001,22 years,Care leaver not in touch,c,c
2023,Reporting year,Local authority,E92000001,England,E13000001,Inner London,201,City of London,E09000001,22 years,Total,c,c
2023,Reporting year,Local authority,E92000001,England,E13000001,Inner London,201,City of London,E09000001,22 years,Young person has requested and received support,c,c
2023,Reporting year,Local authority,E92000001,England,E13000001,Inner London,201,City of London,E09000001,23 years,Care leaver not in touch,c,c
2023,Reporting year,Local authority,E92000001,England,E13000001,Inner London,201,City of London,E09000001,23 years,Total,8,100
2023,Reporting year,Local authority,E92000001,England,E13000001,Inner London,201,City of London,E09000001,23 years,Young person has requested and received support,c,c
2023,Reporting year,Local authority,E92000001,England,E13000001,Inner London,201,City of London,E09000001,24 years,Care leaver not in touch,c,c
2023,Reporting year,Local authority,E92000001,England,E13000001,Inner London,201,City of London,E09000001,24 years,Total,c,c
2023,Reporting year,Local authority,E92000001,England,E13000001,Inner London,201,City of London,E09000001,24 years,Young person has requested and received support,c,c
2023,Reporting year,Local authority,E92000001,England,E13000001,Inner London,201,City of London,E09000001,25 years,Care leaver not in touch,c,c
2023,Reporting year,Local authority,E92000001,England,E13000001,Inner London,201,City of London,E09000001,25 years,Total,c,c
2023,Reporting year,Local authority,E92000001,England,E13000001,Inner London,201,City of London,E09000001,25 years,Young person has requested and received support,0,0
2023,Reporting year,Local authority,E92000001,England,E13000001,Inner London,202,Camden,E09000007,22 years,Care leaver not in touch,11,19
2023,Reporting year,Local authority,E92000001,England,E13000001,Inner London,202,Camden,E09000007,22 years,Total,59,100
2023,Reporting year,Local authority,E92000001,England,E13000001,Inner London,202,Camden,E09000007,22 years,Young person has requested and received support,48,81
2023,Reporting year,Local authority,E92000001,England,E13000001,Inner London,202,Camden,E09000007,23 years,Care leaver not in touch,13,22
2023,Reporting year,Local authority,E92000001,England,E13000001,Inner London,202,Camden,E09000007,23 years,Total,58,100
2023,Reporting year,Local authority,E92000001,England,E13000001,Inner London,202,Camden,E09000007,23 years,Young person has requested and received support,45,78
2023,Reporting year,Local authority,E92000001,England,E13000001,Inner London,202,Camden,E09000007,24 years,Care leaver not in touch,12,24
2023,Reporting year,Local authority,E92000001,England,E13000001,Inner London,202,Camden,E09000007,24 years,Total,50,100
2023,Reporting year,Local authority,E92000001,England,E13000001,Inner London,202,Camden,E09000007,24 years,Young person has requested and received support,38,76
2023,Reporting year,Local authority,E92000001,England,E13000001,Inner London,202,Camden,E09000007,25 years,Care leaver not in touch,23,51
2023,Reporting year,Local authority,E92000001,England,E13000001,Inner London,202,Camden,E09000007,25 years,Total,45,100
2023,Reporting year,Local authority,E92000001,England,E13000001,Inner London,202,Camden,E09000007,25 years,Young person has requested and received support,22,49
2023,Reporting year,Local authority,E92000001,England,E13000001,Inner London,204,Hackney,E09000012,22 years,Care leaver not in touch,35,47
2023,Reporting year,Local authority,E92000001,England,E13000001,Inner London,204,Hackney,E09000012,22 years,Total,74,100
2023,Reporting year,Local authority,E92000001,England,E13000001,Inner London,204,Hackney,E09000012,22 years,Young person has requested and received support,39,53
2023,Reporting year,Local authority,E92000001,England,E13000001,Inner London,204,Hackney,E09000012,23 years,Care leaver not in touch,48,55
2023,Reporting year,Local authority,E92000001,England,E13000001,Inner London,204,Hackney,E09000012,23 years,Total,88,100
2023,Reporting year,Local authority,E92000001,England,E13000001,Inner London,204,Hackney,E09000012,23 years,Young person has requested and received support,40,45
2023,Reporting year,Local authority,E92000001,England,E13000001,Inner London,204,Hackney,E09000012,24 years,Care leaver not in touch,48,69
2023,Reporting year,Local authority,E92000001,England,E13000001,Inner London,204,Hackney,E09000012,24 years,Total,70,100
2023,Reporting year,Local authority,E92000001,England,E13000001,Inner London,204,Hackney,E09000012,24 years,Young person has requested and received support,22,31
2023,Reporting year,Local authority,E92000001,England,E13000001,Inner London,204,Hackney,E09000012,25 years,Care leaver not in touch,47,76
2023,Reporting year,Local authority,E92000001,England,E13000001,Inner London,204,Hackney,E09000012,25 years,Total,62,100
2023,Reporting year,Local authority,E92000001,England,E13000001,Inner London,204,Hackney,E09000012,25 years,Young person has requested and received support,15,24
2023,Reporting year,Local authority,E92000001,England,E13000001,Inner London,205,Hammersmith and Fulham,E09000013,22 years,Care leaver not in touch,23,38
2023,Reporting year,Local authority,E92000001,England,E13000001,Inner London,205,Hammersmith and Fulham,E09000013,22 years,Total,61,100
2023,Reporting year,Local authority,E92000001,England,E13000001,Inner London,205,Hammersmith and Fulham,E09000013,22 years,Young person has requested and received support,38,62
2023,Reporting year,Local authority,E92000001,England,E13000001,Inner London,205,Hammersmith and Fulham,E09000013,23 years,Care leaver not in touch,37,64
2023,Reporting year,Local authority,E92000001,England,E13000001,Inner London,205,Hammersmith and Fulham,E09000013,23 years,Total,58,100
2023,Reporting year,Local authority,E92000001,England,E13000001,Inner London,205,Hammersmith and Fulham,E09000013,23 years,Young person has requested and received support,21,36
2023,Reporting year,Local authority,E92000001,England,E13000001,Inner London,205,Hammersmith and Fulham,E09000013,24 years,Care leaver not in touch,42,82
2023,Reporting year,Local authority,E92000001,England,E13000001,Inner London,205,Hammersmith and Fulham,E09000013,24 years,Total,51,100
2023,Reporting year,Local authority,E92000001,England,E13000001,Inner London,205,Hammersmith and Fulham,E09000013,24 years,Young person has requested and received support,9,18
2023,Reporting year,Local authority,E92000001,England,E13000001,Inner London,205,Hammersmith and Fulham,E09000013,25 years,Care leaver not in touch,35,85
2023,Reporting year,Local authority,E92000001,England,E13000001,Inner London,205,Hammersmith and Fulham,E09000013,25 years,Total,41,100
2023,Reporting year,Local authority,E92000001,England,E13000001,Inner London,205,Hammersmith and Fulham,E09000013,25 years,Young person has requested and received support,6,15
2023,Reporting year,Local authority,E92000001,England,E13000001,Inner London,309,Haringey,E09000014,22 years,Care leaver not in touch,9,12
2023,Reporting year,Local authority,E92000001,England,E13000001,Inner London,309,Haringey,E09000014,22 years,Total,76,100
2023,Reporting year,Local authority,E92000001,England,E13000001,Inner London,309,Haringey,E09000014,22 years,Young person has requested and received support,67,88
2023,Reporting year,Local authority,E92000001,England,E13000001,Inner London,309,Haringey,E09000014,23 years,Care leaver not in touch,20,23
2023,Reporting year,Local authority,E92000001,England,E13000001,Inner London,309,Haringey,E09000014,23 years,Total,87,100
2023,Reporting year,Local authority,E92000001,England,E13000001,Inner London,309,Haringey,E09000014,23 years,Young person has requested and received support,67,77
2023,Reporting year,Local authority,E92000001,England,E13000001,Inner London,309,Haringey,E09000014,24 years,Care leaver not in touch,23,32
2023,Reporting year,Local authority,E92000001,England,E13000001,Inner London,309,Haringey,E09000014,24 years,Total,71,100
2023,Reporting year,Local authority,E92000001,England,E13000001,Inner London,309,Haringey,E09000014,24 years,Young person has requested and received support,48,68
2023,Reporting year,Local authority,E92000001,England,E13000001,Inner London,309,Haringey,E09000014,25 years,Care leaver not in touch,46,55
2023,Reporting year,Local authority,E92000001,England,E13000001,Inner London,309,Haringey,E09000014,25 years,Total,83,100
2023,Reporting year,Local authority,E92000001,England,E13000001,Inner London,309,Haringey,E09000014,25 years,Young person has requested and received support,37,45
2023,Reporting year,Local authority,E92000001,England,E13000001,Inner London,206,Islington,E09000019,22 years,Care leaver not in touch,73,82
2023,Reporting year,Local authority,E92000001,England,E13000001,Inner London,206,Islington,E09000019,22 years,Total,89,100
2023,Reporting year,Local authority,E92000001,England,E13000001,Inner London,206,Islington,E09000019,22 years,Young person has requested and received support,16,18
2023,Reporting year,Local authority,E92000001,England,E13000001,Inner London,206,Islington,E09000019,23 years,Care leaver not in touch,22,22
2023,Reporting year,Local authority,E92000001,England,E13000001,Inner London,206,Islington,E09000019,23 years,Total,101,100
2023,Reporting year,Local authority,E92000001,England,E13000001,Inner London,206,Islington,E09000019,23 years,Young person has requested and received support,79,78
2023,Reporting year,Local authority,E92000001,England,E13000001,Inner London,206,Islington,E09000019,24 years,Care leaver not in touch,45,43
2023,Reporting year,Local authority,E92000001,England,E13000001,Inner London,206,Islington,E09000019,24 years,Total,104,100
2023,Reporting year,Local authority,E92000001,England,E13000001,Inner London,206,Islington,E09000019,24 years,Young person has requested and received support,59,57
2023,Reporting year,Local authority,E92000001,England,E13000001,Inner London,206,Islington,E09000019,25 years,Care leaver not in touch,58,61
2023,Reporting year,Local authority,E92000001,England,E13000001,Inner London,206,Islington,E09000019,25 years,Total,95,100
2023,Reporting year,Local authority,E92000001,England,E13000001,Inner London,206,Islington,E09000019,25 years,Young person has requested and received support,37,39
2023,Reporting year,Local authority,E92000001,England,E13000001,Inner London,207,Kensington and Chelsea,E09000020,22 years,Care leaver not in touch,13,35
2023,Reporting year,Local authority,E92000001,England,E13000001,Inner London,207,Kensington and Chelsea,E09000020,22 years,Total,37,100
2023,Reporting year,Local authority,E92000001,England,E13000001,Inner London,207,Kensington and Chelsea,E09000020,22 years,Young person has requested and received support,24,65
2023,Reporting year,Local authority,E92000001,England,E13000001,Inner London,207,Kensington and Chelsea,E09000020,23 years,Care leaver not in touch,16,42
2023,Reporting year,Local authority,E92000001,England,E13000001,Inner London,207,Kensington and Chelsea,E09000020,23 years,Total,38,100
2023,Reporting year,Local authority,E92000001,England,E13000001,Inner London,207,Kensington and Chelsea,E09000020,23 years,Young person has requested and received support,22,58
2023,Reporting year,Local authority,E92000001,England,E13000001,Inner London,207,Kensington and Chelsea,E09000020,24 years,Care leaver not in touch,23,70
2023,Reporting year,Local authority,E92000001,England,E13000001,Inner London,207,Kensington and Chelsea,E09000020,24 years,Total,33,100
2023,Reporting year,Local authority,E92000001,England,E13000001,Inner London,207,Kensington and Chelsea,E09000020,24 years,Young person has requested and received support,10,30
2023,Reporting year,Local authority,E92000001,England,E13000001,Inner London,207,Kensington and Chelsea,E09000020,25 years,Care leaver not in touch,28,72
2023,Reporting year,Local authority,E92000001,England,E13000001,Inner London,207,Kensington and Chelsea,E09000020,25 years,Total,39,100
2023,Reporting year,Local authority,E92000001,England,E13000001,Inner London,207,Kensington and Chelsea,E09000020,25 years,Young person has requested and received support,11,28
2023,Reporting year,Local authority,E92000001,England,E13000001,Inner London,208,Lambeth,E09000022,22 years,Care leaver not in touch,23,21
2023,Reporting year,Local authority,E92000001,England,E13000001,Inner London,208,Lambeth,E09000022,22 years,Total,111,100
2023,Reporting year,Local authority,E92000001,England,E13000001,Inner London,208,Lambeth,E09000022,22 years,Young person has requested and received support,88,79
2023,Reporting year,Local authority,E92000001,England,E13000001,Inner London,208,Lambeth,E09000022,23 years,Care leaver not in touch,41,41
2023,Reporting year,Local authority,E92000001,England,E13000001,Inner London,208,Lambeth,E09000022,23 years,Total,100,100
2023,Reporting year,Local authority,E92000001,England,E13000001,Inner London,208,Lambeth,E09000022,23 years,Young person has requested and received support,59,59
2023,Reporting year,Local authority,E92000001,England,E13000001,Inner London,208,Lambeth,E09000022,24 years,Care leaver not in touch,45,56
2023,Reporting year,Local authority,E92000001,England,E13000001,Inner London,208,Lambeth,E09000022,24 years,Total,80,100
2023,Reporting year,Local authority,E92000001,England,E13000001,Inner London,208,Lambeth,E09000022,24 years,Young person has requested and received support,35,44
2023,Reporting year,Local authority,E92000001,England,E13000001,Inner London,208,Lambeth,E09000022,25 years,Care leaver not in touch,79,90
2023,Reporting year,Local authority,E92000001,England,E13000001,Inner London,208,Lambeth,E09000022,25 years,Total,88,100
2023,Reporting year,Local authority,E92000001,England,E13000001,Inner London,208,Lambeth,E09000022,25 years,Young person has requested and received support,9,10
2023,Reporting year,Local authority,E92000001,England,E13000001,Inner London,209,Lewisham,E09000023,22 years,Care leaver not in touch,6,6
2023,Reporting year,Local authority,E92000001,England,E13000001,Inner London,209,Lewisham,E09000023,22 years,Total,103,100
2023,Reporting year,Local authority,E92000001,England,E13000001,Inner London,209,Lewisham,E09000023,22 years,Young person has requested and received support,97,94
2023,Reporting year,Local authority,E92000001,England,E13000001,Inner London,209,Lewisham,E09000023,23 years,Care leaver not in touch,7,7
2023,Reporting year,Local authority,E92000001,England,E13000001,Inner London,209,Lewisham,E09000023,23 years,Total,98,100
2023,Reporting year,Local authority,E92000001,England,E13000001,Inner London,209,Lewisham,E09000023,23 years,Young person has requested and received support,91,93
2023,Reporting year,Local authority,E92000001,England,E13000001,Inner London,209,Lewisham,E09000023,24 years,Care leaver not in touch,19,19
2023,Reporting year,Local authority,E92000001,England,E13000001,Inner London,209,Lewisham,E09000023,24 years,Total,100,100
2023,Reporting year,Local authority,E92000001,England,E13000001,Inner London,209,Lewisham,E09000023,24 years,Young person has requested and received support,81,81
2023,Reporting year,Local authority,E92000001,England,E13000001,Inner London,209,Lewisham,E09000023,25 years,Care leaver not in touch,73,88
2023,Reporting year,Local authority,E92000001,England,E13000001,Inner London,209,Lewisham,E09000023,25 years,Total,83,100
2023,Reporting year,Local authority,E92000001,England,E13000001,Inner London,209,Lewisham,E09000023,25 years,Young person has requested and received support,10,12
2023,Reporting year,Local authority,E92000001,England,E13000001,Inner London,316,Newham,E09000025,22 years,Care leaver not in touch,28,26
2023,Reporting year,Local authority,E92000001,England,E13000001,Inner London,316,Newham,E09000025,22 years,Total,108,100
2023,Reporting year,Local authority,E92000001,England,E13000001,Inner London,316,Newham,E09000025,22 years,Young person has requested and received support,80,74
2023,Reporting year,Local authority,E92000001,England,E13000001,Inner London,316,Newham,E09000025,23 years,Care leaver not in touch,46,47
2023,Reporting year,Local authority,E92000001,England,E13000001,Inner London,316,Newham,E09000025,23 years,Total,98,100
2023,Reporting year,Local authority,E92000001,England,E13000001,Inner London,316,Newham,E09000025,23 years,Young person has requested and received support,52,53
2023,Reporting year,Local authority,E92000001,England,E13000001,Inner London,316,Newham,E09000025,24 years,Care leaver not in touch,62,67
2023,Reporting year,Local authority,E92000001,England,E13000001,Inner London,316,Newham,E09000025,24 years,Total,93,100
2023,Reporting year,Local authority,E92000001,England,E13000001,Inner London,316,Newham,E09000025,24 years,Young person has requested and received support,31,33
2023,Reporting year,Local authority,E92000001,England,E13000001,Inner London,316,Newham,E09000025,25 years,Care leaver not in touch,c,c
2023,Reporting year,Local authority,E92000001,England,E13000001,Inner London,316,Newham,E09000025,25 years,Total,10,100
2023,Reporting year,Local authority,E92000001,England,E13000001,Inner London,316,Newham,E09000025,25 years,Young person has requested and received support,c,c
2023,Reporting year,Local authority,E92000001,England,E13000001,Inner London,210,Southwark,E09000028,22 years,Care leaver not in touch,31,28
2023,Reporting year,Local authority,E92000001,England,E13000001,Inner London,210,Southwark,E09000028,22 years,Total,111,100
2023,Reporting year,Local authority,E92000001,England,E13000001,Inner London,210,Southwark,E09000028,22 years,Young person has requested and received support,80,72
2023,Reporting year,Local authority,E92000001,England,E13000001,Inner London,210,Southwark,E09000028,23 years,Care leaver not in touch,29,32
2023,Reporting year,Local authority,E92000001,England,E13000001,Inner London,210,Southwark,E09000028,23 years,Total,92,100
2023,Reporting year,Local authority,E92000001,England,E13000001,Inner London,210,Southwark,E09000028,23 years,Young person has requested and received support,63,68
2023,Reporting year,Local authority,E92000001,England,E13000001,Inner London,210,Southwark,E09000028,24 years,Care leaver not in touch,46,49
2023,Reporting year,Local authority,E92000001,England,E13000001,Inner London,210,Southwark,E09000028,24 years,Total,94,100
2023,Reporting year,Local authority,E92000001,England,E13000001,Inner London,210,Southwark,E09000028,24 years,Young person has requested and received support,48,51
2023,Reporting year,Local authority,E92000001,England,E13000001,Inner London,210,Southwark,E09000028,25 years,Care leaver not in touch,54,56
2023,Reporting year,Local authority,E92000001,England,E13000001,Inner London,210,Southwark,E09000028,25 years,Total,96,100
2023,Reporting year,Local authority,E92000001,England,E13000001,Inner London,210,Southwark,E09000028,25 years,Young person has requested and received support,42,44
2023,Reporting year,Local authority,E92000001,England,E13000001,Inner London,211,Tower Hamlets,E09000030,22 years,Care leaver not in touch,34,43
2023,Reporting year,Local authority,E92000001,England,E13000001,Inner London,211,Tower Hamlets,E09000030,22 years,Total,79,100
2023,Reporting year,Local authority,E92000001,England,E13000001,Inner London,211,Tower Hamlets,E09000030,22 years,Young person has requested and received support,45,57
2023,Reporting year,Local authority,E92000001,England,E13000001,Inner London,211,Tower Hamlets,E09000030,23 years,Care leaver not in touch,44,64
2023,Reporting year,Local authority,E92000001,England,E13000001,Inner London,211,Tower Hamlets,E09000030,23 years,Total,69,100
2023,Reporting year,Local authority,E92000001,England,E13000001,Inner London,211,Tower Hamlets,E09000030,23 years,Young person has requested and received support,25,36
2023,Reporting year,Local authority,E92000001,England,E13000001,Inner London,211,Tower Hamlets,E09000030,24 years,Care leaver not in touch,45,64
2023,Reporting year,Local authority,E92000001,England,E13000001,Inner London,211,Tower Hamlets,E09000030,24 years,Total,70,100
2023,Reporting year,Local authority,E92000001,England,E13000001,Inner London,211,Tower Hamlets,E09000030,24 years,Young person has requested and received support,25,36
2023,Reporting year,Local authority,E92000001,England,E13000001,Inner London,211,Tower Hamlets,E09000030,25 years,Care leaver not in touch,62,90
2023,Reporting year,Local authority,E92000001,England,E13000001,Inner London,211,Tower Hamlets,E09000030,25 years,Total,69,100
2023,Reporting year,Local authority,E92000001,England,E13000001,Inner London,211,Tower Hamlets,E09000030,25 years,Young person has requested and received support,7,10
2023,Reporting year,Local authority,E92000001,England,E13000001,Inner London,212,Wandsworth,E09000032,22 years,Care leaver not in touch,14,22
2023,Reporting year,Local authority,E92000001,England,E13000001,Inner London,212,Wandsworth,E09000032,22 years,Total,63,100
2023,Reporting year,Local authority,E92000001,England,E13000001,Inner London,212,Wandsworth,E09000032,22 years,Young person has requested and received support,49,78
2023,Reporting year,Local authority,E92000001,England,E13000001,Inner London,212,Wandsworth,E09000032,23 years,Care leaver not in touch,37,53
2023,Reporting year,Local authority,E92000001,England,E13000001,Inner London,212,Wandsworth,E09000032,23 years,Total,70,100
2023,Reporting year,Local authority,E92000001,England,E13000001,Inner London,212,Wandsworth,E09000032,23 years,Young person has requested and received support,33,47
2023,Reporting year,Local authority,E92000001,England,E13000001,Inner London,212,Wandsworth,E09000032,24 years,Care leaver not in touch,35,64
2023,Reporting year,Local authority,E92000001,England,E13000001,Inner London,212,Wandsworth,E09000032,24 years,Total,55,100
2023,Reporting year,Local authority,E92000001,England,E13000001,Inner London,212,Wandsworth,E09000032,24 years,Young person has requested and received support,20,36
2023,Reporting year,Local authority,E92000001,England,E13000001,Inner London,212,Wandsworth,E09000032,25 years,Care leaver not in touch,28,80
2023,Reporting year,Local authority,E92000001,England,E13000001,Inner London,212,Wandsworth,E09000032,25 years,Total,35,100
2023,Reporting year,Local authority,E92000001,England,E13000001,Inner London,212,Wandsworth,E09000032,25 years,Young person has requested and received support,7,20
2023,Reporting year,Local authority,E92000001,England,E13000001,Inner London,213,Westminster,E09000033,22 years,Care leaver not in touch,11,21
2023,Reporting year,Local authority,E92000001,England,E13000001,Inner London,213,Westminster,E09000033,22 years,Total,52,100
2023,Reporting year,Local authority,E92000001,England,E13000001,Inner London,213,Westminster,E09000033,22 years,Young person has requested and received support,41,79
2023,Reporting year,Local authority,E92000001,England,E13000001,Inner London,213,Westminster,E09000033,23 years,Care leaver not in touch,26,50
2023,Reporting year,Local authority,E92000001,England,E13000001,Inner London,213,Westminster,E09000033,23 years,Total,52,100
2023,Reporting year,Local authority,E92000001,England,E13000001,Inner London,213,Westminster,E09000033,23 years,Young person has requested and received support,26,50
2023,Reporting year,Local authority,E92000001,England,E13000001,Inner London,213,Westminster,E09000033,24 years,Care leaver not in touch,29,69
2023,Reporting year,Local authority,E92000001,England,E13000001,Inner London,213,Westminster,E09000033,24 years,Total,42,100
2023,Reporting year,Local authority,E92000001,England,E13000001,Inner London,213,Westminster,E09000033,24 years,Young person has requested and received support,13,31
2023,Reporting year,Local authority,E92000001,England,E13000001,Inner London,213,Westminster,E09000033,25 years,Care leaver not in touch,32,76
2023,Reporting year,Local authority,E92000001,England,E13000001,Inner London,213,Westminster,E09000033,25 years,Total,42,100
2023,Reporting year,Local authority,E92000001,England,E13000001,Inner London,213,Westminster,E09000033,25 years,Young person has requested and received support,10,24
2023,Reporting year,Local authority,E92000001,England,E13000002,Outer London,301,Barking and Dagenham,E09000002,22 years,Care leaver not in touch,39,56
2023,Reporting year,Local authority,E92000001,England,E13000002,Outer London,301,Barking and Dagenham,E09000002,22 years,Total,70,100
2023,Reporting year,Local authority,E92000001,England,E13000002,Outer London,301,Barking and Dagenham,E09000002,22 years,Young person has requested and received support,31,44
2023,Reporting year,Local authority,E92000001,England,E13000002,Outer London,301,Barking and Dagenham,E09000002,23 years,Care leaver not in touch,63,81
2023,Reporting year,Local authority,E92000001,England,E13000002,Outer London,301,Barking and Dagenham,E09000002,23 years,Total,78,100
2023,Reporting year,Local authority,E92000001,England,E13000002,Outer London,301,Barking and Dagenham,E09000002,23 years,Young person has requested and received support,15,19
2023,Reporting year,Local authority,E92000001,England,E13000002,Outer London,301,Barking and Dagenham,E09000002,24 years,Care leaver not in touch,c,c
2023,Reporting year,Local authority,E92000001,England,E13000002,Outer London,301,Barking and Dagenham,E09000002,24 years,Total,73,100
2023,Reporting year,Local authority,E92000001,England,E13000002,Outer London,301,Barking and Dagenham,E09000002,24 years,Young person has requested and received support,c,c
2023,Reporting year,Local authority,E92000001,England,E13000002,Outer London,301,Barking and Dagenham,E09000002,25 years,Care leaver not in touch,c,c
2023,Reporting year,Local authority,E92000001,England,E13000002,Outer London,301,Barking and Dagenham,E09000002,25 years,Total,48,100
2023,Reporting year,Local authority,E92000001,England,E13000002,Outer London,301,Barking and Dagenham,E09000002,25 years,Young person has requested and received support,c,c
2023,Reporting year,Local authority,E92000001,England,E13000002,Outer London,302,Barnet,E09000003,22 years,Care leaver not in touch,87,84
2023,Reporting year,Local authority,E92000001,England,E13000002,Outer London,302,Barnet,E09000003,22 years,Total,104,100
2023,Reporting year,Local authority,E92000001,England,E13000002,Outer London,302,Barnet,E09000003,22 years,Young person has requested and received support,17,16
2023,Reporting year,Local authority,E92000001,England,E13000002,Outer London,302,Barnet,E09000003,23 years,Care leaver not in touch,73,86
2023,Reporting year,Local authority,E92000001,England,E13000002,Outer London,302,Barnet,E09000003,23 years,Total,85,100
2023,Reporting year,Local authority,E92000001,England,E13000002,Outer London,302,Barnet,E09000003,23 years,Young person has requested and received support,12,14
2023,Reporting year,Local authority,E92000001,England,E13000002,Outer London,302,Barnet,E09000003,24 years,Care leaver not in touch,55,87
2023,Reporting year,Local authority,E92000001,England,E13000002,Outer London,302,Barnet,E09000003,24 years,Total,63,100
2023,Reporting year,Local authority,E92000001,England,E13000002,Outer London,302,Barnet,E09000003,24 years,Young person has requested and received support,8,13
2023,Reporting year,Local authority,E92000001,England,E13000002,Outer London,302,Barnet,E09000003,25 years,Care leaver not in touch,56,100
2023,Reporting year,Local authority,E92000001,England,E13000002,Outer London,302,Barnet,E09000003,25 years,Total,56,100
2023,Reporting year,Local authority,E92000001,England,E13000002,Outer London,302,Barnet,E09000003,25 years,Young person has requested and received support,0,0
2023,Reporting year,Local authority,E92000001,England,E13000002,Outer London,303,Bexley,E09000004,22 years,Care leaver not in touch,8,15
2023,Reporting year,Local authority,E92000001,England,E13000002,Outer London,303,Bexley,E09000004,22 years,Total,55,100
2023,Reporting year,Local authority,E92000001,England,E13000002,Outer London,303,Bexley,E09000004,22 years,Young person has requested and received support,47,85
2023,Reporting year,Local authority,E92000001,England,E13000002,Outer London,303,Bexley,E09000004,23 years,Care leaver not in touch,13,22
2023,Reporting year,Local authority,E92000001,England,E13000002,Outer London,303,Bexley,E09000004,23 years,Total,60,100
2023,Reporting year,Local authority,E92000001,England,E13000002,Outer London,303,Bexley,E09000004,23 years,Young person has requested and received support,47,78
2023,Reporting year,Local authority,E92000001,England,E13000002,Outer London,303,Bexley,E09000004,24 years,Care leaver not in touch,19,33
2023,Reporting year,Local authority,E92000001,England,E13000002,Outer London,303,Bexley,E09000004,24 years,Total,58,100
2023,Reporting year,Local authority,E92000001,England,E13000002,Outer London,303,Bexley,E09000004,24 years,Young person has requested and received support,39,67
2023,Reporting year,Local authority,E92000001,England,E13000002,Outer London,303,Bexley,E09000004,25 years,Care leaver not in touch,c,c
2023,Reporting year,Local authority,E92000001,England,E13000002,Outer London,303,Bexley,E09000004,25 years,Total,32,100
2023,Reporting year,Local authority,E92000001,England,E13000002,Outer London,303,Bexley,E09000004,25 years,Young person has requested and received support,c,c
2023,Reporting year,Local authority,E92000001,England,E13000002,Outer London,304,Brent,E09000005,22 years,Care leaver not in touch,24,29
2023,Reporting year,Local authority,E92000001,England,E13000002,Outer London,304,Brent,E09000005,22 years,Total,84,100
2023,Reporting year,Local authority,E92000001,England,E13000002,Outer London,304,Brent,E09000005,22 years,Young person has requested and received support,60,71
2023,Reporting year,Local authority,E92000001,England,E13000002,Outer London,304,Brent,E09000005,23 years,Care leaver not in touch,29,35
2023,Reporting year,Local authority,E92000001,England,E13000002,Outer London,304,Brent,E09000005,23 years,Total,84,100
2023,Reporting year,Local authority,E92000001,England,E13000002,Outer London,304,Brent,E09000005,23 years,Young person has requested and received support,55,65
2023,Reporting year,Local authority,E92000001,England,E13000002,Outer London,304,Brent,E09000005,24 years,Care leaver not in touch,48,56
2023,Reporting year,Local authority,E92000001,England,E13000002,Outer London,304,Brent,E09000005,24 years,Total,85,100
2023,Reporting year,Local authority,E92000001,England,E13000002,Outer London,304,Brent,E09000005,24 years,Young person has requested and received support,37,44
2023,Reporting year,Local authority,E92000001,England,E13000002,Outer London,304,Brent,E09000005,25 years,Care leaver not in touch,52,71
2023,Reporting year,Local authority,E92000001,England,E13000002,Outer London,304,Brent,E09000005,25 years,Total,73,100
2023,Reporting year,Local authority,E92000001,England,E13000002,Outer London,304,Brent,E09000005,25 years,Young person has requested and received support,21,29
2023,Reporting year,Local authority,E92000001,England,E13000002,Outer London,305,Bromley,E09000006,22 years,Care leaver not in touch,14,27
2023,Reporting year,Local authority,E92000001,England,E13000002,Outer London,305,Bromley,E09000006,22 years,Total,52,100
2023,Reporting year,Local authority,E92000001,England,E13000002,Outer London,305,Bromley,E09000006,22 years,Young person has requested and received support,38,73
2023,Reporting year,Local authority,E92000001,England,E13000002,Outer London,305,Bromley,E09000006,23 years,Care leaver not in touch,34,60
2023,Reporting year,Local authority,E92000001,England,E13000002,Outer London,305,Bromley,E09000006,23 years,Total,57,100
2023,Reporting year,Local authority,E92000001,England,E13000002,Outer London,305,Bromley,E09000006,23 years,Young person has requested and received support,23,40
2023,Reporting year,Local authority,E92000001,England,E13000002,Outer London,305,Bromley,E09000006,24 years,Care leaver not in touch,47,81
2023,Reporting year,Local authority,E92000001,England,E13000002,Outer London,305,Bromley,E09000006,24 years,Total,58,100
2023,Reporting year,Local authority,E92000001,England,E13000002,Outer London,305,Bromley,E09000006,24 years,Young person has requested and received support,11,19
2023,Reporting year,Local authority,E92000001,England,E13000002,Outer London,305,Bromley,E09000006,25 years,Care leaver not in touch,32,84
2023,Reporting year,Local authority,E92000001,England,E13000002,Outer London,305,Bromley,E09000006,25 years,Total,38,100
2023,Reporting year,Local authority,E92000001,England,E13000002,Outer London,305,Bromley,E09000006,25 years,Young person has requested and received support,6,16
2023,Reporting year,Local authority,E92000001,England,E13000002,Outer London,306,Croydon,E09000008,22 years,Care leaver not in touch,120,53
2023,Reporting year,Local authority,E92000001,England,E13000002,Outer London,306,Croydon,E09000008,22 years,Total,226,100
2023,Reporting year,Local authority,E92000001,England,E13000002,Outer London,306,Croydon,E09000008,22 years,Young person has requested and received support,106,47
2023,Reporting year,Local authority,E92000001,England,E13000002,Outer London,306,Croydon,E09000008,23 years,Care leaver not in touch,193,82
2023,Reporting year,Local authority,E92000001,England,E13000002,Outer London,306,Croydon,E09000008,23 years,Total,234,100
2023,Reporting year,Local authority,E92000001,England,E13000002,Outer London,306,Croydon,E09000008,23 years,Young person has requested and received support,41,18
2023,Reporting year,Local authority,E92000001,England,E13000002,Outer London,306,Croydon,E09000008,24 years,Care leaver not in touch,223,90
2023,Reporting year,Local authority,E92000001,England,E13000002,Outer London,306,Croydon,E09000008,24 years,Total,249,100
2023,Reporting year,Local authority,E92000001,England,E13000002,Outer London,306,Croydon,E09000008,24 years,Young person has requested and received support,26,10
2023,Reporting year,Local authority,E92000001,England,E13000002,Outer London,306,Croydon,E09000008,25 years,Care leaver not in touch,202,97
2023,Reporting year,Local authority,E92000001,England,E13000002,Outer London,306,Croydon,E09000008,25 years,Total,209,100
2023,Reporting year,Local authority,E92000001,England,E13000002,Outer London,306,Croydon,E09000008,25 years,Young person has requested and received support,7,3
2023,Reporting year,Local authority,E92000001,England,E13000002,Outer London,307,Ealing,E09000009,22 years,Care leaver not in touch,47,55
2023,Reporting year,Local authority,E92000001,England,E13000002,Outer London,307,Ealing,E09000009,22 years,Total,86,100
2023,Reporting year,Local authority,E92000001,England,E13000002,Outer London,307,Ealing,E09000009,22 years,Young person has requested and received support,39,45
2023,Reporting year,Local authority,E92000001,England,E13000002,Outer London,307,Ealing,E09000009,23 years,Care leaver not in touch,65,71
2023,Reporting year,Local authority,E92000001,England,E13000002,Outer London,307,Ealing,E09000009,23 years,Total,92,100
2023,Reporting year,Local authority,E92000001,England,E13000002,Outer London,307,Ealing,E09000009,23 years,Young person has requested and received support,27,29
2023,Reporting year,Local authority,E92000001,England,E13000002,Outer London,307,Ealing,E09000009,24 years,Care leaver not in touch,64,79
2023,Reporting year,Local authority,E92000001,England,E13000002,Outer London,307,Ealing,E09000009,24 years,Total,81,100
2023,Reporting year,Local authority,E92000001,England,E13000002,Outer London,307,Ealing,E09000009,24 years,Young person has requested and received support,17,21
2023,Reporting year,Local authority,E92000001,England,E13000002,Outer London,307,Ealing,E09000009,25 years,Care leaver not in touch,46,85
2023,Reporting year,Local authority,E92000001,England,E13000002,Outer London,307,Ealing,E09000009,25 years,Total,54,100
2023,Reporting year,Local authority,E92000001,England,E13000002,Outer London,307,Ealing,E09000009,25 years,Young person has requested and received support,8,15
2023,Reporting year,Local authority,E92000001,England,E13000002,Outer London,308,Enfield,E09000010,22 years,Care leaver not in touch,c,c
2023,Reporting year,Local authority,E92000001,England,E13000002,Outer London,308,Enfield,E09000010,22 years,Total,74,100
2023,Reporting year,Local authority,E92000001,England,E13000002,Outer London,308,Enfield,E09000010,22 years,Young person has requested and received support,c,c
2023,Reporting year,Local authority,E92000001,England,E13000002,Outer London,308,Enfield,E09000010,23 years,Care leaver not in touch,61,100
2023,Reporting year,Local authority,E92000001,England,E13000002,Outer London,308,Enfield,E09000010,23 years,Total,61,100
2023,Reporting year,Local authority,E92000001,England,E13000002,Outer London,308,Enfield,E09000010,23 years,Young person has requested and received support,0,0
2023,Reporting year,Local authority,E92000001,England,E13000002,Outer London,308,Enfield,E09000010,24 years,Care leaver not in touch,c,c
2023,Reporting year,Local authority,E92000001,England,E13000002,Outer London,308,Enfield,E09000010,24 years,Total,85,100
2023,Reporting year,Local authority,E92000001,England,E13000002,Outer London,308,Enfield,E09000010,24 years,Young person has requested and received support,c,c
2023,Reporting year,Local authority,E92000001,England,E13000002,Outer London,308,Enfield,E09000010,25 years,Care leaver not in touch,80,100
2023,Reporting year,Local authority,E92000001,England,E13000002,Outer London,308,Enfield,E09000010,25 years,Total,80,100
2023,Reporting year,Local authority,E92000001,England,E13000002,Outer London,308,Enfield,E09000010,25 years,Young person has requested and received support,0,0
2023,Reporting year,Local authority,E92000001,England,E13000002,Outer London,203,Greenwich,E09000011,22 years,Care leaver not in touch,61,84
2023,Reporting year,Local authority,E92000001,England,E13000002,Outer London,203,Greenwich,E09000011,22 years,Total,73,100
2023,Reporting year,Local authority,E92000001,England,E13000002,Outer London,203,Greenwich,E09000011,22 years,Young person has requested and received support,12,16
2023,Reporting year,Local authority,E92000001,England,E13000002,Outer London,203,Greenwich,E09000011,23 years,Care leaver not in touch,64,86
2023,Reporting year,Local authority,E92000001,England,E13000002,Outer London,203,Greenwich,E09000011,23 years,Total,74,100
2023,Reporting year,Local authority,E92000001,England,E13000002,Outer London,203,Greenwich,E09000011,23 years,Young person has requested and received support,10,14
2023,Reporting year,Local authority,E92000001,England,E13000002,Outer London,203,Greenwich,E09000011,24 years,Care leaver not in touch,c,c
2023,Reporting year,Local authority,E92000001,England,E13000002,Outer London,203,Greenwich,E09000011,24 years,Total,89,100
2023,Reporting year,Local authority,E92000001,England,E13000002,Outer London,203,Greenwich,E09000011,24 years,Young person has requested and received support,c,c
2023,Reporting year,Local authority,E92000001,England,E13000002,Outer London,203,Greenwich,E09000011,25 years,Care leaver not in touch,c,c
2023,Reporting year,Local authority,E92000001,England,E13000002,Outer London,203,Greenwich,E09000011,25 years,Total,62,100
2023,Reporting year,Local authority,E92000001,England,E13000002,Outer London,203,Greenwich,E09000011,25 years,Young person has requested and received support,c,c
2023,Reporting year,Local authority,E92000001,England,E13000002,Outer London,310,Harrow,E09000015,22 years,Care leaver not in touch,22,36
2023,Reporting year,Local authority,E92000001,England,E13000002,Outer London,310,Harrow,E09000015,22 years,Total,61,100
2023,Reporting year,Local authority,E92000001,England,E13000002,Outer London,310,Harrow,E09000015,22 years,Young person has requested and received support,39,64
2023,Reporting year,Local authority,E92000001,England,E13000002,Outer London,310,Harrow,E09000015,23 years,Care leaver not in touch,28,68
2023,Reporting year,Local authority,E92000001,England,E13000002,Outer London,310,Harrow,E09000015,23 years,Total,41,100
2023,Reporting year,Local authority,E92000001,England,E13000002,Outer London,310,Harrow,E09000015,23 years,Young person has requested and received support,13,32
2023,Reporting year,Local authority,E92000001,England,E13000002,Outer London,310,Harrow,E09000015,24 years,Care leaver not in touch,32,82
2023,Reporting year,Local authority,E92000001,England,E13000002,Outer London,310,Harrow,E09000015,24 years,Total,39,100
2023,Reporting year,Local authority,E92000001,England,E13000002,Outer London,310,Harrow,E09000015,24 years,Young person has requested and received support,7,18
2023,Reporting year,Local authority,E92000001,England,E13000002,Outer London,310,Harrow,E09000015,25 years,Care leaver not in touch,c,c
2023,Reporting year,Local authority,E92000001,England,E13000002,Outer London,310,Harrow,E09000015,25 years,Total,30,100
2023,Reporting year,Local authority,E92000001,England,E13000002,Outer London,310,Harrow,E09000015,25 years,Young person has requested and received support,c,c
2023,Reporting year,Local authority,E92000001,England,E13000002,Outer London,311,Havering,E09000016,22 years,Care leaver not in touch,6,11
2023,Reporting year,Local authority,E92000001,England,E13000002,Outer London,311,Havering,E09000016,22 years,Total,55,100
2023,Reporting year,Local authority,E92000001,England,E13000002,Outer London,311,Havering,E09000016,22 years,Young person has requested and received support,49,89
2023,Reporting year,Local authority,E92000001,England,E13000002,Outer London,311,Havering,E09000016,23 years,Care leaver not in touch,12,29
2023,Reporting year,Local authority,E92000001,England,E13000002,Outer London,311,Havering,E09000016,23 years,Total,42,100
2023,Reporting year,Local authority,E92000001,England,E13000002,Outer London,311,Havering,E09000016,23 years,Young person has requested and received support,30,71
2023,Reporting year,Local authority,E92000001,England,E13000002,Outer London,311,Havering,E09000016,24 years,Care leaver not in touch,13,33
2023,Reporting year,Local authority,E92000001,England,E13000002,Outer London,311,Havering,E09000016,24 years,Total,39,100
2023,Reporting year,Local authority,E92000001,England,E13000002,Outer London,311,Havering,E09000016,24 years,Young person has requested and received support,26,67
2023,Reporting year,Local authority,E92000001,England,E13000002,Outer London,311,Havering,E09000016,25 years,Care leaver not in touch,26,54
2023,Reporting year,Local authority,E92000001,England,E13000002,Outer London,311,Havering,E09000016,25 years,Total,48,100
2023,Reporting year,Local authority,E92000001,England,E13000002,Outer London,311,Havering,E09000016,25 years,Young person has requested and received support,22,46
2023,Reporting year,Local authority,E92000001,England,E13000002,Outer London,312,Hillingdon,E09000017,22 years,Care leaver not in touch,35,41
2023,Reporting year,Local authority,E92000001,England,E13000002,Outer London,312,Hillingdon,E09000017,22 years,Total,85,100
2023,Reporting year,Local authority,E92000001,England,E13000002,Outer London,312,Hillingdon,E09000017,22 years,Young person has requested and received support,50,59
2023,Reporting year,Local authority,E92000001,England,E13000002,Outer London,312,Hillingdon,E09000017,23 years,Care leaver not in touch,54,58
2023,Reporting year,Local authority,E92000001,England,E13000002,Outer London,312,Hillingdon,E09000017,23 years,Total,93,100
2023,Reporting year,Local authority,E92000001,England,E13000002,Outer London,312,Hillingdon,E09000017,23 years,Young person has requested and received support,39,42
2023,Reporting year,Local authority,E92000001,England,E13000002,Outer London,312,Hillingdon,E09000017,24 years,Care leaver not in touch,76,76
2023,Reporting year,Local authority,E92000001,England,E13000002,Outer London,312,Hillingdon,E09000017,24 years,Total,100,100
2023,Reporting year,Local authority,E92000001,England,E13000002,Outer London,312,Hillingdon,E09000017,24 years,Young person has requested and received support,24,24
2023,Reporting year,Local authority,E92000001,England,E13000002,Outer London,312,Hillingdon,E09000017,25 years,Care leaver not in touch,c,c
2023,Reporting year,Local authority,E92000001,England,E13000002,Outer London,312,Hillingdon,E09000017,25 years,Total,87,100
2023,Reporting year,Local authority,E92000001,England,E13000002,Outer London,312,Hillingdon,E09000017,25 years,Young person has requested and received support,c,c
2023,Reporting year,Local authority,E92000001,England,E13000002,Outer London,313,Hounslow,E09000018,22 years,Care leaver not in touch,47,75
2023,Reporting year,Local authority,E92000001,England,E13000002,Outer London,313,Hounslow,E09000018,22 years,Total,63,100
2023,Reporting year,Local authority,E92000001,England,E13000002,Outer London,313,Hounslow,E09000018,22 years,Young person has requested and received support,16,25
2023,Reporting year,Local authority,E92000001,England,E13000002,Outer London,313,Hounslow,E09000018,23 years,Care leaver not in touch,60,88
2023,Reporting year,Local authority,E92000001,England,E13000002,Outer London,313,Hounslow,E09000018,23 years,Total,68,100
2023,Reporting year,Local authority,E92000001,England,E13000002,Outer London,313,Hounslow,E09000018,23 years,Young person has requested and received support,8,12
2023,Reporting year,Local authority,E92000001,England,E13000002,Outer London,313,Hounslow,E09000018,24 years,Care leaver not in touch,70,92
2023,Reporting year,Local authority,E92000001,England,E13000002,Outer London,313,Hounslow,E09000018,24 years,Total,76,100
2023,Reporting year,Local authority,E92000001,England,E13000002,Outer London,313,Hounslow,E09000018,24 years,Young person has requested and received support,6,8
2023,Reporting year,Local authority,E92000001,England,E13000002,Outer London,313,Hounslow,E09000018,25 years,Care leaver not in touch,c,c
2023,Reporting year,Local authority,E92000001,England,E13000002,Outer London,313,Hounslow,E09000018,25 years,Total,73,100
2023,Reporting year,Local authority,E92000001,England,E13000002,Outer London,313,Hounslow,E09000018,25 years,Young person has requested and received support,c,c
2023,Reporting year,Local authority,E92000001,England,E13000002,Outer London,314,Kingston upon Thames,E09000021,22 years,Care leaver not in touch,9,31
2023,Reporting year,Local authority,E92000001,England,E13000002,Outer London,314,Kingston upon Thames,E09000021,22 years,Total,29,100
2023,Reporting year,Local authority,E92000001,England,E13000002,Outer London,314,Kingston upon Thames,E09000021,22 years,Young person has requested and received support,20,69
2023,Reporting year,Local authority,E92000001,England,E13000002,Outer London,314,Kingston upon Thames,E09000021,23 years,Care leaver not in touch,12,46
2023,Reporting year,Local authority,E92000001,England,E13000002,Outer London,314,Kingston upon Thames,E09000021,23 years,Total,26,100
2023,Reporting year,Local authority,E92000001,England,E13000002,Outer London,314,Kingston upon Thames,E09000021,23 years,Young person has requested and received support,14,54
2023,Reporting year,Local authority,E92000001,England,E13000002,Outer London,314,Kingston upon Thames,E09000021,24 years,Care leaver not in touch,13,62
2023,Reporting year,Local authority,E92000001,England,E13000002,Outer London,314,Kingston upon Thames,E09000021,24 years,Total,21,100
2023,Reporting year,Local authority,E92000001,England,E13000002,Outer London,314,Kingston upon Thames,E09000021,24 years,Young person has requested and received support,8,38
2023,Reporting year,Local authority,E92000001,England,E13000002,Outer London,314,Kingston upon Thames,E09000021,25 years,Care leaver not in touch,c,c
2023,Reporting year,Local authority,E92000001,England,E13000002,Outer London,314,Kingston upon Thames,E09000021,25 years,Total,26,100
2023,Reporting year,Local authority,E92000001,England,E13000002,Outer London,314,Kingston upon Thames,E09000021,25 years,Young person has requested and received support,c,c
2023,Reporting year,Local authority,E92000001,England,E13000002,Outer London,315,Merton,E09000024,22 years,Care leaver not in touch,6,18
2023,Reporting year,Local authority,E92000001,England,E13000002,Outer London,315,Merton,E09000024,22 years,Total,33,100
2023,Reporting year,Local authority,E92000001,England,E13000002,Outer London,315,Merton,E09000024,22 years,Young person has requested and received support,27,82
2023,Reporting year,Local authority,E92000001,England,E13000002,Outer London,315,Merton,E09000024,23 years,Care leaver not in touch,8,18
2023,Reporting year,Local authority,E92000001,England,E13000002,Outer London,315,Merton,E09000024,23 years,Total,45,100
2023,Reporting year,Local authority,E92000001,England,E13000002,Outer London,315,Merton,E09000024,23 years,Young person has requested and received support,37,82
2023,Reporting year,Local authority,E92000001,England,E13000002,Outer London,315,Merton,E09000024,24 years,Care leaver not in touch,19,50
2023,Reporting year,Local authority,E92000001,England,E13000002,Outer London,315,Merton,E09000024,24 years,Total,38,100
2023,Reporting year,Local authority,E92000001,England,E13000002,Outer London,315,Merton,E09000024,24 years,Young person has requested and received support,19,50
2023,Reporting year,Local authority,E92000001,England,E13000002,Outer London,315,Merton,E09000024,25 years,Care leaver not in touch,15,34
2023,Reporting year,Local authority,E92000001,England,E13000002,Outer London,315,Merton,E09000024,25 years,Total,44,100
2023,Reporting year,Local authority,E92000001,England,E13000002,Outer London,315,Merton,E09000024,25 years,Young person has requested and received support,29,66
2023,Reporting year,Local authority,E92000001,England,E13000002,Outer London,317,Redbridge,E09000026,22 years,Care leaver not in touch,25,49
2023,Reporting year,Local authority,E92000001,England,E13000002,Outer London,317,Redbridge,E09000026,22 years,Total,51,100
2023,Reporting year,Local authority,E92000001,England,E13000002,Outer London,317,Redbridge,E09000026,22 years,Young person has requested and received support,26,51
2023,Reporting year,Local authority,E92000001,England,E13000002,Outer London,317,Redbridge,E09000026,23 years,Care leaver not in touch,30,56
2023,Reporting year,Local authority,E92000001,England,E13000002,Outer London,317,Redbridge,E09000026,23 years,Total,54,100
2023,Reporting year,Local authority,E92000001,England,E13000002,Outer London,317,Redbridge,E09000026,23 years,Young person has requested and received support,24,44
2023,Reporting year,Local authority,E92000001,England,E13000002,Outer London,317,Redbridge,E09000026,24 years,Care leaver not in touch,47,77
2023,Reporting year,Local authority,E92000001,England,E13000002,Outer London,317,Redbridge,E09000026,24 years,Total,61,100
2023,Reporting year,Local authority,E92000001,England,E13000002,Outer London,317,Redbridge,E09000026,24 years,Young person has requested and received support,14,23
2023,Reporting year,Local authority,E92000001,England,E13000002,Outer London,317,Redbridge,E09000026,25 years,Care leaver not in touch,36,86
2023,Reporting year,Local authority,E92000001,England,E13000002,Outer London,317,Redbridge,E09000026,25 years,Total,42,100
2023,Reporting year,Local authority,E92000001,England,E13000002,Outer London,317,Redbridge,E09000026,25 years,Young person has requested and received support,6,14
2023,Reporting year,Local authority,E92000001,England,E13000002,Outer London,318,Richmond upon Thames,E09000027,22 years,Care leaver not in touch,10,37
2023,Reporting year,Local authority,E92000001,England,E13000002,Outer London,318,Richmond upon Thames,E09000027,22 years,Total,27,100
2023,Reporting year,Local authority,E92000001,England,E13000002,Outer London,318,Richmond upon Thames,E09000027,22 years,Young person has requested and received support,17,63
2023,Reporting year,Local authority,E92000001,England,E13000002,Outer London,318,Richmond upon Thames,E09000027,23 years,Care leaver not in touch,20,67
2023,Reporting year,Local authority,E92000001,England,E13000002,Outer London,318,Richmond upon Thames,E09000027,23 years,Total,30,100
2023,Reporting year,Local authority,E92000001,England,E13000002,Outer London,318,Richmond upon Thames,E09000027,23 years,Young person has requested and received support,10,33
2023,Reporting year,Local authority,E92000001,England,E13000002,Outer London,318,Richmond upon Thames,E09000027,24 years,Care leaver not in touch,19,50
2023,Reporting year,Local authority,E92000001,England,E13000002,Outer London,318,Richmond upon Thames,E09000027,24 years,Total,38,100
2023,Reporting year,Local authority,E92000001,England,E13000002,Outer London,318,Richmond upon Thames,E09000027,24 years,Young person has requested and received support,19,50
2023,Reporting year,Local authority,E92000001,England,E13000002,Outer London,318,Richmond upon Thames,E09000027,25 years,Care leaver not in touch,11,52
2023,Reporting year,Local authority,E92000001,England,E13000002,Outer London,318,Richmond upon Thames,E09000027,25 years,Total,21,100
2023,Reporting year,Local authority,E92000001,England,E13000002,Outer London,318,Richmond upon Thames,E09000027,25 years,Young person has requested and received support,10,48
2023,Reporting year,Local authority,E92000001,England,E13000002,Outer London,319,Sutton,E09000029,22 years,Care leaver not in touch,7,15
2023,Reporting year,Local authority,E92000001,England,E13000002,Outer London,319,Sutton,E09000029,22 years,Total,47,100
2023,Reporting year,Local authority,E92000001,England,E13000002,Outer London,319,Sutton,E09000029,22 years,Young person has requested and received support,40,85
2023,Reporting year,Local authority,E92000001,England,E13000002,Outer London,319,Sutton,E09000029,23 years,Care leaver not in touch,7,15
2023,Reporting year,Local authority,E92000001,England,E13000002,Outer London,319,Sutton,E09000029,23 years,Total,46,100
2023,Reporting year,Local authority,E92000001,England,E13000002,Outer London,319,Sutton,E09000029,23 years,Young person has requested and received support,39,85
2023,Reporting year,Local authority,E92000001,England,E13000002,Outer London,319,Sutton,E09000029,24 years,Care leaver not in touch,7,14
2023,Reporting year,Local authority,E92000001,England,E13000002,Outer London,319,Sutton,E09000029,24 years,Total,51,100
2023,Reporting year,Local authority,E92000001,England,E13000002,Outer London,319,Sutton,E09000029,24 years,Young person has requested and received support,44,86
2023,Reporting year,Local authority,E92000001,England,E13000002,Outer London,319,Sutton,E09000029,25 years,Care leaver not in touch,18,42
2023,Reporting year,Local authority,E92000001,England,E13000002,Outer London,319,Sutton,E09000029,25 years,Total,43,100
2023,Reporting year,Local authority,E92000001,England,E13000002,Outer London,319,Sutton,E09000029,25 years,Young person has requested and received support,25,58
2023,Reporting year,Local authority,E92000001,England,E13000002,Outer London,320,Waltham Forest,E09000031,22 years,Care leaver not in touch,15,19
2023,Reporting year,Local authority,E92000001,England,E13000002,Outer London,320,Waltham Forest,E09000031,22 years,Total,78,100
2023,Reporting year,Local authority,E92000001,England,E13000002,Outer London,320,Waltham Forest,E09000031,22 years,Young person has requested and received support,63,81
2023,Reporting year,Local authority,E92000001,England,E13000002,Outer London,320,Waltham Forest,E09000031,23 years,Care leaver not in touch,20,35
2023,Reporting year,Local authority,E92000001,England,E13000002,Outer London,320,Waltham Forest,E09000031,23 years,Total,57,100
2023,Reporting year,Local authority,E92000001,England,E13000002,Outer London,320,Waltham Forest,E09000031,23 years,Young person has requested and received support,37,65
2023,Reporting year,Local authority,E92000001,England,E13000002,Outer London,320,Waltham Forest,E09000031,24 years,Care leaver not in touch,28,44
2023,Reporting year,Local authority,E92000001,England,E13000002,Outer London,320,Waltham Forest,E09000031,24 years,Total,64,100
2023,Reporting year,Local authority,E92000001,England,E13000002,Outer London,320,Waltham Forest,E09000031,24 years,Young person has requested and received support,36,56
2023,Reporting year,Local authority,E92000001,England,E13000002,Outer London,320,Waltham Forest,E09000031,25 years,Care leaver not in touch,35,58
2023,Reporting year,Local authority,E92000001,England,E13000002,Outer London,320,Waltham Forest,E09000031,25 years,Total,60,100
2023,Reporting year,Local authority,E92000001,England,E13000002,Outer London,320,Waltham Forest,E09000031,25 years,Young person has requested and received support,25,42
