Children's social care data in England 2024 Ð Leavers and Joiners at 31 March 2024,,,,,,,,,,,,,,,,,,,,
This worksheet contains one table which begins in cell A4.,,,,,,,,,,,,,,,,,,,,
Some cells in this table are empty because data was not provided to Ofsted. ,,,,,,,,,,,,,,,,,,,,
URN,Provision type,Ofsted Region,Government Office Region,Local authority,Parliamentary constituency,Sector,Places,Short-break-only children's home,First effective date (that the provider became active),First effective date (that the provider became resigned),First effective date (that the provider closed),First effective date (that the provider became cancelled),Joiner status,Leaver status,Registration status (as at @startdate),Registration status (as at @enddate),Inspectorate (as at @startdate),Inspectorate (as at @enddate),Name,Reason
1159395,Boarding School,South East,South East,East Sussex,Hastings and Rye,Private,104,,01/09/2015,,,,,Leaver,Active,Active,Ofsted,ISI,Claremont School,"In previous year, not current dataset (moved to ISI)"
1166735,Adoption Support Agency,London,London,Camden,Holborn and St Pancras,Voluntary,,,01/10/2015,01/09/2023,01/09/2023,,,Leaver,Active,Resigned,,,Tavistock Relationships,"In previous year, not in current dataset (closed date in Year)"
1183136,Children's home,East Midlands,East Midlands,Nottingham,Nottingham North,Voluntary,2,,09/09/2015,27/10/2023,27/10/2023,,,Leaver,Active,Resigned,,,REDACTED,"In previous year, not in current dataset (closed date in Year)"
1183826,Children's home,"North East, Yorkshire and the Humber",North East,Sunderland,Sunderland Central,Private,8,,04/04/2016,30/11/2023,30/11/2023,,,Leaver,Active,Resigned,,,REDACTED,"In previous year, not in current dataset (closed date in Year)"
1212117,Children's home,East Midlands,East Midlands,Nottinghamshire,Gedling,Private,3,,01/12/2015,28/06/2023,28/06/2023,,,Leaver,Active,Resigned,,,REDACTED,"In previous year, not in current dataset (closed date in Year)"
1212708,Children's home,East Midlands,East Midlands,Nottingham,Nottingham North,Private,3,,09/12/2015,28/06/2023,28/06/2023,,,Leaver,Active,Resigned,,,REDACTED,"In previous year, not in current dataset (closed date in Year)"
1223681,Children's home,North West,North West,Lancashire,Burnley,Private,2,,14/04/2016,08/03/2024,08/03/2024,,,Leaver,Active,Resigned,,,REDACTED,"In previous year, not in current dataset (closed date in Year)"
1226757,Children's home,East of England,East of England,Thurrock,South Basildon and East Thurrock,Private,3,,17/03/2016,09/05/2023,09/05/2023,,,Leaver,Active,Resigned,,,REDACTED,"In previous year, not in current dataset (closed date in Year)"
1230725,Children's home,East of England,East of England,Essex,Harwich and North Essex,Private,6,,07/06/2016,30/06/2023,30/06/2023,,,Leaver,Active,Resigned,,,REDACTED,"In previous year, not in current dataset (closed date in Year)"
1231454,Residential Holiday Scheme for Disabled Children,West Midlands,West Midlands,Birmingham,Sutton Coldfield,Voluntary,,,14/10/2016,01/12/2023,01/12/2023,,,Leaver,Active,Resigned,,,KIDS,"In previous year, not in current dataset (closed date in Year)"
1232657,Children's home,West Midlands,West Midlands,Solihull,Solihull,Private,4,,11/02/2017,28/01/2024,28/01/2024,,,Leaver,Active,Resigned,,,REDACTED,"In previous year, not in current dataset (closed date in Year)"
1240572,Children's home,North West,North West,Lancashire,Preston,Private,2,,28/11/2016,20/03/2024,20/03/2024,,,Leaver,Active,Resigned,,,REDACTED,"In previous year, not in current dataset (closed date in Year)"
1240753,Children's home,North West,North West,Lancashire,Wyre and Preston North,Private,4,,17/08/2016,30/11/2023,30/11/2023,,,Leaver,Active,Resigned,,,REDACTED,"In previous year, not in current dataset (closed date in Year)"
1241785,Children's home,South East,South East,Hampshire,North West Hampshire,Private,9,,24/01/2017,21/04/2023,21/04/2023,,,Leaver,Active,Resigned,Ofsted,,REDACTED,"In previous year, not in current dataset (closed date in Year)"
1241840,Children's home,South West,South West,Bath and North East Somerset,North East Somerset,Private,4,,30/08/2016,02/06/2023,02/06/2023,,,Leaver,Active,Resigned,,,REDACTED,"In previous year, not in current dataset (closed date in Year)"
1244000,Children's home,West Midlands,West Midlands,Telford and Wrekin,The Wrekin,Private,5,,30/09/2016,15/03/2023,15/03/2023,,,Leaver,Active,Resigned,,,REDACTED,"In previous year, not in current dataset (closed date before April of current year)"
1244533,Independent Fostering Agency,North West,North West,Stockport,Stockport,Private,,,23/09/2016,16/05/2023,16/05/2023,,,Leaver,Active,Resigned,,,The Fostering Team,"In previous year, not in current dataset (closed date in Year)"
1247244,Children's home,East Midlands,East Midlands,West Northamptonshire,Daventry,Private,3,,02/05/2017,20/12/2022,20/12/2022,,,Leaver,Active,Resigned,,,REDACTED,"In previous year, not in current dataset (closed date before April of current year)"
1251076,Children's home,East Midlands,East Midlands,Leicestershire,Charnwood,Private,4,,12/01/2017,08/11/2023,08/11/2023,,,Leaver,Active,Resigned,,,REDACTED,"In previous year, not in current dataset (closed date in Year)"
1255520,Children's home,North West,North West,Lancashire,Morecambe and Lunesdale,Private,3,,10/07/2017,25/08/2023,25/08/2023,,,Leaver,Active,Resigned,,,REDACTED,"In previous year, not in current dataset (closed date in Year)"
1256064,Further Education College with Residential Accommodation,South West,South West,Somerset,Taunton Deane,Private,66,,22/03/2017,,29/09/2022,,,Leaver,Active,Closed,,,Richard Huish College,"In previous year, not in current dataset (closed date before April of current year)"
1258434,Children's home,West Midlands,West Midlands,Walsall,Walsall North,Private,4,,20/12/2017,24/01/2024,24/01/2024,,,Leaver,Active,Resigned,,,REDACTED,"In previous year, not in current dataset (closed date in Year)"
1258436,Independent Fostering Agency,West Midlands,West Midlands,Solihull,Meriden,Private,,,11/09/2017,16/08/2023,16/08/2023,,,Leaver,Active,Resigned,,,Triangle Project,"In previous year, not in current dataset (closed date in Year)"
1258887,Children's home,West Midlands,West Midlands,Wolverhampton,Wolverhampton South East,Private,4,,12/01/2018,30/06/2023,30/06/2023,,,Leaver,Suspended,Resigned,,,REDACTED,"In previous year, not in current dataset (closed date in Year)"
1260700,Children's home,East Midlands,East Midlands,Leicestershire,Bosworth,Private,4,,10/10/2017,,15/09/2023,15/09/2023,,Leaver,Active,Cancelled,Ofsted,Ofsted,REDACTED,"In previous year, not in current dataset (closed date in Year)"
1263120,Children's home,North West,North West,Wirral,Birkenhead,Private,4,,22/09/2017,26/06/2023,26/06/2023,,,Leaver,Active,Resigned,,,REDACTED,"In previous year, not in current dataset (closed date in Year)"
1263201,Children's home,"North East, Yorkshire and the Humber",Yorkshire and The Humber,Rotherham,Rother Valley,Private,4,,04/09/2017,01/06/2023,01/06/2023,,,Leaver,Active,Resigned,,,REDACTED,"In previous year, not in current dataset (closed date in Year)"
1265128,Children's home,North West,North West,Lancashire,Fylde,Private,2,,14/11/2017,02/10/2023,02/10/2023,,,Leaver,Active,Resigned,,,REDACTED,"In previous year, not in current dataset (closed date in Year)"
1267025,Boarding School,West Midlands,West Midlands,Wolverhampton,Wolverhampton South East,Academy,110,,02/09/2016,,,,Joiner,,Active,Active,ISI,ISI,The Royal School Wolverhampton,"In current dataset as active, not in previous year (moved from ISI)"
1270298,Children's home,West Midlands,West Midlands,Staffordshire,South Staffordshire,Private,4,,22/05/2018,02/03/2024,02/03/2024,,,Leaver,Active,Resigned,,,REDACTED,"In previous year, not in current dataset (closed date in Year)"
1271375,Children's home,North West,North West,Lancashire,Preston,Private,3,,12/03/2018,25/03/2024,25/03/2024,,,Leaver,Active,Resigned,,,REDACTED,"In previous year, not in current dataset (closed date in Year)"
1271581,Children's home,North West,North West,Bolton,Bolton South East,Private,2,,04/04/2018,04/03/2024,04/03/2024,,,Leaver,Active,Resigned,,,REDACTED,"In previous year, not in current dataset (closed date in Year)"
1271666,Children's home,"North East, Yorkshire and the Humber",Yorkshire and The Humber,Bradford,Bradford South,Local Authority,4,,26/03/2018,01/04/2023,01/04/2023,,,Leaver,Active,Resigned,,,REDACTED,"In previous year, not in current dataset (closed date in Year)"
1272657,Children's home,East of England,East of England,Suffolk,Ipswich,Private,4,,07/06/2018,21/08/2023,21/08/2023,,,Leaver,Active,Resigned,,,REDACTED,"In previous year, not in current dataset (closed date in Year)"
1275966,Children's home,West Midlands,West Midlands,Staffordshire,Stone,Private,6,,20/07/2018,21/07/2023,21/07/2023,,,Leaver,Active,Resigned,,,REDACTED,"In previous year, not in current dataset (closed date in Year)"
1276719,Children's home,South West,South West,Cornwall,Camborne and Redruth,Private,3,,16/05/2018,27/06/2023,27/06/2023,,,Leaver,Active,Resigned,Ofsted,Ofsted,REDACTED,"In previous year, not in current dataset (closed date in Year)"
1278421,Children's home,West Midlands,West Midlands,Birmingham,"Birmingham, Ladywood",Private,4,,06/09/2018,06/09/2023,06/09/2023,,,Leaver,Active,Resigned,,,REDACTED,"In previous year, not in current dataset (closed date in Year)"
1280412,Children's home,North West,North West,Wigan,Leigh,Private,4,,25/06/2018,26/06/2023,26/06/2023,,,Leaver,Active,Resigned,,,REDACTED,"In previous year, not in current dataset (closed date in Year)"
2483715,Children's home,South East,South East,West Berkshire,Newbury,Private,5,,26/07/2018,19/05/2023,19/05/2023,,,Leaver,Active,Resigned,,,REDACTED,"In previous year, not in current dataset (closed date in Year)"
2484180,Children's home,West Midlands,West Midlands,Telford and Wrekin,Telford,Private,2,,19/10/2018,19/05/2023,19/05/2023,,,Leaver,Active,Resigned,,,REDACTED,"In previous year, not in current dataset (closed date in Year)"
2484586,Children's home,West Midlands,West Midlands,Stoke-on-Trent,Stoke-on-Trent Central,Local Authority,2,,06/08/2018,11/12/2023,11/12/2023,,,Leaver,Active,Resigned,,,REDACTED,"In previous year, not in current dataset (closed date in Year)"
2495504,Children's home,East Midlands,East Midlands,Derbyshire,South Derbyshire,Private,1,,09/10/2018,08/11/2023,08/11/2023,,,Leaver,Active,Resigned,,,REDACTED,"In previous year, not in current dataset (closed date in Year)"
2508513,Children's home,North West,North West,Cumberland,Carlisle,Local Authority,6,,22/01/2019,31/03/2023,31/03/2023,,,Leaver,Active,Resigned,,,REDACTED,"In previous year, not in current dataset (closed date before April of current year)"
2510199,Children's home,West Midlands,West Midlands,Walsall,Walsall North,Voluntary,4,,01/06/2019,15/02/2024,15/02/2024,,,Leaver,Active,Resigned,,,REDACTED,"In previous year, not in current dataset (closed date in Year)"
2511429,Independent Fostering Agency,London,London,Barking and Dagenham,Barking,Private,,,10/10/2019,11/09/2023,11/09/2023,,,Leaver,Active,Resigned,,,Love For Fostering Ltd,"In previous year, not in current dataset (closed date in Year)"
2511662,Children's home,North West,North West,Lancashire,Hyndburn,Private,2,,27/05/2019,01/08/2023,01/08/2023,,,Leaver,Active,Resigned,,,REDACTED,"In previous year, not in current dataset (closed date in Year)"
2517429,Children's home,North West,North West,Blackpool,Blackpool South,Private,2,,21/09/2019,29/06/2023,29/06/2023,,,Leaver,Active,Resigned,,,REDACTED,"In previous year, not in current dataset (closed date in Year)"
2519260,Children's home,South West,South West,Wiltshire,Devizes,Private,3,,15/05/2019,12/02/2024,12/02/2024,,,Leaver,Active,Resigned,,,REDACTED,"In previous year, not in current dataset (closed date in Year)"
2519269,Children's home,West Midlands,West Midlands,Wolverhampton,Wolverhampton South East,Private,2,,05/07/2019,11/12/2023,11/12/2023,,,Leaver,Active,Resigned,,,REDACTED,"In previous year, not in current dataset (closed date in Year)"
2523028,Children's Home,North West,North West,Blackpool,Blackpool South,Private,1,,28/05/2019,21/03/2024,21/03/2024,,,Leaver,Active,Resigned,,,REDACTED,"In previous year, not in current dataset (closed date in Year)"
2526987,Children's home,East of England,East of England,Hertfordshire,Welwyn Hatfield,Private,2,,18/06/2019,14/09/2023,14/09/2023,,,Leaver,Active,Resigned,,,REDACTED,"In previous year, not in current dataset (closed date in Year)"
2529355,Children's home,North West,North West,Blackpool,Blackpool South,Private,1,,13/08/2019,01/03/2024,01/03/2024,,,Leaver,Active,Resigned,,,REDACTED,"In previous year, not in current dataset (closed date in Year)"
2537782,Children's home,East of England,East of England,Norfolk,North Norfolk,Private,6,,18/10/2019,29/03/2024,29/03/2024,,,Leaver,Active,Resigned,,,REDACTED,"In previous year, not in current dataset (closed date in Year)"
2541449,Children's home,North West,North West,Cheshire East,Crewe and Nantwich,Voluntary,3,,13/01/2020,31/07/2023,31/07/2023,,,Leaver,Active,Resigned,,,REDACTED,"In previous year, not in current dataset (closed date in Year)"
2547305,Residential Family Centre,East of England,East of England,Bedford,Bedford,Private,4,,20/01/2020,29/11/2023,29/11/2023,,,Leaver,Active,Resigned,,,Azalea House,"In previous year, not in current dataset (closed date in Year)"
2548260,Children's home,North West,North West,Cheshire East,Macclesfield,Voluntary,3,,17/06/2020,02/06/2023,02/06/2023,,,Leaver,Active,Resigned,,,REDACTED,"In previous year, not in current dataset (closed date in Year)"
2551006,Independent Fostering Agency,East of England,East of England,Luton,Luton South,Voluntary,,,27/12/2019,30/04/2023,30/04/2023,,,Leaver,Active,Resigned,,,Flowers Fostering Ltd,"In previous year, not in current dataset (closed date in Year)"
2552727,Children's home,East of England,East of England,Suffolk,South Suffolk,Private,4,,02/12/2019,19/10/2023,19/10/2023,,,Leaver,Active,Resigned,,,REDACTED,"In previous year, not in current dataset (closed date in Year)"
2553536,Children's home,North West,North West,Wigan,Makerfield,Private,4,,22/11/2019,26/06/2023,26/06/2023,,,Leaver,Active,Resigned,,,REDACTED,"In previous year, not in current dataset (closed date in Year)"
2559023,Children's home,North West,North West,Westmorland and Furness,Westmorland and Lonsdale,Private,2,,04/03/2020,08/03/2024,08/03/2024,,,Leaver,Active,Resigned,,,REDACTED,"In previous year, not in current dataset (closed date in Year)"
2563544,Children's home,North West,North West,Lancashire,Rossendale and Darwen,Private,3,,20/02/2020,,22/02/2023,22/02/2023,,Leaver,Active,Cancelled,,,REDACTED,"In previous year, not in current dataset (closed date before April of current year)"
2564415,Children's home,North West,North West,Lancashire,South Ribble,Private,2,,01/05/2020,26/05/2023,26/05/2023,,,Leaver,Active,Resigned,,,REDACTED,"In previous year, not in current dataset (closed date in Year)"
2569994,Children's home,West Midlands,West Midlands,Telford and Wrekin,Telford,Private,2,,14/02/2020,04/05/2023,04/05/2023,,,Leaver,Active,Resigned,,,REDACTED,"In previous year, not in current dataset (closed date in Year)"
2571256,Children's home,East Midlands,East Midlands,Derbyshire,High Peak,Private,1,,10/03/2020,31/10/2023,31/10/2023,,,Leaver,Active,Resigned,,,REDACTED,"In previous year, not in current dataset (closed date in Year)"
2574119,Children's home,North West,North West,Westmorland and Furness,Westmorland and Lonsdale,Local Authority,4,,19/02/2020,31/03/2023,31/03/2023,,,Leaver,Active,Resigned,,,REDACTED,"In previous year, not in current dataset (closed date before April of current year)"
2579887,Children's home,South West,South West,Dorset,West Dorset,Private,2,,18/06/2020,04/08/2023,04/08/2023,,,Leaver,Active,Resigned,,,REDACTED,"In previous year, not in current dataset (closed date in Year)"
2582247,Children's home,North West,North West,Lancashire,Hyndburn,Private,2,,04/03/2020,19/04/2023,19/04/2023,,,Leaver,Active,Resigned,,,REDACTED,"In previous year, not in current dataset (closed date in Year)"
2583518,Children's home,North West,North West,Lancashire,Rossendale and Darwen,Private,2,,25/05/2020,05/07/2023,05/07/2023,,,Leaver,Active,Resigned,,,REDACTED,"In previous year, not in current dataset (closed date in Year)"
2589392,Children's home,North West,North West,Lancashire,Rossendale and Darwen,Private,3,,01/05/2020,10/07/2023,10/07/2023,,,Leaver,Active,Resigned,,,REDACTED,"In previous year, not in current dataset (closed date in Year)"
2590732,Children's home,North West,North West,Lancashire,Morecambe and Lunesdale,Private,2,,09/07/2020,25/03/2024,25/03/2024,,,Leaver,Active,Resigned,,,REDACTED,"In previous year, not in current dataset (closed date in Year)"
2592035,Children's home,North West,North West,Wirral,Birkenhead,Private,4,,09/06/2020,26/06/2023,26/06/2023,,,Leaver,Active,Resigned,,,REDACTED,"In previous year, not in current dataset (closed date in Year)"
2593388,Children's home,East of England,East of England,Essex,Braintree,Private,3,,24/11/2023,,,,Joiner,,,Active,,,REDACTED,"In current dataset as active, not in previous year"
2593915,Children's home,North West,North West,Salford,Salford and Eccles,Private,3,,14/09/2020,09/01/2024,09/01/2024,,,Leaver,Active,Resigned,,,REDACTED,"In previous year, not in current dataset (closed date in Year)"
2597722,Children's home,South West,South West,Devon,Tiverton and Honiton,Private,2,,07/08/2020,09/01/2024,09/01/2024,,,Leaver,Active,Resigned,,,REDACTED,"In previous year, not in current dataset (closed date in Year)"
2599773,Children's home,East Midlands,East Midlands,West Northamptonshire,Northampton South,Private,2,,29/09/2020,05/11/2023,05/11/2023,,,Leaver,Active,Resigned,,,REDACTED,"In previous year, not in current dataset (closed date in Year)"
2604877,Children's home,North West,North West,Blackpool,Blackpool South,Private,2,,10/09/2020,25/03/2024,25/03/2024,,,Leaver,Active,Resigned,,,REDACTED,"In previous year, not in current dataset (closed date in Year)"
2604898,Children's home,East of England,East of England,Peterborough,Peterborough,Private,3,,30/08/2023,,,,Joiner,,,Active,,,REDACTED,"In current dataset as active, not in previous year"
2609490,Children's home,South West,South West,Devon,North Devon,Private,1,,04/11/2020,20/04/2023,20/04/2023,,,Leaver,Active,Resigned,,,REDACTED,"In previous year, not in current dataset (closed date in Year)"
2611991,Children's home,East of England,East of England,Luton,Luton North,Private,3,,05/01/2021,03/11/2023,03/11/2023,,,Leaver,Active,Resigned,,,REDACTED,"In previous year, not in current dataset (closed date in Year)"
2613341,Children's home,North West,North West,Cheshire West and Chester,Weaver Vale,Private,6,,09/12/2020,13/11/2023,13/11/2023,,,Leaver,Active,Resigned,,,REDACTED,"In previous year, not in current dataset (closed date in Year)"
2613806,Children's home,London,London,Redbridge,Ilford South,Private,5,,15/12/2020,29/12/2023,29/12/2023,,,Leaver,Active,Resigned,,,REDACTED,"In previous year, not in current dataset (closed date in Year)"
2614508,Children's home,East of England,East of England,Essex,Harwich and North Essex,Private,2,,12/04/2021,07/03/2024,07/03/2024,,,Leaver,Active,Resigned,,,REDACTED,"In previous year, not in current dataset (closed date in Year)"
2616606,Children's home,North West,North West,Lancashire,Lancaster and Fleetwood,Private,2,,28/01/2021,18/03/2024,18/03/2024,,,Leaver,Active,Resigned,,,REDACTED,"In previous year, not in current dataset (closed date in Year)"
2617662,Children's home,North West,North West,Westmorland and Furness,Penrith and The Border,Local Authority,4,,25/03/2021,31/03/2023,31/03/2023,,,Leaver,Active,Resigned,,,REDACTED,"In previous year, not in current dataset (closed date before April of current year)"
2623130,Children's home,South West,South West,Dorset,North Dorset,Private,3,,22/12/2020,30/09/2023,30/09/2023,,,Leaver,Active,Resigned,,,REDACTED,"In previous year, not in current dataset (closed date in Year)"
2623841,Independent Fostering Agency,South East,South East,East Sussex,Eastbourne,Private,,,14/12/2021,10/01/2024,10/01/2024,,,Leaver,Active,Resigned,,,Anderida Foster Care,"In previous year, not in current dataset (closed date in Year)"
2628154,Boarding School,South East,South East,Buckinghamshire,Beaconsfield,Private,80,,20/01/2021,13/12/2023,13/12/2023,,,Leaver,Active,Resigned,Ofsted,,International School of Creative Arts,"In previous year, not in current dataset (closed date in Year)"
2628734,Children's home,London,London,Redbridge,Chingford and Woodford Green,Private,5,,28/11/2023,,,,Joiner,,,Active,,,REDACTED,"In current dataset as active, not in previous year"
2630728,Children's home,"North East, Yorkshire and the Humber",North East,Sunderland,Sunderland Central,Voluntary,3,,13/07/2021,19/02/2024,19/02/2024,,,Leaver,Active,Resigned,,,REDACTED,"In previous year, not in current dataset (closed date in Year)"
2632092,Children's home,"North East, Yorkshire and the Humber",Yorkshire and The Humber,Kirklees,Dewsbury,Private,2,,19/04/2021,20/03/2024,20/03/2024,,,Leaver,Active,Resigned,,,REDACTED,"In previous year, not in current dataset (closed date in Year)"
2632917,Children's home,South West,South West,Somerset,Bridgwater and West Somerset,Private,2,,12/04/2021,03/04/2023,03/04/2023,,,Leaver,Active,Resigned,,,REDACTED,"In previous year, not in current dataset (closed date in Year)"
2634397,Children's home,North West,North West,Lancashire,Rossendale and Darwen,Private,1,,27/03/2021,08/03/2021,31/07/2023,31/07/2023,,Leaver,Active,Cancelled,,,REDACTED,"In previous year, not in current dataset (closed date before April of current year)"
2634800,Children's home,North West,North West,Blackpool,Blackpool South,Private,1,,01/06/2021,08/03/2024,08/03/2024,,,Leaver,Active,Resigned,,,REDACTED,"In previous year, not in current dataset (closed date in Year)"
2635351,Children's home,North West,North West,Lancashire,Fylde,Private,6,,06/09/2021,,27/11/2023,27/11/2023,,Leaver,Active,Cancelled,Ofsted,Ofsted,REDACTED,"In previous year, not in current dataset (closed date in Year)"
2636024,Residential Family Centre,"North East, Yorkshire and the Humber",North East,Stockton-on-Tees,Stockton North,Private,3,,04/08/2021,,25/10/2023,25/10/2023,,Leaver,Active,Cancelled,,,Purple Heart Project - Children's Services,"In previous year, not in current dataset (closed date in Year)"
2636403,Children's home,East of England,East of England,Thurrock,Thurrock,Private,2,,04/08/2023,,,,Joiner,,,Active,,,REDACTED,"In current dataset as active, not in previous year"
2638390,Children's home,North West,North West,Blackpool,Blackpool South,Private,1,,25/06/2021,03/05/2023,03/05/2023,,,Leaver,Active,Resigned,,,REDACTED,"In previous year, not in current dataset (closed date in Year)"
2638783,Children's home,"North East, Yorkshire and the Humber",North East,Middlesbrough,Middlesbrough,Private,1,,17/06/2023,,,,Joiner,,,Active,,,REDACTED,"In current dataset as active, not in previous year"
2642537,Children's home,London,London,Lewisham,Lewisham East,Private,6,,22/10/2021,09/10/2023,09/10/2023,,,Leaver,Active,Resigned,,,REDACTED,"In previous year, not in current dataset (closed date in Year)"
2645098,Children's home,East Midlands,East Midlands,North Northamptonshire,Corby,Private,1,,05/11/2021,01/05/2023,01/05/2023,,,Leaver,Active,Resigned,,,REDACTED,"In previous year, not in current dataset (closed date in Year)"
2645878,Children's home,North West,North West,Lancashire,West Lancashire,Private,2,,22/07/2021,14/06/2023,14/06/2023,,,Leaver,Suspended,Resigned,,,REDACTED,"In previous year, not in current dataset (closed date in Year)"
2649926,Children's home,South West,South West,Dorset,Christchurch,Private,1,,06/10/2021,30/11/2023,30/11/2023,,,Leaver,Active,Resigned,,,REDACTED,"In previous year, not in current dataset (closed date in Year)"
2651794,Children's home,North West,North West,Lancashire,Blackpool North and Cleveleys,Private,3,,18/09/2023,,,,Joiner,,,Active,,,REDACTED,"In current dataset as active, not in previous year"
2653352,Children's home,London,London,Bromley,Orpington,Private,3,,11/05/2023,,,,Joiner,,,Active,,,REDACTED,"In current dataset as active, not in previous year"
2654347,Children's home,West Midlands,West Midlands,Staffordshire,Stafford,Private,3,,11/09/2023,,,,Joiner,,,Active,,,REDACTED,"In current dataset as active, not in previous year"
2662567,Children's home,South West,South West,Wiltshire,Salisbury,Private,3,,01/06/2023,,,,Joiner,,,Active,,,REDACTED,"In current dataset as active, not in previous year"
2668789,Children's home,East Midlands,East Midlands,Derbyshire,South Derbyshire,Private,3,,22/06/2023,,,,Joiner,,,Active,,,REDACTED,"In current dataset as active, not in previous year"
2674176,Children's home,East of England,East of England,Bedford,Bedford,Private,1,,11/02/2022,10/09/2023,10/09/2023,,,Leaver,Active,Resigned,,,REDACTED,"In previous year, not in current dataset (closed date in Year)"
2674518,Children's home,London,London,Croydon,Croydon South,Private,5,,07/06/2023,,,,Joiner,,,Active,,,REDACTED,"In current dataset as active, not in previous year"
2675665,Children's home,North West,North West,Lancashire,Preston,Private,3,,20/07/2022,,29/04/2023,29/04/2023,,Leaver,Suspended,Cancelled,,,REDACTED,"In previous year, not in current dataset (closed date in Year)"
2679041,Children's home,West Midlands,West Midlands,Staffordshire,Lichfield,Private,3,,05/07/2022,21/07/2023,21/07/2023,,,Leaver,Active,Resigned,,,REDACTED,"In previous year, not in current dataset (closed date in Year)"
2681477,Children's home,North West,North West,Westmorland and Furness,Barrow and Furness,Local Authority,6,,29/04/2022,31/03/2023,31/03/2023,,,Leaver,Active,Resigned,,,REDACTED,"In previous year, not in current dataset (closed date before April of current year)"
2681478,Children's home,North West,North West,Westmorland and Furness,Penrith and The Border,Local Authority,8,,29/04/2022,31/03/2023,31/03/2023,,,Leaver,Active,Resigned,,,REDACTED,"In previous year, not in current dataset (closed date before April of current year)"
2683463,Children's home,South East,South East,Kent,South Thanet,Local Authority,8,,25/04/2023,,,,Joiner,,,Active,,Unknown,REDACTED,"In current dataset as active, not in previous year"
2683465,Children's home,South East,South East,Kent,South Thanet,Local Authority,8,,25/04/2023,,,,Joiner,,,Active,,Unknown,REDACTED,"In current dataset as active, not in previous year"
2684458,Children's home,West Midlands,West Midlands,Birmingham,"Birmingham, Selly Oak",Private,4,,05/04/2023,22/12/2023,22/12/2023,,Joiner,Leaver,,Resigned,,,REDACTED,Joiner and Leaver in current reporting period
2684768,Boarding School,North West,North West,Blackburn with Darwen,Blackburn,Private,250,,23/09/2022,,,,Joiner,,,Active,,Ofsted,Rawdhatul Ilm Wal Huda,"In current dataset as active, retrospective opening"
2687555,Children's home,West Midlands,West Midlands,Birmingham,Sutton Coldfield,Private,4,,18/04/2023,,,,Joiner,,,Active,,,REDACTED,"In current dataset as active, not in previous year"
2688398,Children's home,North West,North West,Westmorland and Furness,Penrith and The Border,Private,6,,01/06/2022,25/01/2024,25/01/2024,,,Leaver,Active,Resigned,,,REDACTED,"In previous year, not in current dataset (closed date in Year)"
2689061,Children's home,London,London,Croydon,Croydon South,Private,4,,07/07/2023,,,,Joiner,,,Active,,,REDACTED,"In current dataset as active, not in previous year"
2689714,Boarding School,London,London,City of London,Cities of London and Westminster,Private,107,,29/06/2022,,,,,Leaver,Active,Active,Ofsted,ISI,David Game College,"In previous year, not current dataset (moved to ISI)"
2689933,Children's home,North West,North West,Lancashire,Morecambe and Lunesdale,Private,1,,09/08/2023,,,,Joiner,,,Active,,,REDACTED,"In current dataset as active, not in previous year"
2690163,Children's home,West Midlands,West Midlands,Walsall,Walsall South,Private,2,,12/03/2024,,,,Joiner,,,Active,,,REDACTED,"In current dataset as active, not in previous year"
2690778,Children's home,North West,North West,Westmorland and Furness,Penrith and The Border,Private,6,,30/08/2022,25/01/2024,25/01/2024,,,Leaver,Active,Resigned,,,REDACTED,"In previous year, not in current dataset (closed date in Year)"
2691027,Children's home,West Midlands,West Midlands,Birmingham,"Birmingham, Perry Barr",Private,3,,26/05/2023,,,,Joiner,,,Active,,,REDACTED,"In current dataset as active, not in previous year"
2692062,Children's home,South East,South East,West Sussex,Crawley,Private,4,,26/06/2023,,,,Joiner,,,Active,,,REDACTED,"In current dataset as active, not in previous year"
2692580,Children's home,North West,North West,Halton,Halton,Private,2,,10/08/2022,12/01/2024,12/01/2024,,,Leaver,Active,Resigned,,,REDACTED,"In previous year, not in current dataset (closed date in Year)"
2693873,Children's home,South East,South East,Wokingham,Wokingham,Private,4,,03/07/2023,,,,Joiner,,,Active,,,REDACTED,"In current dataset as active, not in previous year"
2695206,Children's home,West Midlands,West Midlands,Sandwell,Warley,Private,1,,31/05/2023,,,,Joiner,,,Active,,,REDACTED,"In current dataset as active, not in previous year"
2696604,Children's home,North West,North West,Rochdale,Heywood and Middleton,Private,2,,06/04/2023,,,,Joiner,,,Active,,,REDACTED,"In current dataset as active, not in previous year"
2697535,Children's Home,West Midlands,West Midlands,Staffordshire,Lichfield,Private,3,,18/07/2022,07/08/2023,07/08/2023,,,Leaver,Active,Resigned,,,REDACTED,"In previous year, not in current dataset (closed date in Year)"
2697992,Children's home,"North East, Yorkshire and the Humber",North East,Hartlepool,Hartlepool,Private,5,,16/05/2023,,,,Joiner,,,Active,,,REDACTED,"In current dataset as active, not in previous year"
2700240,Children's home,West Midlands,West Midlands,Stoke-on-Trent,Stoke-on-Trent Central,Private,3,,11/08/2023,,,,Joiner,,,Active,,,REDACTED,"In current dataset as active, not in previous year"
2700241,Children's home,North West,North West,Rochdale,Heywood and Middleton,Private,2,,02/08/2023,,,,Joiner,,,Active,,,REDACTED,"In current dataset as active, not in previous year"
2700992,Independent Fostering Agency,North West,North West,St Helens,St Helens South and Whiston,Private,,,20/04/2023,,,,Joiner,,,Active,,,Parallel Parents West,"In current dataset as active, not in previous year"
2701209,Children's home,North West,North West,Lancashire,Morecambe and Lunesdale,Private,3,,18/07/2023,,,,Joiner,,,Active,,,REDACTED,"In current dataset as active, not in previous year"
2702209,Children's home,West Midlands,West Midlands,Telford and Wrekin,Telford,Private,3,,11/05/2023,,,,Joiner,,,Active,,,REDACTED,"In current dataset as active, not in previous year"
2702522,Residential Family Centre,North West,North West,Rochdale,Rochdale,Private,5,,15/06/2023,,,,Joiner,,,Active,,,Norden Hills Family Centre,"In current dataset as active, not in previous year"
2702950,Children's home,North West,North West,Salford,Salford and Eccles,Private,2,,03/07/2023,,,,Joiner,,,Active,,,REDACTED,"In current dataset as active, not in previous year"
2703844,Children's home,West Midlands,West Midlands,Warwickshire,Nuneaton,Private,6,,10/07/2023,,,,Joiner,,,Active,,,REDACTED,"In current dataset as active, not in previous year"
2704116,Children's home,South East,South East,Oxfordshire,Banbury,Private,3,,26/03/2024,,,,Joiner,,,Active,,,REDACTED,"In current dataset as active, not in previous year"
2705518,Children's home,South East,South East,Surrey,Reigate,Private,6,,10/07/2023,,,,Joiner,,,Active,,,REDACTED,"In current dataset as active, not in previous year"
2706926,Children's home,North West,North West,Cheshire East,Eddisbury,Private,5,,03/05/2023,,,,Joiner,,,Active,,,REDACTED,"In current dataset as active, not in previous year"
2707632,Children's home,"North East, Yorkshire and the Humber",Yorkshire and The Humber,Doncaster,Doncaster Central,Private,5,,03/07/2023,,,,Joiner,,,Active,,,REDACTED,"In current dataset as active, not in previous year"
2708482,Children's home,South East,South East,Kent,North Thanet,Private,1,,07/11/2023,,,,Joiner,,,Active,,,REDACTED,"In current dataset as active, not in previous year"
2708784,Children's home,East of England,East of England,Norfolk,Norwich North,Private,3,,29/08/2023,,,,Joiner,,,Active,,,REDACTED,"In current dataset as active, not in previous year"
2709404,Residential Family Centre,London,London,Greenwich,Erith and Thamesmead,Private,1,,31/05/2023,,,,Joiner,,,Active,,,Eclesia Family Services,"In current dataset as active, not in previous year"
2709438,Children's home,West Midlands,West Midlands,Shropshire,Shrewsbury and Atcham,Private,3,,24/02/2023,03/01/2024,03/01/2024,,,Leaver,Active,Resigned,,,REDACTED,"In previous year, not in current dataset (closed date in Year)"
2709686,Children's home,North West,North West,Lancashire,Fylde,Private,2,,02/06/2023,,,,Joiner,,,Active,,,REDACTED,"In current dataset as active, not in previous year"
2710431,Children's home,North West,North West,Tameside,Stalybridge and Hyde,Private,5,,21/02/2023,,10/01/2024,,,Leaver,Active,Closed,,,REDACTED,"In previous year, not in current dataset (closed date in Year)"
2710734,Children's home,"North East, Yorkshire and the Humber",Yorkshire and The Humber,Doncaster,Doncaster Central,Private,2,,21/05/2023,,,,Joiner,,,Active,,,REDACTED,"In current dataset as active, not in previous year"
2711308,Children's home,South East,South East,Medway,Gillingham and Rainham,Private,2,,06/07/2023,,,,Joiner,,,Active,,,REDACTED,"In current dataset as active, not in previous year"
2711352,Further Education College with Residential Accommodation,South East,South East,Kent,Dartford,,110,,22/01/2024,,,,Joiner,,,Active,,Unknown,North Kent College,"In current dataset as active, not in previous year"
2711401,Children's home,East of England,East of England,Hertfordshire,Hertford and Stortford,Private,5,,23/06/2023,,,,Joiner,,,Active,,,REDACTED,"In current dataset as active, not in previous year"
2711543,Children's home,East Midlands,East Midlands,Leicestershire,Loughborough,Private,4,,26/04/2023,,,,Joiner,,,Active,,,REDACTED,"In current dataset as active, not in previous year"
2711614,Children's home,London,London,Newham,East Ham,Private,4,,30/05/2023,,,,Joiner,,,Active,,,REDACTED,"In current dataset as active, not in previous year"
2711712,Children's home,North West,North West,Manchester,"Manchester, Withington",Private,2,,26/05/2023,,,,Joiner,,,Active,,,REDACTED,"In current dataset as active, not in previous year"
2711719,Children's home,South West,South West,Dorset,South Dorset,Local Authority,5,,08/12/2023,,,,Joiner,,,Active,,,REDACTED,"In current dataset as active, not in previous year"
2711785,Children's home,North West,North West,Manchester,Blackley and Broughton,Private,2,,28/06/2023,,,,Joiner,,,Active,,,REDACTED,"In current dataset as active, not in previous year"
2712049,Children's home,"North East, Yorkshire and the Humber",Yorkshire and The Humber,North Yorkshire,Scarborough and Whitby,Private,1,,18/04/2023,,,,Joiner,,,Active,,,REDACTED,"In current dataset as active, not in previous year"
2712599,Children's home,North West,North West,Westmorland and Furness,Penrith and The Border,Private,6,,10/11/2022,21/12/2023,21/12/2023,,,Leaver,Active,Resigned,,,REDACTED,"In previous year, not in current dataset (closed date in Year)"
2712675,Children's home,North West,North West,Westmorland and Furness,Penrith and The Border,Private,6,,10/11/2022,25/01/2024,25/01/2024,,,Leaver,Active,Resigned,,,REDACTED,"In previous year, not in current dataset (closed date in Year)"
2712832,Children's home,"North East, Yorkshire and the Humber",North East,Redcar and Cleveland,Redcar,Private,4,,18/08/2023,,,,Joiner,,,Active,,,REDACTED,"In current dataset as active, not in previous year"
2713058,Boarding School,South East,South East,Brighton and Hove,"Brighton, Kemptown",Private,300,,27/02/2023,,,,Joiner,,,Active,,Ofsted,"Oxford International College, Brighton","In current dataset as active, retrospective opening"
2713120,Children's home,North West,North West,Liverpool,"Liverpool, Wavertree",Private,2,,12/07/2023,,,,Joiner,,,Active,,,REDACTED,"In current dataset as active, not in previous year"
2713335,Children's home,East Midlands,East Midlands,Derbyshire,Derbyshire Dales,Private,4,,19/04/2023,,,,Joiner,,,Active,,,REDACTED,"In current dataset as active, not in previous year"
2713919,Children's home,West Midlands,West Midlands,Coventry,Coventry North East,Private,2,,16/04/2023,,,,Joiner,,,Active,,,REDACTED,"In current dataset as active, not in previous year"
2714454,Children's home,North West,North West,Lancashire,Rossendale and Darwen,Private,1,,25/05/2023,,,,Joiner,,,Active,,,REDACTED,"In current dataset as active, not in previous year"
2714788,Independent Fostering Agency,London,London,Redbridge,Ilford South,Private,,,21/11/2023,,,,Joiner,,,Active,,,Rising Stars Fostering Ltd,"In current dataset as active, not in previous year"
2715200,Children's home,"North East, Yorkshire and the Humber",North East,Durham,City of Durham,Private,3,,03/04/2023,,,,Joiner,,,Active,,,REDACTED,"In current dataset as active, not in previous year"
2716222,Children's home,"North East, Yorkshire and the Humber",Yorkshire and The Humber,Kirklees,Huddersfield,Private,4,,07/07/2023,,,,Joiner,,,Active,,,REDACTED,"In current dataset as active, not in previous year"
2716337,Independent Fostering Agency,North West,North West,Stockport,Stockport,Private,,,16/05/2023,,,,Joiner,,,Active,,,The Fostering Team,"In current dataset as active, not in previous year"
2716392,Children's home,London,London,Newham,East Ham,Private,3,,09/05/2023,,,,Joiner,,,Active,,,REDACTED,"In current dataset as active, not in previous year"
2716724,Children's home,West Midlands,West Midlands,Walsall,Aldridge-Brownhills,Private,6,,01/06/2023,,,,Joiner,,,Active,,,REDACTED,"In current dataset as active, not in previous year"
2716801,Children's home,South East,South East,Slough,Slough,Private,4,,09/05/2023,,,,Joiner,,,Active,,,REDACTED,"In current dataset as active, not in previous year"
2716876,Children's home,South East,South East,West Sussex,East Worthing and Shoreham,Private,5,,11/07/2023,,,,Joiner,,,Active,,,REDACTED,"In current dataset as active, not in previous year"
2717656,Children's home,London,London,Hillingdon,Hayes and Harlington,Private,4,,20/06/2023,,,,Joiner,,,Active,,,REDACTED,"In current dataset as active, not in previous year"
2717905,Residential Family Centre,North West,North West,Wirral,Wallasey,Private,1,,03/05/2023,,,,Joiner,,,Active,,,PAFA LTD,"In current dataset as active, not in previous year"
2718067,Children's home,North West,North West,Manchester,"Manchester, Gorton",Private,5,,05/05/2023,,,,Joiner,,,Active,,,REDACTED,"In current dataset as active, not in previous year"
2718082,Children's home,East Midlands,East Midlands,West Northamptonshire,South Northamptonshire,Private,2,,25/04/2023,,,,Joiner,,,Active,,,REDACTED,"In current dataset as active, not in previous year"
2718094,Children's home,London,London,Enfield,"Enfield, Southgate",Private,6,,12/04/2023,,,,Joiner,,,Active,,,REDACTED,"In current dataset as active, not in previous year"
2718354,Children's home,West Midlands,West Midlands,Herefordshire,Hereford and South Herefordshire,Private,3,,09/11/2023,,,,Joiner,,,Active,,,REDACTED,"In current dataset as active, not in previous year"
2718780,Children's home,North West,North West,Liverpool,"Liverpool, Walton",Voluntary,1,,06/06/2023,,,,Joiner,,,Active,,,REDACTED,"In current dataset as active, not in previous year"
2718786,Children's home,West Midlands,West Midlands,Staffordshire,Cannock Chase,Private,2,,21/03/2023,,,,Joiner,,,Active,,,REDACTED,"In current dataset as active, retrospective opening"
2718813,Children's home,North West,North West,Lancashire,Wyre and Preston North,Private,4,,03/04/2023,,,,Joiner,,,Active,,,REDACTED,"In current dataset as active, not in previous year"
2718853,Children's home,"North East, Yorkshire and the Humber",North East,South Tyneside,Jarrow,Local Authority,2,,30/06/2023,,,,Joiner,,,Active,,,REDACTED,"In current dataset as active, not in previous year"
2718906,Children's home,South East,South East,Hampshire,East Hampshire,Private,6,,17/08/2023,,,,Joiner,,,Active,,,REDACTED,"In current dataset as active, not in previous year"
2719516,Children's home,East Midlands,East Midlands,Derbyshire,Bolsover,Private,6,,25/04/2023,,,,Joiner,,,Active,,,REDACTED,"In current dataset as active, not in previous year"
2719705,Children's home,London,London,Barnet,Chipping Barnet,Private,5,,12/06/2023,,,,Joiner,,,Active,,,REDACTED,"In current dataset as active, not in previous year"
2719792,Children's home,"North East, Yorkshire and the Humber",Yorkshire and The Humber,Kirklees,Batley and Spen,Voluntary,8,,14/04/2023,,,,Joiner,,,Active,,,REDACTED,"In current dataset as active, not in previous year"
2719793,Children's home,North West,North West,Knowsley,Knowsley,Private,3,,17/04/2023,,,,Joiner,,,Active,,,REDACTED,"In current dataset as active, not in previous year"
2719899,Children's home,North West,North West,Tameside,Stalybridge and Hyde,Private,2,,05/07/2023,,,,Joiner,,,Active,,,REDACTED,"In current dataset as active, not in previous year"
2720159,Children's home,South East,South East,Kent,Chatham and Aylesford,Private,4,,09/08/2023,,,,Joiner,,,Active,,,REDACTED,"In current dataset as active, not in previous year"
2720360,Children's home,North West,North West,Lancashire,Burnley,Private,3,,21/07/2023,,,,Joiner,,,Active,,,REDACTED,"In current dataset as active, not in previous year"
2720366,Children's home,East of England,East of England,Hertfordshire,St Albans,Private,4,,04/05/2023,,,,Joiner,,,Active,,,REDACTED,"In current dataset as active, not in previous year"
2720370,Children's home,London,London,Greenwich,Greenwich and Woolwich,Private,2,,11/05/2023,,,,Joiner,,,Active,,,REDACTED,"In current dataset as active, not in previous year"
2720522,Children's home,West Midlands,West Midlands,Staffordshire,Cannock Chase,Private,3,,17/07/2023,,,,Joiner,,,Active,,,REDACTED,"In current dataset as active, not in previous year"
2720837,Children's home,East of England,East of England,Essex,Harwich and North Essex,Private,5,,05/04/2023,,,,Joiner,,,Active,,,REDACTED,"In current dataset as active, not in previous year"
2720850,Children's home,London,London,Newham,West Ham,Private,3,,05/10/2023,,,,Joiner,,,Active,,,REDACTED,"In current dataset as active, not in previous year"
2720875,Children's home,North West,North West,Lancashire,West Lancashire,Private,2,,05/12/2023,,,,Joiner,,,Active,,,REDACTED,"In current dataset as active, not in previous year"
2720885,Children's home,East of England,East of England,Thurrock,South Basildon and East Thurrock,Private,3,,09/05/2023,,,,Joiner,,,Active,,,REDACTED,"In current dataset as active, not in previous year"
2721016,Children's home,"North East, Yorkshire and the Humber",Yorkshire and The Humber,Barnsley,Barnsley East,Private,1,,20/07/2023,,,,Joiner,,,Active,,,REDACTED,"In current dataset as active, not in previous year"
2721038,Children's home,West Midlands,West Midlands,Dudley,Dudley North,Private,3,,23/05/2023,,,,Joiner,,,Active,,,REDACTED,"In current dataset as active, not in previous year"
2721136,Children's home,West Midlands,West Midlands,Birmingham,"Birmingham, Ladywood",Private,3,,21/04/2023,,,,Joiner,,,Active,,,REDACTED,"In current dataset as active, not in previous year"
2721151,Independent Fostering Agency,South East,South East,Hampshire,Aldershot,Voluntary,,,12/09/2023,,,,Joiner,,,Active,,,Step by Step Fostering LTD,"In current dataset as active, not in previous year"
2721206,Children's home,North West,North West,Halton,Halton,Private,2,,04/04/2023,,,,Joiner,,,Active,,,REDACTED,"In current dataset as active, not in previous year"
2721681,Children's home,South East,South East,Medway,Gillingham and Rainham,Private,3,,20/06/2023,,,,Joiner,,,Active,,,REDACTED,"In current dataset as active, not in previous year"
2721798,Children's home,West Midlands,West Midlands,Staffordshire,Cannock Chase,Private,2,,18/04/2023,,,,Joiner,,,Active,,,REDACTED,"In current dataset as active, not in previous year"
2721832,Children's home,"North East, Yorkshire and the Humber",Yorkshire and The Humber,North East Lincolnshire,Great Grimsby,Private,5,,14/05/2023,,,,Joiner,,,Active,,,REDACTED,"In current dataset as active, not in previous year"
2722566,Children's home,North West,North West,Lancashire,Blackpool North and Cleveleys,Private,4,,22/05/2023,,,,Joiner,,,Active,,,REDACTED,"In current dataset as active, not in previous year"
2722575,Children's home,London,London,Redbridge,Ilford North,Private,3,,09/08/2023,,,,Joiner,,,Active,,,REDACTED,"In current dataset as active, not in previous year"
2722666,Children's home,North West,North West,Halton,Halton,Private,2,,13/04/2023,,,,Joiner,,,Active,,,REDACTED,"In current dataset as active, not in previous year"
2722941,Children's home,North West,North West,Wirral,Birkenhead,Private,4,,10/05/2023,,,,Joiner,,,Active,,,REDACTED,"In current dataset as active, not in previous year"
2722943,Children's home,North West,North West,Cheshire East,Crewe and Nantwich,Private,4,,28/06/2023,,,,Joiner,,,Active,,,REDACTED,"In current dataset as active, not in previous year"
2723189,Children's home,West Midlands,West Midlands,Birmingham,"Birmingham, Selly Oak",Private,3,,27/06/2023,,,,Joiner,,,Active,,,REDACTED,"In current dataset as active, not in previous year"
2723209,Children's home,South West,South West,Wiltshire,Salisbury,Private,1,,11/05/2023,,,,Joiner,,,Active,,,REDACTED,"In current dataset as active, not in previous year"
2723795,Children's home,"North East, Yorkshire and the Humber",North East,Darlington,Darlington,Local Authority,3,,22/06/2023,,,,Joiner,,,Active,,,REDACTED,"In current dataset as active, not in previous year"
2723804,Children's home,North West,North West,Wigan,Wigan,Private,1,,15/06/2023,15/01/2024,15/01/2024,,Joiner,Leaver,,Resigned,,,REDACTED,Joiner and Leaver in current reporting period
2723813,Children's home,London,London,Lewisham,Lewisham West and Penge,Private,6,,04/12/2023,,,,Joiner,,,Active,,,REDACTED,"In current dataset as active, not in previous year"
2723839,Children's home,East of England,East of England,Essex,Castle Point,Private,5,,01/06/2023,,,,Joiner,,,Active,,,REDACTED,"In current dataset as active, not in previous year"
2723842,Children's home,East of England,East of England,Southend on Sea,Rochford and Southend East,Private,5,,04/05/2023,,,,Joiner,,,Active,,,REDACTED,"In current dataset as active, not in previous year"
2724044,Children's home,West Midlands,West Midlands,Warwickshire,Nuneaton,Private,2,,05/05/2023,,,,Joiner,,,Active,,,REDACTED,"In current dataset as active, not in previous year"
2724045,Children's home,South West,South West,Gloucestershire,Gloucester,Private,3,,08/08/2023,,,,Joiner,,,Active,,,REDACTED,"In current dataset as active, not in previous year"
2724156,Children's home,West Midlands,West Midlands,Staffordshire,Newcastle-under-Lyme,Private,3,,16/05/2023,,,,Joiner,,,Active,,,REDACTED,"In current dataset as active, not in previous year"
2724171,Children's home,North West,North West,Stockport,Hazel Grove,Private,4,,16/05/2023,,,,Joiner,,,Active,,,REDACTED,"In current dataset as active, not in previous year"
2724258,Children's home,West Midlands,West Midlands,Staffordshire,Burton,Private,3,,29/06/2023,,,,Joiner,,,Active,,,REDACTED,"In current dataset as active, not in previous year"
2724312,Residential Family Centre,North West,North West,Salford,Salford and Eccles,Private,2,,15/09/2023,,,,Joiner,,,Active,,,Dumbell House,"In current dataset as active, not in previous year"
2724344,Children's home,West Midlands,West Midlands,Walsall,Walsall North,Private,2,,31/05/2023,,,,Joiner,,,Active,,,REDACTED,"In current dataset as active, not in previous year"
2724379,Children's home,North West,North West,Wigan,Leigh,Private,4,,05/07/2023,,,,Joiner,,,Active,,,REDACTED,"In current dataset as active, not in previous year"
2724536,Children's home,East of England,East of England,Suffolk,South Suffolk,Private,4,,28/04/2023,,,,Joiner,,,Active,,,REDACTED,"In current dataset as active, not in previous year"
2724551,Residential Family Centre,London,London,Waltham Forest,Chingford and Woodford Green,Private,6,,11/05/2023,,,,Joiner,,,Active,,,Care 2 Share Residential Family Assessment Centre,"In current dataset as active, not in previous year"
2724602,Children's home,London,London,Enfield,Enfield North,Private,1,,01/08/2023,,,,Joiner,,,Active,,,REDACTED,"In current dataset as active, not in previous year"
2724741,Children's home,West Midlands,West Midlands,Staffordshire,Stone,Private,3,,12/04/2023,,,,Joiner,,,Active,,,REDACTED,"In current dataset as active, not in previous year"
2724884,Children's home,South West,South West,Devon,Tiverton and Honiton,Private,3,,28/06/2023,,,,Joiner,,,Active,,,REDACTED,"In current dataset as active, not in previous year"
2724887,Children's home,East Midlands,East Midlands,West Northamptonshire,South Northamptonshire,Private,3,,14/07/2023,,,,Joiner,,,Active,,,REDACTED,"In current dataset as active, not in previous year"
2724902,Children's home,North West,North West,Wirral,Birkenhead,Private,4,,26/06/2023,,,,Joiner,,,Active,,,REDACTED,"In current dataset as active, not in previous year"
2724906,Children's home,West Midlands,West Midlands,Staffordshire,Newcastle-under-Lyme,Private,2,,16/05/2023,,,,Joiner,,,Active,,,REDACTED,"In current dataset as active, not in previous year"
2724911,Children's home,North West,North West,Cheshire East,Tatton,Private,4,,27/06/2023,,,,Joiner,,,Active,,,REDACTED,"In current dataset as active, not in previous year"
2724946,Children's home,North West,North West,Wigan,Leigh,Private,4,,26/06/2023,,,,Joiner,,,Active,,,REDACTED,"In current dataset as active, not in previous year"
2725038,Children's home,North West,North West,Warrington,Warrington North,Private,1,,23/05/2023,,,,Joiner,,,Active,,,REDACTED,"In current dataset as active, not in previous year"
2725049,Children's home,North West,North West,Wigan,Leigh,Voluntary,3,,03/05/2023,,,,Joiner,,,Active,,,REDACTED,"In current dataset as active, not in previous year"
2725133,Children's home,West Midlands,West Midlands,Wolverhampton,Wolverhampton South West,Private,2,,08/01/2024,,,,Joiner,,,Active,,,REDACTED,"In current dataset as active, not in previous year"
2725367,Children's home,North West,North West,Lancashire,Fylde,Private,2,,24/05/2023,,,,Joiner,,,Active,,,REDACTED,"In current dataset as active, not in previous year"
2725420,Children's home,East of England,East of England,Essex,Harwich and North Essex,Private,5,,18/08/2023,,,,Joiner,,,Active,,,REDACTED,"In current dataset as active, not in previous year"
2725635,Independent Fostering Agency,West Midlands,West Midlands,Staffordshire,Stafford,Private,,,16/05/2023,,,,Joiner,,,Active,,,Sunflower Fostering,"In current dataset as active, not in previous year"
2725774,Independent Fostering Agency,"North East, Yorkshire and the Humber",Yorkshire and The Humber,Bradford,Bradford West,Private,,,01/04/2023,,,,Joiner,,,Active,,,"Foster for Bradford, Bradford Children and Families Trust","In current dataset as active, not in previous year"
2725985,Children's home,West Midlands,West Midlands,Staffordshire,Burton,Private,4,,06/07/2023,,,,Joiner,,,Active,,,REDACTED,"In current dataset as active, not in previous year"
2726003,Children's home,West Midlands,West Midlands,Dudley,Halesowen and Rowley Regis,Private,4,,27/11/2023,,,,Joiner,,,Suspended,,,REDACTED,"In current dataset as active, not in previous year"
2726010,Children's home,East of England,East of England,Southend on Sea,Rochford and Southend East,Private,4,,04/07/2023,,,,Joiner,,,Active,,,REDACTED,"In current dataset as active, not in previous year"
2726012,Children's home,North West,North West,Lancashire,Wyre and Preston North,Private,4,,23/05/2023,,,,Joiner,,,Active,,,REDACTED,"In current dataset as active, not in previous year"
2726013,Children's home,East of England,East of England,Essex,South Basildon and East Thurrock,Private,3,,28/11/2023,,,,Joiner,,,Active,,,REDACTED,"In current dataset as active, not in previous year"
2726037,Children's home,North West,North West,Liverpool,"Liverpool, Walton",Private,4,,01/03/2024,,,,Joiner,,,Active,,,REDACTED,"In current dataset as active, not in previous year"
2726075,Children's home,East Midlands,East Midlands,Leicester,Leicester East,Private,5,,11/08/2023,,,,Joiner,,,Active,,,REDACTED,"In current dataset as active, not in previous year"
2726339,Children's home,"North East, Yorkshire and the Humber",North East,Northumberland,Wansbeck,Voluntary,3,,03/04/2023,,,,Joiner,,,Active,,,REDACTED,"In current dataset as active, not in previous year"
2726456,Children's home,London,London,Haringey,Tottenham,Private,3,,11/10/2023,,,,Joiner,,,Active,,,REDACTED,"In current dataset as active, not in previous year"
2726464,Children's home,West Midlands,West Midlands,Birmingham,"Birmingham, Erdington",Private,2,,11/05/2023,15/01/2024,15/01/2024,,Joiner,Leaver,,Resigned,,,REDACTED,Joiner and Leaver in current reporting period
2726531,Children's home,North West,North West,Wigan,Makerfield,Private,1,,02/08/2023,,,,Joiner,,,Active,,,REDACTED,"In current dataset as active, not in previous year"
2726823,Children's home,North West,North West,Tameside,Denton and Reddish,Private,4,,23/06/2023,,,,Joiner,,,Active,,,REDACTED,"In current dataset as active, not in previous year"
2726827,Children's home,South East,South East,Buckinghamshire,Wycombe,Private,5,,23/05/2023,,,,Joiner,,,Active,,,REDACTED,"In current dataset as active, not in previous year"
2726852,Children's home,London,London,Hillingdon,Hayes and Harlington,Private,4,,04/05/2023,,,,Joiner,,,Active,,,REDACTED,"In current dataset as active, not in previous year"
2726899,Independent Fostering Agency,South East,South East,Kent,Canterbury,Private,,,25/08/2023,,,,Joiner,,,Active,,,Aspire Fostering Ltd,"In current dataset as active, not in previous year"
2726993,Children's home,West Midlands,West Midlands,Staffordshire,Burton,Private,2,,11/03/2024,,,,Joiner,,,Active,,,REDACTED,"In current dataset as active, not in previous year"
2727134,Children's home,East Midlands,East Midlands,Derbyshire,Erewash,Private,4,,19/05/2023,,,,Joiner,,,Active,,,REDACTED,"In current dataset as active, not in previous year"
2727223,Children's home,"North East, Yorkshire and the Humber",North East,Durham,North Durham,Private,1,,14/07/2023,,,,Joiner,,,Active,,,REDACTED,"In current dataset as active, not in previous year"
2727237,Children's home,West Midlands,West Midlands,Stoke-on-Trent,Stoke-on-Trent North,Private,1,,16/05/2023,,,,Joiner,,,Active,,,REDACTED,"In current dataset as active, not in previous year"
2727239,Children's home,London,London,Barking and Dagenham,Barking,Private,4,,25/05/2023,,,,Joiner,,,Active,,,REDACTED,"In current dataset as active, not in previous year"
2727307,Children's home,"North East, Yorkshire and the Humber",Yorkshire and The Humber,Bradford,Shipley,Voluntary,6,,01/04/2023,,,,Joiner,,,Active,,,REDACTED,"In current dataset as active, not in previous year"
2727492,Children's home,London,London,Brent,Brent North,Private,3,,02/10/2023,,,,Joiner,,,Active,,,REDACTED,"In current dataset as active, not in previous year"
2727760,Children's home,North West,North West,Rochdale,Heywood and Middleton,Private,1,,05/04/2023,,,,Joiner,,,Active,,,REDACTED,"In current dataset as active, not in previous year"
2727794,Children's home,North West,North West,Cheshire West and Chester,Ellesmere Port and Neston,Private,4,,05/04/2023,,,,Joiner,,,Active,,,REDACTED,"In current dataset as active, not in previous year"
2727821,Children's home,North West,North West,Wirral,Birkenhead,Private,4,,26/06/2023,,,,Joiner,,,Active,,,REDACTED,"In current dataset as active, not in previous year"
2727853,Children's home,"North East, Yorkshire and the Humber",Yorkshire and The Humber,Bradford,Bradford East,Voluntary,3,,01/04/2023,,,,Joiner,,,Active,,,REDACTED,"In current dataset as active, not in previous year"
2727994,Independent Fostering Agency,North West,North West,Lancashire,Hyndburn,Private,,,17/08/2023,,,,Joiner,,,Active,,,Inspire Fostering Ltd,"In current dataset as active, not in previous year"
2728028,Children's home,West Midlands,West Midlands,Birmingham,"Birmingham, Yardley",Private,2,,06/10/2023,,,,Joiner,,,Active,,,REDACTED,"In current dataset as active, not in previous year"
2728035,Children's home,London,London,Greenwich,Erith and Thamesmead,Local Authority,6,,31/08/2023,,,,Joiner,,,Active,,,REDACTED,"In current dataset as active, not in previous year"
2728057,Children's home,"North East, Yorkshire and the Humber",Yorkshire and The Humber,Bradford,Keighley,Private,1,,07/06/2023,,,,Joiner,,,Active,,,REDACTED,"In current dataset as active, not in previous year"
2728186,Children's home,East of England,East of England,Norfolk,Broadland,Local Authority,2,,04/05/2023,,,,Joiner,,,Active,,,REDACTED,"In current dataset as active, not in previous year"
2728200,Children's home,South East,South East,Hampshire,North East Hampshire,Private,2,,23/08/2023,,,,Joiner,,,Active,,,REDACTED,"In current dataset as active, not in previous year"
2728238,Children's home,North West,North West,Salford,Blackley and Broughton,Private,2,,19/07/2023,,,,Joiner,,,Active,,,REDACTED,"In current dataset as active, not in previous year"
2728263,Children's home,West Midlands,West Midlands,Stoke-on-Trent,Stoke-on-Trent Central,Private,1,,04/09/2023,,,,Joiner,,,Active,,,REDACTED,"In current dataset as active, not in previous year"
2728327,Children's home,West Midlands,West Midlands,Solihull,Solihull,Private,4,,29/06/2023,,,,Joiner,,,Active,,,REDACTED,"In current dataset as active, not in previous year"
2728332,Children's home,South East,South East,Kent,Dover,Private,3,,13/07/2023,,,,Joiner,,,Active,,,REDACTED,"In current dataset as active, not in previous year"
2728373,Children's home,"North East, Yorkshire and the Humber",North East,Durham,Sedgefield,Local Authority,4,,22/05/2023,,,,Joiner,,,Active,,,REDACTED,"In current dataset as active, not in previous year"
2728469,Children's home,North West,North West,Cheshire East,Macclesfield,Private,3,,18/07/2023,,,,Joiner,,,Active,,,REDACTED,"In current dataset as active, not in previous year"
2728549,Children's home,West Midlands,West Midlands,Coventry,Coventry South,Private,2,,29/07/2023,,,,Joiner,,,Active,,,REDACTED,"In current dataset as active, not in previous year"
2728615,Children's home,North West,North West,Wigan,Makerfield,Private,4,,26/06/2023,,,,Joiner,,,Active,,,REDACTED,"In current dataset as active, not in previous year"
2728656,Children's home,East of England,East of England,Essex,South Basildon and East Thurrock,Private,3,,27/06/2023,,,,Joiner,,,Active,,,REDACTED,"In current dataset as active, not in previous year"
2728682,Children's home,North West,North West,Lancashire,Blackpool North and Cleveleys,Private,2,,25/06/2023,,,,Joiner,,,Active,,,REDACTED,"In current dataset as active, not in previous year"
2728917,Children's home,South West,South West,Somerset,Bridgwater and West Somerset,Private,3,,31/05/2023,,,,Joiner,,,Active,,,REDACTED,"In current dataset as active, not in previous year"
2728924,Children's home,"North East, Yorkshire and the Humber",Yorkshire and The Humber,Bradford,Bradford East,Voluntary,1,,01/04/2023,19/12/2023,19/12/2023,,Joiner,Leaver,,Resigned,,,REDACTED,Joiner and Leaver in current reporting period
2728982,Children's home,"North East, Yorkshire and the Humber",Yorkshire and The Humber,Bradford,Bradford South,Voluntary,4,,01/04/2023,,,,Joiner,,,Active,,,REDACTED,"In current dataset as active, not in previous year"
2729120,Children's home,North West,North West,Manchester,"Manchester, Gorton",Private,1,,17/07/2023,,,,Joiner,,,Active,,,REDACTED,"In current dataset as active, not in previous year"
2729137,Children's home,East Midlands,East Midlands,Derbyshire,Chesterfield,Private,2,,28/04/2023,,,,Joiner,,,Active,,,REDACTED,"In current dataset as active, not in previous year"
2729264,Children's home,"North East, Yorkshire and the Humber",Yorkshire and The Humber,Bradford,Shipley,Voluntary,5,,01/04/2023,,,,Joiner,,,Active,,,REDACTED,"In current dataset as active, not in previous year"
2729273,Residential Family Centre,London,London,Newham,East Ham,Private,4,,07/07/2023,,,,Joiner,,,Active,,,The Mummy  Hub Organisation Holistic Residential Assessment Centre,"In current dataset as active, not in previous year"
2729358,Children's home,"North East, Yorkshire and the Humber",Yorkshire and The Humber,Bradford,Bradford West,Voluntary,4,,01/04/2023,,,,Joiner,,,Active,,,REDACTED,"In current dataset as active, not in previous year"
2729367,Children's home,West Midlands,West Midlands,Telford and Wrekin,Telford,Private,3,,03/05/2023,,,,Joiner,,,Active,,,REDACTED,"In current dataset as active, not in previous year"
2729412,Children's home,"North East, Yorkshire and the Humber",Yorkshire and The Humber,Bradford,Keighley,Voluntary,6,,01/04/2023,,,,Joiner,,,Active,,,REDACTED,"In current dataset as active, not in previous year"
2729532,Children's home,South East,South East,Surrey,Spelthorne,Private,5,,21/07/2023,,,,Joiner,,,Active,,,REDACTED,"In current dataset as active, not in previous year"
2729537,Children's home,North West,North West,Knowsley,Garston and Halewood,Private,2,,09/08/2023,,,,Joiner,,,Active,,,REDACTED,"In current dataset as active, not in previous year"
2729566,Children's home,North West,North West,Liverpool,"Liverpool, West Derby",Private,2,,18/07/2023,,,,Joiner,,,Active,,,REDACTED,"In current dataset as active, not in previous year"
2729569,Children's home,West Midlands,West Midlands,Staffordshire,Lichfield,Private,3,,07/12/2023,,,,Joiner,,,Active,,,REDACTED,"In current dataset as active, not in previous year"
2729647,Children's home,East of England,East of England,Cambridgeshire,North East Cambridgeshire,Private,4,,06/06/2023,,,,Joiner,,,Active,,,REDACTED,"In current dataset as active, not in previous year"
2729657,Children's home,"North East, Yorkshire and the Humber",Yorkshire and The Humber,Bradford,Bradford East,Voluntary,1,,01/04/2023,22/12/2023,22/12/2023,,Joiner,Leaver,,Resigned,,,REDACTED,Joiner and Leaver in current reporting period
2729749,Children's home,"North East, Yorkshire and the Humber",Yorkshire and The Humber,Bradford,Bradford South,Voluntary,10,,01/04/2023,,,,Joiner,,,Active,,,REDACTED,"In current dataset as active, not in previous year"
2729820,Children's home,West Midlands,West Midlands,Staffordshire,Cannock Chase,Private,3,,17/01/2024,,,,Joiner,,,Suspended,,,REDACTED,"In current dataset as active, not in previous year"
2729821,Children's home,North West,North West,Cumberland,Carlisle,Local Authority,6,,03/04/2023,,,,Joiner,,,Active,,,REDACTED,"In current dataset as active, not in previous year"
2729914,Children's home,"North East, Yorkshire and the Humber",North East,Durham,City of Durham,Local Authority,1,,21/04/2023,,,,Joiner,,,Active,,,REDACTED,"In current dataset as active, not in previous year"
2729935,Children's home,London,London,Croydon,Croydon North,Private,5,,29/06/2023,,,,Joiner,,,Active,,,REDACTED,"In current dataset as active, not in previous year"
2729941,Children's home,West Midlands,West Midlands,Stoke-on-Trent,Stoke-on-Trent North,Private,2,,20/12/2023,,,,Joiner,,,Active,,,REDACTED,"In current dataset as active, not in previous year"
2729959,Children's home,"North East, Yorkshire and the Humber",North East,Gateshead,Gateshead,Private,3,,11/10/2023,,,,Joiner,,,Active,,,REDACTED,"In current dataset as active, not in previous year"
2730001,Children's home,East of England,East of England,Suffolk,West Suffolk,Private,2,,20/06/2023,,,,Joiner,,,Active,,,REDACTED,"In current dataset as active, not in previous year"
2730003,Children's home,"North East, Yorkshire and the Humber",Yorkshire and The Humber,Bradford,Bradford South,Voluntary,4,,01/04/2023,,,,Joiner,,,Active,,,REDACTED,"In current dataset as active, not in previous year"
2730065,Children's home,"North East, Yorkshire and the Humber",Yorkshire and The Humber,Bradford,Keighley,Voluntary,4,,01/04/2023,,,,Joiner,,,Active,,,REDACTED,"In current dataset as active, not in previous year"
2730101,Children's home,East of England,East of England,Essex,Harlow,Private,2,,21/04/2023,,,,Joiner,,,Active,,,REDACTED,"In current dataset as active, not in previous year"
2730126,Children's home,South East,South East,Southampton,"Southampton, Itchen",Private,4,,05/09/2023,,,,Joiner,,,Active,,,REDACTED,"In current dataset as active, not in previous year"
2730253,Children's home,"North East, Yorkshire and the Humber",Yorkshire and The Humber,Rotherham,Rotherham,Private,5,,22/09/2023,,,,Joiner,,,Active,,,REDACTED,"In current dataset as active, not in previous year"
2730402,Children's home,South West,South West,Gloucestershire,Tewkesbury,Private,2,,22/05/2023,,,,Joiner,,,Active,,,REDACTED,"In current dataset as active, not in previous year"
2730490,Children's home,London,London,Bexley,Bexleyheath and Crayford,Private,4,,31/07/2023,,,,Joiner,,,Active,,,REDACTED,"In current dataset as active, not in previous year"
2730493,Children's home,South West,South West,Swindon,South Swindon,Private,2,,05/07/2023,,,,Joiner,,,Active,,,REDACTED,"In current dataset as active, not in previous year"
2730592,Children's home,"North East, Yorkshire and the Humber",Yorkshire and The Humber,Kirklees,Dewsbury,Private,3,,25/07/2023,,,,Joiner,,,Active,,,REDACTED,"In current dataset as active, not in previous year"
2730622,Voluntary Adoption Agency,"North East, Yorkshire and the Humber",Yorkshire and The Humber,Bradford,Bradford West,Voluntary,,,01/04/2023,,,,Joiner,,,Active,,,"Adoption for Bradford, Bradford Children's and Families Trust","In current dataset as active, not in previous year"
2730637,Children's home,West Midlands,West Midlands,Staffordshire,Cannock Chase,Private,4,,08/06/2023,,,,Joiner,,,Active,,,REDACTED,"In current dataset as active, not in previous year"
2730667,Children's home,South East,South East,Buckinghamshire,Beaconsfield,Private,4,,08/11/2023,,,,Joiner,,,Active,,,REDACTED,"In current dataset as active, not in previous year"
2730741,Children's home,West Midlands,West Midlands,Staffordshire,Newcastle-under-Lyme,Private,2,,24/08/2023,,,,Joiner,,,Active,,,REDACTED,"In current dataset as active, not in previous year"
2730755,Children's home,South West,South West,Wiltshire,North Wiltshire,Private,1,,17/04/2023,,,,Joiner,,,Active,,,REDACTED,"In current dataset as active, not in previous year"
2730797,Children's home,West Midlands,West Midlands,Birmingham,"Birmingham, Yardley",Private,3,,29/06/2023,,,,Joiner,,,Active,,,REDACTED,"In current dataset as active, not in previous year"
2731026,Children's home,West Midlands,West Midlands,Staffordshire,Staffordshire Moorlands,Private,2,,10/08/2023,,,,Joiner,,,Active,,,REDACTED,"In current dataset as active, not in previous year"
2731149,Independent Fostering Agency,West Midlands,West Midlands,Solihull,Meriden,Voluntary,,,31/07/2023,,,,Joiner,,,Active,,,Triangle Project,"In current dataset as active, not in previous year"
2731332,Children's home,"North East, Yorkshire and the Humber",North East,Redcar and Cleveland,Redcar,Private,2,,03/08/2023,,,,Joiner,,,Active,,,REDACTED,"In current dataset as active, not in previous year"
2731337,Children's home,North West,North West,Westmorland and Furness,Westmorland and Lonsdale,Local Authority,4,,01/04/2023,,,,Joiner,,,Active,,,REDACTED,"In current dataset as active, not in previous year"
2731357,Children's home,"North East, Yorkshire and the Humber",Yorkshire and The Humber,York,York Outer,Private,2,,16/08/2023,,,,Joiner,,,Active,,,REDACTED,"In current dataset as active, not in previous year"
2731370,Children's home,South West,South West,Gloucestershire,Gloucester,Private,3,,20/06/2023,,,,Joiner,,,Active,,,REDACTED,"In current dataset as active, not in previous year"
2731377,Children's home,West Midlands,West Midlands,Staffordshire,Newcastle-under-Lyme,Private,2,,29/06/2023,,,,Joiner,,,Active,,,REDACTED,"In current dataset as active, not in previous year"
2731378,Children's home,East Midlands,East Midlands,Leicestershire,North West Leicestershire,Private,3,,04/07/2023,,,,Joiner,,,Active,,,REDACTED,"In current dataset as active, not in previous year"
2731415,Children's home,East Midlands,East Midlands,Derby,Derby North,Private,4,,30/08/2023,,,,Joiner,,,Active,,,REDACTED,"In current dataset as active, not in previous year"
2731482,Children's home,North West,North West,Lancashire,Fylde,Private,4,,28/06/2023,,,,Joiner,,,Active,,,REDACTED,"In current dataset as active, not in previous year"
2731497,Children's home,South East,South East,Milton Keynes,Milton Keynes North,Private,3,,19/09/2023,,,,Joiner,,,Active,,,REDACTED,"In current dataset as active, not in previous year"
2731503,Children's home,London,London,Barking and Dagenham,Barking,Private,2,,04/12/2023,,,,Joiner,,,Active,,,REDACTED,"In current dataset as active, not in previous year"
2731541,Children's home,South West,South West,Devon,Exeter,Private,2,,12/07/2023,,,,Joiner,,,Active,,,REDACTED,"In current dataset as active, not in previous year"
2731542,Children's home,North West,North West,Westmorland and Furness,Penrith and The Border,Local Authority,5,,01/04/2023,,,,Joiner,,,Active,,,REDACTED,"In current dataset as active, not in previous year"
2731571,Residential Family Centre,North West,North West,Stockport,Stockport,Private,5,,28/09/2023,,,,Joiner,,,Active,,,Kinfolk House,"In current dataset as active, not in previous year"
2731613,Children's home,North West,North West,Westmorland and Furness,Barrow and Furness,Local Authority,6,,01/04/2023,,,,Joiner,,,Active,,,REDACTED,"In current dataset as active, not in previous year"
2731865,Children's home,West Midlands,West Midlands,Telford and Wrekin,Telford,Private,3,,15/10/2023,,,,Joiner,,,Active,,,REDACTED,"In current dataset as active, not in previous year"
2731922,Children's home,North West,North West,Cheshire West and Chester,City of Chester,Private,3,,05/07/2023,01/03/2024,01/03/2024,,Joiner,Leaver,,Resigned,,,REDACTED,Joiner and Leaver in current reporting period
2731966,Children's home,North West,North West,Wigan,Makerfield,Private,3,,14/09/2023,,,,Joiner,,,Active,,,REDACTED,"In current dataset as active, not in previous year"
2732045,Children's home,West Midlands,West Midlands,Staffordshire,Stone,Private,3,,05/10/2023,,,,Joiner,,,Active,,,REDACTED,"In current dataset as active, not in previous year"
2732125,Children's home,East Midlands,East Midlands,North Northamptonshire,Kettering,Private,5,,07/12/2023,,,,Joiner,,,Active,,,REDACTED,"In current dataset as active, not in previous year"
2732129,Children's home,North West,North West,Westmorland and Furness,Westmorland and Lonsdale,Local Authority,4,,01/04/2023,,,,Joiner,,,Active,,,REDACTED,"In current dataset as active, not in previous year"
2732195,Children's home,West Midlands,West Midlands,Staffordshire,Tamworth,Private,3,,23/08/2023,,,,Joiner,,,Active,,,REDACTED,"In current dataset as active, not in previous year"
2732257,Children's home,East Midlands,East Midlands,Nottinghamshire,Sherwood,Private,3,,13/06/2023,,,,Joiner,,,Active,,,REDACTED,"In current dataset as active, not in previous year"
2732313,Children's home,South West,South West,Somerset,Taunton Deane,Private,3,,13/06/2023,,,,Joiner,,,Active,,,REDACTED,"In current dataset as active, not in previous year"
2732319,Children's home,South East,South East,Hampshire,North East Hampshire,Private,3,,16/06/2023,,,,Joiner,,,Active,,,REDACTED,"In current dataset as active, not in previous year"
2732325,Children's home,East Midlands,East Midlands,Nottinghamshire,Sherwood,Private,1,,26/09/2023,,,,Joiner,,,Active,,,REDACTED,"In current dataset as active, not in previous year"
2732421,Children's home,North West,North West,Warrington,Warrington South,Private,1,,29/08/2023,,,,Joiner,,,Active,,,REDACTED,"In current dataset as active, not in previous year"
2732477,Residential Family Centre,"North East, Yorkshire and the Humber",North East,Durham,North Durham,Private,10,,31/08/2023,,,,Joiner,,,Active,,,Woodstone,"In current dataset as active, not in previous year"
2732578,Children's home,West Midlands,West Midlands,Staffordshire,Lichfield,Private,2,,03/08/2023,,,,Joiner,,,Active,,,REDACTED,"In current dataset as active, not in previous year"
2732583,Children's home,"North East, Yorkshire and the Humber",Yorkshire and The Humber,Kirklees,Huddersfield,Private,4,,22/06/2023,,,,Joiner,,,Active,,,REDACTED,"In current dataset as active, not in previous year"
2732651,Children's home,North West,North West,Lancashire,Hyndburn,Private,2,,06/04/2023,,,,Joiner,,,Active,,,REDACTED,"In current dataset as active, not in previous year"
2732719,Children's home,North West,North West,Westmorland and Furness,Penrith and The Border,Local Authority,4,,01/04/2023,,,,Joiner,,,Active,,,REDACTED,"In current dataset as active, not in previous year"
2732796,Children's home,"North East, Yorkshire and the Humber",Yorkshire and The Humber,Kingston upon Hull,Kingston upon Hull North,Private,3,,27/10/2023,,,,Joiner,,,Active,,,REDACTED,"In current dataset as active, not in previous year"
2732923,Children's home,North West,North West,St Helens,St Helens South and Whiston,Private,1,,03/05/2023,,,,Joiner,,,Active,,,REDACTED,"In current dataset as active, not in previous year"
2732929,Independent Fostering Agency,South East,South East,Kent,North Thanet,Private,,,06/09/2023,,,,Joiner,,,Active,,,First Steps Fostering Ltd,"In current dataset as active, not in previous year"
2733147,Children's home,West Midlands,West Midlands,Shropshire,North Shropshire,Private,3,,18/07/2023,,,,Joiner,,,Active,,,REDACTED,"In current dataset as active, not in previous year"
2733149,Children's home,East Midlands,East Midlands,North Northamptonshire,Daventry,Private,3,,11/08/2023,,,,Joiner,,,Active,,,REDACTED,"In current dataset as active, not in previous year"
2733224,Children's home,East Midlands,East Midlands,North Northamptonshire,Kettering,Private,3,,20/06/2023,,,,Joiner,,,Active,,,REDACTED,"In current dataset as active, not in previous year"
2733281,Children's home,North West,North West,Cumberland,Copeland,Local Authority,6,,01/04/2023,,,,Joiner,,,Active,,,REDACTED,"In current dataset as active, not in previous year"
2733359,Children's home,London,London,Merton,Wimbledon,Private,4,,01/10/2023,,,,Joiner,,,Active,,,REDACTED,"In current dataset as active, not in previous year"
2733826,Adoption Support Agency,South East,South East,Hampshire,Fareham,Private,,,18/04/2023,,,,Joiner,,,Active,,,CMB Adoption Support Services,"In current dataset as active, not in previous year"
2733827,Children's home,London,London,Havering,Romford,Private,4,,19/01/2024,,,,Joiner,,,Active,,,REDACTED,"In current dataset as active, not in previous year"
2733923,Children's home,East Midlands,East Midlands,Derbyshire,High Peak,Private,3,,18/07/2023,,,,Joiner,,,Active,,,REDACTED,"In current dataset as active, not in previous year"
2734020,Children's home,West Midlands,West Midlands,Staffordshire,Burton,Private,2,,06/10/2023,,,,Joiner,,,Active,,,REDACTED,"In current dataset as active, not in previous year"
2734050,Children's home,South East,South East,Slough,Slough,Private,4,,25/08/2023,,,,Joiner,,,Active,,,REDACTED,"In current dataset as active, not in previous year"
2734101,Residential Family Centre,London,London,Lewisham,"Lewisham, Deptford",Private,3,,30/11/2023,,,,Joiner,,,Active,,,Safespace Living Ltd,"In current dataset as active, not in previous year"
2734115,Children's home,"North East, Yorkshire and the Humber",North East,Durham,North Durham,Private,1,,14/07/2023,,,,Joiner,,,Active,,,REDACTED,"In current dataset as active, not in previous year"
2734210,Children's home,South East,South East,Slough,Slough,Private,4,,07/09/2023,,,,Joiner,,,Active,,,REDACTED,"In current dataset as active, not in previous year"
2734267,Children's home,North West,North West,Liverpool,"Liverpool, Walton",Private,2,,29/08/2023,,,,Joiner,,,Suspended,,,REDACTED,"In current dataset as active, not in previous year"
2734276,Children's home,London,London,Redbridge,Ilford North,Private,3,,23/10/2023,,,,Joiner,,,Active,,,REDACTED,"In current dataset as active, not in previous year"
2734449,Residential Family Centre,East Midlands,East Midlands,Leicestershire,Harborough,Voluntary,3,,24/11/2023,,,,Joiner,,,Active,,,Welland House,"In current dataset as active, not in previous year"
2734662,Children's home,East Midlands,East Midlands,West Northamptonshire,Northampton South,Private,2,,04/07/2023,,,,Joiner,,,Active,,,REDACTED,"In current dataset as active, not in previous year"
2734721,Children's home,West Midlands,West Midlands,Coventry,Coventry South,Private,4,,26/10/2023,,,,Joiner,,,Active,,,REDACTED,"In current dataset as active, not in previous year"
2734815,Children's home,North West,North West,Stockport,Cheadle,Private,6,,07/07/2023,,,,Joiner,,,Active,,,REDACTED,"In current dataset as active, not in previous year"
2734923,Children's home,East of England,East of England,Suffolk,Ipswich,Voluntary,4,,21/08/2023,,,,Joiner,,,Active,,,REDACTED,"In current dataset as active, not in previous year"
2735040,Residential Special School,"North East, Yorkshire and the Humber",Yorkshire and The Humber,North Yorkshire,Scarborough and Whitby,Academy,4,,01/03/2023,,,,Joiner,,,Active,,Unknown,Brompton Hall School,"In current dataset as active, retrospective opening"
2735045,Further Education College with Residential Accommodation,South West,South West,Somerset,Taunton Deane,Academy,53,,30/09/2022,,,,Joiner,,,Active,,Unknown,Richard Huish College,"In current dataset as active, retrospective opening"
2735148,Children's home,"North East, Yorkshire and the Humber",Yorkshire and The Humber,Rotherham,Wentworth and Dearne,Private,1,,21/08/2023,,,,Joiner,,,Active,,,REDACTED,"In current dataset as active, not in previous year"
2735196,Children's home,"North East, Yorkshire and the Humber",Yorkshire and The Humber,Kirklees,Huddersfield,Private,1,,29/06/2023,,,,Joiner,,,Active,,,REDACTED,"In current dataset as active, not in previous year"
2735269,Children's home,"North East, Yorkshire and the Humber",North East,Darlington,Darlington,Private,2,,28/07/2023,,,,Joiner,,,Active,,,REDACTED,"In current dataset as active, not in previous year"
2735311,Children's home,London,London,Enfield,Enfield North,Private,5,,21/08/2023,,,,Joiner,,,Active,,,REDACTED,"In current dataset as active, not in previous year"
2735355,Children's home,East Midlands,East Midlands,West Northamptonshire,Northampton South,Private,2,,26/10/2023,,,,Joiner,,,Active,,,REDACTED,"In current dataset as active, not in previous year"
2735938,Children's home,"North East, Yorkshire and the Humber",Yorkshire and The Humber,Calderdale,Calder Valley,Private,7,,07/08/2023,,,,Joiner,,,Active,,,REDACTED,"In current dataset as active, not in previous year"
2736061,Residential Family Centre,South East,South East,Kent,South Thanet,Private,3,,28/09/2023,,,,Joiner,,,Active,,,Judith Lodge,"In current dataset as active, not in previous year"
2736373,Children's home,North West,North West,Stockport,Stockport,Private,2,,08/09/2023,,,,Joiner,,,Active,,,REDACTED,"In current dataset as active, not in previous year"
2736460,Residential Family Centre,"North East, Yorkshire and the Humber",North East,Sunderland,Sunderland Central,Voluntary,3,,25/08/2023,,,,Joiner,,,Active,,,Rachel House,"In current dataset as active, not in previous year"
2736466,Children's home,West Midlands,West Midlands,Staffordshire,Stafford,Local Authority,3,,14/07/2023,,,,Joiner,,,Active,,,REDACTED,"In current dataset as active, not in previous year"
2736509,Children's home,"North East, Yorkshire and the Humber",Yorkshire and The Humber,Bradford,Bradford South,Private,1,,28/09/2023,,,,Joiner,,,Active,,,REDACTED,"In current dataset as active, not in previous year"
2736530,Residential Family Centre,London,London,Barnet,Hendon,Private,4,,01/08/2023,,,,Joiner,,,Active,,,Hazel House,"In current dataset as active, not in previous year"
2736705,Children's home,West Midlands,West Midlands,Staffordshire,Stone,Private,3,,23/05/2023,,,,Joiner,,,Active,,,REDACTED,"In current dataset as active, not in previous year"
2736722,Children's home,"North East, Yorkshire and the Humber",Yorkshire and The Humber,Calderdale,Calder Valley,Voluntary,4,,12/07/2023,,,,Joiner,,,Active,,,REDACTED,"In current dataset as active, not in previous year"
2736840,Children's home,East Midlands,East Midlands,Derbyshire,Amber Valley,Private,3,,28/07/2023,,,,Joiner,,,Active,,,REDACTED,"In current dataset as active, not in previous year"
2736855,Children's home,South East,South East,East Sussex,Wealden,Private,3,,09/04/2024,,,,Joiner,,,Active,,,REDACTED,"In current dataset as active, not in previous year"
2736861,Children's home,North West,North West,Cheshire West and Chester,Ellesmere Port and Neston,Local Authority,4,,03/07/2023,,,,Joiner,,,Active,,,REDACTED,"In current dataset as active, not in previous year"
2736862,Children's home,South East,South East,West Sussex,Arundel and South Downs,Private,6,,16/08/2023,,,,Joiner,,,Active,,,REDACTED,"In current dataset as active, not in previous year"
2737040,Children's home,"North East, Yorkshire and the Humber",North East,Gateshead,Blaydon,Voluntary,4,,28/07/2023,,,,Joiner,,,Active,,,REDACTED,"In current dataset as active, not in previous year"
2737081,Children's home,South East,South East,Surrey,Epsom and Ewell,Private,3,,19/09/2023,,,,Joiner,,,Active,,,REDACTED,"In current dataset as active, not in previous year"
2737107,Children's home,South East,South East,Surrey,Guildford,Private,2,,04/09/2023,,,,Joiner,,,Suspended,,,REDACTED,"In current dataset as active, not in previous year"
2737242,Children's home,East of England,East of England,Hertfordshire,St Albans,Private,4,,22/11/2023,,,,Joiner,,,Active,,,REDACTED,"In current dataset as active, not in previous year"
2737305,Children's home,London,London,Havering,Romford,Private,2,,25/10/2023,,,,Joiner,,,Active,,,REDACTED,"In current dataset as active, not in previous year"
2737310,Children's home,East of England,East of England,Bedford,Bedford,Private,1,,07/09/2023,,,,Joiner,,,Active,,,REDACTED,"In current dataset as active, not in previous year"
2737316,Children's home,East Midlands,East Midlands,North Northamptonshire,Corby,Private,2,,29/08/2023,,,,Joiner,,,Active,,,REDACTED,"In current dataset as active, not in previous year"
2737432,Children's home,East Midlands,East Midlands,Derby,Derby North,Private,2,,16/04/2024,,,,Joiner,,,Active,,,REDACTED,"In current dataset as active, not in previous year"
2737467,Children's home,West Midlands,West Midlands,Worcestershire,West Worcestershire,Private,4,,30/08/2023,,,,Joiner,,,Active,,,REDACTED,"In current dataset as active, not in previous year"
2737556,Children's home,North West,North West,Wirral,Wallasey,Private,2,,23/08/2023,,,,Joiner,,,Active,,,REDACTED,"In current dataset as active, not in previous year"
2737713,Children's home,North West,North West,Wigan,Makerfield,Private,3,,18/07/2023,,,,Joiner,,,Active,,,REDACTED,"In current dataset as active, not in previous year"
2737729,Children's home,East Midlands,East Midlands,West Northamptonshire,Northampton South,Private,3,,29/09/2023,,,,Joiner,,,Active,,,REDACTED,"In current dataset as active, not in previous year"
2737731,Children's home,East of England,East of England,Bedford,Mid Bedfordshire,Private,3,,24/08/2023,,,,Joiner,,,Active,,,REDACTED,"In current dataset as active, not in previous year"
2737745,Children's home,North West,North West,Lancashire,Lancaster and Fleetwood,Private,5,,29/08/2023,,,,Joiner,,,Active,,,REDACTED,"In current dataset as active, not in previous year"
2737844,Children's home,North West,North West,Lancashire,Fylde,Private,2,,24/07/2023,,,,Joiner,,,Active,,,REDACTED,"In current dataset as active, not in previous year"
2737845,Children's home,North West,North West,St Helens,St Helens North,Private,4,,10/11/2023,,,,Joiner,,,Active,,,REDACTED,"In current dataset as active, not in previous year"
2737970,Children's home,London,London,Havering,Hornchurch and Upminster,Private,2,,09/11/2023,,,,Joiner,,,Active,,,REDACTED,"In current dataset as active, not in previous year"
2738013,Children's home,South East,South East,Surrey,Surrey Heath,Private,3,,19/04/2024,,,,Joiner,,,Active,,,REDACTED,"In current dataset as active, not in previous year"
2738017,Children's home,North West,North West,Lancashire,Wyre and Preston North,Private,2,,25/07/2023,,,,Joiner,,,Active,,,REDACTED,"In current dataset as active, not in previous year"
2738393,Children's home,South West,South West,Wiltshire,Chippenham,Private,3,,20/07/2023,,,,Joiner,,,Active,,,REDACTED,"In current dataset as active, not in previous year"
2738394,Children's home,North West,North West,Lancashire,Chorley,Private,2,,29/09/2023,,,,Joiner,,,Active,,,REDACTED,"In current dataset as active, not in previous year"
2738395,Residential Family Centre,London,London,Bexley,Old Bexley and Sidcup,Private,4,,10/12/2023,,,,Joiner,,,Active,,,Hawaii Lodge Limited,"In current dataset as active, not in previous year"
2738396,Children's home,"North East, Yorkshire and the Humber",Yorkshire and The Humber,North Yorkshire,Selby and Ainsty,Private,4,,27/10/2023,,,,Joiner,,,Active,,,REDACTED,"In current dataset as active, not in previous year"
2738398,Children's home,North West,North West,Lancashire,Chorley,Private,3,,12/09/2023,,,,Joiner,,,Active,,,REDACTED,"In current dataset as active, not in previous year"
2738427,Residential Family Centre,North West,North West,Sefton,Southport,Private,4,,14/12/2023,,,,Joiner,,,Active,,,Amber Grove,"In current dataset as active, not in previous year"
2738455,Children's home,East Midlands,East Midlands,Leicester,Leicester East,Private,2,,23/08/2023,,,,Joiner,,,Active,,,REDACTED,"In current dataset as active, not in previous year"
2738499,Children's home,North West,North West,Lancashire,Chorley,Private,3,,14/08/2023,,,,Joiner,,,Active,,,REDACTED,"In current dataset as active, not in previous year"
2738599,Children's home,London,London,Ealing,Ealing North,Private,4,,02/10/2023,,,,Joiner,,,Active,,,REDACTED,"In current dataset as active, not in previous year"
2738634,Children's home,East Midlands,East Midlands,North Northamptonshire,Kettering,Private,1,,08/01/2024,,,,Joiner,,,Active,,,REDACTED,"In current dataset as active, not in previous year"
2738676,Independent Fostering Agency,West Midlands,West Midlands,Birmingham,"Birmingham, Perry Barr",Private,,,17/10/2023,,,,Joiner,,,Active,,,Atrium Foster Care,"In current dataset as active, not in previous year"
2738686,Children's home,"North East, Yorkshire and the Humber",Yorkshire and The Humber,Leeds,Leeds West,Private,1,,08/07/2023,,,,Joiner,,,Active,,,REDACTED,"In current dataset as active, not in previous year"
2738777,Children's home,West Midlands,West Midlands,Sandwell,West Bromwich East,Private,3,,28/07/2023,,,,Joiner,,,Active,,,REDACTED,"In current dataset as active, not in previous year"
2738824,Children's home,East Midlands,East Midlands,Leicestershire,Rutland and Melton,Private,3,,22/08/2023,,,,Joiner,,,Active,,,REDACTED,"In current dataset as active, not in previous year"
2739006,Children's home,London,London,Newham,East Ham,Private,5,,01/10/2023,,,,Joiner,,,Active,,,REDACTED,"In current dataset as active, not in previous year"
2739016,Children's home,West Midlands,West Midlands,Walsall,Aldridge-Brownhills,Local Authority,3,,21/07/2023,,,,Joiner,,,Active,,,REDACTED,"In current dataset as active, not in previous year"
2739033,Children's home,South East,South East,Medway,Rochester and Strood,Private,3,,25/07/2023,,,,Joiner,,,Active,,,REDACTED,"In current dataset as active, not in previous year"
2739062,Children's home,West Midlands,West Midlands,Shropshire,Shrewsbury and Atcham,Private,2,,05/09/2023,,,,Joiner,,,Active,,,REDACTED,"In current dataset as active, not in previous year"
2739063,Children's home,North West,North West,Lancashire,Ribble Valley,Private,2,,10/08/2023,,,,Joiner,,,Active,,,REDACTED,"In current dataset as active, not in previous year"
2739238,Children's home,East Midlands,East Midlands,Nottinghamshire,Broxtowe,Private,2,,07/02/2024,,,,Joiner,,,Active,,,REDACTED,"In current dataset as active, not in previous year"
2739386,Children's home,London,London,Croydon,Croydon North,Private,3,,11/09/2023,,,,Joiner,,,Active,,,REDACTED,"In current dataset as active, not in previous year"
2739443,Children's home,East Midlands,East Midlands,Nottinghamshire,Bassetlaw,Private,2,,24/08/2023,,,,Joiner,,,Active,,,REDACTED,"In current dataset as active, not in previous year"
2739580,Children's home,North West,North West,Lancashire,Ribble Valley,Private,2,,18/09/2023,,,,Joiner,,,Active,,,REDACTED,"In current dataset as active, not in previous year"
2739583,Children's home,North West,North West,Sefton,Southport,Private,1,,23/04/2024,,,,Joiner,,,Active,,,REDACTED,"In current dataset as active, not in previous year"
2739589,Children's home,North West,North West,Sefton,Southport,Private,1,,22/04/2024,,,,Joiner,,,Active,,,REDACTED,"In current dataset as active, not in previous year"
2739596,Children's home,North West,North West,Cumberland,Carlisle,Private,3,,05/12/2023,,,,Joiner,,,Active,,,REDACTED,"In current dataset as active, not in previous year"
2739597,Children's home,North West,North West,Lancashire,South Ribble,Private,2,,15/09/2023,,,,Joiner,,,Active,,,REDACTED,"In current dataset as active, not in previous year"
2739717,Children's home,East of England,East of England,Suffolk,South Suffolk,Private,5,,03/11/2023,,,,Joiner,,,Active,,,REDACTED,"In current dataset as active, not in previous year"
2739801,Children's home,West Midlands,West Midlands,Solihull,Solihull,Private,3,,23/08/2023,,,,Joiner,,,Active,,,REDACTED,"In current dataset as active, not in previous year"
2739888,Children's home,London,London,Brent,Brent Central,Private,4,,17/08/2023,,,,Joiner,,,Active,,,REDACTED,"In current dataset as active, not in previous year"
2739974,Children's home,South West,South West,Dorset,South Dorset,Private,3,,21/08/2023,,,,Joiner,,,Active,,,REDACTED,"In current dataset as active, not in previous year"
2740092,Children's home,North West,North West,Lancashire,Fylde,Private,2,,13/11/2023,,,,Joiner,,,Active,,,REDACTED,"In current dataset as active, not in previous year"
2740122,Children's home,North West,North West,Lancashire,Fylde,Private,3,,16/08/2023,,,,Joiner,,,Active,,,REDACTED,"In current dataset as active, not in previous year"
2740375,Children's home,North West,North West,Lancashire,Wyre and Preston North,Private,3,,14/08/2023,,,,Joiner,,,Active,,,REDACTED,"In current dataset as active, not in previous year"
2740392,Children's home,East Midlands,East Midlands,Nottinghamshire,Bassetlaw,Private,2,,01/09/2023,,,,Joiner,,,Active,,,REDACTED,"In current dataset as active, not in previous year"
2740402,Children's home,South West,South West,Wiltshire,South West Wiltshire,Private,6,,16/08/2023,,,,Joiner,,,Active,,,REDACTED,"In current dataset as active, not in previous year"
2740453,Children's home,South West,South West,Dorset,North Dorset,Private,2,,12/07/2023,,,,Joiner,,,Active,,,REDACTED,"In current dataset as active, not in previous year"
2740625,Children's home,North West,North West,Lancashire,Wyre and Preston North,Private,6,,29/06/2023,,,,Joiner,,,Active,,,REDACTED,"In current dataset as active, not in previous year"
2740654,Children's home,South West,South West,Devon,Tiverton and Honiton,Private,1,,23/06/2023,,,,Joiner,,,Active,,,REDACTED,"In current dataset as active, not in previous year"
2740871,Children's home,South East,South East,Milton Keynes,Milton Keynes North,Private,1,,05/09/2023,,,,Joiner,,,Active,,,REDACTED,"In current dataset as active, not in previous year"
2741405,Children's home,North West,North West,Lancashire,Wyre and Preston North,Private,2,,24/08/2023,,,,Joiner,,,Active,,,REDACTED,"In current dataset as active, not in previous year"
2741410,Children's home,North West,North West,Westmorland and Furness,Penrith and The Border,Private,6,,16/08/2023,25/01/2024,25/01/2024,,Joiner,Leaver,,Resigned,,,REDACTED,Joiner and Leaver in current reporting period
2741488,Children's home,West Midlands,West Midlands,Worcestershire,Mid Worcestershire,Private,3,,25/09/2023,,,,Joiner,,,Active,,,REDACTED,"In current dataset as active, not in previous year"
2741493,Children's home,North West,North West,Bury,Bury North,Private,4,,02/10/2023,,,,Joiner,,,Active,,,REDACTED,"In current dataset as active, not in previous year"
2741543,Children's home,East Midlands,East Midlands,Lincolnshire,Louth and Horncastle,Private,2,,11/10/2023,,,,Joiner,,,Active,,,REDACTED,"In current dataset as active, not in previous year"
2741688,Children's home,North West,North West,Knowsley,St Helens South and Whiston,Private,2,,09/08/2023,,,,Joiner,,,Active,,,REDACTED,"In current dataset as active, not in previous year"
2741726,Children's home,North West,North West,Liverpool,"Liverpool, Walton",Private,2,,28/02/2024,,,,Joiner,,,Active,,,REDACTED,"In current dataset as active, not in previous year"
2741744,Children's home,London,London,Redbridge,Ilford South,Private,5,,31/08/2023,,,,Joiner,,,Suspended,,,REDACTED,"In current dataset as active, not in previous year"
2741826,Children's home,"North East, Yorkshire and the Humber",North East,Sunderland,Washington and Sunderland West,Voluntary,2,,16/08/2023,,,,Joiner,,,Active,,,REDACTED,"In current dataset as active, not in previous year"
2741833,Children's home,North West,North West,Cumberland,Carlisle,Private,2,,23/08/2023,,,,Joiner,,,Active,,,REDACTED,"In current dataset as active, not in previous year"
2742235,Children's home,North West,North West,Manchester,"Manchester, Withington",Private,1,,17/10/2023,,,,Joiner,,,Active,,,REDACTED,"In current dataset as active, not in previous year"
2742259,Children's home,East of England,East of England,Southend on Sea,Southend West,Private,3,,27/07/2023,,,,Joiner,,,Active,,,REDACTED,"In current dataset as active, not in previous year"
2742263,Children's home,North West,North West,Westmorland and Furness,Westmorland and Lonsdale,Private,4,,18/08/2023,,,,Joiner,,,Active,,,REDACTED,"In current dataset as active, not in previous year"
2742383,Children's home,West Midlands,West Midlands,Worcestershire,Mid Worcestershire,Private,3,,14/09/2023,,,,Joiner,,,Active,,,REDACTED,"In current dataset as active, not in previous year"
2742503,Children's home,East Midlands,East Midlands,Leicestershire,Rutland and Melton,Private,4,,02/10/2023,,,,Joiner,,,Active,,,REDACTED,"In current dataset as active, not in previous year"
2742510,Children's home,South East,South East,Buckinghamshire,Buckingham,Voluntary,9,,12/12/2023,,,,Joiner,,,Active,,,REDACTED,"In current dataset as active, not in previous year"
2742583,Children's home,South East,South East,Kent,Sevenoaks,Voluntary,4,,24/08/2023,,,,Joiner,,,Active,,,REDACTED,"In current dataset as active, not in previous year"
2742639,Children's home,West Midlands,West Midlands,Staffordshire,Staffordshire Moorlands,Private,2,,01/12/2023,,,,Joiner,,,Active,,,REDACTED,"In current dataset as active, not in previous year"
2742661,Residential Family Centre,East Midlands,East Midlands,Leicester,Leicester South,Private,3,,26/09/2023,,,,Joiner,,,Active,,,Rose,"In current dataset as active, not in previous year"
2742756,Children's home,South East,South East,East Sussex,Bexhill and Battle,Private,5,,05/10/2023,,,,Joiner,,,Active,,,REDACTED,"In current dataset as active, not in previous year"
2742794,Children's home,East Midlands,East Midlands,West Northamptonshire,Northampton South,Private,1,,03/08/2023,,,,Joiner,,,Suspended,,,REDACTED,"In current dataset as active, not in previous year"
2742835,Independent Fostering Agency,North West,North West,Stockport,Stockport,Private,,,23/08/2023,,,,Joiner,,,Active,,,Flourish Fostering (North),"In current dataset as active, not in previous year"
2742846,Children's home,West Midlands,West Midlands,Herefordshire,North Herefordshire,Private,4,,12/02/2024,,,,Joiner,,,Active,,,REDACTED,"In current dataset as active, not in previous year"
2742886,Independent Fostering Agency,"North East, Yorkshire and the Humber",Yorkshire and The Humber,Kirklees,Batley and Spen,Private,,,16/10/2023,,,,Joiner,,,Active,,,Parallel Parents East,"In current dataset as active, not in previous year"
2742899,Children's home,West Midlands,West Midlands,Birmingham,Sutton Coldfield,Private,3,,27/07/2023,,,,Joiner,,,Active,,,REDACTED,"In current dataset as active, not in previous year"
2742968,Children's home,West Midlands,West Midlands,Shropshire,Ludlow,Private,5,,19/10/2023,,,,Joiner,,,Active,,,REDACTED,"In current dataset as active, not in previous year"
2743155,Children's home,West Midlands,West Midlands,Coventry,Coventry North East,Private,6,,29/04/2024,,,,Joiner,,,Active,,,REDACTED,"In current dataset as active, not in previous year"
2743221,Children's home,South East,South East,Kent,Dover,Private,5,,30/01/2024,,,,Joiner,,,Active,,,REDACTED,"In current dataset as active, not in previous year"
2743344,Children's home,West Midlands,West Midlands,Staffordshire,Stone,Private,3,,31/08/2023,,,,Joiner,,,Active,,,REDACTED,"In current dataset as active, not in previous year"
2743583,Children's home,North West,North West,Lancashire,Fylde,Private,2,,20/10/2023,,,,Joiner,,,Active,,,REDACTED,"In current dataset as active, not in previous year"
2743611,Children's home,East Midlands,East Midlands,Nottingham,Nottingham East,Private,2,,19/02/2024,,,,Joiner,,,Active,,,REDACTED,"In current dataset as active, not in previous year"
2743634,Children's home,North West,North West,Liverpool,"Liverpool, West Derby",Private,1,,21/09/2023,,,,Joiner,,,Active,,,REDACTED,"In current dataset as active, not in previous year"
2743646,Children's home,West Midlands,West Midlands,Staffordshire,Staffordshire Moorlands,Private,6,,14/11/2023,,,,Joiner,,,Active,,,REDACTED,"In current dataset as active, not in previous year"
2743656,Children's home,South West,South West,Devon,South West Devon,Private,2,,07/11/2023,,,,Joiner,,,Active,,,REDACTED,"In current dataset as active, not in previous year"
2743668,Children's home,London,London,Ealing,Ealing North,Private,5,,19/01/2024,,,,Joiner,,,Active,,,REDACTED,"In current dataset as active, not in previous year"
2743791,Children's home,North West,North West,Lancashire,Chorley,Private,2,,23/10/2023,,,,Joiner,,,Active,,,REDACTED,"In current dataset as active, not in previous year"
2743853,Children's home,West Midlands,West Midlands,Wolverhampton,Wolverhampton South East,Private,3,,22/09/2023,,,,Joiner,,,Active,,,REDACTED,"In current dataset as active, not in previous year"
2743870,Children's home,North West,North West,Cheshire East,Crewe and Nantwich,Private,3,,05/09/2023,,,,Joiner,,,Active,,,REDACTED,"In current dataset as active, not in previous year"
2744065,Children's home,West Midlands,West Midlands,Worcestershire,Mid Worcestershire,Private,3,,18/03/2024,,,,Joiner,,,Active,,,REDACTED,"In current dataset as active, not in previous year"
2744072,Children's home,North West,North West,Cheshire West and Chester,Eddisbury,Private,4,,03/10/2023,,,,Joiner,,,Active,,,REDACTED,"In current dataset as active, not in previous year"
2744087,Children's home,North West,North West,Lancashire,Fylde,Private,2,,04/09/2023,,,,Joiner,,,Active,,,REDACTED,"In current dataset as active, not in previous year"
2744118,Children's home,South East,South East,Hampshire,New Forest West,Private,2,,02/10/2023,,,,Joiner,,,Active,,,REDACTED,"In current dataset as active, not in previous year"
2744185,Children's home,East Midlands,East Midlands,Derby,Mid Derbyshire,Private,1,,05/09/2023,,,,Joiner,,,Active,,,REDACTED,"In current dataset as active, not in previous year"
2744230,Children's home,North West,North West,Lancashire,Fylde,Private,2,,10/11/2023,,,,Joiner,,,Active,,,REDACTED,"In current dataset as active, not in previous year"
2744303,Children's home,East of England,East of England,Southend on Sea,Rochford and Southend East,Private,3,,06/10/2023,,,,Joiner,,,Active,,,REDACTED,"In current dataset as active, not in previous year"
2744403,Independent Fostering Agency,West Midlands,West Midlands,Worcestershire,West Worcestershire,Voluntary,,,17/08/2023,,,,Joiner,,,Active,,,The Foster Care Charity,"In current dataset as active, not in previous year"
2744459,Children's home,"North East, Yorkshire and the Humber",North East,Sunderland,Sunderland Central,Voluntary,4,,09/11/2023,,,,Joiner,,,Active,,,REDACTED,"In current dataset as active, not in previous year"
2744528,Children's home,North West,North West,Lancashire,Fylde,Private,2,,26/09/2023,,,,Joiner,,,Active,,,REDACTED,"In current dataset as active, not in previous year"
2744556,Children's home,South East,South East,Surrey,East Surrey,Private,7,,05/09/2023,,,,Joiner,,,Active,,,REDACTED,"In current dataset as active, not in previous year"
2744586,Children's home,London,London,Redbridge,Ilford South,Private,5,,08/09/2023,,,,Joiner,,,Active,,,REDACTED,"In current dataset as active, not in previous year"
2744590,Children's home,London,London,Newham,West Ham,Private,3,,05/12/2023,,,,Joiner,,,Active,,,REDACTED,"In current dataset as active, not in previous year"
2744719,Children's home,North West,North West,Lancashire,Fylde,Private,2,,09/10/2023,,,,Joiner,,,Active,,,REDACTED,"In current dataset as active, not in previous year"
2744844,Children's home,London,London,Newham,West Ham,Private,2,,05/12/2023,,,,Joiner,,,Active,,,REDACTED,"In current dataset as active, not in previous year"
2744898,Children's home,West Midlands,West Midlands,Warwickshire,Stratford-on-Avon,Private,6,,17/11/2023,,,,Joiner,,,Active,,,REDACTED,"In current dataset as active, not in previous year"
2744902,Children's home,North West,North West,Lancashire,Preston,Private,2,,19/10/2023,,,,Joiner,,,Active,,,REDACTED,"In current dataset as active, not in previous year"
2744977,Children's home,East Midlands,East Midlands,Leicestershire,Rutland and Melton,Private,3,,11/01/2024,,,,Joiner,,,Active,,,REDACTED,"In current dataset as active, not in previous year"
2745080,Children's home,East Midlands,East Midlands,Leicester,Leicester West,Private,3,,07/11/2023,,,,Joiner,,,Active,,,REDACTED,"In current dataset as active, not in previous year"
2745101,Children's home,East of England,East of England,Hertfordshire,Welwyn Hatfield,Private,4,,04/09/2023,,,,Joiner,,,Active,,,REDACTED,"In current dataset as active, not in previous year"
2745136,Children's home,South West,South West,Somerset,Somerton and Frome,Private,6,,10/11/2023,,,,Joiner,,,Active,,,REDACTED,"In current dataset as active, not in previous year"
2745168,Children's home,London,London,Bromley,Beckenham,Private,2,,25/04/2024,,,,Joiner,,,Active,,,REDACTED,"In current dataset as active, not in previous year"
2745260,Children's home,West Midlands,West Midlands,Sandwell,West Bromwich West,Private,2,,28/02/2024,,,,Joiner,,,Active,,,REDACTED,"In current dataset as active, not in previous year"
2745274,Children's home,North West,North West,Manchester,"Manchester, Gorton",Private,2,,01/10/2023,,,,Joiner,,,Active,,,REDACTED,"In current dataset as active, not in previous year"
2745326,Children's home,West Midlands,West Midlands,Staffordshire,Burton,Private,3,,26/03/2024,,,,Joiner,,,Active,,,REDACTED,"In current dataset as active, not in previous year"
2745434,Children's home,"North East, Yorkshire and the Humber",North East,Hartlepool,Hartlepool,Local Authority,4,,10/08/2023,,,,Joiner,,,Active,,,REDACTED,"In current dataset as active, not in previous year"
2745471,Children's home,North West,North West,Lancashire,Wyre and Preston North,Private,2,,19/10/2023,,,,Joiner,,,Active,,,REDACTED,"In current dataset as active, not in previous year"
2745551,Children's home,South East,South East,Surrey,Guildford,Private,4,,13/12/2023,,,,Joiner,,,Active,,,REDACTED,"In current dataset as active, not in previous year"
2745565,Children's home,West Midlands,West Midlands,Walsall,Walsall North,Private,2,,20/03/2024,,,,Joiner,,,Active,,,REDACTED,"In current dataset as active, not in previous year"
2745618,Children's home,West Midlands,West Midlands,Walsall,Walsall South,Local Authority,2,,22/12/2023,,,,Joiner,,,Active,,,REDACTED,"In current dataset as active, not in previous year"
2745817,Children's home,West Midlands,West Midlands,Birmingham,"Birmingham, Perry Barr",Private,4,,19/09/2023,,,,Joiner,,,Active,,,REDACTED,"In current dataset as active, not in previous year"
2745833,Children's home,East of England,East of England,Peterborough,Peterborough,Private,6,,20/11/2023,,,,Joiner,,,Active,,,REDACTED,"In current dataset as active, not in previous year"
2745837,Children's home,North West,North West,Cheshire East,Crewe and Nantwich,Private,4,,09/02/2024,,,,Joiner,,,Active,,,REDACTED,"In current dataset as active, not in previous year"
2745862,Children's home,"North East, Yorkshire and the Humber",Yorkshire and The Humber,Kirklees,Huddersfield,Private,1,,12/10/2023,,,,Joiner,,,Active,,,REDACTED,"In current dataset as active, not in previous year"
2746035,Children's home,London,London,Redbridge,Ilford North,Private,5,,26/01/2024,,,,Joiner,,,Active,,,REDACTED,"In current dataset as active, not in previous year"
2746055,Children's home,North West,North West,Lancashire,Ribble Valley,Private,3,,14/11/2023,,,,Joiner,,,Active,,,REDACTED,"In current dataset as active, not in previous year"
2746146,Residential Family Centre,North West,North West,Lancashire,Ribble Valley,Private,3,,20/12/2023,,,,Joiner,,,Active,,,The Sisu Roost,"In current dataset as active, not in previous year"
2746279,Children's home,East of England,East of England,Essex,Harwich and North Essex,Private,3,,15/08/2023,,,,Joiner,,,Active,,,REDACTED,"In current dataset as active, not in previous year"
2746282,Children's home,East Midlands,East Midlands,North Northamptonshire,Wellingborough,Private,2,,07/11/2023,,,,Joiner,,,Active,,,REDACTED,"In current dataset as active, not in previous year"
2746312,Children's home,West Midlands,West Midlands,Wolverhampton,Wolverhampton South East,Private,3,,04/01/2024,,,,Joiner,,,Active,,,REDACTED,"In current dataset as active, not in previous year"
2746315,Children's home,South West,South West,Gloucestershire,Gloucester,Private,5,,06/10/2023,,,,Joiner,,,Active,,,REDACTED,"In current dataset as active, not in previous year"
2746466,Children's home,North West,North West,Lancashire,Fylde,Private,2,,24/08/2023,,,,Joiner,,,Active,,,REDACTED,"In current dataset as active, not in previous year"
2746568,Children's home,South West,South West,Somerset,Wells,Private,6,,10/11/2023,,,,Joiner,,,Active,,,REDACTED,"In current dataset as active, not in previous year"
2746574,Residential Family Centre,East Midlands,East Midlands,North Northamptonshire,Kettering,Private,4,,19/12/2023,,,,Joiner,,,Active,,,Blue Lily Lodge,"In current dataset as active, not in previous year"
2746850,Children's home,North West,North West,Liverpool,"Liverpool, Wavertree",Private,2,,22/02/2024,,,,Joiner,,,Active,,,REDACTED,"In current dataset as active, not in previous year"
2746854,Children's home,London,London,Croydon,Croydon South,Private,4,,26/01/2024,,,,Joiner,,,Active,,,REDACTED,"In current dataset as active, not in previous year"
2746884,Children's home,West Midlands,West Midlands,Dudley,Dudley North,Private,7,,02/10/2023,,,,Joiner,,,Active,,,REDACTED,"In current dataset as active, not in previous year"
2746893,Children's home,North West,North West,Lancashire,Burnley,Private,4,,11/10/2023,,,,Joiner,,,Active,,,REDACTED,"In current dataset as active, not in previous year"
2746965,Children's home,West Midlands,West Midlands,Staffordshire,Cannock Chase,Private,3,,27/11/2023,,,,Joiner,,,Active,,,REDACTED,"In current dataset as active, not in previous year"
2747049,Children's home,West Midlands,West Midlands,Staffordshire,South Staffordshire,Private,2,,27/11/2023,,,,Joiner,,,Active,,,REDACTED,"In current dataset as active, not in previous year"
2747053,Children's home,"North East, Yorkshire and the Humber",Yorkshire and The Humber,Wakefield,Wakefield,Private,3,,12/07/2023,,,,Joiner,,,Active,,,REDACTED,"In current dataset as active, not in previous year"
2747107,Children's home,West Midlands,West Midlands,Staffordshire,Lichfield,Private,3,,02/11/2023,,,,Joiner,,,Active,,,REDACTED,"In current dataset as active, not in previous year"
2747219,Children's home,"North East, Yorkshire and the Humber",Yorkshire and The Humber,Rotherham,Rother Valley,Private,3,,19/12/2023,,,,Joiner,,,Active,,,REDACTED,"In current dataset as active, not in previous year"
2747256,Children's home,West Midlands,West Midlands,Staffordshire,Stafford,Private,3,,22/12/2023,,,,Joiner,,,Active,,,REDACTED,"In current dataset as active, not in previous year"
2747302,Children's home,West Midlands,West Midlands,Shropshire,North Shropshire,Local Authority,3,,30/01/2024,,,,Joiner,,,Active,,,REDACTED,"In current dataset as active, not in previous year"
2747336,Children's home,West Midlands,West Midlands,Staffordshire,South Staffordshire,Private,10,,14/11/2023,,,,Joiner,,,Active,,,REDACTED,"In current dataset as active, not in previous year"
2747505,Residential Special School,East of England,East of England,Essex,Epping Forest,Academy,30,,14/07/2023,,,,Joiner,,,Active,,Not applicable,Wells Park,"In current dataset as active, not in previous year"
2747588,Children's home,South East,South East,Medway,Gillingham and Rainham,Private,3,,20/12/2023,,,,Joiner,,,Active,,,REDACTED,"In current dataset as active, not in previous year"
2747747,Children's home,London,London,Croydon,Croydon North,Private,1,,19/02/2024,,,,Joiner,,,Active,,,REDACTED,"In current dataset as active, not in previous year"
2748037,Children's home,"North East, Yorkshire and the Humber",North East,Durham,City of Durham,Private,2,,07/11/2023,,,,Joiner,,,Active,,,REDACTED,"In current dataset as active, not in previous year"
2748089,Children's home,South East,South East,Buckinghamshire,Wycombe,Private,3,,22/03/2024,,,,Joiner,,,Active,,,REDACTED,"In current dataset as active, not in previous year"
2748091,Children's home,South East,South East,East Sussex,Bexhill and Battle,Private,6,,19/12/2023,,,,Joiner,,,Active,,,REDACTED,"In current dataset as active, not in previous year"
2748215,Children's home,London,London,Redbridge,Ilford South,Private,6,,28/01/2024,,,,Joiner,,,Active,,,REDACTED,"In current dataset as active, not in previous year"
2748259,Children's home,East of England,East of England,Hertfordshire,North East Hertfordshire,Local Authority,4,,15/11/2023,,,,Joiner,,,Active,,,REDACTED,"In current dataset as active, not in previous year"
2748500,Children's home,"North East, Yorkshire and the Humber",Yorkshire and The Humber,North Yorkshire,Richmond (Yorks),Private,1,,19/12/2023,,,,Joiner,,,Active,,,REDACTED,"In current dataset as active, not in previous year"
2748501,Children's home,East Midlands,East Midlands,West Northamptonshire,Northampton South,Private,2,,26/09/2023,,,,Joiner,,,Active,,,REDACTED,"In current dataset as active, not in previous year"
2748579,Children's home,West Midlands,West Midlands,Shropshire,North Shropshire,Private,3,,11/12/2023,,,,Joiner,,,Active,,,REDACTED,"In current dataset as active, not in previous year"
2748594,Children's home,London,London,Newham,East Ham,Private,2,,22/11/2023,,,,Joiner,,,Active,,,REDACTED,"In current dataset as active, not in previous year"
2748623,Children's home,"North East, Yorkshire and the Humber",Yorkshire and The Humber,East Riding of Yorkshire,East Yorkshire,Local Authority,1,,27/10/2023,,,,Joiner,,,Active,,,REDACTED,"In current dataset as active, not in previous year"
2748820,Children's home,East Midlands,East Midlands,Leicester,Leicester South,Private,1,,04/04/2024,,,,Joiner,,,Active,,,REDACTED,"In current dataset as active, not in previous year"
2748913,Children's home,London,London,Croydon,Croydon North,Private,1,,26/01/2024,,,,Joiner,,,Active,,,REDACTED,"In current dataset as active, not in previous year"
2748977,Children's home,South West,South West,Devon,Torridge and West Devon,Private,3,,11/10/2023,,,,Joiner,,,Active,,,REDACTED,"In current dataset as active, not in previous year"
2749204,Children's home,South West,South West,Gloucestershire,Forest of Dean,Private,1,,29/08/2023,,,,Joiner,,,Active,,,REDACTED,"In current dataset as active, not in previous year"
2749314,Children's home,"North East, Yorkshire and the Humber",North East,Hartlepool,Hartlepool,Private,3,,08/01/2024,,,,Joiner,,,Active,,,REDACTED,"In current dataset as active, not in previous year"
2749584,Children's home,North West,North West,Tameside,Ashton-under-Lyne,Private,3,,16/10/2023,,,,Joiner,,,Active,,,REDACTED,"In current dataset as active, not in previous year"
2749656,Residential Family Centre,East Midlands,East Midlands,Derby,Derby South,Private,10,,30/10/2023,,,,Joiner,,,Active,,,Foundations Derby,"In current dataset as active, not in previous year"
2749804,Children's home,East Midlands,East Midlands,Nottinghamshire,Gedling,Private,3,,09/11/2023,,,,Joiner,,,Active,,,REDACTED,"In current dataset as active, not in previous year"
2749911,Children's home,"North East, Yorkshire and the Humber",Yorkshire and The Humber,Doncaster,Don Valley,Private,4,,18/10/2023,,,,Joiner,,,Active,,,REDACTED,"In current dataset as active, not in previous year"
2749948,Children's home,West Midlands,West Midlands,Telford and Wrekin,The Wrekin,Private,2,,29/11/2023,,,,Joiner,,,Active,,,REDACTED,"In current dataset as active, not in previous year"
2750005,Children's home,North West,North West,Warrington,Warrington South,Private,1,,12/12/2023,,,,Joiner,,,Active,,,REDACTED,"In current dataset as active, not in previous year"
2750122,Children's home,North West,North West,Warrington,Warrington North,Private,1,,13/12/2023,,,,Joiner,,,Active,,,REDACTED,"In current dataset as active, not in previous year"
2750237,Children's home,East of England,East of England,Essex,Saffron Walden,Private,5,,06/11/2023,,,,Joiner,,,Active,,,REDACTED,"In current dataset as active, not in previous year"
2750251,Children's home,"North East, Yorkshire and the Humber",Yorkshire and The Humber,Wakefield,Morley and Outwood,Private,4,,28/10/2023,,,,Joiner,,,Active,,,REDACTED,"In current dataset as active, not in previous year"
2750406,Children's home,London,London,Ealing,"Ealing, Southall",Private,4,,22/12/2023,,,,Joiner,,,Active,,,REDACTED,"In current dataset as active, not in previous year"
2750426,Children's home,South West,South West,Somerset,Yeovil,Private,2,,20/09/2023,,,,Joiner,,,Active,,,REDACTED,"In current dataset as active, not in previous year"
2750621,Children's home,West Midlands,West Midlands,Dudley,Dudley North,Private,3,,08/02/2024,,,,Joiner,,,Active,,,REDACTED,"In current dataset as active, not in previous year"
2750673,Children's home,East of England,East of England,Essex,Saffron Walden,Private,4,,22/12/2023,,,,Joiner,,,Active,,,REDACTED,"In current dataset as active, not in previous year"
2751088,Children's home,"North East, Yorkshire and the Humber",Yorkshire and The Humber,Bradford,Bradford West,Private,3,,07/12/2023,,,,Joiner,,,Active,,,REDACTED,"In current dataset as active, not in previous year"
2751090,Children's home,North West,North West,Liverpool,"Liverpool, Wavertree",Private,1,,22/12/2023,,,,Joiner,,,Active,,,REDACTED,"In current dataset as active, not in previous year"
2751095,Children's home,London,London,Havering,Romford,Private,5,,12/12/2023,,,,Joiner,,,Active,,,REDACTED,"In current dataset as active, not in previous year"
2751128,Children's home,North West,North West,Cheshire East,Crewe and Nantwich,Private,6,,23/01/2024,,,,Joiner,,,Active,,,REDACTED,"In current dataset as active, not in previous year"
2751162,Children's home,North West,North West,Lancashire,Wyre and Preston North,Private,2,,17/10/2023,,,,Joiner,,,Active,,,REDACTED,"In current dataset as active, not in previous year"
2751325,Children's home,London,London,Redbridge,Ilford South,Private,5,,12/12/2023,,,,Joiner,,,Active,,,REDACTED,"In current dataset as active, not in previous year"
2751408,Children's home,"North East, Yorkshire and the Humber",Yorkshire and The Humber,Sheffield,Sheffield Central,Private,4,,13/11/2023,,,,Joiner,,,Active,,,REDACTED,"In current dataset as active, not in previous year"
2751535,Children's home,South East,South East,Kent,Dover,Private,2,,26/10/2023,,,,Joiner,,,Active,,,REDACTED,"In current dataset as active, not in previous year"
2752037,Residential Family Centre,North West,North West,Tameside,Denton and Reddish,Private,6,,10/01/2024,,,,Joiner,,,Active,,,Future Beginnings,"In current dataset as active, not in previous year"
2752094,Children's home,South West,South West,Gloucestershire,Stroud,Private,1,,11/10/2023,,,,Joiner,,,Active,,,REDACTED,"In current dataset as active, not in previous year"
2752143,Children's home,South East,South East,West Sussex,Bognor Regis and Littlehampton,Private,5,,30/01/2024,,,,Joiner,,,Active,,,REDACTED,"In current dataset as active, not in previous year"
2752487,Independent Fostering Agency,North West,North West,Trafford,Stretford and Urmston,Private,,,19/03/2024,,,,Joiner,,,Active,,,Organic Fostering Ltd,"In current dataset as active, not in previous year"
2752707,Children's home,East Midlands,East Midlands,West Northamptonshire,Northampton South,Private,2,,28/02/2024,,,,Joiner,,,Active,,,REDACTED,"In current dataset as active, not in previous year"
2752709,Children's home,North West,North West,Stockport,Hazel Grove,Private,3,,05/02/2024,,,,Joiner,,,Active,,,REDACTED,"In current dataset as active, not in previous year"
2752994,Children's home,North West,North West,Lancashire,Fylde,Private,2,,04/01/2024,,,,Joiner,,,Active,,,REDACTED,"In current dataset as active, not in previous year"
2753006,Children's home,North West,North West,Lancashire,South Ribble,Private,2,,14/12/2023,,,,Joiner,,,Active,,,REDACTED,"In current dataset as active, not in previous year"
2753032,Residential Family Centre,West Midlands,West Midlands,Wolverhampton,Wolverhampton South West,Voluntary,5,,02/02/2024,,,,Joiner,,,Active,,,Saxon House,"In current dataset as active, not in previous year"
2753204,Children's home,North West,North West,Lancashire,Burnley,Private,4,,18/01/2024,,,,Joiner,,,Active,,,REDACTED,"In current dataset as active, not in previous year"
2753268,Children's home,South West,South West,Dorset,South Dorset,Private,2,,19/10/2023,,,,Joiner,,,Active,,,REDACTED,"In current dataset as active, not in previous year"
2753761,Children's home,"North East, Yorkshire and the Humber",Yorkshire and The Humber,Bradford,Keighley,Private,1,,26/04/2024,,,,Joiner,,,Active,,,REDACTED,"In current dataset as active, not in previous year"
2754135,Children's home,West Midlands,West Midlands,Birmingham,"Birmingham, Edgbaston",Private,2,,15/02/2024,,,,Joiner,,,Active,,,REDACTED,"In current dataset as active, not in previous year"
2754240,Children's home,North West,North West,Wirral,Wallasey,Private,3,,08/12/2023,,,,Joiner,,,Active,,,REDACTED,"In current dataset as active, not in previous year"
2754328,Children's home,West Midlands,West Midlands,Wolverhampton,Wolverhampton South West,Private,4,,24/10/2023,,,,Joiner,,,Active,,,REDACTED,"In current dataset as active, not in previous year"
2754433,Children's home,North West,North West,Wigan,Leigh,Private,3,,26/02/2024,,,,Joiner,,,Active,,,REDACTED,"In current dataset as active, not in previous year"
2754481,Children's home,North West,North West,Lancashire,Preston,Private,5,,22/12/2023,,,,Joiner,,,Active,,,REDACTED,"In current dataset as active, not in previous year"
2754777,Children's home,South East,South East,Buckinghamshire,Aylesbury,Voluntary,1,,02/11/2023,,,,Joiner,,,Active,,,REDACTED,"In current dataset as active, not in previous year"
2754808,Children's home,East Midlands,East Midlands,Leicestershire,Bosworth,Private,6,,07/02/2024,,,,Joiner,,,Active,,,REDACTED,"In current dataset as active, not in previous year"
2754809,Children's home,London,London,Croydon,Croydon Central,Private,3,,12/12/2023,,,,Joiner,,,Active,,,REDACTED,"In current dataset as active, not in previous year"
2755434,Children's home,"North East, Yorkshire and the Humber",North East,Durham,Bishop Auckland,Private,3,,27/11/2023,,,,Joiner,,,Active,,,REDACTED,"In current dataset as active, not in previous year"
2755786,Children's home,East Midlands,East Midlands,Lincolnshire,South Holland and The Deepings,Private,3,,02/01/2024,,,,Joiner,,,Active,,,REDACTED,"In current dataset as active, not in previous year"
2756016,Children's home,West Midlands,West Midlands,Dudley,Dudley North,Private,2,,28/03/2024,,,,Joiner,,,Active,,,REDACTED,"In current dataset as active, not in previous year"
2756164,Children's home,South East,South East,Surrey,Epsom and Ewell,Local Authority,4,,02/01/2024,,,,Joiner,,,Active,,,REDACTED,"In current dataset as active, not in previous year"
2756862,Children's home,"North East, Yorkshire and the Humber",North East,Stockton-on-Tees,Stockton North,Private,1,,30/10/2023,,,,Joiner,,,Active,,,REDACTED,"In current dataset as active, not in previous year"
2758201,Children's home,"North East, Yorkshire and the Humber",North East,Northumberland,Hexham,Private,5,,25/01/2024,,,,Joiner,,,Active,,,REDACTED,"In current dataset as active, not in previous year"
2758223,Children's home,West Midlands,West Midlands,Staffordshire,Stone,Private,3,,05/02/2024,,,,Joiner,,,Active,,,REDACTED,"In current dataset as active, not in previous year"
2759825,Children's home,North West,North West,Stockport,Stockport,Private,3,,03/01/2024,,,,Joiner,,,Active,,,REDACTED,"In current dataset as active, not in previous year"
2760076,Children's home,London,London,Barking and Dagenham,Dagenham and Rainham,Private,2,,15/01/2024,,,,Joiner,,,Active,,,REDACTED,"In current dataset as active, not in previous year"
2761271,Children's home,East of England,East of England,Suffolk,West Suffolk,Private,3,,04/12/2023,,,,Joiner,,,Active,,,REDACTED,"In current dataset as active, not in previous year"
2762093,Children's home,North West,North West,Lancashire,Fylde,Private,2,,21/12/2023,,,,Joiner,,,Active,,,REDACTED,"In current dataset as active, not in previous year"
2762095,Children's home,North West,North West,Lancashire,Fylde,Private,2,,22/12/2023,,,,Joiner,,,Active,,,REDACTED,"In current dataset as active, not in previous year"
2762096,Children's home,North West,North West,Lancashire,Fylde,Private,2,,18/12/2023,,,,Joiner,,,Active,,,REDACTED,"In current dataset as active, not in previous year"
2762097,Children's home,North West,North West,Lancashire,Fylde,Private,2,,08/12/2023,,,,Joiner,,,Active,,,REDACTED,"In current dataset as active, not in previous year"
2762098,Children's home,North West,North West,Lancashire,Wyre and Preston North,Private,2,,20/10/2023,,,,Joiner,,,Active,,,REDACTED,"In current dataset as active, not in previous year"
2762721,Voluntary Adoption Agency,South East,South East,Kent,Faversham and Mid Kent,Voluntary,,,04/10/2023,,,,Joiner,,,Active,,,CAFIS - Barnardo's,"In current dataset as active, not in previous year"
2762776,Children's home,East Midlands,East Midlands,Derbyshire,South Derbyshire,Private,1,,09/11/2023,,,,Joiner,,,Active,,,REDACTED,"In current dataset as active, not in previous year"
2762777,Children's home,East Midlands,East Midlands,Derbyshire,South Derbyshire,Private,3,,09/11/2023,,,,Joiner,,,Active,,,REDACTED,"In current dataset as active, not in previous year"
2763071,Children's home,London,London,Lewisham,Lewisham East,Private,2,,01/02/2024,,,,Joiner,,,Active,,,REDACTED,"In current dataset as active, not in previous year"
2763401,Children's home,East of England,East of England,Hertfordshire,Hitchin and Harpenden,Private,2,,21/11/2023,,,,Joiner,,,Active,,,REDACTED,"In current dataset as active, not in previous year"
2763683,Children's home,North West,North West,Lancashire,Fylde,Private,1,,14/12/2023,,,,Joiner,,,Active,,,REDACTED,"In current dataset as active, not in previous year"
2763815,Children's home,East Midlands,East Midlands,Leicestershire,Loughborough,Private,1,,24/11/2023,,,,Joiner,,,Active,,,REDACTED,"In current dataset as active, not in previous year"
2763871,Children's home,North West,North West,Lancashire,Fylde,Private,2,,16/01/2024,,,,Joiner,,,Active,,,REDACTED,"In current dataset as active, not in previous year"
2764029,Residential Family Centre,"North East, Yorkshire and the Humber",Yorkshire and The Humber,Sheffield,Sheffield Central,Private,5,,16/04/2024,,,,Joiner,,,Active,,,Foundations Sheffield,"In current dataset as active, not in previous year"
2764124,Children's home,North West,North West,Oldham,Oldham West and Royton,Private,1,,03/11/2023,,,,Joiner,,,Active,,,REDACTED,"In current dataset as active, not in previous year"
2764293,Children's home,"North East, Yorkshire and the Humber",Yorkshire and The Humber,Bradford,Bradford West,Private,2,,27/02/2024,,,,Joiner,,,Active,,,REDACTED,"In current dataset as active, not in previous year"
2764295,Children's home,North West,North West,Lancashire,Wyre and Preston North,Private,1,,01/12/2023,,,,Joiner,,,Active,,,REDACTED,"In current dataset as active, not in previous year"
2764557,Children's home,West Midlands,West Midlands,Sandwell,West Bromwich West,Private,3,,21/03/2024,,,,Joiner,,,Active,,,REDACTED,"In current dataset as active, not in previous year"
2764887,Children's home,South West,South West,Devon,Central Devon,Private,3,,25/01/2024,,,,Joiner,,,Active,,,REDACTED,"In current dataset as active, not in previous year"
2765018,Residential Family Centre,East Midlands,East Midlands,Leicestershire,Loughborough,Private,3,,29/01/2024,,,,Joiner,,,Active,,,Pulteney House,"In current dataset as active, not in previous year"
2765128,Children's home,North West,North West,Lancashire,Wyre and Preston North,Private,3,,29/01/2024,,,,Joiner,,,Active,,,REDACTED,"In current dataset as active, not in previous year"
2765360,Children's home,East Midlands,East Midlands,West Northamptonshire,Northampton South,Private,3,,20/11/2023,,,,Joiner,,,Active,,,REDACTED,"In current dataset as active, not in previous year"
2765520,Children's home,West Midlands,West Midlands,Sandwell,West Bromwich West,Private,3,,30/04/2024,,,,Joiner,,,Active,,,REDACTED,"In current dataset as active, not in previous year"
2765654,Children's home,South East,South East,Hampshire,North West Hampshire,Private,5,,25/01/2024,,,,Joiner,,,Active,,,REDACTED,"In current dataset as active, not in previous year"
2765713,Children's home,East of England,East of England,Essex,Maldon,Private,4,,04/04/2024,,,,Joiner,,,Active,,,REDACTED,"In current dataset as active, not in previous year"
2766141,Children's home,North West,North West,Lancashire,Rossendale and Darwen,Private,3,,24/04/2024,,,,Joiner,,,Active,,,REDACTED,"In current dataset as active, not in previous year"
2766159,Children's home,West Midlands,West Midlands,Shropshire,Shrewsbury and Atcham,Private,4,,20/03/2024,,,,Joiner,,,Active,,,REDACTED,"In current dataset as active, not in previous year"
2766417,Children's home,East of England,East of England,Cambridgeshire,North East Cambridgeshire,Private,6,,14/12/2023,,,,Joiner,,,Active,,,REDACTED,"In current dataset as active, not in previous year"
2766726,Children's home,North West,North West,Westmorland and Furness,Penrith and The Border,Private,6,,21/12/2023,,,,Joiner,,,Active,,,REDACTED,"In current dataset as active, not in previous year"
2767334,Children's home,North West,North West,Lancashire,Fylde,Private,3,,27/11/2023,,,,Joiner,,,Active,,,REDACTED,"In current dataset as active, not in previous year"
2767797,Children's home,East of England,East of England,Norfolk,Mid Norfolk,Local Authority,2,,22/03/2024,,,,Joiner,,,Active,,,REDACTED,"In current dataset as active, not in previous year"
2767802,Children's home,"North East, Yorkshire and the Humber",North East,Sunderland,Houghton and Sunderland South,Private,4,,09/01/2024,,,,Joiner,,,Active,,,REDACTED,"In current dataset as active, not in previous year"
2767938,Children's home,"North East, Yorkshire and the Humber",Yorkshire and The Humber,Doncaster,Don Valley,Private,3,,04/01/2024,,,,Joiner,,,Active,,,REDACTED,"In current dataset as active, not in previous year"
2768158,Children's home,East Midlands,East Midlands,Leicestershire,Loughborough,Private,1,,15/02/2024,,,,Joiner,,,Active,,,REDACTED,"In current dataset as active, not in previous year"
2768382,Children's home,North West,North West,Lancashire,Fylde,Private,2,,19/12/2023,,,,Joiner,,,Active,,,REDACTED,"In current dataset as active, not in previous year"
2768436,Children's home,"North East, Yorkshire and the Humber",Yorkshire and The Humber,Bradford,Shipley,Private,3,,08/02/2024,,,,Joiner,,,Active,,,REDACTED,"In current dataset as active, not in previous year"
2768530,Children's home,East of England,East of England,Luton,Luton North,Private,2,,08/03/2024,,,,Joiner,,,Active,,,REDACTED,"In current dataset as active, not in previous year"
2769106,Children's home,"North East, Yorkshire and the Humber",North East,Durham,Sedgefield,Private,4,,11/12/2023,,,,Joiner,,,Active,,,REDACTED,"In current dataset as active, not in previous year"
2769126,Children's home,London,London,Enfield,"Enfield, Southgate",Private,3,,23/02/2024,,,,Joiner,,,Active,,,REDACTED,"In current dataset as active, not in previous year"
2769134,Children's home,East Midlands,East Midlands,Leicestershire,North West Leicestershire,Private,3,,24/04/2024,,,,Joiner,,,Active,,,REDACTED,"In current dataset as active, not in previous year"
2769384,Children's home,London,London,Bexley,Bexleyheath and Crayford,Private,4,,14/03/2024,,,,Joiner,,,Active,,,REDACTED,"In current dataset as active, not in previous year"
2769468,Children's home,North West,North West,Tameside,Stalybridge and Hyde,Private,5,,09/01/2024,,,,Joiner,,,Active,,,REDACTED,"In current dataset as active, not in previous year"
2769501,Children's home,North West,North West,Lancashire,Rossendale and Darwen,Private,2,,11/04/2024,,,,Joiner,,,Active,,,REDACTED,"In current dataset as active, not in previous year"
2769507,Children's home,East Midlands,East Midlands,Leicestershire,Bosworth,Private,3,,09/01/2024,,,,Joiner,,,Active,,,REDACTED,"In current dataset as active, not in previous year"
2769508,Children's home,North West,North West,Salford,Salford and Eccles,Private,3,,09/01/2024,,,,Joiner,,,Active,,,REDACTED,"In current dataset as active, not in previous year"
2769769,Children's home,North West,North West,Lancashire,Preston,Private,1,,15/12/2023,,,,Joiner,,,Active,,,REDACTED,"In current dataset as active, not in previous year"
2769987,Children's home,East Midlands,East Midlands,Derby,Derby South,Private,3,,18/01/2024,,,,Joiner,,,Active,,,REDACTED,"In current dataset as active, not in previous year"
2770577,Children's home,East of England,East of England,Bedford,Bedford,Private,4,,19/02/2024,,,,Joiner,,,Active,,,REDACTED,"In current dataset as active, not in previous year"
2770705,Children's home,North West,North West,Oldham,Oldham West and Royton,Private,3,,08/03/2024,,,,Joiner,,,Active,,,REDACTED,"In current dataset as active, not in previous year"
2770840,Children's home,East Midlands,East Midlands,Derbyshire,High Peak,Private,3,,15/01/2024,,,,Joiner,,,Active,,,REDACTED,"In current dataset as active, not in previous year"
2770880,Children's home,North West,North West,Lancashire,Hyndburn,Private,2,,23/04/2024,,,,Joiner,,,Active,,,REDACTED,"In current dataset as active, not in previous year"
2770937,Children's home,East of England,East of England,Luton,Luton North,Private,4,,18/03/2024,,,,Joiner,,,Active,,,REDACTED,"In current dataset as active, not in previous year"
2770974,Children's home,East of England,East of England,Suffolk,West Suffolk,Private,5,,12/04/2024,,,,Joiner,,,Active,,,REDACTED,"In current dataset as active, not in previous year"
2771122,Children's home,"North East, Yorkshire and the Humber",North East,Sunderland,Houghton and Sunderland South,Private,4,,20/02/2024,,,,Joiner,,,Active,,,REDACTED,"In current dataset as active, not in previous year"
2771481,Children's home,East Midlands,East Midlands,Nottingham,Nottingham South,Private,4,,29/01/2024,,,,Joiner,,,Active,,,REDACTED,"In current dataset as active, not in previous year"
2771696,Children's home,East of England,East of England,Thurrock,South Basildon and East Thurrock,Private,3,,18/03/2024,,,,Joiner,,,Active,,,REDACTED,"In current dataset as active, not in previous year"
2771730,Children's home,"North East, Yorkshire and the Humber",Yorkshire and The Humber,Doncaster,Don Valley,Local Authority,3,,20/02/2024,,,,Joiner,,,Active,,,REDACTED,"In current dataset as active, not in previous year"
2772356,Secure children's home,East of England,East of England,Essex,Colchester,Private,1,,23/04/2024,,,,Joiner,,,Active,,,REDACTED,"In current dataset as active, not in previous year"
2772459,Children's home,South West,South West,"Bournemouth, Christchurch & Poole",Bournemouth West,Private,2,,08/03/2024,,,,Joiner,,,Active,,,REDACTED,"In current dataset as active, not in previous year"
2772524,Children's home,South West,South West,Devon,Tiverton and Honiton,Private,3,,08/01/2024,,,,Joiner,,,Active,,,REDACTED,"In current dataset as active, not in previous year"
2772529,Children's home,West Midlands,West Midlands,Staffordshire,South Staffordshire,Private,3,,26/03/2024,,,,Joiner,,,Active,,,REDACTED,"In current dataset as active, not in previous year"
2772575,Residential Family Centre,North West,North West,Oldham,Oldham West and Royton,Private,5,,18/03/2024,,,,Joiner,,,Active,,,Aontacht Family Services,"In current dataset as active, not in previous year"
2772598,Children's home,North West,North West,Lancashire,Hyndburn,Private,8,,25/04/2024,,,,Joiner,,,Active,,,REDACTED,"In current dataset as active, not in previous year"
2772912,Children's home,West Midlands,West Midlands,Birmingham,"Birmingham, Hodge Hill",Private,3,,07/03/2024,,,,Joiner,,,Active,,,REDACTED,"In current dataset as active, not in previous year"
2772990,Residential Family Centre,"North East, Yorkshire and the Humber",North East,Durham,Bishop Auckland,Voluntary,5,,10/04/2024,,,,Joiner,,,Active,,,Low Martinfield Residential Family Assessment Centre,"In current dataset as active, not in previous year"
2773062,Independent Fostering Agency,East of England,East of England,Norfolk,Great Yarmouth,Private,,,11/03/2024,,,,Joiner,,,Active,,,Bespoke Fostering Agency,"In current dataset as active, not in previous year"
2773192,Children's home,North West,North West,Lancashire,Lancaster and Fleetwood,Private,2,,09/04/2024,,,,Joiner,,,Active,,,REDACTED,"In current dataset as active, not in previous year"
2773405,Children's home,East Midlands,East Midlands,North Northamptonshire,Wellingborough,Private,3,,07/03/2024,,,,Joiner,,,Active,,,REDACTED,"In current dataset as active, not in previous year"
2773571,Children's home,West Midlands,West Midlands,Stoke-on-Trent,Stoke-on-Trent Central,Private,3,,10/04/2024,,,,Joiner,,,Active,,,REDACTED,"In current dataset as active, not in previous year"
2773682,Children's home,East Midlands,East Midlands,Derbyshire,High Peak,Private,3,,22/04/2024,,,,Joiner,,,Active,,,REDACTED,"In current dataset as active, not in previous year"
2773737,Children's home,North West,North West,Manchester,"Manchester, Withington",Private,2,,17/04/2024,,,,Joiner,,,Active,,,REDACTED,"In current dataset as active, not in previous year"
2773915,Children's home,West Midlands,West Midlands,Staffordshire,Cannock Chase,Private,2,,26/04/2024,,,,Joiner,,,Active,,,REDACTED,"In current dataset as active, not in previous year"
2773966,Children's home,South East,South East,Wokingham,Wokingham,Private,4,,11/03/2024,,,,Joiner,,,Active,,,REDACTED,"In current dataset as active, not in previous year"
2774066,Children's home,West Midlands,West Midlands,Birmingham,"Birmingham, Ladywood",Private,2,,21/02/2024,,,,Joiner,,,Active,,,REDACTED,"In current dataset as active, not in previous year"
2774120,Children's home,South West,South West,Wiltshire,South West Wiltshire,Private,3,,08/03/2024,,,,Joiner,,,Active,,,REDACTED,"In current dataset as active, not in previous year"
2774522,Children's home,West Midlands,West Midlands,Stoke-on-Trent,Stoke-on-Trent South,Private,2,,23/02/2024,,,,Joiner,,,Active,,,REDACTED,"In current dataset as active, not in previous year"
2774729,Children's home,"North East, Yorkshire and the Humber",Yorkshire and The Humber,Sheffield,Sheffield South East,Private,1,,20/02/2024,,,,Joiner,,,Active,,,REDACTED,"In current dataset as active, not in previous year"
2775075,Children's home,South West,South West,Gloucestershire,Tewkesbury,Private,3,,15/04/2024,,,,Joiner,,,Active,,,REDACTED,"In current dataset as active, not in previous year"
2775131,Children's home,East of England,East of England,Norfolk,Broadland,Private,4,,04/03/2024,,,,Joiner,,,Active,,,REDACTED,"In current dataset as active, not in previous year"
2775218,Children's home,"North East, Yorkshire and the Humber",Yorkshire and The Humber,Bradford,Bradford South,Private,2,,03/04/2024,,,,Joiner,,,Active,,,REDACTED,"In current dataset as active, not in previous year"
2775397,Children's home,West Midlands,West Midlands,Staffordshire,Stafford,Private,2,,11/03/2024,,,,Joiner,,,Active,,,REDACTED,"In current dataset as active, not in previous year"
2775472,Residential Family Centre,"North East, Yorkshire and the Humber",Yorkshire and The Humber,East Riding of Yorkshire,Haltemprice and Howden,Private,5,,29/04/2024,,,,Joiner,,,Active,,,Ayla Lodge,"In current dataset as active, not in previous year"
2775486,Children's home,North West,North West,Lancashire,Chorley,Private,2,,05/04/2024,,,,Joiner,,,Active,,,REDACTED,"In current dataset as active, not in previous year"
2775501,Children's home,West Midlands,West Midlands,Telford and Wrekin,Telford,Private,3,,26/03/2024,,,,Joiner,,,Active,,,REDACTED,"In current dataset as active, not in previous year"
2775641,Children's home,North West,North West,Lancashire,Fylde,Private,2,,24/04/2024,,,,Joiner,,,Active,,,REDACTED,"In current dataset as active, not in previous year"
2775677,Children's home,North West,North West,Westmorland and Furness,Penrith and The Border,Private,6,,15/02/2024,,,,Joiner,,,Active,,,REDACTED,"In current dataset as active, not in previous year"
2775749,Children's home,"North East, Yorkshire and the Humber",Yorkshire and The Humber,Rotherham,Rother Valley,Local Authority,2,,18/03/2024,,,,Joiner,,,Active,,,REDACTED,"In current dataset as active, not in previous year"
2775770,Children's home,"North East, Yorkshire and the Humber",Yorkshire and The Humber,Bradford,Bradford East,Private,4,,24/03/2024,,,,Joiner,,,Active,,,REDACTED,"In current dataset as active, not in previous year"
2775796,Children's home,North West,North West,Manchester,"Manchester, Gorton",Private,3,,10/04/2024,,,,Joiner,,,Active,,,REDACTED,"In current dataset as active, not in previous year"
2775797,Children's home,South East,South East,Hampshire,New Forest West,,6,,30/04/2024,,,,Joiner,,,Active,,,REDACTED,"In current dataset as active, not in previous year"
2775971,Children's home,North West,North West,Westmorland and Furness,Penrith and The Border,Private,6,,22/12/2023,,,,Joiner,,,Active,,,REDACTED,"In current dataset as active, not in previous year"
2775980,Children's home,North West,North West,Westmorland and Furness,Penrith and The Border,Private,6,,22/12/2023,,,,Joiner,,,Active,,,REDACTED,"In current dataset as active, not in previous year"
2777607,Children's home,"North East, Yorkshire and the Humber",North East,Durham,City of Durham,Local Authority,2,,09/04/2024,,,,Joiner,,,Active,,,REDACTED,"In current dataset as active, not in previous year"
2777634,Children's home,East Midlands,East Midlands,Derby,Derby North,Private,3,,24/04/2024,,,,Joiner,,,Active,,,REDACTED,"In current dataset as active, not in previous year"
2777986,Children's home,East Midlands,East Midlands,Derby,Derby North,Private,2,,12/03/2024,,,,Joiner,,,Active,,,REDACTED,"In current dataset as active, not in previous year"
2778047,Children's home,South West,South West,Devon,Tiverton and Honiton,Private,2,,30/04/2024,,,,Joiner,,,Active,,,REDACTED,"In current dataset as active, not in previous year"
2778297,Children's home,West Midlands,West Midlands,Wolverhampton,Wolverhampton South West,Private,3,,18/04/2024,,,,Joiner,,,Active,,,REDACTED,"In current dataset as active, not in previous year"
2778311,Children's home,North West,North West,Lancashire,Morecambe and Lunesdale,Private,2,,26/04/2024,,,,Joiner,,,Active,,,REDACTED,"In current dataset as active, not in previous year"
2778325,Children's home,North West,North West,Cheshire West and Chester,Ellesmere Port and Neston,Private,1,,28/04/2024,,,,Joiner,,,Active,,,REDACTED,"In current dataset as active, not in previous year"
2778387,Children's home,North West,North West,Westmorland and Furness,Penrith and The Border,Private,6,,25/01/2024,,,,Joiner,,,Active,,,REDACTED,"In current dataset as active, not in previous year"
2778432,Children's home,North West,North West,Westmorland and Furness,Penrith and The Border,Private,6,,25/01/2024,,,,Joiner,,,Active,,,REDACTED,"In current dataset as active, not in previous year"
2778841,Children's home,"North East, Yorkshire and the Humber",Yorkshire and The Humber,Kingston upon Hull,Kingston upon Hull East,Local Authority,6,,22/03/2024,,,,Joiner,,,Active,,,REDACTED,"In current dataset as active, not in previous year"
2778885,Children's home,North West,North West,Westmorland and Furness,Penrith and The Border,Private,6,,25/01/2024,,,,Joiner,,,Active,,,REDACTED,"In current dataset as active, not in previous year"
2778925,Children's home,North West,North West,Westmorland and Furness,Penrith and The Border,Private,6,,25/01/2024,,,,Joiner,,,Active,,,REDACTED,"In current dataset as active, not in previous year"
2779761,Children's home,North West,North West,Manchester,"Manchester, Withington",Private,3,,12/04/2024,,,,Joiner,,,Active,,,REDACTED,"In current dataset as active, not in previous year"
2779972,Children's home,South West,South West,Somerset,Bridgwater and West Somerset,Private,3,,30/04/2024,,,,Joiner,,,Active,,,REDACTED,"In current dataset as active, not in previous year"
2780150,Children's home,East of England,East of England,Suffolk,West Suffolk,Voluntary,1,,08/03/2024,,,,Joiner,,,Active,,,REDACTED,"In current dataset as active, not in previous year"
2780236,Children's home,North West,North West,Lancashire,Rossendale and Darwen,Private,1,,26/04/2024,,,,Joiner,,,Active,,,REDACTED,"In current dataset as active, not in previous year"
2780237,Children's home,East of England,East of England,Central Bedfordshire,Mid Bedfordshire,Private,3,,12/04/2024,,,,Joiner,,,Active,,,REDACTED,"In current dataset as active, not in previous year"
2780415,Children's home,East of England,East of England,Suffolk,Waveney,Voluntary,1,,07/03/2024,,,,Joiner,,,Active,,,REDACTED,"In current dataset as active, not in previous year"
2780439,Children's home,East Midlands,East Midlands,Lincolnshire,South Holland and The Deepings,Private,4,,10/04/2024,,,,Joiner,,,Active,,,REDACTED,"In current dataset as active, not in previous year"
2780471,Residential Special School,East of England,East of England,Essex,Witham,,10,,19/02/2024,,,,Joiner,,,Active,,Unknown,Southview School,"In current dataset as active, not in previous year"
2781668,Children's home,East Midlands,East Midlands,Lincolnshire,Louth and Horncastle,Local Authority,6,,06/03/2024,,,,Joiner,,,Active,,,REDACTED,"In current dataset as active, not in previous year"
2781986,Children's home,North West,North West,Wirral,Birkenhead,Private,4,,26/04/2024,,,,Joiner,,,Active,,,REDACTED,"In current dataset as active, not in previous year"
2783212,Children's home,"North East, Yorkshire and the Humber",North East,Redcar and Cleveland,Redcar,Private,1,,24/03/2024,,,,Joiner,,,Active,,,REDACTED,"In current dataset as active, not in previous year"
2784030,Children's home,South East,South East,West Berkshire,Wokingham,Private,2,,25/04/2024,,,,Joiner,,,Active,,,REDACTED,"In current dataset as active, not in previous year"
2784407,Children's home,South West,South West,Gloucestershire,Gloucester,Private,1,,18/04/2024,,,,Joiner,,,Active,,,REDACTED,"In current dataset as active, not in previous year"
2784664,Children's home,South East,South East,Surrey,Esher and Walton,Local Authority,2,,11/04/2024,,,,Joiner,,,Active,,,REDACTED,"In current dataset as active, not in previous year"
2784684,Children's home,South East,South East,Oxfordshire,Oxford West and Abingdon,Voluntary,6,,28/03/2024,,,,Joiner,,,Active,,,REDACTED,"In current dataset as active, not in previous year"
2784702,Children's home,South East,South East,Surrey,Esher and Walton,Local Authority,4,,18/04/2024,,,,Joiner,,,Active,,,REDACTED,"In current dataset as active, not in previous year"
2785307,Children's home,South West,South West,Somerset,Bridgwater and West Somerset,Private,2,,22/04/2024,,,,Joiner,,,Active,,,REDACTED,"In current dataset as active, not in previous year"
2785671,Children's home,"North East, Yorkshire and the Humber",Yorkshire and The Humber,York,York Central,Local Authority,6,,19/04/2024,,,,Joiner,,,Active,,,REDACTED,"In current dataset as active, not in previous year"
2786196,Children's home,West Midlands,West Midlands,Staffordshire,South Staffordshire,Private,4,,12/04/2024,,,,Joiner,,,Active,,,REDACTED,"In current dataset as active, not in previous year"
2786401,Children's home,South East,South East,Oxfordshire,Banbury,Voluntary,5,,28/03/2024,,,,Joiner,,,Active,,,REDACTED,"In current dataset as active, not in previous year"
2786407,Children's home,South East,South East,Oxfordshire,Oxford East,Voluntary,6,,28/03/2024,,,,Joiner,,,Active,,,REDACTED,"In current dataset as active, not in previous year"
2787006,Children's home,East of England,East of England,Essex,Saffron Walden,Private,5,,10/04/2024,,,,Joiner,,,Active,,,REDACTED,"In current dataset as active, not in previous year"
2787795,Children's home,North West,North West,Lancashire,Rossendale and Darwen,Private,1,,26/04/2024,,,,Joiner,,,Active,,,REDACTED,"In current dataset as active, not in previous year"
SC003792,Children's home,South West,South West,Devon,Totnes,Voluntary,10,,19/08/1999,31/10/2023,31/10/2023,,,Leaver,Active,Resigned,,,REDACTED,"In previous year, not in current dataset (closed date in Year)"
SC006329,Boarding School,East Midlands,East Midlands,Leicester,Leicester East,Voluntary,84,,13/02/2002,,,,,Leaver,Active,Active,Ofsted,ISI,Darul Uloom Leicester,"In previous year, not current dataset (moved to ISI)"
SC007916,Boarding School,"North East, Yorkshire and the Humber",Yorkshire and The Humber,North Yorkshire,Thirsk and Malton,Private,317,,13/02/2002,01/01/2024,01/01/2024,,,Leaver,Active,Resigned,Ofsted,,Ampleforth College,"In previous year, not in current dataset (closed date in Year)"
SC007923,Residential Special School,"North East, Yorkshire and the Humber",Yorkshire and The Humber,North Yorkshire,Scarborough and Whitby,Local Authority,7,,13/02/2002,,28/02/2023,,,Leaver,Active,Closed,,,Brompton Hall School,"In previous year, not in current dataset (closed date before April of current year)"
SC007943,Residential Special School,"North East, Yorkshire and the Humber",Yorkshire and The Humber,North Yorkshire,Thirsk and Malton,Local Authority,29,,13/02/2002,,13/02/2002,,,Leaver,Active,Closed,Unknown,Unknown,Welburn Hall School,"In previous year, not in current dataset (closed date before April of current year)"
SC008484,Children's home,North West,North West,Stockport,Cheadle,Private,6,,18/01/1994,01/08/2023,01/08/2023,,,Leaver,Active,Resigned,,,REDACTED,"In previous year, not in current dataset (closed date in Year)"
SC009656,Residential Special School,North West,North West,Lancashire,Rossendale and Darwen,Private,12,,09/11/1993,28/07/2023,28/07/2023,,,Leaver,Active,Resigned,Ofsted,,Rossendale School,"In previous year, not in current dataset (closed date in Year)"
SC010415,Children's home,London,London,Barnet,Finchley and Golders Green,Voluntary,9,,24/04/1994,17/11/2023,17/11/2023,,,Leaver,Active,Resigned,,,REDACTED,"In previous year, not in current dataset (closed date in Year)"
SC012001,Children's home,South East,South East,Hampshire,North West Hampshire,Private,6,,16/12/1992,20/07/2023,20/07/2023,,,Leaver,Active,Resigned,,,REDACTED,"In previous year, not in current dataset (closed date in Year)"
SC013143,Children's home,South East,South East,Oxfordshire,Oxford West and Abingdon,Voluntary,6,,01/01/2001,31/03/2024,31/03/2024,,,Leaver,Active,Resigned,,,REDACTED,"In previous year, not in current dataset (closed date in Year)"
SC013144,Children's home,South East,South East,Oxfordshire,Banbury,Voluntary,6,,01/01/2001,31/03/2024,31/03/2024,,,Leaver,Active,Resigned,,,REDACTED,"In previous year, not in current dataset (closed date in Year)"
SC013743,Children's home,South East,South East,Surrey,East Surrey,Voluntary,16,,26/04/1973,19/09/2023,19/09/2023,,,Leaver,Active,Resigned,,,REDACTED,"In previous year, not in current dataset (closed date in Year)"
SC014681,Boarding School,South East,South East,West Sussex,Horsham,Voluntary,20,,14/02/2002,,,,,Leaver,Active,Active,Ofsted,ISI,Rikkyo School in England,"In previous year, not current dataset (moved to ISI)"
SC018021,Residential Special School,East of England,East of England,Essex,Epping Forest,Local Authority,56,,15/02/2002,31/05/2022,31/05/2022,,,Leaver,Active,Resigned,,,Wells Park School,"In previous year, not in current dataset (closed date before April of current year)"
SC019505,Residential Special School,East of England,East of England,Hertfordshire,St Albans,Voluntary,11,,01/08/1984,01/09/2023,01/09/2023,,,Leaver,Active,Resigned,Ofsted,,Radlett Lodge Schools,"In previous year, not in current dataset (closed date in Year)"
SC020545,Children's home,West Midlands,West Midlands,Telford and Wrekin,The Wrekin,Private,5,,16/12/1998,30/11/2023,30/11/2023,,,Leaver,Active,Resigned,,,REDACTED,"In previous year, not in current dataset (closed date in Year)"
SC024579,Boarding School,East of England,East of England,Suffolk,Suffolk Coastal,Private,48,,18/02/2002,,,,,Leaver,Active,Active,Ofsted,ISI,Felixstowe International College,"In previous year, not current dataset (moved to ISI)"
SC025657,Children's home,London,London,Lewisham,Lewisham East,Private,11,,30/07/2001,09/10/2023,09/10/2023,,,Leaver,Active,Resigned,,,REDACTED,"In previous year, not in current dataset (closed date in Year)"
SC027663,Boarding School,East of England,East of England,Norfolk,South West Norfolk,Private,17,,19/02/2002,31/01/2023,31/01/2023,,,Leaver,Resigned,Resigned,,,Riddlesworth Hall School,"In previous year, not in current dataset (closed date before April of current year)"
SC029504,Children's home,East Midlands,East Midlands,Nottingham,Nottingham East,Private,4,,13/02/2003,20/07/2023,20/07/2023,,,Leaver,Active,Resigned,,,REDACTED,"In previous year, not in current dataset (closed date in Year)"
SC032069,Children's home,East Midlands,East Midlands,Leicestershire,Charnwood,Voluntary,8,,01/08/2002,01/08/2023,01/08/2023,,,Leaver,Active,Resigned,,,REDACTED,"In previous year, not in current dataset (closed date in Year)"
SC032502,Children's home,London,London,Hillingdon,Hayes and Harlington,Local Authority,13,,17/11/2003,17/11/2023,17/11/2023,,,Leaver,Active,Resigned,,,REDACTED,"In previous year, not in current dataset (closed date in Year)"
SC033014,Residential Special School,South West,South West,Somerset,Somerton and Frome,Private,6,,10/07/2002,09/11/2023,09/11/2023,,,Leaver,Active,Resigned,,,North Hill House,"In previous year, not in current dataset (closed date in Year)"
SC033016,Residential Special School,South West,South West,Somerset,Somerton and Frome,Private,5,,10/07/2002,28/11/2023,28/11/2023,,,Leaver,Active,Resigned,Ofsted,,Newbury Manor School,"In previous year, not in current dataset (closed date in Year)"
SC033492,Children's home,"North East, Yorkshire and the Humber",Yorkshire and The Humber,Bradford,Shipley,Local Authority,7,,26/06/2003,01/04/2023,01/04/2023,,,Leaver,Active,Resigned,,,REDACTED,"In previous year, not in current dataset (closed date in Year)"
SC033502,Children's home,"North East, Yorkshire and the Humber",Yorkshire and The Humber,Bradford,Bradford East,Local Authority,6,,26/06/2003,01/04/2023,01/04/2023,,,Leaver,Active,Resigned,,,REDACTED,"In previous year, not in current dataset (closed date in Year)"
SC033628,Children's home,"North East, Yorkshire and the Humber",Yorkshire and The Humber,Bradford,Keighley,Local Authority,6,,26/06/2003,01/04/2023,01/04/2023,,,Leaver,Active,Resigned,,,REDACTED,"In previous year, not in current dataset (closed date in Year)"
SC034083,Children's home,North West,North West,Cumberland,Copeland,Local Authority,6,,22/07/2003,31/03/2023,31/03/2023,,,Leaver,Active,Resigned,,,REDACTED,"In previous year, not in current dataset (closed date before April of current year)"
SC034158,Children's home,North West,North West,Westmorland and Furness,Westmorland and Lonsdale,Local Authority,4,,28/07/2003,31/03/2023,31/03/2023,,,Leaver,Active,Resigned,,,REDACTED,"In previous year, not in current dataset (closed date before April of current year)"
SC036638,Independent Fostering Agency,South East,South East,Kent,Maidstone and The Weald,Private,,,26/11/2003,02/10/2023,02/10/2023,,,Leaver,Active,Resigned,,,Futures For Children,"In previous year, not in current dataset (closed date in Year)"
SC036888,Independent Fostering Agency,East of England,East of England,Norfolk,South West Norfolk,Private,,,21/11/2003,01/10/2023,01/10/2023,,,Leaver,Active,Resigned,,,Safehouses,"In previous year, not in current dataset (closed date in Year)"
SC036963,Independent Fostering Agency,West Midlands,West Midlands,Worcestershire,West Worcestershire,Voluntary,,,27/04/2004,02/10/2023,02/10/2023,,,Leaver,Active,Resigned,,,The Foster Care Co-operative Ltd,"In previous year, not in current dataset (closed date in Year)"
SC038284,Residential Special School,East of England,East of England,Norfolk,Mid Norfolk,Local Authority,29,,24/09/2002,31/08/2023,31/08/2023,,,Leaver,Active,Resigned,Unknown,,Fred Nicholson School,"In previous year, not in current dataset (closed date in Year)"
SC040491,Children's home,South West,South West,Cornwall,South East Cornwall,Local Authority,5,,15/07/2003,18/11/2023,18/11/2023,,,Leaver,Active,Resigned,,,REDACTED,"In previous year, not in current dataset (closed date in Year)"
SC041298,Boarding School,"North East, Yorkshire and the Humber",Yorkshire and The Humber,Kirklees,Dewsbury,Voluntary,205,,17/12/2002,,07/01/2023,,,Leaver,Active,Closed,,,Institute of Islamic Education,"In previous year, not in current dataset (closed date before April of current year)"
SC042320,Boarding School,South West,South West,Dorset,North Dorset,Academy,26,,27/01/2003,31/08/2023,31/08/2023,,,Leaver,Active,Resigned,Unknown,,Shaftesbury School,"In previous year, not in current dataset (closed date in Year)"
SC045651,Independent Fostering Agency,South East,South East,Brighton and Hove,Hove,Voluntary,,,02/02/2004,31/01/2024,31/01/2024,,,Leaver,Active,Resigned,,,Barnardo's Brighton & Hove Link Plus,"In previous year, not in current dataset (closed date in Year)"
SC050149,Boarding School,South East,South East,Brighton and Hove,"Brighton, Pavilion",Private,688,,17/07/2003,31/08/2022,31/08/2022,,,Leaver,Resigned,Resigned,,,Bellerbys College,"In previous year, not in current dataset (closed date before April of current year)"
SC050366,Residential Special School,South East,South East,East Sussex,Lewes,Voluntary,9,,22/07/2003,05/10/2023,05/10/2023,,,Leaver,Active,Resigned,Ofsted,,St. John's School (Seaford),"In previous year, not in current dataset (closed date in Year)"
SC050866,Boarding School,"North East, Yorkshire and the Humber",Yorkshire and The Humber,Bradford,Bradford South,Private,170,,21/07/2003,15/04/2021,15/04/2021,,,Leaver,Resigned,Resigned,,,Darul Uloom Dawatul Imaan,"In previous year, not in current dataset (closed date before April of current year)"
SC051739,Children's home,East Midlands,East Midlands,Nottinghamshire,Broxtowe,Private,3,,24/11/2003,02/08/2023,02/08/2023,,,Leaver,Active,Resigned,,,REDACTED,"In previous year, not in current dataset (closed date in Year)"
SC051814,Voluntary Adoption Agency,London,London,Southwark,Camberwell and Peckham,Voluntary,,,11/08/2003,01/04/2023,01/04/2023,,,Leaver,Active,Resigned,,,Action for Children - Adoption and Permanency Service London,"In previous year, not in current dataset (closed date in Year)"
SC051835,Voluntary Adoption Agency,"North East, Yorkshire and the Humber",North East,Durham,North Durham,Voluntary,,,11/08/2003,30/09/2023,30/09/2023,,,Leaver,Active,Resigned,,,Barnardo's Adoption North England,"In previous year, not in current dataset (closed date in Year)"
SC058077,Residential Special School,North West,North West,Lancashire,Morecambe and Lunesdale,Local Authority,17,,20/11/2003,07/09/2023,07/09/2023,,,Leaver,Active,Resigned,Unknown,,Bleasdale School,"In previous year, not in current dataset (closed date in Year)"
SC059635,Children's home,"North East, Yorkshire and the Humber",Yorkshire and The Humber,Bradford,Bradford West,Local Authority,6,,11/03/2004,01/04/2023,01/04/2023,,,Leaver,Active,Resigned,,,REDACTED,"In previous year, not in current dataset (closed date in Year)"
SC060590,Children's home,North West,North West,Cheshire East,Congleton,Private,3,,20/09/2004,08/12/2023,08/12/2023,,,Leaver,Active,Resigned,,,REDACTED,"In previous year, not in current dataset (closed date in Year)"
SC061005,Children's home,"North East, Yorkshire and the Humber",Yorkshire and The Humber,Bradford,Shipley,Local Authority,6,,24/06/2004,01/04/2023,01/04/2023,,,Leaver,Active,Resigned,,,REDACTED,"In previous year, not in current dataset (closed date in Year)"
SC061810,Children's home,North West,North West,Westmorland and Furness,Barrow and Furness,Local Authority,6,,16/12/2004,31/03/2023,31/03/2023,,,Leaver,Active,Resigned,,,REDACTED,"In previous year, not in current dataset (closed date before April of current year)"
SC063550,Children's home,North West,North West,St Helens,St Helens North,Local Authority,4,,22/03/2005,06/11/2023,06/11/2023,,,Leaver,Active,Resigned,,,REDACTED,"In previous year, not in current dataset (closed date in Year)"
SC064117,Children's home,West Midlands,West Midlands,Coventry,Coventry North East,Private,6,,25/08/2005,21/03/2023,21/03/2023,,,Leaver,Active,Resigned,,,REDACTED,"In previous year, not in current dataset (closed date before April of current year)"
SC065535,Children's home,London,London,Lambeth,Dulwich and West Norwood,Private,6,,30/09/2005,18/07/2023,18/07/2023,,,Leaver,Active,Resigned,,,REDACTED,"In previous year, not in current dataset (closed date in Year)"
SC065552,Children's home,"North East, Yorkshire and the Humber",Yorkshire and The Humber,Bradford,Bradford South,Local Authority,6,,02/11/2005,01/04/2023,01/04/2023,,,Leaver,Active,Resigned,,,REDACTED,"In previous year, not in current dataset (closed date in Year)"
SC068456,Independent Fostering Agency,"North East, Yorkshire and the Humber",Yorkshire and The Humber,Leeds,Leeds West,Voluntary,,,28/11/2006,31/01/2024,31/01/2024,,,Leaver,Active,Resigned,,,Barnardo's Fostering Service,"In previous year, not in current dataset (closed date in Year)"
SC069128,Children's home,South East,South East,Oxfordshire,Oxford East,Voluntary,7,,19/02/2007,31/03/2024,31/03/2024,,,Leaver,Active,Resigned,,,REDACTED,"In previous year, not in current dataset (closed date in Year)"
SC356868,Children's home,"North East, Yorkshire and the Humber",Yorkshire and The Humber,Sheffield,"Sheffield, Heeley",Local Authority,5,,15/08/2007,17/11/2023,17/11/2023,,,Leaver,Active,Resigned,,,REDACTED,"In previous year, not in current dataset (closed date in Year)"
SC363630,Children's home,"North East, Yorkshire and the Humber",Yorkshire and The Humber,Barnsley,Barnsley East,Private,3,,25/01/2008,30/11/2023,30/11/2023,,,Leaver,Active,Resigned,,,REDACTED,"In previous year, not in current dataset (closed date in Year)"
SC372613,Children's home,West Midlands,West Midlands,Shropshire,Shrewsbury and Atcham,Private,3,,02/07/2008,19/05/2023,19/05/2023,,,Leaver,Active,Resigned,,,REDACTED,"In previous year, not in current dataset (closed date in Year)"
SC372621,Children's home,West Midlands,West Midlands,Telford and Wrekin,The Wrekin,Private,3,,14/07/2008,20/12/2023,20/12/2023,,,Leaver,Active,Resigned,,,REDACTED,"In previous year, not in current dataset (closed date in Year)"
SC372630,Children's home,West Midlands,West Midlands,Telford and Wrekin,Telford,Private,4,,02/07/2008,19/05/2023,19/05/2023,,,Leaver,Active,Resigned,,,REDACTED,"In previous year, not in current dataset (closed date in Year)"
SC377848,Further Education College with Residential Accommodation,South East,South East,Kent,Tonbridge and Malling,Private,145,,31/03/2007,22/01/2024,22/01/2024,,,Leaver,Active,Resigned,Unknown,,Hadlow College,"In previous year, not in current dataset (closed date in Year)"
SC379123,Children's home,West Midlands,West Midlands,Telford and Wrekin,The Wrekin,Private,5,,30/07/2008,16/02/2024,16/02/2024,,,Leaver,Active,Resigned,,,REDACTED,"In previous year, not in current dataset (closed date in Year)"
SC380956,Children's home,"North East, Yorkshire and the Humber",Yorkshire and The Humber,North East Lincolnshire,Great Grimsby,Local Authority,3,,29/05/2009,09/02/2023,09/02/2023,,,Leaver,Active,Resigned,,,REDACTED,"In previous year, not in current dataset (closed date before April of current year)"
SC382595,Children's home,"North East, Yorkshire and the Humber",North East,Newcastle upon Tyne,Newcastle upon Tyne Central,Private,5,,23/10/2008,30/11/2023,30/11/2023,,,Leaver,Active,Resigned,,,REDACTED,"In previous year, not in current dataset (closed date in Year)"
SC390190,Children's home,East Midlands,East Midlands,Nottinghamshire,Gedling,Private,3,,30/01/2009,02/08/2023,02/08/2023,,,Leaver,Active,Resigned,,,REDACTED,"In previous year, not in current dataset (closed date in Year)"
SC391594,Children's home,"North East, Yorkshire and the Humber",Yorkshire and The Humber,Sheffield,Sheffield Central,Private,3,,05/06/2009,20/07/2023,20/07/2023,,,Leaver,Active,Resigned,,,REDACTED,"In previous year, not in current dataset (closed date in Year)"
SC391860,Residential special school (registered as a children's home),West Midlands,West Midlands,Staffordshire,Lichfield,Private,12,,07/07/2009,31/07/2023,31/07/2023,,,Leaver,Active,Resigned,Ofsted,,REDACTED,"In previous year, not in current dataset (closed date in Year)"
SC393940,Children's home,East of England,East of England,Essex,Castle Point,Private,4,,29/05/2009,,05/06/2023,,,Leaver,Active,Closed,,,REDACTED,"In previous year, not in current dataset (closed date in Year)"
SC397092,Children's home,West Midlands,West Midlands,Telford and Wrekin,The Wrekin,Private,3,,01/07/2009,19/05/2023,19/05/2023,,,Leaver,Active,Resigned,,,REDACTED,"In previous year, not in current dataset (closed date in Year)"
SC397987,Children's home,North West,North West,Cheshire West and Chester,Tatton,Private,2,,20/10/2009,26/04/2023,26/04/2023,,,Leaver,Active,Resigned,,,REDACTED,"In previous year, not in current dataset (closed date in Year)"
SC398387,Independent Fostering Agency,West Midlands,West Midlands,Staffordshire,Stafford,Private,,,13/07/2009,15/05/2023,15/05/2023,,,Leaver,Active,Resigned,Ofsted,,Sunflower Fostering,"In previous year, not in current dataset (closed date in Year)"
SC398391,Children's home,West Midlands,West Midlands,Shropshire,The Wrekin,Private,3,,21/07/2009,21/07/2023,21/07/2023,,,Leaver,Active,Resigned,Ofsted,,REDACTED,"In previous year, not in current dataset (closed date in Year)"
SC398393,Children's home,West Midlands,West Midlands,Shropshire,Ludlow,Private,3,,21/07/2009,20/07/2023,20/07/2023,,,Leaver,Active,Resigned,Ofsted,,REDACTED,"In previous year, not in current dataset (closed date in Year)"
SC398481,Children's home,West Midlands,West Midlands,Staffordshire,Stafford,Private,5,,21/07/2009,18/07/2023,18/07/2023,,,Leaver,Active,Resigned,Ofsted,,REDACTED,"In previous year, not in current dataset (closed date in Year)"
SC402406,Children's home,West Midlands,West Midlands,Herefordshire,North Herefordshire,Private,3,,01/12/2009,29/11/2023,29/11/2023,,,Leaver,Active,Resigned,,,REDACTED,"In previous year, not in current dataset (closed date in Year)"
SC402426,Children's home,West Midlands,West Midlands,Herefordshire,Hereford and South Herefordshire,Private,5,,01/12/2009,14/02/2024,14/02/2024,,,Leaver,Active,Resigned,,,REDACTED,"In previous year, not in current dataset (closed date in Year)"
SC403789,Children's home,West Midlands,West Midlands,Worcestershire,Wyre Forest,Private,4,,31/08/2010,08/11/2023,08/11/2023,,,Leaver,Active,Resigned,,,REDACTED,"In previous year, not in current dataset (closed date in Year)"
SC404994,Children's home,West Midlands,West Midlands,Sandwell,West Bromwich East,Voluntary,4,,06/08/2010,30/04/2023,30/04/2023,,,Leaver,Active,Resigned,,,REDACTED,"In previous year, not in current dataset (closed date in Year)"
SC407169,Children's home,North West,North West,Stockport,Cheadle,Private,4,,31/03/2010,15/06/2023,15/06/2023,,,Leaver,Active,Resigned,,,REDACTED,"In previous year, not in current dataset (closed date in Year)"
SC411142,Children's home,West Midlands,West Midlands,Shropshire,North Shropshire,Private,1,,03/06/2010,19/05/2023,19/05/2023,,,Leaver,Active,Resigned,,,REDACTED,"In previous year, not in current dataset (closed date in Year)"
SC423753,Residential special school (registered as a children's home),"North East, Yorkshire and the Humber",Yorkshire and The Humber,Sheffield,Sheffield Central,Voluntary,5,,03/11/2011,27/10/2023,27/10/2023,,,Leaver,Active,Resigned,Ofsted,,REDACTED,"In previous year, not in current dataset (closed date in Year)"
SC424851,Children's home,West Midlands,West Midlands,Birmingham,"Birmingham, Ladywood",Private,6,,04/04/2011,14/02/2024,14/02/2024,,,Leaver,Active,Resigned,,,REDACTED,"In previous year, not in current dataset (closed date in Year)"
SC425786,Children's home,South East,South East,Kent,Canterbury,Voluntary,10,,30/03/2011,01/05/2023,01/05/2023,,,Leaver,Active,Resigned,,,REDACTED,"In previous year, not in current dataset (closed date in Year)"
SC431696,Children's home,"North East, Yorkshire and the Humber",Yorkshire and The Humber,Bradford,Bradford South,Local Authority,10,,10/06/2011,01/04/2023,01/04/2023,,,Leaver,Active,Resigned,,,REDACTED,"In previous year, not in current dataset (closed date in Year)"
SC432843,Children's home,"North East, Yorkshire and the Humber",North East,Newcastle upon Tyne,Newcastle upon Tyne North,Voluntary,7,,17/02/2012,25/03/2024,25/03/2024,,,Leaver,Active,Resigned,Unknown,,REDACTED,"In previous year, not in current dataset (closed date in Year)"
SC436818,Children's home,East Midlands,East Midlands,Nottingham,Nottingham South,Private,3,,20/02/2012,22/08/2023,22/08/2023,,,Leaver,Active,Resigned,,,REDACTED,"In previous year, not in current dataset (closed date in Year)"
SC437128,Children's home,West Midlands,West Midlands,Staffordshire,Stone,Private,3,,17/10/2011,28/06/2023,28/06/2023,,,Leaver,Active,Resigned,Ofsted,,REDACTED,"In previous year, not in current dataset (closed date in Year)"
SC438764,Children's home,East of England,East of England,Southend on Sea,Rochford and Southend East,Private,6,,02/12/2011,09/05/2023,09/05/2023,,,Leaver,Active,Resigned,,,REDACTED,"In previous year, not in current dataset (closed date in Year)"
SC441080,Children's home,West Midlands,West Midlands,Shropshire,North Shropshire,Private,3,,13/01/2012,19/05/2023,19/05/2023,,,Leaver,Active,Resigned,,,REDACTED,"In previous year, not in current dataset (closed date in Year)"
SC446003,Children's home,North West,North West,Cumberland,Penrith and The Border,Voluntary,4,,05/10/2012,24/05/2023,24/05/2023,,,Leaver,Active,Resigned,,,REDACTED,"In previous year, not in current dataset (closed date in Year)"
SC446588,Residential Family Centre,London,London,Waltham Forest,Leyton and Wanstead,Private,5,,25/06/2012,15/07/2023,15/07/2023,,,Leaver,Active,Resigned,,,Care 2 Share Residential Family Assessment Centre,"In previous year, not in current dataset (closed date in Year)"
SC449307,Children's home,South East,South East,Hampshire,New Forest West,Private,7,,27/12/2012,31/12/2023,31/12/2023,,,Leaver,Active,Resigned,,,REDACTED,"In previous year, not in current dataset (closed date in Year)"
SC454035,Children's home,North West,North West,Knowsley,Knowsley,Private,5,,24/12/2012,21/01/2024,21/01/2024,,,Leaver,Active,Resigned,,,REDACTED,"In previous year, not in current dataset (closed date in Year)"
SC457132,Children's home,South West,South West,Devon,Newton Abbot,Private,1,,25/02/2013,30/09/2023,30/09/2023,,,Leaver,Active,Resigned,,,REDACTED,"In previous year, not in current dataset (closed date in Year)"
SC459667,Independent Fostering Agency,London,London,Redbridge,Leyton and Wanstead,Private,,,16/08/2013,06/07/2023,06/07/2023,,,Leaver,Active,Resigned,,,Select FosterCare Services,"In previous year, not in current dataset (closed date in Year)"
SC459857,Children's home,London,London,Ealing,Ealing Central and Acton,Voluntary,8,,26/04/2013,03/12/2023,03/12/2023,,,Leaver,Active,Resigned,,,REDACTED,"In previous year, not in current dataset (closed date in Year)"
SC469113,Boarding School,South East,South East,Kent,Folkestone and Hythe,Private,133,,19/07/2013,05/10/2023,05/10/2023,,,Leaver,Active,Resigned,Ofsted,,Earlscliffe (Sussex Summer Schools Ltd),"In previous year, not in current dataset (closed date in Year)"
SC472102,Children's home,South East,South East,Hampshire,New Forest East,Private,5,,05/03/2014,31/03/2023,31/03/2023,,,Leaver,Active,Resigned,Ofsted,,REDACTED,"In previous year, not in current dataset (closed date before April of current year)"
SC472977,Children's home,"North East, Yorkshire and the Humber",Yorkshire and The Humber,Bradford,Bradford East,Local Authority,1,,30/01/2014,01/04/2023,01/04/2023,,,Leaver,Active,Resigned,,,REDACTED,"In previous year, not in current dataset (closed date in Year)"
SC473682,Boarding School,South East,South East,Oxfordshire,Oxford East,Private,55,,31/03/2017,01/07/2021,01/07/2021,,,Leaver,Resigned,Resigned,,,Cherwell College,"In previous year, not in current dataset (closed date before April of current year)"
SC473713,Residential Special School,"North East, Yorkshire and the Humber",Yorkshire and The Humber,Barnsley,Wentworth and Dearne,Voluntary,8,,11/11/2013,01/09/2023,01/09/2023,,,Leaver,Active,Resigned,Ofsted,,The Robert Ogden School,"In previous year, not in current dataset (closed date in Year)"
SC474894,Children's home,"North East, Yorkshire and the Humber",North East,Northumberland,Hexham,Private,3,,13/05/2014,15/08/2023,15/08/2023,,,Leaver,Active,Resigned,,,REDACTED,"In previous year, not in current dataset (closed date in Year)"
SC476252,Children's home,West Midlands,West Midlands,Shropshire,North Shropshire,Private,3,,09/03/2014,29/03/2023,29/03/2023,,,Leaver,Active,Resigned,,,REDACTED,"In previous year, not in current dataset (closed date before April of current year)"
SC477205,Children's home,London,London,Kensington and Chelsea,Kensington,Local Authority,7,,21/05/2014,30/04/2023,30/04/2023,,,Leaver,Active,Resigned,,,REDACTED,"In previous year, not in current dataset (closed date in Year)"
SC481209,Children's home,West Midlands,West Midlands,Herefordshire,Hereford and South Herefordshire,Private,7,,12/11/2014,17/03/2023,17/03/2023,,,Leaver,Active,Resigned,,,REDACTED,"In previous year, not in current dataset (closed date before April of current year)"
SC482295,Children's home,South East,South East,Oxfordshire,Witney,Private,7,,22/09/2014,28/06/2023,28/06/2023,,,Leaver,Active,Resigned,Ofsted,,REDACTED,"In previous year, not in current dataset (closed date in Year)"
SC482300,Residential special school (registered as a children's home),South East,South East,West Sussex,Horsham,Private,6,,22/09/2014,19/05/2023,19/05/2023,,,Leaver,Active,Resigned,Ofsted,,REDACTED,"In previous year, not in current dataset (closed date in Year)"
SC485109,Boarding School,London,London,Barnet,Hendon,Private,9,,12/11/2014,,,,,Leaver,Active,Active,Ofsted,ISI,North London Grammar School,"In previous year, not current dataset (moved to ISI)"
SC486606,Children's home,"North East, Yorkshire and the Humber",Yorkshire and The Humber,Bradford,Bradford East,Local Authority,1,,25/01/2015,01/04/2023,01/04/2023,,,Leaver,Active,Resigned,,,REDACTED,"In previous year, not in current dataset (closed date in Year)"
SC489610,Children's home,East Midlands,East Midlands,Derbyshire,South Derbyshire,Private,3,,29/05/2015,08/11/2023,08/11/2023,,,Leaver,Active,Resigned,,,REDACTED,"In previous year, not in current dataset (closed date in Year)"
2742177,Supported accommodation,West Midlands,West Midlands,Wolverhampton,Wolverhampton South West,Private,,,11/12/2023,,,,Joiner,,,Active,,,REDACTED,
2744891,Supported accommodation,London,London,Redbridge,Ilford South,Private,,,08/03/2024,,,,Joiner,,,Active,,,REDACTED,
2746877,Supported accommodation,South West,South West,South Gloucestershire,Filton and Bradley Stoke,Private,,,02/02/2024,,,,Joiner,,,Active,,,REDACTED,
2747453,Supported accommodation,South East,South East,Kent,Dartford,Private,,,12/01/2024,,,,Joiner,,,Active,,,REDACTED,
2748509,Supported accommodation,South East,South East,Buckinghamshire,Aylesbury,Private,,,28/09/2023,,,,Joiner,,,Active,,,REDACTED,
2748545,Supported accommodation,South East,South East,Milton Keynes,Milton Keynes South,Private,,,07/12/2023,,,,Joiner,,,Active,,,REDACTED,
2749202,Supported accommodation,North West,North West,Cheshire West and Chester,Ellesmere Port and Neston,Private,,,02/11/2023,,,,Joiner,,,Active,,,REDACTED,
2749669,Supported accommodation,West Midlands,West Midlands,Birmingham,"Birmingham, Erdington",Private,,,08/10/2023,,,,Joiner,,,Active,,,REDACTED,
2749903,Supported accommodation,West Midlands,West Midlands,Staffordshire,Stafford,Local Authority,,,23/10/2023,,,,Joiner,,,Active,,,REDACTED,
2750624,Supported accommodation,South East,South East,Hampshire,Aldershot,Private,,,26/09/2023,,,,Joiner,,,Active,,,REDACTED,
2750855,Supported accommodation,North West,North West,Cheshire East,Crewe and Nantwich,Private,,,02/11/2023,,,,Joiner,,,Active,,,REDACTED,
2752307,Supported accommodation,London,London,Harrow,Harrow West,Private,,,12/10/2023,,,,Joiner,,,Active,,,REDACTED,
2752708,Supported accommodation,North West,North West,Liverpool,"Liverpool, Wavertree",Private,,,31/01/2024,,,,Joiner,,,Active,,,REDACTED,
2753116,Supported accommodation,South East,South East,Kent,Maidstone and The Weald,Private,,,28/02/2024,,,,Joiner,,,Active,,,REDACTED,
2753804,Supported accommodation,South West,South West,Devon,Exeter,Private,,,23/10/2023,,,,Joiner,,,Active,,,REDACTED,
2755756,Supported accommodation,"North East, Yorkshire and the Humber",Yorkshire and The Humber,Leeds,Pudsey,Private,,,14/01/2024,,,,Joiner,,,Active,,,REDACTED,
2756113,Supported accommodation,East Midlands,East Midlands,North Northamptonshire,Corby,Private,,,19/10/2023,,,,Joiner,,,Active,,,REDACTED,
2756509,Supported accommodation,West Midlands,West Midlands,Sandwell,Warley,Private,,,23/11/2023,,,,Joiner,,,Active,,,REDACTED,
2757944,Supported accommodation,London,London,Greenwich,Eltham,Private,,,29/01/2024,,,,Joiner,,,Active,,,REDACTED,
2758853,Supported accommodation,East Midlands,East Midlands,Leicestershire,South Leicestershire,Private,,,21/12/2023,,,,Joiner,,,Active,,,REDACTED,
2758972,Supported accommodation,West Midlands,West Midlands,Birmingham,"Birmingham, Ladywood",Private,,,28/11/2023,,,,Joiner,,,Active,,,REDACTED,
2759504,Supported accommodation,East of England,East of England,Hertfordshire,Hertsmere,Private,,,04/12/2023,,,,Joiner,,,Active,,,REDACTED,
2759694,Supported accommodation,West Midlands,West Midlands,Sandwell,West Bromwich East,Voluntary,,,08/02/2024,,,,Joiner,,,Active,,,REDACTED,
2760672,Supported accommodation,East Midlands,East Midlands,Nottingham,Nottingham East,Private,,,17/01/2024,,,,Joiner,,,Active,,,REDACTED,
2761254,Supported accommodation,South East,South East,Oxfordshire,Oxford East,Private,,,09/02/2024,,,,Joiner,,,Active,,,REDACTED,
2761372,Supported accommodation,East of England,East of England,Central Bedfordshire,South West Bedfordshire,Private,,,27/03/2024,,,,Joiner,,,Active,,,REDACTED,
2763441,Supported accommodation,South West,South West,Bristol,Bristol East,Private,,,01/03/2024,,,,Joiner,,,Active,,,REDACTED,
2763515,Supported accommodation,North West,North West,St Helens,St Helens North,Private,,,25/03/2024,,,,Joiner,,,Active,,,REDACTED,
2764042,Supported accommodation,"North East, Yorkshire and the Humber",North East,North Tyneside,North Tyneside,Local Authority,,,31/01/2024,,,,Joiner,,,Active,,,REDACTED,
2764270,Supported accommodation,East Midlands,East Midlands,Derbyshire,South Derbyshire,Private,,,31/01/2024,,,,Joiner,,,Active,,,REDACTED,
2764627,Supported accommodation,London,London,Croydon,Croydon Central,Private,,,27/03/2024,,,,Joiner,,,Active,,,REDACTED,
2764680,Supported accommodation,South West,South West,Somerset,Taunton Deane,Private,,,31/01/2024,,,,Joiner,,,Active,,,REDACTED,
2766382,Supported accommodation,"North East, Yorkshire and the Humber",North East,Newcastle upon Tyne,Newcastle upon Tyne Central,Voluntary,,,24/03/2024,,,,Joiner,,,Active,,,REDACTED,
2776336,Supported accommodation,West Midlands,West Midlands,Wolverhampton,Wolverhampton North East,Private,,,27/02/2024,,,,Joiner,,,Active,,,REDACTED,
2740174,Supported accommodation,"North East, Yorkshire and the Humber",North East,Sunderland,Sunderland Central,Voluntary,,,19/07/2023,,,,Joiner,,,Active,,,REDACTED,
2747104,Supported accommodation,North West,North West,Cheshire East,Crewe and Nantwich,Private,,,06/10/2023,,,,Joiner,,,Active,,,REDACTED,
2747735,Supported accommodation,South West,South West,"Bournemouth, Christchurch & Poole",Bournemouth West,Private,,,03/11/2023,,,,Joiner,,,Active,,,REDACTED,
2748709,Supported accommodation,West Midlands,West Midlands,Coventry,Coventry North East,Private,,,08/10/2023,,,,Joiner,,,Active,,,REDACTED,
2749773,Supported accommodation,East of England,East of England,Peterborough,Peterborough,Private,,,16/11/2023,,,,Joiner,,,Active,,,REDACTED,
2752068,Supported accommodation,"North East, Yorkshire and the Humber",Yorkshire and The Humber,Leeds,Leeds Central,Private,,,08/10/2023,,,,Joiner,,,Active,,,REDACTED,
2752500,Supported accommodation,London,London,Hackney,Hackney North and Stoke Newington,Private,,,15/12/2023,,,,Joiner,,,Active,,,REDACTED,
2752583,Supported accommodation,South East,South East,Hampshire,Aldershot,Private,,,23/10/2023,,,,Joiner,,,Active,,,REDACTED,
2752856,Supported accommodation,West Midlands,West Midlands,Birmingham,"Birmingham, Erdington",Private,,,13/12/2023,,,,Joiner,,,Active,,,REDACTED,
2752897,Supported accommodation,"North East, Yorkshire and the Humber",Yorkshire and The Humber,Sheffield,Sheffield Central,Private,,,23/11/2023,,,,Joiner,,,Active,,,REDACTED,
2753002,Supported accommodation,East of England,East of England,Essex,Chelmsford,Private,,,17/01/2024,,,,Joiner,,,Active,,,REDACTED,
2753018,Supported accommodation,London,London,Merton,Mitcham and Morden,Private,,,04/12/2023,,,,Joiner,,,Active,,,REDACTED,
2754522,Supported accommodation,North West,North West,Bury,Bury North,Private,,,08/12/2023,,,,Joiner,,,Active,,,REDACTED,
2754686,Supported accommodation,East of England,East of England,Peterborough,Peterborough,Private,,,23/11/2023,,,,Joiner,,,Active,,,REDACTED,
2755431,Supported accommodation,London,London,Newham,East Ham,Private,,,16/01/2024,,,,Joiner,,,Active,,,REDACTED,
2758452,Supported accommodation,East Midlands,East Midlands,West Northamptonshire,South Northamptonshire,Private,,,21/02/2024,,,,Joiner,,,Active,,,REDACTED,
2758795,Supported accommodation,West Midlands,West Midlands,Coventry,Coventry South,Local Authority,,,31/01/2024,,,,Joiner,,,Active,,,REDACTED,
2759163,Supported accommodation,East Midlands,East Midlands,West Northamptonshire,Northampton North,Private,,,22/12/2023,,,,Joiner,,,Active,,,REDACTED,
2759326,Supported accommodation,"North East, Yorkshire and the Humber",Yorkshire and The Humber,Sheffield,Sheffield Central,Private,,,31/01/2024,,,,Joiner,,,Active,,,REDACTED,
2760552,Supported accommodation,"North East, Yorkshire and the Humber",Yorkshire and The Humber,Doncaster,Doncaster Central,Private,,,24/03/2024,,,,Joiner,,,Active,,,REDACTED,
2761504,Supported accommodation,London,London,Redbridge,Leyton and Wanstead,Private,,,06/03/2024,,,,Joiner,,,Active,,,REDACTED,
2762017,Supported accommodation,"North East, Yorkshire and the Humber",Yorkshire and The Humber,Sheffield,"Sheffield, Heeley",Private,,,27/02/2024,,,,Joiner,,,Active,,,REDACTED,
2762260,Supported accommodation,North West,North West,Lancashire,Preston,Voluntary,,,24/03/2024,,,,Joiner,,,Active,,,REDACTED,
2762266,Supported accommodation,London,London,Redbridge,Ilford North,Voluntary,,,28/02/2024,,,,Joiner,,,Active,,,REDACTED,
2762385,Supported accommodation,South West,South West,"Bournemouth, Christchurch & Poole",Bournemouth East,Private,,,31/01/2024,,,,Joiner,,,Active,,,REDACTED,
2763097,Supported accommodation,South East,South East,East Sussex,Hastings and Rye,Private,,,19/03/2024,,,,Joiner,,,Active,,,REDACTED,
2763383,Supported accommodation,North West,North West,Lancashire,Wyre and Preston North,Private,,,31/01/2024,,,,Joiner,,,Active,,,REDACTED,
2763498,Supported accommodation,North West,North West,Salford,Salford and Eccles,Private,,,27/02/2024,,,,Joiner,,,Active,,,REDACTED,
2764529,Supported accommodation,East Midlands,East Midlands,Leicestershire,South Leicestershire,Private,,,18/03/2024,,,,Joiner,,,Active,,,REDACTED,
2765619,Supported accommodation,North West,North West,Lancashire,Pendle,Private,,,18/01/2024,,,,Joiner,,,Active,,,REDACTED,
2770090,Supported accommodation,West Midlands,West Midlands,Worcestershire,Worcester,Private,,,08/02/2024,,,,Joiner,,,Active,,,REDACTED,
2739555,Supported accommodation,London,London,Croydon,Croydon Central,Private,,,16/08/2023,,,,Joiner,,,Active,,,REDACTED,
2742688,Supported accommodation,East Midlands,East Midlands,West Northamptonshire,Northampton South,Private,,,14/08/2023,,,,Joiner,,,Active,,,REDACTED,
2744238,Supported accommodation,South West,South West,Swindon,North Swindon,Private,,,18/01/2024,,,,Joiner,,,Active,,,REDACTED,
2744758,Supported accommodation,West Midlands,West Midlands,Birmingham,"Birmingham, Hodge Hill",Private,,,21/09/2023,,,,Joiner,,,Active,,,REDACTED,
2746038,Supported accommodation,South West,South West,Gloucestershire,Tewkesbury,Private,,,29/02/2024,,,,Joiner,,,Active,,,REDACTED,
2747036,Supported accommodation,West Midlands,West Midlands,Walsall,Walsall North,Private,,,31/10/2023,,,,Joiner,,,Active,,,REDACTED,
2748795,Supported accommodation,London,London,Barking and Dagenham,Dagenham and Rainham,Private,,,02/10/2023,,,,Joiner,,,Active,,,REDACTED,
2751643,Supported accommodation,North West,North West,Liverpool,"Liverpool, Wavertree",Private,,,02/11/2023,,,,Joiner,,,Active,,,REDACTED,
2752191,Supported accommodation,North West,North West,Lancashire,Wyre and Preston North,Private,,,05/12/2023,,,,Joiner,,,Active,,,REDACTED,
2753071,Supported accommodation,East Midlands,East Midlands,West Northamptonshire,South Northamptonshire,Private,,,24/11/2023,,,,Joiner,,,Active,,,REDACTED,
2753759,Supported accommodation,East Midlands,East Midlands,Leicester,Leicester West,Private,,,13/10/2023,,,,Joiner,,,Active,,,REDACTED,
2756166,Supported accommodation,East of England,East of England,Essex,Chelmsford,Private,,,13/12/2023,,,,Joiner,,,Active,,,REDACTED,
2757481,Supported accommodation,East Midlands,East Midlands,Nottingham,Nottingham South,Private,,,06/12/2023,,,,Joiner,,,Active,,,REDACTED,
2759327,Supported accommodation,South West,South West,South Gloucestershire,Filton and Bradley Stoke,Private,,,21/12/2023,,,,Joiner,,,Active,,,REDACTED,
2759551,Supported accommodation,London,London,Redbridge,Ilford South,Private,,,17/11/2023,,,,Joiner,,,Active,,,REDACTED,
2759932,Supported accommodation,London,London,Barnet,Hendon,Private,,,21/12/2023,,,,Joiner,,,Active,,,REDACTED,
2761178,Supported accommodation,East of England,East of England,Thurrock,Thurrock,Private,,,25/01/2024,,,,Joiner,,,Active,,,REDACTED,
2762355,Supported accommodation,London,London,Harrow,Harrow East,Private,,,17/11/2023,,,,Joiner,,,Active,,,REDACTED,
2762394,Supported accommodation,West Midlands,West Midlands,Birmingham,"Birmingham, Ladywood",Voluntary,,,31/01/2024,,,,Joiner,,,Active,,,REDACTED,
2762872,Supported accommodation,North West,North West,Trafford,Stretford and Urmston,Private,,,25/03/2024,,,,Joiner,,,Active,,,REDACTED,
2762899,Supported accommodation,"North East, Yorkshire and the Humber",North East,Northumberland,Blyth Valley,Private,,,19/02/2024,,,,Joiner,,,Active,,,REDACTED,
2766049,Supported accommodation,"North East, Yorkshire and the Humber",North East,Stockton-on-Tees,Stockton South,Voluntary,,,24/03/2024,,,,Joiner,,,Active,,,REDACTED,
2768824,Supported accommodation,East Midlands,East Midlands,Lincolnshire,Lincoln,Local Authority,,,27/02/2024,,,,Joiner,,,Active,,,REDACTED,
2739460,Supported accommodation,West Midlands,West Midlands,Wolverhampton,Wolverhampton North East,Private,,,25/07/2023,,,,Joiner,,,Active,,,REDACTED,
2740580,Supported accommodation,North West,North West,Warrington,Warrington North,Private,,,25/07/2023,,,,Joiner,,,Active,,,REDACTED,
2747031,Supported accommodation,North West,North West,Liverpool,"Liverpool, Riverside",Private,,,09/09/2023,,,,Joiner,,,Active,,,REDACTED,
2748460,Supported accommodation,London,London,Newham,West Ham,Private,,,27/09/2023,,,,Joiner,,,Active,,,REDACTED,
2748787,Supported accommodation,East of England,East of England,Peterborough,Peterborough,Private,,,31/10/2023,,,,Joiner,,,Active,,,REDACTED,
2749677,Supported accommodation,North West,North West,Blackpool,Blackpool North and Cleveleys,Private,,,13/12/2023,,,,Joiner,,,Active,,,REDACTED,
2750295,Supported accommodation,North West,North West,Blackpool,Blackpool North and Cleveleys,Private,,,13/12/2023,,,,Joiner,,,Active,,,REDACTED,
2750883,Supported accommodation,North West,North West,Wirral,Wallasey,Private,,,31/01/2024,,,,Joiner,,,Active,,,REDACTED,
2751084,Supported accommodation,East Midlands,East Midlands,West Northamptonshire,Northampton South,Private,,,31/10/2023,,,,Joiner,,,Active,,,REDACTED,
2751686,Supported accommodation,South East,South East,Surrey,Woking,Private,,,30/01/2024,,,,Joiner,,,Active,,,REDACTED,
2753118,Supported accommodation,London,London,Hounslow,Feltham and Heston,Private,,,21/12/2023,,,,Joiner,,,Active,,,REDACTED,
2754252,Supported accommodation,North West,North West,Stockport,Stockport,Private,,,08/12/2023,,,,Joiner,,,Active,,,REDACTED,
2754278,Supported accommodation,London,London,Harrow,Harrow West,Private,,,16/11/2023,,,,Joiner,,,Active,,,REDACTED,
2754639,Supported accommodation,South West,South West,Bristol,Bristol West,Private,,,31/01/2024,,,,Joiner,,,Active,,,REDACTED,
2756836,Supported accommodation,East of England,East of England,Norfolk,Norwich South,Voluntary,,,28/02/2024,,,,Joiner,,,Active,,,REDACTED,
2757510,Supported accommodation,East Midlands,East Midlands,West Northamptonshire,Northampton North,Private,,,27/02/2024,,,,Joiner,,,Active,,,REDACTED,
2757915,Supported accommodation,London,London,Croydon,Croydon North,Private,,,26/03/2024,,,,Joiner,,,Active,,,REDACTED,
2758151,Supported accommodation,East Midlands,East Midlands,Leicester,Leicester South,Private,,,15/12/2023,,,,Joiner,,,Active,,,REDACTED,
2758480,Supported accommodation,West Midlands,West Midlands,Warwickshire,Warwick and Leamington,Private,,,27/02/2024,,,,Joiner,,,Active,,,REDACTED,
2758790,Supported accommodation,North West,North West,Oldham,Ashton-under-Lyne,Private,,,08/02/2024,,,,Joiner,,,Active,,,REDACTED,
2759620,Supported accommodation,East Midlands,East Midlands,Leicester,Leicester South,Private,,,19/12/2023,,,,Joiner,,,Active,,,REDACTED,
2759944,Supported accommodation,London,London,Harrow,Harrow West,Private,,,18/01/2024,,,,Joiner,,,Active,,,REDACTED,
2760282,Supported accommodation,South East,South East,Oxfordshire,Oxford East,Private,,,14/12/2023,,,,Joiner,,,Active,,,REDACTED,
2761623,Supported accommodation,East Midlands,East Midlands,North Northamptonshire,Corby,Private,,,19/12/2023,,,,Joiner,,,Active,,,REDACTED,
2762576,Supported accommodation,North West,North West,Lancashire,Fylde,Private,,,24/03/2024,,,,Joiner,,,Active,,,REDACTED,
2763059,Supported accommodation,South East,South East,Hampshire,Fareham,Private,,,19/03/2024,,,,Joiner,,,Active,,,REDACTED,
2765378,Supported accommodation,West Midlands,West Midlands,Warwickshire,Warwick and Leamington,Local Authority,,,24/03/2024,,,,Joiner,,,Active,,,REDACTED,
2765789,Supported accommodation,North West,North West,Rochdale,Rochdale,Private,,,23/03/2024,,,,Joiner,,,Active,,,REDACTED,
2742517,Supported accommodation,London,London,Brent,Brent Central,Private,,,07/08/2023,,,,Joiner,,,Active,,,REDACTED,
2742964,Supported accommodation,London,London,Bexley,Bexleyheath and Crayford,Private,,,18/08/2023,,,,Joiner,,,Active,,,REDACTED,
2744212,Supported accommodation,London,London,Redbridge,Ilford South,Private,,,01/10/2023,,,,Joiner,,,Active,,,REDACTED,
2744665,Supported accommodation,London,London,Islington,Islington South and Finsbury,Private,,,05/09/2023,,,,Joiner,,,Active,,,REDACTED,
2744899,Supported accommodation,South West,South West,Gloucestershire,Gloucester,Private,,,30/08/2023,,,,Joiner,,,Active,,,REDACTED,
2744934,Supported accommodation,"North East, Yorkshire and the Humber",Yorkshire and The Humber,Sheffield,Sheffield South East,Private,,,04/09/2023,,,,Joiner,,,Active,,,REDACTED,
2746244,Supported accommodation,West Midlands,West Midlands,Sandwell,Warley,Private,,,23/10/2023,,,,Joiner,,,Active,,,REDACTED,
2747108,Supported accommodation,West Midlands,West Midlands,Warwickshire,Kenilworth and Southam,Private,,,31/01/2024,,,,Joiner,,,Active,,,REDACTED,
2748080,Supported accommodation,North West,North West,Lancashire,Burnley,Private,,,29/12/2023,,,,Joiner,,,Active,,,REDACTED,
2750174,Supported accommodation,East of England,East of England,Thurrock,Thurrock,Private,,,03/11/2023,,,,Joiner,,,Active,,,REDACTED,
2750487,Supported accommodation,London,London,Harrow,Harrow East,Private,,,09/11/2023,,,,Joiner,,,Active,,,REDACTED,
2750767,Supported accommodation,North West,North West,St Helens,St Helens South and Whiston,Private,,,07/09/2023,,,,Joiner,,,Active,,,REDACTED,
2751225,Supported accommodation,North West,North West,Blackpool,Blackpool North and Cleveleys,Private,,,13/12/2023,,,,Joiner,,,Active,,,REDACTED,
2751743,Supported accommodation,South West,South West,Gloucestershire,Gloucester,Private,,,18/10/2023,,,,Joiner,,,Active,,,REDACTED,
2751765,Supported accommodation,North West,North West,Bury,Bury North,Private,,,27/12/2023,,,,Joiner,,,Active,,,REDACTED,
2752067,Supported accommodation,South East,South East,Milton Keynes,Milton Keynes North,Private,,,21/03/2024,,,,Joiner,,,Active,,,REDACTED,
2752205,Supported accommodation,North West,North West,Wirral,Wallasey,Private,,,27/02/2024,,,,Joiner,,,Active,,,REDACTED,
2752375,Supported accommodation,"North East, Yorkshire and the Humber",Yorkshire and The Humber,Wakefield,Morley and Outwood,Private,,,23/11/2023,,,,Joiner,,,Active,,,REDACTED,
2752735,Supported accommodation,"North East, Yorkshire and the Humber",Yorkshire and The Humber,Leeds,Leeds Central,Voluntary,,,27/03/2024,,,,Joiner,,,Active,,,REDACTED,
2752824,Supported accommodation,North West,North West,Blackburn with Darwen,Rossendale and Darwen,Private,,,20/02/2024,,,,Joiner,,,Active,,,REDACTED,
2753805,Supported accommodation,"North East, Yorkshire and the Humber",Yorkshire and The Humber,Leeds,Morley and Outwood,Private,,,14/01/2024,,,,Joiner,,,Active,,,REDACTED,
2756119,Supported accommodation,West Midlands,West Midlands,Walsall,Walsall North,Private,,,25/03/2024,,,,Joiner,,,Active,,,REDACTED,
2757495,Supported accommodation,West Midlands,West Midlands,Birmingham,"Birmingham, Northfield",Private,,,27/02/2024,,,,Joiner,,,Active,,,REDACTED,
2757982,Supported accommodation,East of England,East of England,Essex,Epping Forest,Private,,,07/02/2024,,,,Joiner,,,Active,,,REDACTED,
2759398,Supported accommodation,West Midlands,West Midlands,Birmingham,"Birmingham, Ladywood",Private,,,24/03/2024,,,,Joiner,,,Active,,,REDACTED,
2760551,Supported accommodation,West Midlands,West Midlands,Birmingham,"Birmingham, Hall Green",Private,,,17/12/2023,,,,Joiner,,,Active,,,REDACTED,
2761170,Supported accommodation,South East,South East,Surrey,Reigate,Private,,,16/01/2024,,,,Joiner,,,Active,,,REDACTED,
2762328,Supported accommodation,South West,South West,Devon,East Devon,Private,,,19/03/2024,,,,Joiner,,,Active,,,REDACTED,
2762793,Supported accommodation,North West,North West,St Helens,St Helens North,Private,,,27/02/2024,,,,Joiner,,,Active,,,REDACTED,
2763222,Supported accommodation,South East,South East,Milton Keynes,Milton Keynes North,Private,,,31/01/2024,,,,Joiner,,,Active,,,REDACTED,
2763237,Supported accommodation,"North East, Yorkshire and the Humber",North East,South Tyneside,South Shields,Voluntary,,,24/03/2024,,,,Joiner,,,Active,,,REDACTED,
2763305,Supported accommodation,North West,North West,Lancashire,South Ribble,Voluntary,,,28/02/2024,,,,Joiner,,,Active,,,REDACTED,
2763477,Supported accommodation,North West,North West,Trafford,Stretford and Urmston,Private,,,22/02/2024,,,,Joiner,,,Active,,,REDACTED,
2764027,Supported accommodation,East Midlands,East Midlands,North Northamptonshire,Corby,Private,,,18/01/2024,,,,Joiner,,,Active,,,REDACTED,
2765016,Supported accommodation,East Midlands,East Midlands,Lincolnshire,Lincoln,Voluntary,,,28/02/2024,,,,Joiner,,,Active,,,REDACTED,
2765439,Supported accommodation,North West,North West,Trafford,Stretford and Urmston,Private,,,27/02/2024,,,,Joiner,,,Active,,,REDACTED,
2765666,Supported accommodation,East Midlands,East Midlands,West Northamptonshire,Northampton South,Private,,,23/03/2024,,,,Joiner,,,Active,,,REDACTED,
2765826,Supported accommodation,South East,South East,Brighton and Hove,Hove,Private,,,21/02/2024,,,,Joiner,,,Active,,,REDACTED,
2765840,Supported accommodation,"North East, Yorkshire and the Humber",Yorkshire and The Humber,Rotherham,Rotherham,Private,,,27/02/2024,,,,Joiner,,,Active,,,REDACTED,
2744052,Supported accommodation,West Midlands,West Midlands,Dudley,Dudley North,Private,,,17/08/2023,,,,Joiner,,,Active,,,REDACTED,
2744925,Supported accommodation,West Midlands,West Midlands,Sandwell,Warley,Private,,,18/08/2023,,,,Joiner,,,Active,,,REDACTED,
2745378,Supported accommodation,East Midlands,East Midlands,West Northamptonshire,Northampton North,Private,,,29/08/2023,,,,Joiner,,,Active,,,REDACTED,
2748708,Supported accommodation,South East,South East,Hampshire,Fareham,Private,,,23/10/2023,,,,Joiner,,,Active,,,REDACTED,
2748804,Supported accommodation,"North East, Yorkshire and the Humber",Yorkshire and The Humber,Bradford,Bradford South,Private,,,11/12/2023,,,,Joiner,,,Active,,,REDACTED,
2749331,Supported accommodation,East Midlands,East Midlands,Leicester,Leicester South,Private,,,25/09/2023,,,,Joiner,,,Active,,,REDACTED,
2749372,Supported accommodation,London,London,Redbridge,Ilford North,Private,,,19/12/2023,,,,Joiner,,,Active,,,REDACTED,
2750437,Supported accommodation,London,London,Harrow,Harrow East,Private,,,28/09/2023,,,,Joiner,,,Active,,,REDACTED,
2750578,Supported accommodation,East Midlands,East Midlands,North Northamptonshire,Corby,Private,,,06/10/2023,,,,Joiner,,,Active,,,REDACTED,
2752580,Supported accommodation,North West,North West,Stockport,Cheadle,Private,,,04/12/2023,,,,Joiner,,,Active,,,REDACTED,
2752581,Supported accommodation,North West,North West,Cheshire East,Macclesfield,Private,,,05/12/2023,,,,Joiner,,,Active,,,REDACTED,
2752850,Supported accommodation,South West,South West,South Gloucestershire,Filton and Bradley Stoke,Private,,,21/12/2023,,,,Joiner,,,Active,,,REDACTED,
2753000,Supported accommodation,North West,North West,Wigan,Bolton West,Private,,,23/11/2023,,,,Joiner,,,Active,,,REDACTED,
2753057,Supported accommodation,North West,North West,Salford,Salford and Eccles,Private,,,05/01/2024,,,,Joiner,,,Active,,,REDACTED,
2753104,Supported accommodation,East of England,East of England,Bedford,Bedford,Private,,,13/11/2023,,,,Joiner,,,Active,,,REDACTED,
2753114,Supported accommodation,North West,North West,Oldham,Ashton-under-Lyne,Private,,,29/12/2023,,,,Joiner,,,Active,,,REDACTED,
2754055,Supported accommodation,North West,North West,Warrington,Warrington South,Private,,,23/10/2023,,,,Joiner,,,Active,,,REDACTED,
2754074,Supported accommodation,North West,North West,Manchester,Manchester Central,Private,,,24/03/2024,,,,Joiner,,,Active,,,REDACTED,
2754316,Supported accommodation,North West,North West,Warrington,Warrington South,Private,,,09/11/2023,,,,Joiner,,,Active,,,REDACTED,
2755344,Supported accommodation,West Midlands,West Midlands,Solihull,Solihull,Private,,,24/11/2023,,,,Joiner,,,Active,,,REDACTED,
2755356,Supported accommodation,East Midlands,East Midlands,North Northamptonshire,Corby,Private,,,15/03/2024,,,,Joiner,,,Active,,,REDACTED,
2755361,Supported accommodation,South East,South East,Reading,Reading East,Private,,,18/01/2024,,,,Joiner,,,Active,,,REDACTED,
2755842,Supported accommodation,London,London,Islington,Islington South and Finsbury,Private,,,24/11/2023,,,,Joiner,,,Active,,,REDACTED,
2756126,Supported accommodation,East of England,East of England,Thurrock,Thurrock,Private,,,17/01/2024,,,,Joiner,,,Active,,,REDACTED,
2757276,Supported accommodation,East of England,East of England,Essex,Castle Point,Private,,,06/03/2024,,,,Joiner,,,Active,,,REDACTED,
2757896,Supported accommodation,East Midlands,East Midlands,Lincolnshire,South Holland and The Deepings,Private,,,01/02/2024,,,,Joiner,,,Active,,,REDACTED,
2758526,Supported accommodation,South West,South West,Devon,East Devon,Private,,,29/12/2023,,,,Joiner,,,Active,,,REDACTED,
2758903,Supported accommodation,North West,North West,Blackburn with Darwen,Blackburn,Private,,,15/03/2024,,,,Joiner,,,Active,,,REDACTED,
2760035,Supported accommodation,"North East, Yorkshire and the Humber",North East,Durham,City of Durham,Voluntary,,,11/12/2023,,,,Joiner,,,Active,,,REDACTED,
2760825,Supported accommodation,London,London,Merton,Mitcham and Morden,Private,,,28/12/2023,,,,Joiner,,,Active,,,REDACTED,
2762438,Supported accommodation,North West,North West,Liverpool,Garston and Halewood,Private,,,18/03/2024,,,,Joiner,,,Active,,,REDACTED,
2762545,Supported accommodation,West Midlands,West Midlands,Dudley,Dudley North,Private,,,31/01/2024,,,,Joiner,,,Active,,,REDACTED,
2765215,Supported accommodation,South East,South East,Reading,Reading East,Private,,,28/02/2024,,,,Joiner,,,Active,,,REDACTED,
2766724,Supported accommodation,"North East, Yorkshire and the Humber",North East,North Tyneside,North Tyneside,Voluntary,,,27/03/2024,,,,Joiner,,,Active,,,REDACTED,
2739774,Supported accommodation,London,London,Newham,West Ham,Private,,,17/08/2023,,,,Joiner,,,Active,,,REDACTED,
2741116,Supported accommodation,"North East, Yorkshire and the Humber",North East,Durham,Sedgefield,Private,,,02/08/2023,,,,Joiner,,,Active,,,REDACTED,
2742788,Supported accommodation,East of England,East of England,Suffolk,Bury St Edmunds,Private,,,14/09/2023,,,,Joiner,,,Active,,,REDACTED,
2742896,Supported accommodation,East Midlands,East Midlands,West Northamptonshire,Northampton South,Private,,,11/09/2023,,,,Joiner,,,Active,,,REDACTED,
2748143,Supported accommodation,North West,North West,Knowsley,St Helens South and Whiston,Private,,,11/09/2023,,,,Joiner,,,Active,,,REDACTED,
2748721,Supported accommodation,North West,North West,Wigan,Makerfield,Private,,,03/10/2023,,,,Joiner,,,Active,,,REDACTED,
2748802,Supported accommodation,"North East, Yorkshire and the Humber",North East,Darlington,Darlington,Voluntary,,,17/12/2023,,,,Joiner,,,Active,,,REDACTED,
2749250,Supported accommodation,North West,North West,Oldham,Oldham East and Saddleworth,Private,,,24/11/2023,,,,Joiner,,,Active,,,REDACTED,
2749252,Supported accommodation,East Midlands,East Midlands,North Northamptonshire,Kettering,Private,,,31/01/2024,,,,Joiner,,,Active,,,REDACTED,
2751314,Supported accommodation,East Midlands,East Midlands,Nottingham,Nottingham East,Private,,,01/02/2024,,,,Joiner,,,Active,,,REDACTED,
2751553,Supported accommodation,East of England,East of England,Essex,South Basildon and East Thurrock,Private,,,22/02/2024,,,,Joiner,,,Active,,,REDACTED,
2753401,Supported accommodation,East of England,East of England,Luton,Luton South,Private,,,15/03/2024,,,,Joiner,,,Active,,,REDACTED,
2753464,Supported accommodation,"North East, Yorkshire and the Humber",Yorkshire and The Humber,Bradford,Bradford West,Private,,,19/02/2024,,,,Joiner,,,Active,,,REDACTED,
2753685,Supported accommodation,South East,South East,Milton Keynes,Milton Keynes South,Private,,,31/01/2024,,,,Joiner,,,Active,,,REDACTED,
2753813,Supported accommodation,North West,North West,Sefton,Southport,Private,,,14/12/2023,,,,Joiner,,,Active,,,REDACTED,
2754620,Supported accommodation,North West,North West,Bolton,Bolton West,Private,,,17/01/2024,,,,Joiner,,,Active,,,REDACTED,
2755345,Supported accommodation,East of England,East of England,Hertfordshire,South West Hertfordshire,Private,,,12/12/2023,,,,Joiner,,,Active,,,REDACTED,
2755362,Supported accommodation,East of England,East of England,Suffolk,West Suffolk,Private,,,12/12/2023,,,,Joiner,,,Active,,,REDACTED,
2756846,Supported accommodation,London,London,Harrow,Harrow West,Private,,,21/02/2024,,,,Joiner,,,Active,,,REDACTED,
2757366,Supported accommodation,"North East, Yorkshire and the Humber",North East,Durham,Sedgefield,Private,,,11/12/2023,,,,Joiner,,,Active,,,REDACTED,
2758229,Supported accommodation,North West,North West,Manchester,Manchester Central,Private,,,31/01/2024,,,,Joiner,,,Active,,,REDACTED,
2759162,Supported accommodation,"North East, Yorkshire and the Humber",North East,Stockton-on-Tees,Stockton North,Private,,,27/03/2024,,,,Joiner,,,Active,,,REDACTED,
2759654,Supported accommodation,East Midlands,East Midlands,Nottingham,Nottingham East,Local Authority,,,19/12/2023,,,,Joiner,,,Active,,,REDACTED,
2760426,Supported accommodation,South East,South East,Hampshire,New Forest East,Private,,,08/01/2024,,,,Joiner,,,Active,,,REDACTED,
2760571,Supported accommodation,South West,South West,Devon,Newton Abbot,Private,,,13/12/2023,,,,Joiner,,,Active,,,REDACTED,
2761197,Supported accommodation,West Midlands,West Midlands,Telford and Wrekin,Telford,Local Authority,,,17/12/2023,,,,Joiner,,,Active,,,REDACTED,
2761858,Supported accommodation,South East,South East,West Berkshire,Reading West,Private,,,09/02/2024,,,,Joiner,,,Active,,,REDACTED,
2761927,Supported accommodation,"North East, Yorkshire and the Humber",North East,Middlesbrough,Middlesbrough,Private,,,22/02/2024,,,,Joiner,,,Active,,,REDACTED,
2763295,Supported accommodation,West Midlands,West Midlands,Birmingham,"Birmingham, Hall Green",Private,,,24/03/2024,,,,Joiner,,,Active,,,REDACTED,
2763807,Supported accommodation,West Midlands,West Midlands,Telford and Wrekin,The Wrekin,Private,,,24/03/2024,,,,Joiner,,,Active,,,REDACTED,
2765162,Supported accommodation,East Midlands,East Midlands,Derbyshire,High Peak,Private,,,28/02/2024,,,,Joiner,,,Active,,,REDACTED,
2765810,Supported accommodation,London,London,Hackney,Hackney South and Shoreditch,Private,,,09/01/2024,,,,Joiner,,,Active,,,REDACTED,
2766745,Supported accommodation,London,London,Redbridge,Ilford South,Private,,,13/03/2024,,,,Joiner,,,Active,,,REDACTED,
2770290,Supported accommodation,"North East, Yorkshire and the Humber",Yorkshire and The Humber,Bradford,Bradford West,Private,,,31/01/2024,,,,Joiner,,,Active,,,REDACTED,
2740149,Supported accommodation,"North East, Yorkshire and the Humber",North East,Sunderland,Sunderland Central,Voluntary,,,25/07/2023,,,,Joiner,,,Active,,,REDACTED,
2740786,Supported accommodation,South East,South East,Buckinghamshire,Aylesbury,Private,,,14/08/2023,,,,Joiner,,,Active,,,REDACTED,
2742575,Supported accommodation,East Midlands,East Midlands,West Northamptonshire,Northampton South,Private,,,22/08/2023,,,,Joiner,,,Active,,,REDACTED,
2744222,Supported accommodation,South East,South East,Medway,Chatham and Aylesford,Private,,,11/12/2023,,,,Joiner,,,Active,,,REDACTED,
2744355,Supported accommodation,London,London,Haringey,Hornsey and Wood Green,Private,,,16/08/2023,,,,Joiner,,,Active,,,REDACTED,
2747056,Supported accommodation,London,London,Enfield,Enfield North,Private,,,30/11/2023,,,,Joiner,,,Active,,,REDACTED,
2747534,Supported accommodation,West Midlands,West Midlands,Coventry,Coventry North West,Private,,,24/03/2024,,,,Joiner,,,Active,,,REDACTED,
2748459,Supported accommodation,West Midlands,West Midlands,Wolverhampton,Wolverhampton South West,Private,,,08/10/2023,,,,Joiner,,,Active,,,REDACTED,
2748716,Supported accommodation,South West,South West,Swindon,South Swindon,Private,,,08/10/2023,,,,Joiner,,,Active,,,REDACTED,
2750891,Supported accommodation,London,London,Hounslow,Brentford and Isleworth,Private,,,06/10/2023,,,,Joiner,,,Active,,,REDACTED,
2751310,Supported accommodation,West Midlands,West Midlands,Walsall,Walsall North,Private,,,24/03/2024,,,,Joiner,,,Active,,,REDACTED,
2751697,Supported accommodation,East of England,East of England,Luton,Luton North,Private,,,18/03/2024,,,,Joiner,,,Active,,,REDACTED,
2752789,Supported accommodation,North West,North West,Wigan,Bolton West,Private,,,24/11/2023,,,,Joiner,,,Active,,,REDACTED,
2753654,Supported accommodation,"North East, Yorkshire and the Humber",Yorkshire and The Humber,Bradford,Bradford West,Private,,,17/12/2023,,,,Joiner,,,Active,,,REDACTED,
2755388,Supported accommodation,West Midlands,West Midlands,Wolverhampton,Wolverhampton South West,Private,,,31/01/2024,,,,Joiner,,,Active,,,REDACTED,
2756516,Supported accommodation,North West,North West,Lancashire,Rossendale and Darwen,Voluntary,,,30/12/2023,,,,Joiner,,,Active,,,REDACTED,
2757945,Supported accommodation,East Midlands,East Midlands,West Northamptonshire,Northampton South,Private,,,30/12/2023,,,,Joiner,,,Active,,,REDACTED,
2758685,Supported accommodation,West Midlands,West Midlands,Stoke-on-Trent,Stoke-on-Trent North,Private,,,24/03/2024,,,,Joiner,,,Active,,,REDACTED,
2760640,Supported accommodation,East Midlands,East Midlands,North Northamptonshire,Corby,Private,,,07/02/2024,,,,Joiner,,,Active,,,REDACTED,
2760941,Supported accommodation,East of England,East of England,Luton,Luton North,Private,,,06/03/2024,,,,Joiner,,,Active,,,REDACTED,
2761159,Supported accommodation,West Midlands,West Midlands,Dudley,Dudley North,Private,,,19/02/2024,,,,Joiner,,,Active,,,REDACTED,
2762234,Supported accommodation,North West,North West,Liverpool,"Liverpool, Wavertree",Voluntary,,,28/02/2024,,,,Joiner,,,Active,,,REDACTED,
2765721,Supported accommodation,East Midlands,East Midlands,North Northamptonshire,Corby,Private,,,23/03/2024,,,,Joiner,,,Active,,,REDACTED,
2766039,Supported accommodation,"North East, Yorkshire and the Humber",Yorkshire and The Humber,Sheffield,Penistone and Stocksbridge,Private,,,22/02/2024,,,,Joiner,,,Active,,,REDACTED,
2767094,Supported accommodation,East Midlands,East Midlands,Leicester,Leicester South,Private,,,24/03/2024,,,,Joiner,,,Active,,,REDACTED,
2769454,Supported accommodation,North West,North West,Lancashire,Hyndburn,Private,,,08/02/2024,,,,Joiner,,,Active,,,REDACTED,
2766054,Supported accommodation,London,London,Barking and Dagenham,Dagenham and Rainham,Private,,,22/03/2024,,,,Joiner,,,Active,,,REDACTED,
2767794,Supported accommodation,North West,North West,Lancashire,South Ribble,Private,,,25/03/2024,,,,Joiner,,,Active,,,REDACTED,
2773935,Supported accommodation,East Midlands,East Midlands,North Northamptonshire,Corby,Private,,,23/03/2024,,,,Joiner,,,Active,,,REDACTED,
2769049,Supported accommodation,London,London,Islington,Islington South and Finsbury,Private,,,08/03/2024,,,,Joiner,,,Active,,,REDACTED,
2773361,Supported accommodation,South East,South East,Buckinghamshire,Aylesbury,Private,,,20/03/2024,,,,Joiner,,,Active,,,REDACTED,
2773661,Supported accommodation,"North East, Yorkshire and the Humber",North East,Sunderland,Sunderland Central,Private,,,19/02/2024,,,,Joiner,,,Active,,,REDACTED,
2768057,Supported accommodation,West Midlands,West Midlands,Birmingham,"Birmingham, Ladywood",Private,,,31/01/2024,,,,Joiner,,,Active,,,REDACTED,
2772215,Supported accommodation,North West,North West,Salford,Salford and Eccles,Private,,,31/01/2024,,,,Joiner,,,Active,,,REDACTED,
2741550,Supported accommodation,"North East, Yorkshire and the Humber",North East,Sunderland,Sunderland Central,Private,,,28/09/2023,,,,Joiner,,,Active,,,REDACTED,