Children's social care data in England 2025 – Leavers and Joiners at 31 March 2025,,,,,,,,,,,,,,,,,,,,,
This worksheet contains one table which begins in cell A4.,,,,,,,,,,,,,,,,,,,,,
Some cells in this table are empty because data was not provided to Ofsted. ,,,,,,,,,,,,,,,,,,,,,
URN,Provision type,Ofsted Region,Government Office Region,Local authority,Parliamentary constituency,Sector,Places,Supported accommodation premises,Short-break-only children's home,"
First effective date (that the provider became active)",First effective date (that the provider became resigned),First effective date (that the provider closed),First effective date (that the provider became cancelled),Joiner status,Leaver status,Registration status (as at 1 April 2024),Registration status (as at 31 March 2025),Inspectorate (as at 1 April 2024),Inspectorate (as at 31 March 2025),Setting name,Reason
1236453,Residential Holiday Scheme for Disabled Children,London,London,Southwark,Bermondsey and Old Southwark,Private,,,,15/07/2016,13/01/2025,13/01/2025,,,Leaver,Active,Resigned,,,Whizz-Kidz,"In previous year, not in current dataset (closed date in Year)"
1264538,Children's home,North West,North West,Lancashire,South Ribble,Private,3,,,17/10/2017,22/11/2024,22/11/2024,,,Leaver,Active,Resigned,,,REDACTED,"In previous year, not in current dataset (closed date in Year)"
1275189,Children's home,"North East, Yorkshire and the Humber",Yorkshire and The Humber,Leeds,Leeds West and Pudsey,Private,1,,,07/07/2018,14/06/2024,14/06/2024,,,Leaver,Active,Resigned,,,REDACTED,"In previous year, not in current dataset (closed date in Year)"
2527860,Children's home,North West,North West,Lancashire,Fylde,Private,1,,,24/07/2019,13/09/2024,13/09/2024,,,Leaver,Active,Resigned,,,REDACTED,"In previous year, not in current dataset (closed date in Year)"
2544885,Children's home,London,London,Ealing,Ealing Southall,Private,4,,,01/08/2019,04/05/2024,04/05/2024,,,Leaver,Active,Resigned,,,REDACTED,"In previous year, not in current dataset (closed date in Year)"
2548571,Children's home,West Midlands,West Midlands,Worcestershire,Droitwich and Evesham,Voluntary,4,,,01/10/2019,01/10/2024,01/10/2024,,,Leaver,Active,Resigned,,,REDACTED,"In previous year, not in current dataset (closed date in Year)"
2549726,Children's home,West Midlands,West Midlands,Worcestershire,Wyre Forest,Voluntary,4,,Short breaks only,01/10/2019,01/10/2024,01/10/2024,,,Leaver,Active,Resigned,,,REDACTED,"In previous year, not in current dataset (closed date in Year)"
2581296,Children's home,North West,North West,Rochdale,Rochdale,Private,1,,,04/03/2020,13/09/2024,13/09/2024,,,Leaver,Active,Resigned,,,REDACTED,"In previous year, not in current dataset (closed date in Year)"
2590726,Children's home,North West,North West,Lancashire,Fylde,Private,2,,,14/07/2020,12/06/2024,12/06/2024,,,Leaver,Active,Resigned,,,REDACTED,"In previous year, not in current dataset (closed date in Year)"
2674591,Children's home,West Midlands,West Midlands,Sandwell,Tipton and Wednesbury,Private,3,,,26/04/2022,15/08/2024,15/08/2024,,,Leaver,Active,Resigned,,,REDACTED,"In previous year, not in current dataset (closed date in Year)"
2710826,Children's home,West Midlands,West Midlands,Herefordshire,North Herefordshire,Private,5,,,02/05/2024,,,,Joiner,,,Active,,,REDACTED,"In current dataset as active, not in previous year"
2736855,Children's home,South East,South East,East Sussex,Sussex Weald,Private,3,,,09/04/2024,,,,Joiner,,,Active,,,REDACTED,"In current dataset as active, not in previous year"
2738013,Children's home,South East,South East,Surrey,Godalming and Ash,Private,3,,,19/04/2024,,,,Joiner,,,Active,,,REDACTED,"In current dataset as active, not in previous year"
2746893,Children's home,North West,North West,Lancashire,Burnley,Private,4,,,11/10/2023,27/01/2025,27/01/2025,,,Leaver,Active,Resigned,,,REDACTED,"In previous year, not in current dataset (closed date in Year)"
2747025,Children's home,North West,North West,Liverpool,Liverpool Garston,Private,3,,,11/06/2024,,,,Joiner,,,Active,,,REDACTED,"In current dataset as active, not in previous year"
2748207,Children's home,East Midlands,East Midlands,Nottinghamshire,Rushcliffe,Private,1,,,17/10/2024,,,,Joiner,,,Active,,,REDACTED,"In current dataset as active, not in previous year"
2750697,Supported Accommodation,West Midlands,West Midlands,Sandwell,Tipton and Wednesbury,Private,44,15,,15/05/2024,,,,Joiner,,,Active,,,Sanctuary Ltd Support Services,"In current dataset as active, not in previous year"
2754635,Supported Accommodation,West Midlands,West Midlands,Wolverhampton,Wolverhampton West,Private,5,2,,26/05/2024,,,,Joiner,,,Active,,,Majestic Healthcare Limited,"In current dataset as active, not in previous year"
2754637,Supported Accommodation,London,London,Merton,Mitcham and Morden,Private,6,2,,22/04/2024,,,,Joiner,,,Active,,,Full Circle Support UK Ltd,"In current dataset as active, not in previous year"
2757265,Supported Accommodation,London,London,Harrow,Harrow East,Private,4,1,,23/10/2024,,,,Joiner,,,Active,,,Francis Homecare Semi-Independent Children & Young People's Home,"In current dataset as active, not in previous year"
2758284,Supported Accommodation,North West,North West,Manchester,Blackley and Middleton South,Private,95,29,,15/05/2024,,,,Joiner,,,Active,,,Upwards Care Solutions,"In current dataset as active, not in previous year"
2758302,Supported Accommodation,East of England,East of England,Norfolk,Norwich South,Voluntary,30,20,,10/04/2024,,,,Joiner,,,Active,,,Heart & Home - Supported Lodgings,"In current dataset as active, not in previous year"
2760448,Supported Accommodation,West Midlands,West Midlands,Worcestershire,Wyre Forest,Private,22,8,,26/03/2025,,,,Joiner,,,Active,,,HeBoLSupport,"In current dataset as active, not in previous year"
2760548,Supported Accommodation,"North East, Yorkshire and the Humber",Yorkshire and The Humber,Leeds,Leeds South,Private,23,13,,02/06/2024,,,,Joiner,,,Active,,,Yocare Healthcare Solutions Limited,"In current dataset as active, not in previous year"
2760555,Supported Accommodation,"North East, Yorkshire and the Humber",Yorkshire and The Humber,Leeds,Leeds South,Private,12,3,,21/09/2024,,,,Joiner,,,Active,,,A&V Transitional Homes Ltd,"In current dataset as active, not in previous year"
2760710,Supported Accommodation,London,London,Havering,Dagenham and Rainham,Private,4,1,,27/10/2024,,,,Joiner,,,Active,,,NeedPro Nurturing Support Services,"In current dataset as active, not in previous year"
2761236,Supported Accommodation,London,London,Bromley,Beckenham and Penge,Private,18,3,,28/08/2024,,,,Joiner,,,Active,,,Marvellous Care,"In current dataset as active, not in previous year"
2762256,Supported Accommodation,"North East, Yorkshire and the Humber",Yorkshire and The Humber,Leeds,Leeds West and Pudsey,Voluntary,34,26,,17/12/2024,,,,Joiner,,,Active,,,Foundation,"In current dataset as active, not in previous year"
2762402,Supported Accommodation,London,London,Bromley,Orpington,Private,3,1,,28/02/2025,,,,Joiner,,,Active,,,Nekisse Homes Ltd,"In current dataset as active, not in previous year"
2762482,Supported Accommodation,South West,South West,Gloucestershire,Gloucester,Private,6,2,,26/06/2024,,,,Joiner,,,Active,,,SHYP LIMITED,"In current dataset as active, not in previous year"
2762679,Supported Accommodation,South West,South West,Plymouth,Plymouth Sutton and Devonport,Private,30,7,,15/05/2024,,,,Joiner,,,Active,,,Alpha Care Service Ltd,"In current dataset as active, not in previous year"
2762729,Supported Accommodation,London,London,Harrow,Harrow West,Private,5,1,,13/06/2024,,,,Joiner,,,Active,,,Next Steps London,"In current dataset as active, not in previous year"
2762997,Supported Accommodation,West Midlands,West Midlands,Wolverhampton,Wolverhampton West,Private,5,2,,24/11/2024,,,,Joiner,,,Active,,,Achieving Higher Heights Ltd,"In current dataset as active, not in previous year"
2763069,Supported Accommodation,East Midlands,East Midlands,West Northamptonshire,Northampton South,Private,6,2,,06/06/2024,,,,Joiner,,,Active,,,Babcam Support for Living,"In current dataset as active, not in previous year"
2763320,Supported Accommodation,West Midlands,West Midlands,Staffordshire,Newcastle-under-Lyme,Private,34,17,,15/07/2024,,,,Joiner,,,Active,,,Keys Supported Accommodation - Central,"In current dataset as active, not in previous year"
2763321,Supported Accommodation,London,London,Harrow,Harrow East,Private,41,9,,20/09/2024,,,,Joiner,,,Active,,,Daffodils Homes Limited,"In current dataset as active, not in previous year"
2763460,Supported Accommodation,London,London,Redbridge,Ilford South,Private,8,2,,10/12/2024,,,,Joiner,,,Active,,,Griha Care and Support Limited,"In current dataset as active, not in previous year"
2763588,Supported Accommodation,East Midlands,East Midlands,Leicestershire,South Leicestershire,Local Authority,44,30,,16/10/2024,,,,Joiner,,,Active,,,Leicestershire County Council Supported Lodgings Scheme,"In current dataset as active, not in previous year"
2763630,Supported Accommodation,"North East, Yorkshire and the Humber",North East,Gateshead,Gateshead Central and Whickham,Voluntary,35,12,,04/02/2025,,,,Joiner,,,Active,,,Home 16+ Supported Accommodation Service,"In current dataset as active, not in previous year"
2763752,Supported Accommodation,East of England,East of England,Essex,Basildon and Billericay,Private,8,2,,22/01/2025,,,,Joiner,,,Active,,,Elastikos Services Ltd,"In current dataset as active, not in previous year"
2763768,Supported Accommodation,South West,South West,Bristol,Bristol Central,Private,35,19,,23/05/2024,,,,Joiner,,,Active,,,Safe Haven Accommodation - South Division,"In current dataset as active, not in previous year"
2763793,Supported Accommodation,North West,North West,Liverpool,Liverpool Wavertree,Private,9,2,,14/11/2024,,,,Joiner,,,Active,,,Whe Care Services Ltd,"In current dataset as active, not in previous year"
2763903,Children's home,West Midlands,West Midlands,Staffordshire,Newcastle-under-Lyme,Private,1,,,04/02/2025,,,,Joiner,,,Active,,,REDACTED,"In current dataset as active, not in previous year"
2763973,Supported Accommodation,East of England,East of England,Thurrock,Thurrock,Private,23,5,,27/03/2025,,,,Joiner,,,Active,,,Eden Tribe Residential Home Limited,"In current dataset as active, not in previous year"
2763988,Supported Accommodation,South East,South East,Kent,Sittingbourne and Sheppey,Private,20,5,,28/02/2025,,,,Joiner,,,Active,,,De-light Care and Support,"In current dataset as active, not in previous year"
2764090,Supported Accommodation,South West,South West,Devon,South West Devon,Private,73,38,,04/04/2024,,,,Joiner,,,Active,,,Young Devon Accommodation Service,"In current dataset as active, not in previous year"
2764861,Supported Accommodation,London,London,Havering,Dagenham and Rainham,Private,4,1,,10/12/2024,,,,Joiner,,,Active,,,Anaco Care Services,"In current dataset as active, not in previous year"
2765008,Supported Accommodation,North West,North West,Manchester,Manchester Withington,Private,2,1,,09/04/2024,,,,Joiner,,,Active,,,Northwest Support Ltd,"In current dataset as active, not in previous year"
2765214,Children's home,West Midlands,West Midlands,Staffordshire,Staffordshire Moorlands,Private,8,,,21/08/2024,,,,Joiner,,,Active,,,REDACTED,"In current dataset as active, not in previous year"
2765238,Supported Accommodation,South West,South West,Gloucestershire,North Cotswolds,Private,14,4,,18/03/2025,,,,Joiner,,,Active,,,Warwickshire Living,"In current dataset as active, not in previous year"
2765281,Supported Accommodation,North West,North West,Halton,Widnes and Halewood,Private,4,4,,06/01/2025,,,,Joiner,,,Active,,,My3 Limited Supported Accommodation,"In current dataset as active, not in previous year"
2765292,Supported Accommodation,London,London,Haringey,Tottenham,Private,48,15,,23/01/2025,,,,Joiner,,,Active,,,Focus Futures UK Limited,"In current dataset as active, not in previous year"
2765339,Supported Accommodation,South West,South West,South Gloucestershire,Filton and Bradley Stoke,Private,22,5,,20/11/2024,,,,Joiner,,,Active,,,Blueline Healthcare Solutions Ltd,"In current dataset as active, not in previous year"
2765534,Supported Accommodation,North West,North West,Liverpool,Liverpool Walton,Private,11,9,,13/03/2025,,,,Joiner,,,Active,,,Safe Hands Liverpool,"In current dataset as active, not in previous year"
2765662,Children's home,London,London,Barking and Dagenham,Barking,Private,1,,,13/09/2024,,,,Joiner,,,Active,,,REDACTED,"In current dataset as active, not in previous year"
2765672,Supported Accommodation,"North East, Yorkshire and the Humber",Yorkshire and The Humber,Calderdale,Calder Valley,Private,4,2,,16/10/2024,,,,Joiner,,,Active,,,Pathway Support UK LTD,"In current dataset as active, not in previous year"
2765674,Supported Accommodation,South East,South East,Medway,Rochester and Strood,Private,5,1,,31/07/2024,,,,Joiner,,,Active,,,Stepping Out Support,"In current dataset as active, not in previous year"
2765713,Children's home,East of England,East of England,Essex,Maldon,Private,4,,,04/04/2024,,,,Joiner,,,Active,,,REDACTED,"In current dataset as active, not in previous year"
2765715,Supported Accommodation,North West,North West,Liverpool,Liverpool Wavertree,Private,5,1,,18/11/2024,,,,Joiner,,,Active,,,Nook Residential Ltd,"In current dataset as active, not in previous year"
2765898,Supported Accommodation,West Midlands,West Midlands,Staffordshire,Newcastle-under-Lyme,Private,26,10,,18/08/2024,,,,Joiner,,,Active,,,Monarch Intervention Services Ltd,"In current dataset as active, not in previous year"
2765911,Supported Accommodation,South East,South East,West Sussex,Worthing West,Private,43,9,,25/03/2025,,,,Joiner,,,Active,,,Asphaleia Ltd,"In current dataset as active, not in previous year"
2765979,Supported Accommodation,London,London,Enfield,Edmonton and Winchmore Hill,Private,4,1,,29/11/2024,,,,Joiner,,,Active,,,Headway Care,"In current dataset as active, not in previous year"
2766022,Supported Accommodation,London,London,Tower Hamlets,Bedford,Private,12,3,,23/06/2024,,,,Joiner,,,Active,,,Skyler Support Services,"In current dataset as active, not in previous year"
2766044,Supported Accommodation,East of England,East of England,Peterborough,Peterborough,Private,3,1,,21/09/2024,,,,Joiner,,,Active,,,Alves iCare Ltd,"In current dataset as active, not in previous year"
2766135,Supported Accommodation,London,London,Enfield,Edmonton and Winchmore Hill,Private,26,4,,24/12/2024,,,,Joiner,,,Active,,,NelCare,"In current dataset as active, not in previous year"
2766162,Supported Accommodation,East of England,East of England,Cambridgeshire,Cambridge,Voluntary,49,9,,25/02/2025,,,,Joiner,,,Active,,,YMCA Trinity Group East,"In current dataset as active, not in previous year"
2766179,Supported Accommodation,South East,South East,Kent,Ashford,Private,3,1,,17/05/2024,,,,Joiner,,,Active,,,Courage Healthcare,"In current dataset as active, not in previous year"
2766436,Supported Accommodation,North West,North West,Liverpool,Liverpool Wavertree,Private,242,112,,07/10/2024,,,,Joiner,,,Active,,,Active 8 Support Services Limited,"In current dataset as active, not in previous year"
2766732,Supported Accommodation,London,London,Southwark,Vauxhall and Camberwell Green,Private,11,3,,09/01/2025,,,,Joiner,,,Active,,,Eleven D's Ltd,"In current dataset as active, not in previous year"
2767004,Supported Accommodation,Wales,Wales,Cardiff,Cardiff North,Private,17,4,,10/01/2025,,,,Joiner,,,Active,,,Forest Youth Services Ltd,"In current dataset as active, not in previous year"
2767046,Supported Accommodation,London,London,Lewisham,Lewisham East,Private,6,2,,27/12/2024,,,,Joiner,,,Active,,,Dwelling Places Homes LTD,"In current dataset as active, not in previous year"
2767167,Supported Accommodation,"North East, Yorkshire and the Humber",Yorkshire and The Humber,Wakefield,Wakefield and Rothwell,Local Authority,45,30,,29/11/2024,,,,Joiner,,,Active,,,Wakefield Council,"In current dataset as active, not in previous year"
2767246,Supported Accommodation,London,London,Croydon,Croydon West,Private,6,1,,16/10/2024,,,,Joiner,,,Active,,,Guided Growth,"In current dataset as active, not in previous year"
2767266,Supported Accommodation,"North East, Yorkshire and the Humber",Yorkshire and The Humber,Kirklees,Huddersfield,Private,11,11,,26/05/2024,,,,Joiner,,,Active,,,STBI Ltd,"In current dataset as active, not in previous year"
2767751,Supported Accommodation,South East,South East,Brighton and Hove,Hove and Portslade,Voluntary,35,2,,05/09/2024,,,,Joiner,,,Active,,,YMCA DLG - Brighton and Hove,"In current dataset as active, not in previous year"
2767987,Supported Accommodation,East of England,East of England,Thurrock,Thurrock,Private,10,2,,30/07/2024,,,,Joiner,,,Active,,,Grow2Gether Care Services,"In current dataset as active, not in previous year"
2768998,Supported Accommodation,North West,North West,Stockport,Stockport,Private,10,1,,23/04/2024,,,,Joiner,,,Active,,,Hillgate Health Group Ltd,"In current dataset as active, not in previous year"
2769098,Children's home,North West,North West,Rochdale,Heywood and Middleton North,Private,3,,,01/10/2024,,,,Joiner,,,Active,,,REDACTED,"In current dataset as active, not in previous year"
2769190,Supported Accommodation,South East,South East,Kent,Gravesham,Private,3,1,,25/10/2024,,,,Joiner,,,Active,,,The House of Refuge Ltd,"In current dataset as active, not in previous year"
2769349,Supported Accommodation,East of England,East of England,Norfolk,Norwich North,Private,44,14,,24/04/2024,,,,Joiner,,,Active,,,BetterOasis Limited,"In current dataset as active, not in previous year"
2769378,Supported Accommodation,"North East, Yorkshire and the Humber",Yorkshire and The Humber,Wakefield,Wakefield and Rothwell,Private,4,1,,19/11/2024,,,,Joiner,,,Active,,,Paving Paths Ltd,"In current dataset as active, not in previous year"
2770206,Supported Accommodation,South East,South East,Southampton,Southampton Test,Private,92,41,,25/06/2024,,,,Joiner,,,Active,,,Sportfit Supported Accommodation,"In current dataset as active, not in previous year"
2770702,Supported Accommodation,London,London,Croydon,Croydon West,Private,18,3,,17/01/2025,,,,Joiner,,,Active,,,Future Foundations Limited,"In current dataset as active, not in previous year"
2770830,Supported Accommodation,London,London,Haringey,Tottenham,Private,16,6,,12/11/2024,,,,Joiner,,,Active,,,Street Support Ltd,"In current dataset as active, not in previous year"
2771030,Supported Accommodation,East of England,East of England,Luton,Luton South and South Bedfordshire,Private,4,1,,29/11/2024,,,,Joiner,,,Active,,,Resource Gate Semi-Independent Living,"In current dataset as active, not in previous year"
2771260,Supported Accommodation,North West,North West,Wirral,Birkenhead,Private,50,36,,04/06/2024,,,,Joiner,,,Active,,,Forum Housing Association,"In current dataset as active, not in previous year"
2772513,Children's home,West Midlands,West Midlands,Staffordshire,Burton and Uttoxeter,Private,3,,,11/08/2024,,,,Joiner,,,Active,,,REDACTED,"In current dataset as active, not in previous year"
2772599,Children's home,North West,North West,Lancashire,Hyndburn,Private,2,,,14/05/2024,,,,Joiner,,,Active,,,REDACTED,"In current dataset as active, not in previous year"
2772637,Children's home,West Midlands,West Midlands,Telford and Wrekin,Telford,Private,4,,,17/05/2024,,,,Joiner,,,Active,,,REDACTED,"In current dataset as active, not in previous year"
2772646,Supported Accommodation,West Midlands,West Midlands,Dudley,Dudley,Private,6,2,,24/09/2024,,,,Joiner,,,Active,,,Lorac Housing Limited,"In current dataset as active, not in previous year"
2773009,Supported Accommodation,West Midlands,West Midlands,Birmingham,Birmingham Hall Green and Moseley,Private,13,7,,24/11/2024,,,,Joiner,,,Active,,,A1 Support Limited,"In current dataset as active, not in previous year"
2773192,Children's home,North West,North West,Lancashire,Blackpool North and Fleetwood,Private,2,,,09/04/2024,,,,Joiner,,,Active,,,REDACTED,"In current dataset as active, not in previous year"
2773269,Supported Accommodation,London,London,Redbridge,Ilford South,Private,4,1,,29/01/2025,,,,Joiner,,,Active,,,Inspire Growth Care,"In current dataset as active, not in previous year"
2774090,Supported Accommodation,"North East, Yorkshire and the Humber",North East,North Tyneside,Tynemouth,Private,9,9,,28/07/2024,,,,Joiner,,,Active,,,New Key Support Ltd,"In current dataset as active, not in previous year"
2774552,Supported Accommodation,London,London,Croydon,Croydon South,Private,34,7,,16/02/2025,,,,Joiner,,,Active,,,OwnLife Ltd,"In current dataset as active, not in previous year"
2774622,Children's home,London,London,Sutton,Sutton and Cheam,Local Authority,6,,,05/09/2024,,,,Joiner,,,Active,,,REDACTED,"In current dataset as active, not in previous year"
2775060,Children's home,North West,North West,Wigan,Leigh and Atherton,Private,2,,,05/06/2024,,,,Joiner,,,Active,,,REDACTED,"In current dataset as active, not in previous year"
2775110,Children's home,East Midlands,East Midlands,North Northamptonshire,Wellingborough and Rushden,Private,2,,,28/05/2024,,,,Joiner,,,Active,,,REDACTED,"In current dataset as active, not in previous year"
2775268,Children's home,West Midlands,West Midlands,Shropshire,The Wrekin,Private,1,,,05/07/2024,,,,Joiner,,,Active,,,REDACTED,"In current dataset as active, not in previous year"
2775318,Children's home,South East,South East,Buckinghamshire,Aylesbury,Private,4,,,23/07/2024,,,,Joiner,,,Active,,,REDACTED,"In current dataset as active, not in previous year"
2775712,Supported Accommodation,North West,North West,Oldham,"Oldham West, Chadderton and Royton",Local Authority,11,2,,28/08/2024,,,,Joiner,,,Active,,,Oldham Council Residential Supported Accommodation,"In current dataset as active, not in previous year"
2775794,Children's home,North West,North West,Blackburn with Darwen,Rossendale and Darwen,Private,5,,,26/03/2025,,,,Joiner,,,Active,,,REDACTED,"In current dataset as active, not in previous year"
2775830,Supported Accommodation,South East,South East,Milton Keynes,Milton Keynes North,Private,11,3,,27/11/2024,,,,Joiner,,,Active,,,Excelcare24 Limited,"In current dataset as active, not in previous year"
2777372,Supported Accommodation,East Midlands,East Midlands,Derbyshire,Chesterfield,Local Authority,15,9,,08/11/2024,,,,Joiner,,,Active,,,Derbyshire Supported Lodgings Scheme,"In current dataset as active, not in previous year"
2778297,Children's home,West Midlands,West Midlands,Wolverhampton,Wolverhampton West,Private,3,,,18/04/2024,,,,Joiner,,,Active,,,REDACTED,"In current dataset as active, not in previous year"
2778392,Supported Accommodation,East Midlands,East Midlands,Leicestershire,Mid Leicestershire,Private,3,1,,03/01/2025,,,,Joiner,,,Active,,,Prudence Supported Living Limited,"In current dataset as active, not in previous year"
2778490,Supported Accommodation,London,London,Barking and Dagenham,Barking,Private,5,1,,10/03/2025,,,,Joiner,,,Active,,,Outreach Homes Ltd,"In current dataset as active, not in previous year"
2779739,Supported Accommodation,London,London,Barking and Dagenham,Barking,Private,10,2,,19/09/2024,,,,Joiner,,,Active,,,Home Care Supported Living Limited,"In current dataset as active, not in previous year"
2779744,Children's home,"North East, Yorkshire and the Humber",North East,South Tyneside,Jarrow and Gateshead East,Private,1,,,02/11/2024,,,,Joiner,,,Active,,,REDACTED,"In current dataset as active, not in previous year"
2779767,Children's home,"North East, Yorkshire and the Humber",Yorkshire and The Humber,Leeds,Leeds West and Pudsey,Private,4,,,21/08/2024,,,,Joiner,,,Active,,,REDACTED,"In current dataset as active, not in previous year"
2780126,Supported Accommodation,East of England,East of England,Peterborough,North West Cambridgeshire,Private,3,1,,19/03/2025,,,,Joiner,,,Active,,,Pathway Support Services,"In current dataset as active, not in previous year"
2781119,Supported Accommodation,"North East, Yorkshire and the Humber",Yorkshire and The Humber,Kingston upon Hull,Kingston upon Hull West and Haltemprice,Local Authority,10,10,,21/09/2024,,,,Joiner,,,Active,,,Gateway Project,"In current dataset as active, not in previous year"
2781121,Children's home,South East,South East,Medway,Chatham and Aylesford,Private,5,,,07/02/2025,,,,Joiner,,,Active,,,REDACTED,"In current dataset as active, not in previous year"
2781318,Children's home,South East,South East,Buckinghamshire,Beaconsfield,Private,2,,,17/05/2024,,,,Joiner,,,Active,,,REDACTED,"In current dataset as active, not in previous year"
2782012,Supported Accommodation,North West,North West,Westmorland and Furness,Penrith and Solway,Local Authority,3,2,,30/08/2024,,,,Joiner,,,Active,,,The Next Door,"In current dataset as active, not in previous year"
2782452,Children's home,London,London,Lewisham,Lewisham East,Private,3,,,16/08/2024,,,,Joiner,,,Active,,,REDACTED,"In current dataset as active, not in previous year"
2782472,Supported Accommodation,"North East, Yorkshire and the Humber",Yorkshire and The Humber,York,York Central,Local Authority,6,3,,30/06/2024,,,,Joiner,,,Active,,,City Of York Council Supported Accommodation,"In current dataset as active, not in previous year"
2782903,Children's home,North West,North West,Cumberland,Carlisle,Private,3,,,23/05/2024,,,,Joiner,,,Active,,,REDACTED,"In current dataset as active, not in previous year"
2782906,Children's home,East of England,East of England,Essex,Clacton,Private,3,,,28/08/2024,,,,Joiner,,,Active,,,REDACTED,"In current dataset as active, not in previous year"
2782950,Supported Accommodation,West Midlands,West Midlands,Walsall,Aldridge-Brownhills,Private,6,3,,23/08/2024,,,,Joiner,,,Active,,,One Touch Quality Kare Limited,"In current dataset as active, not in previous year"
2782951,Supported Accommodation,North West,North West,Lancashire,Burnley,Private,3,1,,21/11/2024,,,,Joiner,,,Active,,,Hope Care Group LTD,"In current dataset as active, not in previous year"
2782962,Supported Accommodation,South West,South West,Somerset,Bridgwater,Private,2,1,,16/09/2024,,,,Joiner,,,Active,,,Independence support services ltd,"In current dataset as active, not in previous year"
2783264,Children's home,East of England,East of England,Southend on Sea,Southend East and Rochford,Private,2,,,24/06/2024,,,,Joiner,,,Active,,,REDACTED,"In current dataset as active, not in previous year"
2783992,Children's home,East of England,East of England,Peterborough,Peterborough,Private,2,,,15/08/2024,,,,Joiner,,,Active,,,REDACTED,"In current dataset as active, not in previous year"
2784407,Children's home,South West,South West,Gloucestershire,Gloucester,Private,1,,,18/04/2024,,,,Joiner,,,Active,,,REDACTED,"In current dataset as active, not in previous year"
2784664,Children's home,South East,South East,Surrey,Esher and Walton,Local Authority,2,,,11/04/2024,,,,Joiner,,,Active,,,REDACTED,"In current dataset as active, not in previous year"
2785042,Supported Accommodation,"North East, Yorkshire and the Humber",Yorkshire and The Humber,Doncaster,Doncaster Central,Local Authority,36,13,,24/11/2024,,,,Joiner,,,Active,,,Housing & Independence Service,"In current dataset as active, not in previous year"
2785274,Children's home,South East,South East,Hampshire,Romsey and Southampton North,Private,1,,,11/09/2024,,,,Joiner,,,Active,,,REDACTED,"In current dataset as active, not in previous year"
2785393,Children's home,West Midlands,West Midlands,Shropshire,Shrewsbury,Private,2,,,14/08/2024,,,,Joiner,,,Active,,,REDACTED,"In current dataset as active, not in previous year"
2785973,Children's home,East Midlands,East Midlands,Leicestershire,Loughborough,Private,4,,,26/06/2024,,,,Joiner,,,Active,,,REDACTED,"In current dataset as active, not in previous year"
2786148,Children's home,East Midlands,East Midlands,Derbyshire,South Derbyshire,Private,3,,,08/07/2024,,,,Joiner,,,Active,,,REDACTED,"In current dataset as active, not in previous year"
2786780,Children's home,London,London,Sutton,Sutton and Cheam,Private,4,,,21/08/2024,,,,Joiner,,,Active,,,REDACTED,"In current dataset as active, not in previous year"
2787284,Children's home,North West,North West,Liverpool,Liverpool Riverside,Private,2,,,19/07/2024,,,,Joiner,,,Active,,,REDACTED,"In current dataset as active, not in previous year"
2787497,Children's home,North West,North West,Cheshire West and Chester,Tatton,Private,2,,,31/05/2024,,,,Joiner,,,Active,,,REDACTED,"In current dataset as active, not in previous year"
2787939,Children's home,West Midlands,West Midlands,Walsall,Wolverhampton North East,Private,6,,,06/08/2024,,,,Joiner,,,Active,,,REDACTED,"In current dataset as active, not in previous year"
2788278,Children's home,"North East, Yorkshire and the Humber",Yorkshire and The Humber,Kirklees,Huddersfield,Local Authority,4,,,20/05/2024,,,,Joiner,,,Active,,,REDACTED,"In current dataset as active, not in previous year"
2788669,Supported Accommodation,South West,South West,Swindon,Swindon North,Private,19,9,,27/06/2024,,,,Joiner,,,Active,,,Kingdom Youth Services,"In current dataset as active, not in previous year"
2788764,Children's home,South East,South East,Surrey,Epsom and Ewell,Private,6,,,17/09/2024,,,,Joiner,,,Active,,,REDACTED,"In current dataset as active, not in previous year"
2789243,Supported Accommodation,West Midlands,West Midlands,Warwickshire,Kenilworth and Southam,Private,3,1,,05/08/2024,,,,Joiner,,,Active,,,Carebridge Healthcare Ltd,"In current dataset as active, not in previous year"
2789796,Children's home,South West,South West,Devon,North Devon,Private,2,,,24/05/2024,,,,Joiner,,,Active,,,REDACTED,"In current dataset as active, not in previous year"
2789835,Children's home,London,London,Brent,Brent West,Private,2,,,03/10/2024,,,,Joiner,,,Active,,,REDACTED,"In current dataset as active, not in previous year"
2791062,Children's home,East Midlands,East Midlands,Lincolnshire,Gainsborough,Private,3,,,12/06/2024,,,,Joiner,,,Active,,,REDACTED,"In current dataset as active, not in previous year"
2791436,Supported Accommodation,West Midlands,West Midlands,Warwickshire,Warwick and Leamington,Private,48,8,,25/03/2025,,,,Joiner,,,Active,,,Genesis Living,"In current dataset as active, not in previous year"
2792072,Children's home,East of England,East of England,Hertfordshire,Welwyn Hatfield,Private,2,,,11/10/2024,,,,Joiner,,,Active,,,REDACTED,"In current dataset as active, not in previous year"
2792586,Children's home,West Midlands,West Midlands,Stoke-on-Trent,Stoke-on-Trent Central,Private,2,,,23/08/2024,,,,Joiner,,,Active,,,REDACTED,"In current dataset as active, not in previous year"
2793592,Children's home,South West,South West,Devon,Torridge and Tavistock,Private,2,,,24/07/2024,,,,Joiner,,,Active,,,REDACTED,"In current dataset as active, not in previous year"
2794183,Children's home,London,London,Enfield,Southgate and Wood Green,Private,2,,,21/08/2024,,,,Joiner,,,Active,,,REDACTED,"In current dataset as active, not in previous year"
2794413,Children's home,North West,North West,Liverpool,Liverpool Riverside,Private,1,,,20/11/2024,,,,Joiner,,,Active,,,REDACTED,"In current dataset as active, not in previous year"
2795246,Residential Family Centre,North West,North West,Cheshire West and Chester,Chester North and Neston,Private,4,,,06/09/2024,,,,Joiner,,,Active,,,Rawson House,"In current dataset as active, not in previous year"
2795256,Supported Accommodation,East of England,East of England,Central Bedfordshire,Hitchin,Private,6,2,,17/12/2024,,,,Joiner,,,,,,Brighter Stay Limited,"In current dataset as active, not in previous year"
2795277,Children's home,"North East, Yorkshire and the Humber",Yorkshire and The Humber,Bradford,Shipley,Private,3,,,05/02/2025,,,,Joiner,,,Active,,,REDACTED,"In current dataset as active, not in previous year"
2795315,Children's home,West Midlands,West Midlands,Worcestershire,Wyre Forest,Private,3,,,19/09/2024,,,,Joiner,,,Active,,,REDACTED,"In current dataset as active, not in previous year"
2795346,Children's home,North West,North West,Lancashire,Chorley,Private,2,,,24/07/2024,,,,Joiner,,,Active,,,REDACTED,"In current dataset as active, not in previous year"
2795531,Children's home,"North East, Yorkshire and the Humber",Yorkshire and The Humber,Bradford,Bradford West,Private,3,,,24/07/2024,,,,Joiner,,,Active,,,REDACTED,"In current dataset as active, not in previous year"
2795771,Children's home,North West,North West,Warrington,Warrington North,Local Authority,4,,Short breaks only,30/08/2024,,,,Joiner,,,Active,,,REDACTED,"In current dataset as active, not in previous year"
2796105,Children's home,North West,North West,Wigan,Makerfield,Private,2,,,23/08/2024,,,,Joiner,,,Active,,,REDACTED,"In current dataset as active, not in previous year"
2796263,Children's home,West Midlands,West Midlands,Coventry,Coventry East,Private,2,,,26/08/2024,,,,Joiner,,,Active,,,REDACTED,"In current dataset as active, not in previous year"
2796537,Children's home,North West,North West,Lancashire,Blackpool North and Fleetwood,Private,2,,,26/09/2024,,,,Joiner,,,Active,,,REDACTED,"In current dataset as active, not in previous year"
2797692,Supported Accommodation,East of England,East of England,Hertfordshire,Broxbourne,Private,6,1,,07/02/2025,,,,Joiner,,,Active,,,My Future,"In current dataset as active, not in previous year"
2798304,Children's home,South East,South East,Oxfordshire,Didcot and Wantage,Private,3,,,13/11/2024,,,,Joiner,,,Active,,,REDACTED,"In current dataset as active, not in previous year"
2798374,Supported Accommodation,East of England,East of England,Essex,Colchester,Private,14,5,,06/03/2025,,,,Joiner,,,Active,,,GENPRIDE LTD,"In current dataset as active, not in previous year"
2798926,Supported Accommodation,East Midlands,East Midlands,Leicestershire,South Leicestershire,Private,2,2,,02/01/2025,,,,Joiner,,,Active,,,Park House,"In current dataset as active, not in previous year"
2800235,Residential Family Centre,South West,South West,Plymouth,Plymouth Sutton and Devonport,Voluntary,7,,,12/08/2024,,,,Joiner,,,Active,,,Jasmine Mother and Child,"In current dataset as active, not in previous year"
2800489,Children's home,South West,South West,Bristol,Bristol South,Local Authority,3,,,16/08/2024,,,,Joiner,,,Active,,,REDACTED,"In current dataset as active, not in previous year"
2801128,Children's home,South West,South West,Gloucestershire,Gloucester,Private,2,,,20/11/2024,,,,Joiner,,,Active,,,REDACTED,"In current dataset as active, not in previous year"
2802269,Children's home,South East,South East,Kent,Faversham and Mid Kent,Private,4,,,16/10/2024,,,,Joiner,,,Active,,,REDACTED,"In current dataset as active, not in previous year"
2802655,Children's home,South East,South East,Medway,Rochester and Strood,Local Authority,5,,,09/10/2024,,,,Joiner,,,Active,,,REDACTED,"In current dataset as active, not in previous year"
2806362,Children's home,East of England,East of England,Essex,Colchester,Private,4,,,05/09/2024,,,,Joiner,,,Active,,,REDACTED,"In current dataset as active, not in previous year"
2807068,Children's home,East Midlands,East Midlands,Leicester,Leicester East,Private,3,,,26/11/2024,,,,Joiner,,,Active,,,REDACTED,"In current dataset as active, not in previous year"
2807075,Children's home,East Midlands,East Midlands,Derby,Mid Derbyshire,Private,3,,,25/10/2024,,,,Joiner,,,Active,,,REDACTED,"In current dataset as active, not in previous year"
2807199,Children's home,South East,South East,Kent,Canterbury,Private,5,,,28/03/2025,,,,Joiner,,,Active,,,REDACTED,"In current dataset as active, not in previous year"
2807234,Children's home,North West,North West,Lancashire,Preston,Private,1,,,30/01/2025,,,,Joiner,,,Active,,,REDACTED,"In current dataset as active, not in previous year"
2808009,Children's home,North West,North West,Lancashire,Preston,Private,3,,,17/12/2024,,,,Joiner,,,Active,,,REDACTED,"In current dataset as active, not in previous year"
2808108,Children's home,North West,North West,Lancashire,Blackpool North and Fleetwood,Private,2,,,14/10/2024,,,,Joiner,,,Active,,,REDACTED,"In current dataset as active, not in previous year"
2808298,Children's home,"North East, Yorkshire and the Humber",Yorkshire and The Humber,East Riding of Yorkshire,Beverley and Holderness,Local Authority,1,,,03/01/2025,,,,Joiner,,,Active,,,REDACTED,"In current dataset as active, not in previous year"
2808457,Independent Fostering Agency,London,London,Harrow,Harrow West,Private,,,,05/03/2025,,,,Joiner,,,Active,,,Thrive  Fostering Ltd,"In current dataset as active, not in previous year"
2808727,Children's home,East of England,East of England,Essex,Castle Point,Private,3,,,09/12/2024,,,,Joiner,,,Active,,,REDACTED,"In current dataset as active, not in previous year"
2808730,Children's home,"North East, Yorkshire and the Humber",Yorkshire and The Humber,Kirklees,Spen Valley,Private,3,,,21/10/2024,,,,Joiner,,,Active,,,REDACTED,"In current dataset as active, not in previous year"
2809785,Children's home,East Midlands,East Midlands,North Northamptonshire,Wellingborough and Rushden,Private,2,,,19/12/2024,,,,Joiner,,,Active,,,REDACTED,"In current dataset as active, not in previous year"
2810028,Children's home,West Midlands,West Midlands,Coventry,Coventry North West,Local Authority,4,,,25/02/2025,,,,Joiner,,,Active,,,REDACTED,"In current dataset as active, not in previous year"
2810441,Children's home,East Midlands,East Midlands,Leicestershire,Melton and Syston,Private,1,,,22/11/2024,,,,Joiner,,,Active,,,REDACTED,"In current dataset as active, not in previous year"
2810766,Children's home,West Midlands,West Midlands,Dudley,Dudley,Private,2,,,03/03/2025,,,,Joiner,,,Active,,,REDACTED,"In current dataset as active, not in previous year"
2812248,Children's home,West Midlands,West Midlands,Staffordshire,Newcastle-under-Lyme,Private,3,,,20/12/2024,,,,Joiner,,,Active,,,REDACTED,"In current dataset as active, not in previous year"
2812913,Children's home,North West,North West,Sefton,Sefton Central,Private,3,,,20/12/2024,,,,Joiner,,,Active,,,REDACTED,"In current dataset as active, not in previous year"
2813382,Children's home,West Midlands,West Midlands,Sandwell,West Bromwich,Private,3,,,14/01/2025,,,,Joiner,,,Active,,,REDACTED,"In current dataset as active, not in previous year"
2814267,Children's home,"North East, Yorkshire and the Humber",Yorkshire and The Humber,Doncaster,Rawmarsh and Conisbrough,Private,3,,,30/01/2025,,,,Joiner,,,Active,,,REDACTED,"In current dataset as active, not in previous year"
2814441,Children's home,North West,North West,Lancashire,Fylde,Private,2,,,09/01/2025,,,,Joiner,,,Active,,,REDACTED,"In current dataset as active, not in previous year"
2815815,Children's home,West Midlands,West Midlands,Staffordshire,Stoke-on-Trent North,Private,2,,,20/01/2025,,,,Joiner,,,Active,,,REDACTED,"In current dataset as active, not in previous year"
2816187,Children's home,South West,South West,Devon,North Devon,Private,3,,,24/12/2024,,,,Joiner,,,Active,,,REDACTED,"In current dataset as active, not in previous year"
2817273,Residential Family Centre,London,London,Ealing,Ealing North,Private,6,,,10/03/2025,,,,Joiner,,,Active,,,The Kensington,"In current dataset as active, not in previous year"
2817454,Residential Family Centre,London,London,Lewisham,Lewisham West and East Dulwich,Private,6,,,29/01/2025,,,,Joiner,,,Active,,,Changing Generations JP Limited,"In current dataset as active, not in previous year"
2818206,Children's home,South East,South East,Wokingham,Earley and Woodley,Local Authority,4,,,21/01/2025,,,,Joiner,,,Active,,,REDACTED,"In current dataset as active, not in previous year"
2818548,Children's home,South West,South West,Devon,Exmouth and Exeter East,Private,3,,,27/02/2025,,,,Joiner,,,Active,,,REDACTED,"In current dataset as active, not in previous year"
2821939,Supported Accommodation,North West,North West,Bolton,Bolton West,Private,5,2,,26/03/2025,,,,Joiner,,,Active,,,RH Community Care Services Ltd,"In current dataset as active, not in previous year"
2822002,Children's home,North West,North West,Liverpool,Liverpool Walton,Private,2,,,28/01/2025,,,,Joiner,,,Active,,,REDACTED,"In current dataset as active, not in previous year"
2824890,Children's home,East of England,East of England,Bedford,Bedford,Private,3,,,24/02/2025,,,,Joiner,,,Active,,,REDACTED,"In current dataset as active, not in previous year"
2825829,Children's home,South East,South East,Hampshire,North West Hampshire,Private,3,,,27/02/2025,,,,Joiner,,,Active,,,REDACTED,"In current dataset as active, not in previous year"
2828500,Children's home,West Midlands,West Midlands,Staffordshire,Stafford,Private,3,,,13/02/2025,,,,Joiner,,,Active,,,REDACTED,"In current dataset as active, not in previous year"
1027078,Secure Training Centre,East Midlands,East Midlands,West Northamptonshire,Daventry,Private,,,,11/11/2014,13/08/2024,13/08/2024,,,Leaver,Active,Resigned,,,Rainsbrook Secure Training Centre,"In previous year, not in current dataset (closed date in Year)"
1184093,Children's home,North West,North West,Blackpool,Blackpool South,Private,3,,,22/12/2015,13/09/2024,13/09/2024,,,Leaver,Active,Resigned,,,REDACTED,"In previous year, not in current dataset (closed date in Year)"
1232473,Voluntary Adoption Agency,East Midlands,East Midlands,Nottinghamshire,Bassetlaw,Voluntary,,,,20/02/2025,,,,Joiner,,,Active,,,Cornerstone North East Fostering And Adoption Service,"In current dataset as active, not in previous year"
1271383,Children's home,East Midlands,East Midlands,Nottingham,Nottingham North and Kimberley,Voluntary,3,,,30/04/2018,01/12/2024,01/12/2024,,,Leaver,Active,Resigned,,,REDACTED,"In previous year, not in current dataset (closed date in Year)"
1271467,Children's home,South West,South West,Devon,Torridge and Tavistock,Private,3,,,14/03/2018,01/05/2024,01/05/2024,,,Leaver,Active,Resigned,,,REDACTED,"In previous year, not in current dataset (closed date in Year)"
1275188,Children's home,"North East, Yorkshire and the Humber",Yorkshire and The Humber,Leeds,Leeds West and Pudsey,Private,1,,,07/07/2018,14/06/2024,14/06/2024,,,Leaver,Active,Resigned,,,REDACTED,"In previous year, not in current dataset (closed date in Year)"
2490894,Children's home,"North East, Yorkshire and the Humber",North East,Hartlepool,Hartlepool,Local Authority,2,,,19/03/2019,11/06/2024,11/06/2024,,,Leaver,Active,Resigned,,,REDACTED,"In previous year, not in current dataset (closed date in Year)"
2501555,Residential special school (registered as a children's home),West Midlands,West Midlands,Shropshire,South Shropshire,Private,15,,,04/03/2019,31/08/2024,31/08/2024,,,Leaver,Active,Resigned,Ofsted,,REDACTED,"In previous year, not in current dataset (closed date in Year)"
2509731,Children's home,West Midlands,West Midlands,Staffordshire,Newcastle-under-Lyme,Private,3,,,08/04/2019,07/02/2025,07/02/2025,,,Leaver,Active,Resigned,,,REDACTED,"In previous year, not in current dataset (closed date in Year)"
2513339,Children's home,East of England,East of England,Central Bedfordshire,Mid Bedfordshire,Local Authority,5,,,28/01/2019,31/05/2024,31/05/2024,,,Leaver,Active,Resigned,,,REDACTED,"In previous year, not in current dataset (closed date in Year)"
2549696,Independent Fostering Agency,West Midlands,West Midlands,Worcestershire,Worcester,Voluntary,,,,01/10/2019,01/10/2024,01/10/2024,,,Leaver,Active,Resigned,,,Worcestershire Children First Fostering,"In previous year, not in current dataset (closed date in Year)"
2577014,Children's home,"North East, Yorkshire and the Humber",Yorkshire and The Humber,Rotherham,Rother Valley,Private,1,,,12/08/2020,13/01/2025,13/01/2025,,,Leaver,Active,Resigned,,,REDACTED,"In previous year, not in current dataset (closed date in Year)"
2593054,Children's home,South West,South West,Cornwall,South East Cornwall,Voluntary,3,,,21/07/2020,28/01/2025,28/01/2025,,,Leaver,Active,Resigned,,,REDACTED,"In previous year, not in current dataset (closed date in Year)"
2594366,Children's home,West Midlands,West Midlands,Stoke-on-Trent,Stoke-on-Trent South,Private,4,,,20/10/2020,25/06/2024,25/06/2024,,,Leaver,Active,Resigned,,,REDACTED,"In previous year, not in current dataset (closed date in Year)"
2611212,Residential Family Centre,East of England,East of England,Bedford,North Bedfordshire,Private,5,,,01/06/2022,14/12/2024,14/12/2024,,,Leaver,Active,Resigned,,,Resicare Alliance,"In previous year, not in current dataset (closed date in Year)"
2620222,Children's home,North West,North West,Blackpool,Blackpool South,Private,2,,,14/07/2021,20/05/2024,20/05/2024,,,Leaver,Active,Resigned,,,REDACTED,"In previous year, not in current dataset (closed date in Year)"
2683465,Children's home,South East,South East,Kent,East Thanet,Local Authority,8,,,25/04/2023,10/10/2024,10/10/2024,,,Leaver,Active,Resigned,Unknown,,REDACTED,"In previous year, not in current dataset (closed date in Year)"
2693124,Children's home,East of England,East of England,Luton,Luton South and South Bedfordshire,Private,4,,,02/11/2022,08/05/2024,08/05/2024,,,Leaver,Active,Resigned,,,REDACTED,"In previous year, not in current dataset (closed date in Year)"
2694028,Children's home,East Midlands,East Midlands,Nottinghamshire,Gedling,Private,3,,,18/10/2024,,,,Joiner,,,Active,,,REDACTED,"In current dataset as active, not in previous year"
2732325,Children's home,East Midlands,East Midlands,Nottinghamshire,Sherwood Forest,Private,1,,,26/09/2023,,04/06/2024,04/06/2024,,Leaver,Active,Cancelled,,,REDACTED,"In previous year, not in current dataset (closed date in Year)"
2735040,Residential Special School,"North East, Yorkshire and the Humber",Yorkshire and The Humber,North Yorkshire,Scarborough and Whitby,Academy,67,,,01/03/2023,,04/11/2024,,,Leaver,Active,Closed,Unknown,Unknown,Brompton Hall School,"In previous year, not in current dataset (closed date in Year)"
2735317,Children's home,West Midlands,West Midlands,Staffordshire,Kingswinford and South Staffordshire,Private,3,,,29/05/2024,,,,Joiner,,,Active,,,REDACTED,"In current dataset as active, not in previous year"
2745380,Residential Family Centre,London,London,Bexley,Erith and Thamesmead,Private,2,,,03/07/2024,,,,Joiner,,,Active,,,Golden Eagle Parent and Child Placements,"In current dataset as active, not in previous year"
2745837,Children's home,North West,North West,Cheshire East,Crewe and Nantwich,Private,4,,,09/02/2024,31/01/2025,31/01/2025,,,Leaver,Active,Resigned,,,REDACTED,"In previous year, not in current dataset (closed date in Year)"
2747253,Supported Accommodation,London,London,Harrow,Harrow West,Private,103,20,,24/02/2025,,,,Joiner,,,Active,,,iAspire Care Services Limited,"In current dataset as active, not in previous year"
2748845,Supported Accommodation,London,London,Barnet,Finchley and Golders Green,Private,60,15,,09/04/2024,,,,Joiner,,,Active,,,Silver Birch Care London West,"In current dataset as active, not in previous year"
2748960,Supported Accommodation,London,London,Barnet,Finchley and Golders Green,Private,42,12,,19/04/2024,,,,Joiner,,,Active,,,Silver Birch Care (North West Region & Peterborough),"In current dataset as active, not in previous year"
2751130,Supported Accommodation,London,London,Bromley,Eltham and Chislehurst,Private,14,3,,18/09/2024,,,,Joiner,,,Active,,,Green Harvest Capital Consulting Ltd,"In current dataset as active, not in previous year"
2752065,Supported Accommodation,West Midlands,West Midlands,Walsall,Wolverhampton South East,Private,8,8,,21/08/2024,,,,Joiner,,,Active,,,Care All Round Ltd,"In current dataset as active, not in previous year"
2753761,Children's home,"North East, Yorkshire and the Humber",Yorkshire and The Humber,Bradford,Keighley and Ilkley,Private,1,,,26/04/2024,,,,Joiner,,,Active,,,REDACTED,"In current dataset as active, not in previous year"
2754313,Supported Accommodation,West Midlands,West Midlands,Dudley,Dudley,Private,8,2,,25/09/2024,,,,Joiner,,,Active,,,True Supported Living,"In current dataset as active, not in previous year"
2757947,Children's home,East Midlands,East Midlands,Nottinghamshire,Newark,Private,4,,,07/05/2024,,,,Joiner,,,Active,,,REDACTED,"In current dataset as active, not in previous year"
2758414,Supported Accommodation,London,London,Brent,Brent West,Private,9,2,,22/01/2025,,,,Joiner,,,Active,,,Graceshope,"In current dataset as active, not in previous year"
2758932,Supported Accommodation,West Midlands,West Midlands,Worcestershire,Worcester,Private,30,9,,22/05/2024,,,,Joiner,,,Active,,,Path 4 You,"In current dataset as active, not in previous year"
2759542,Children's home,North West,North West,Bury,Bury South,Private,3,,,13/05/2024,,,,Joiner,,,Active,,,REDACTED,"In current dataset as active, not in previous year"
2760187,Supported Accommodation,West Midlands,West Midlands,Solihull,Meriden and Solihull East,Private,12,5,,21/09/2024,,,,Joiner,,,Active,,,3Belle.Ami Health Limited,"In current dataset as active, not in previous year"
2760809,Supported Accommodation,East Midlands,East Midlands,Nottingham,Nottingham East,Private,16,8,,30/04/2024,,,,Joiner,,,Active,,,Smile Care Services,"In current dataset as active, not in previous year"
2760999,Supported Accommodation,East Midlands,East Midlands,Nottingham,Nottingham South,Private,38,11,,29/05/2024,,,,Joiner,,,Active,,,Serenity Housing Support,"In current dataset as active, not in previous year"
2761310,Supported Accommodation,East of England,East of England,Essex,Chelmsford,Private,38,13,,17/06/2024,,,,Joiner,,,Active,,,Aden Homes Limited,"In current dataset as active, not in previous year"
2761929,Supported Accommodation,East Midlands,East Midlands,Leicester,Leicester South,Private,11,7,,03/05/2024,,,,Joiner,,,Active,,,Happy Group UK Limited 16+,"In current dataset as active, not in previous year"
2761983,Supported Accommodation,London,London,Enfield,Edmonton and Winchmore Hill,Private,19,7,,16/12/2024,,,,Joiner,,,Active,,,Care R Us (Essex) Ltd,"In current dataset as active, not in previous year"
2761989,Children's home,London,London,Hillingdon,Hayes and Harlington,Private,4,,,23/01/2025,,,,Joiner,,,Active,,,REDACTED,"In current dataset as active, not in previous year"
2762285,Supported Accommodation,South East,South East,Kent,Canterbury,Private,27,6,,17/05/2024,,,,Joiner,,,Active,,,Access Floating and Housing Support,"In current dataset as active, not in previous year"
2762296,Supported Accommodation,London,London,Kingston upon Thames,Kingston and Surbiton,Voluntary,36,4,,05/06/2024,,,,Joiner,,,Active,,,Achieving for Children Housing and Outreach Support Team,"In current dataset as active, not in previous year"
2762440,Supported Accommodation,London,London,Greenwich,Greenwich and Woolwich,Private,11,2,,12/02/2025,,,,Joiner,,,Active,,,Infinity Alliance,"In current dataset as active, not in previous year"
2762719,Supported Accommodation,North West,North West,Stockport,Stockport,Local Authority,22,20,,29/08/2024,,,,Joiner,,,Active,,,Stockport Support Accommodation,"In current dataset as active, not in previous year"
2762813,Supported Accommodation,South East,South East,Medway,Chatham and Aylesford,Private,14,3,,10/02/2025,,,,Joiner,,,Active,,,Goshen Care UK Limited,"In current dataset as active, not in previous year"
2762874,Supported Accommodation,London,London,Enfield,Southgate and Wood Green,Private,46,15,,10/04/2024,,,,Joiner,,,Active,,,Crown Social Care,"In current dataset as active, not in previous year"
2762902,Supported Accommodation,London,London,Lewisham,Lewisham East,Private,9,3,,28/11/2024,,,,Joiner,,,Active,,,Sydney Care Ltd,"In current dataset as active, not in previous year"
2763330,Supported Accommodation,East Midlands,East Midlands,Leicester,Leicester West,Private,19,7,,19/04/2024,,,,Joiner,,,Active,,,Arch Homes and Support Ltd,"In current dataset as active, not in previous year"
2763503,Supported Accommodation,South East,South East,Southampton,Southampton Test,Private,56,35,,25/06/2024,,,,Joiner,,,Active,,,The Beehive Project,"In current dataset as active, not in previous year"
2763586,Supported Accommodation,West Midlands,West Midlands,Staffordshire,Newcastle-under-Lyme,Private,8,1,,28/07/2024,,,,Joiner,,,Active,,,Mother Phoenix Ltd,"In current dataset as active, not in previous year"
2763637,Supported Accommodation,East Midlands,East Midlands,Nottingham,Nottingham East,Private,2,1,,30/09/2024,,,,Joiner,,,Active,,,A G Semi-Independent Accommodation,"In current dataset as active, not in previous year"
2763641,Supported Accommodation,East of England,East of England,Central Bedfordshire,Mid Bedfordshire,Private,4,1,,26/08/2024,,,,Joiner,,,Active,,,Start For Life Ltd,"In current dataset as active, not in previous year"
2763874,Supported Accommodation,West Midlands,West Midlands,Walsall,Walsall and Bloxwich,Private,8,3,,28/03/2025,,,,Joiner,,,Active,,,ThomasCare Supporting Accommodation LTD,"In current dataset as active, not in previous year"
2763918,Supported Accommodation,South West,South West,Gloucestershire,Cheltenham,Private,52,19,,23/05/2024,,,,Joiner,,,Active,,,Caring for Communities and People (ILS),"In current dataset as active, not in previous year"
2763936,Supported Accommodation,"North East, Yorkshire and the Humber",North East,North Tyneside,Newcastle upon Tyne East and Wallsend,Private,35,29,,18/06/2024,,,,Joiner,,,Active,,,North East Supported Tenancies Ltd,"In current dataset as active, not in previous year"
2764041,Supported Accommodation,East of England,East of England,Thurrock,Thurrock,Private,17,4,,12/09/2024,,,,Joiner,,,Active,,,TNS Care Limited,"In current dataset as active, not in previous year"
2764669,Supported Accommodation,North West,North West,St Helens,St Helens South and Whiston,Voluntary,75,67,,18/11/2024,,,,Joiner,,,Active,,,Shap Ltd,"In current dataset as active, not in previous year"
2765015,Supported Accommodation,North West,North West,Sefton,Sefton Central,Private,14,6,,30/08/2024,,,,Joiner,,,Active,,,Kilter Care Ltd,"In current dataset as active, not in previous year"
2765117,Supported Accommodation,South West,South West,Bristol,Bristol East,Private,3,1,,06/12/2024,,,,Joiner,,,Active,,,Adolescent Support Home Services (ASHS) Ltd,"In current dataset as active, not in previous year"
2765126,Supported Accommodation,East Midlands,East Midlands,Nottingham,Nottingham North and Kimberley,Private,8,4,,16/10/2024,,,,Joiner,,,Active,,,Sunrise Homes Services,"In current dataset as active, not in previous year"
2765175,Children's home,West Midlands,West Midlands,Staffordshire,Staffordshire Moorlands,Private,5,,,21/08/2024,,,,Joiner,,,Active,,,REDACTED,"In current dataset as active, not in previous year"
2765250,Supported Accommodation,South East,South East,Milton Keynes,Milton Keynes Central,Private,7,2,,01/10/2024,,,,Joiner,,,Active,,,Sarmey Supported Living T/A Sarmey Healthcare Ltd,"In current dataset as active, not in previous year"
2765286,Supported Accommodation,East Midlands,East Midlands,Nottinghamshire,Bassetlaw,Voluntary,48,43,,24/05/2024,,,,Joiner,,,Active,,,New Roots,"In current dataset as active, not in previous year"
2765337,Supported Accommodation,London,London,Barnet,Hendon,Private,12,3,,28/03/2025,,,,Joiner,,,Active,,,Gilead Homes,"In current dataset as active, not in previous year"
2765343,Supported Accommodation,London,London,Barking and Dagenham,Dagenham and Rainham,Private,4,1,,26/10/2024,,,,Joiner,,,Active,,,Teebollz Consulting Ltd,"In current dataset as active, not in previous year"
2765381,Supported Accommodation,South West,South West,Gloucestershire,Gloucester,Private,24,5,,12/01/2025,,,,Joiner,,,Active,,,Gloucester Family Care Ltd,"In current dataset as active, not in previous year"
2765475,Supported Accommodation,East of England,East of England,Norfolk,North West Norfolk,Private,7,2,,24/10/2024,,,,Joiner,,,Active,,,Headway Support Services Ltd,"In current dataset as active, not in previous year"
2765605,Supported Accommodation,North West,North West,St Helens,St Helens South and Whiston,Private,4,1,,23/06/2024,,,,Joiner,,,Active,,,Care Matters Ltd,"In current dataset as active, not in previous year"
2765663,Supported Accommodation,South West,South West,Devon,Honiton and Sidmouth,Private,18,5,,30/07/2024,,,,Joiner,,,Active,,,Acorn Independence,"In current dataset as active, not in previous year"
2765736,Supported Accommodation,East of England,East of England,Peterborough,North West Cambridgeshire,Private,5,2,,16/10/2024,,,,Joiner,,,Active,,,Apsley Care Ltd,"In current dataset as active, not in previous year"
2765747,Supported Accommodation,"North East, Yorkshire and the Humber",Yorkshire and The Humber,North Yorkshire,Skipton and Ripon,Voluntary,19,1,,21/09/2024,,,,Joiner,,,Active,,,Ripon YMCA,"In current dataset as active, not in previous year"
2765787,Supported Accommodation,South East,South East,Wokingham,Earley and Woodley,Private,5,2,,24/10/2024,,,,Joiner,,,Active,,,Crest Care Solutions Ltd,"In current dataset as active, not in previous year"
2765851,Supported Accommodation,East of England,East of England,Hertfordshire,Broxbourne,Private,2,1,,15/08/2024,,,,Joiner,,,Active,,,Cheshunt House,"In current dataset as active, not in previous year"
2766029,Supported Accommodation,West Midlands,West Midlands,Wolverhampton,Wolverhampton South East,Private,37,15,,26/08/2024,,,,Joiner,,,Active,,,Cornerstones Group Ltd,"In current dataset as active, not in previous year"
2766312,Supported Accommodation,"North East, Yorkshire and the Humber",Yorkshire and The Humber,York,York Central,Voluntary,57,34,,23/06/2024,,,,Joiner,,,Active,,,Safe And Sound Homes,"In current dataset as active, not in previous year"
2766432,Supported Accommodation,West Midlands,West Midlands,Shropshire,Shrewsbury,Private,3,3,,21/09/2024,,,,Joiner,,,Active,,,SAAIL ltd,"In current dataset as active, not in previous year"
2766439,Supported Accommodation,North West,North West,Manchester,Manchester Rusholme,Voluntary,99,34,,11/04/2024,,,,Joiner,,,Active,,,Saha young people's services - North,"In current dataset as active, not in previous year"
2766662,Supported Accommodation,South East,South East,Hampshire,New Forest East,Private,2,1,,06/12/2024,,,,Joiner,,,Active,,,Achieve Care Ltd,"In current dataset as active, not in previous year"
2766843,Supported Accommodation,South East,South East,Milton Keynes,Milton Keynes Central,Private,15,6,,24/05/2024,,,,Joiner,,,Active,,,Welington Mbofana,"In current dataset as active, not in previous year"
2766882,Supported Accommodation,Wales,Wales,Wrexham,Wrexham,Private,10,7,,25/03/2025,,,,Joiner,,,Active,,,Next Generation Housing Services Limited,"In current dataset as active, not in previous year"
2767229,Supported Accommodation,South East,South East,Brighton and Hove,Brighton Kemptown and Peacehaven,Private,14,2,,12/01/2025,,,,Joiner,,,Active,,,Havens Properties Ltd,"In current dataset as active, not in previous year"
2767257,Supported Accommodation,South West,South West,North Somerset,Weston-super-Mare,Voluntary,28,12,,22/11/2024,,,,Joiner,,,Active,,,Saha young people's services - South West,"In current dataset as active, not in previous year"
2767295,Supported Accommodation,South East,South East,Kent,Dartford,Private,7,2,,31/07/2024,,,,Joiner,,,Active,,,Retons Care and Training Services,"In current dataset as active, not in previous year"
2768601,Supported Accommodation,West Midlands,West Midlands,Birmingham,Birmingham Yardley,Private,4,2,,11/12/2024,,,,Joiner,,,Active,,,Calvic Enterprises Limited,"In current dataset as active, not in previous year"
2769050,Supported Accommodation,North West,North West,Trafford,Wythenshawe and Sale East,Private,11,5,,21/02/2025,,,,Joiner,,,Active,,,ChivMor Living,"In current dataset as active, not in previous year"
2769194,Supported Accommodation,"North East, Yorkshire and the Humber",Yorkshire and The Humber,Bradford,Bradford South,Private,13,3,,06/11/2024,,,,Joiner,,,Active,,,HSS Homes Ltd,"In current dataset as active, not in previous year"
2769263,Supported Accommodation,East of England,East of England,Bedford,Bedford,Private,3,1,,04/03/2025,,,,Joiner,,,Active,,,Edmar Recruitment Services Ltd,"In current dataset as active, not in previous year"
2769390,Supported Accommodation,South East,South East,Milton Keynes,Milton Keynes Central,Private,4,2,,23/12/2024,,,,Joiner,,,Active,,,Bestfield Care Limited,"In current dataset as active, not in previous year"
2769592,Supported Accommodation,South East,South East,Milton Keynes,Milton Keynes Central,Private,14,3,,19/11/2024,,,,Joiner,,,Active,,,ACH Healthcare,"In current dataset as active, not in previous year"
2769758,Supported Accommodation,East Midlands,East Midlands,Nottingham,Nottingham South,Private,12,3,,27/09/2024,,,,Joiner,,,Active,,,Elite Care,"In current dataset as active, not in previous year"
2769759,Children's home,London,London,Kingston upon Thames,Wimbledon,Private,5,,,03/07/2024,,,,Joiner,,,Active,,,REDACTED,"In current dataset as active, not in previous year"
2769996,Supported Accommodation,London,London,Brent,Brent East,Private,4,1,,09/12/2024,,,,Joiner,,,Active,,,New Dawn Supported Accommodation,"In current dataset as active, not in previous year"
2770000,Supported Accommodation,London,London,Barnet,Hendon,Private,4,1,,19/11/2024,,,,Joiner,,,Active,,,Advantage Shield Haven LTD,"In current dataset as active, not in previous year"
2770425,Supported Accommodation,South East,South East,Kent,Folkestone and Hythe,Private,9,1,,12/01/2025,,,,Joiner,,,Active,,,Blue Diamond Properties Ltd,"In current dataset as active, not in previous year"
2770449,Supported Accommodation,East Midlands,East Midlands,North Northamptonshire,Corby and East Northamptonshire,Private,18,9,,25/07/2024,,,,Joiner,,,Active,,,Global Access Care,"In current dataset as active, not in previous year"
2771322,Supported Accommodation,East of England,East of England,Peterborough,Peterborough,Private,10,3,,14/03/2025,,,,Joiner,,,Active,,,Kenley Group,"In current dataset as active, not in previous year"
2771384,Supported Accommodation,"North East, Yorkshire and the Humber",Yorkshire and The Humber,Wakefield,Ossett and Denby Dale,Private,2,1,,26/05/2024,,,,Joiner,,,Active,,,Flair Care Solutions Limited,"In current dataset as active, not in previous year"
2771420,Supported Accommodation,South West,South West,South Gloucestershire,Bristol North East,Voluntary,2,2,,31/07/2024,,,,Joiner,,,Active,,,South Gloucestershire Youth Housing,"In current dataset as active, not in previous year"
2771500,Children's home,North West,North West,Salford,Salford,Private,2,,,13/09/2024,,,,Joiner,,,Active,,,REDACTED,"In current dataset as active, not in previous year"
2772415,Supported Accommodation,East Midlands,East Midlands,West Northamptonshire,Northampton South,Private,3,1,,07/10/2024,,,,Joiner,,,Active,,,Mega Choice Support Ltd,"In current dataset as active, not in previous year"
2772844,Children's home,South East,South East,Kent,Maidstone and Malling,Private,3,,,31/05/2024,,,,Joiner,,,Active,,,REDACTED,"In current dataset as active, not in previous year"
2774131,Supported Accommodation,West Midlands,West Midlands,Wolverhampton,Wolverhampton West,Private,6,3,,15/01/2025,,,,Joiner,,,Active,,,RTSR Health Care,"In current dataset as active, not in previous year"
2774484,Supported Accommodation,West Midlands,West Midlands,Walsall,Aldridge-Brownhills,Private,3,1,,30/10/2024,,,,Joiner,,,Active,,,BEST Children and Young People Support Ltd,"In current dataset as active, not in previous year"
2775104,Children's home,"North East, Yorkshire and the Humber",Yorkshire and The Humber,North East Lincolnshire,Great Grimsby and Cleethorpes,Local Authority,1,,,31/05/2024,,,,Joiner,,,Active,,,REDACTED,"In current dataset as active, not in previous year"
2775218,Children's home,"North East, Yorkshire and the Humber",Yorkshire and The Humber,Bradford,Bradford South,Private,2,,,03/04/2024,,,,Joiner,,,Active,,,REDACTED,"In current dataset as active, not in previous year"
2775374,Children's home,"North East, Yorkshire and the Humber",Yorkshire and The Humber,North Yorkshire,Selby,Voluntary,4,,,02/05/2024,,,,Joiner,,,Active,,,REDACTED,"In current dataset as active, not in previous year"
2775797,Children's home,South East,South East,Hampshire,New Forest West,Private,6,,,30/04/2024,,,,Joiner,,,Active,,,REDACTED,"In current dataset as active, not in previous year"
2777652,Children's home,"North East, Yorkshire and the Humber",North East,Sunderland,Houghton and Sunderland South,Private,4,,,23/05/2024,,,,Joiner,,,Active,,,REDACTED,"In current dataset as active, not in previous year"
2778039,Supported Accommodation,London,London,Croydon,Croydon West,Private,12,4,,04/10/2024,,,,Joiner,,,Active,,,LCT Care Ltd,"In current dataset as active, not in previous year"
2778311,Children's home,North West,North West,Lancashire,Morecambe and Lunesdale,Private,2,,,26/04/2024,,,,Joiner,,,Active,,,REDACTED,"In current dataset as active, not in previous year"
2778608,Supported Accommodation,East of England,East of England,Thurrock,Thurrock,Private,5,1,,13/02/2025,,,,Joiner,,,Active,,,I-Rise Services Limited,"In current dataset as active, not in previous year"
2778855,Children's home,West Midlands,West Midlands,Staffordshire,Cannock Chase,Private,3,,,30/09/2024,,,,Joiner,,,Active,,,REDACTED,"In current dataset as active, not in previous year"
2779082,Children's home,East Midlands,East Midlands,West Northamptonshire,Northampton North,Private,1,,,30/05/2024,,,,Joiner,,,Active,,,REDACTED,"In current dataset as active, not in previous year"
2779606,Children's home,"North East, Yorkshire and the Humber",North East,Stockton-on-Tees,Stockton West,Private,2,,,16/05/2024,,,,Joiner,,,Active,,,REDACTED,"In current dataset as active, not in previous year"
2779719,Children's home,East of England,East of England,Southend on Sea,Southend East and Rochford,Private,3,,,18/10/2024,,,,Joiner,,,Active,,,REDACTED,"In current dataset as active, not in previous year"
2780085,Supported Accommodation,"North East, Yorkshire and the Humber",Yorkshire and The Humber,Barnsley,Barnsley South,Private,6,2,,16/07/2024,,,,Joiner,,,Active,,,Assess to Support Limited,"In current dataset as active, not in previous year"
2780134,Supported Accommodation,South East,South East,Kent,East Thanet,Private,2,1,,24/12/2024,,,,Joiner,,,Active,,,Peniel First,"In current dataset as active, not in previous year"
2780235,Children's home,"North East, Yorkshire and the Humber",North East,Sunderland,Sunderland Central,Private,2,,,01/07/2024,,,,Joiner,,,Active,,,REDACTED,"In current dataset as active, not in previous year"
2780236,Children's home,North West,North West,Lancashire,Rossendale and Darwen,Private,1,,,26/04/2024,,,,Joiner,,,Active,,,REDACTED,"In current dataset as active, not in previous year"
2781336,Children's home,East Midlands,East Midlands,Nottinghamshire,Sherwood Forest,Private,3,,,07/05/2024,,,,Joiner,,,Active,,,REDACTED,"In current dataset as active, not in previous year"
2782440,Supported Accommodation,London,London,Sutton,Carshalton and Wallington,Private,4,1,,27/02/2025,,,,Joiner,,,Active,,,Opal Housing,"In current dataset as active, not in previous year"
2782889,Supported Accommodation,North West,North West,Manchester,Gorton and Denton,Private,2,1,,02/05/2024,,,,Joiner,,,Active,,,Bramhall Care Limited,"In current dataset as active, not in previous year"
2782891,Supported Accommodation,London,London,Southwark,Peckham,Private,3,1,,15/01/2025,,,,Joiner,,,Active,,,HopeLand Services,"In current dataset as active, not in previous year"
2783186,Residential Family Centre,South West,South West,Somerset,Taunton and Wellington,Private,1,,,11/09/2024,,,,Joiner,,,Active,,,No. 51,"In current dataset as active, not in previous year"
2783641,Residential Family Centre,North West,North West,Knowsley,Knowsley,Private,6,,,12/12/2024,,,,Joiner,,,Active,,,Lytham Lodge,"In current dataset as active, not in previous year"
2784402,Children's home,London,London,Hillingdon,Hayes and Harlington,Local Authority,1,,,29/05/2024,,,,Joiner,,,Active,,,REDACTED,"In current dataset as active, not in previous year"
2784900,Children's home,East of England,East of England,Luton,Luton South and South Bedfordshire,Private,3,,,15/07/2024,,,,Joiner,,,Active,,,REDACTED,"In current dataset as active, not in previous year"
2784976,Children's home,West Midlands,West Midlands,Warwickshire,North Warwickshire and Bedworth,Private,2,,,06/08/2024,,,,Joiner,,,Active,,,REDACTED,"In current dataset as active, not in previous year"
2785128,Children's home,London,London,Hillingdon,Hayes and Harlington,Local Authority,1,,,29/05/2024,,,,Joiner,,,Active,,,REDACTED,"In current dataset as active, not in previous year"
2785993,Children's home,East Midlands,East Midlands,North Northamptonshire,Kettering,Private,3,,,19/09/2024,,,,Joiner,,,Active,,,REDACTED,"In current dataset as active, not in previous year"
2786196,Children's home,West Midlands,West Midlands,Staffordshire,Kingswinford and South Staffordshire,Private,4,,,12/04/2024,,,,Joiner,,,Active,,,REDACTED,"In current dataset as active, not in previous year"
2786434,Children's home,London,London,Redbridge,Ilford South,Private,4,,,31/07/2024,,,,Joiner,,,Active,,,REDACTED,"In current dataset as active, not in previous year"
2787325,Children's home,West Midlands,West Midlands,Sandwell,Tipton and Wednesbury,Private,1,,,21/10/2024,,,,Joiner,,,Active,,,REDACTED,"In current dataset as active, not in previous year"
2787739,Children's home,North West,North West,Lancashire,Burnley,Private,3,,,13/06/2024,,,,Joiner,,,Active,,,REDACTED,"In current dataset as active, not in previous year"
2787998,Children's home,South West,South West,Devon,Exmouth and Exeter East,Private,3,,,21/10/2024,,,,Joiner,,,Active,,,REDACTED,"In current dataset as active, not in previous year"
2788293,Children's home,North West,North West,Salford,Salford,Private,2,,,26/06/2024,,,,Joiner,,,Active,,,REDACTED,"In current dataset as active, not in previous year"
2788643,Children's home,"North East, Yorkshire and the Humber",Yorkshire and The Humber,Leeds,Leeds Central and Headingley,Private,3,,,14/06/2024,,,,Joiner,,,Active,,,REDACTED,"In current dataset as active, not in previous year"
2789250,Supported Accommodation,West Midlands,West Midlands,Wolverhampton,Wolverhampton West,Private,4,2,,10/02/2025,,,,Joiner,,,Active,,,SB Medics Ltd,"In current dataset as active, not in previous year"
2789925,Supported Accommodation,South East,South East,Milton Keynes,Milton Keynes Central,Private,9,2,,01/10/2024,,,,Joiner,,,Active,,,Agile Care Solutions Ltd,"In current dataset as active, not in previous year"
2790509,Children's home,West Midlands,West Midlands,Stoke-on-Trent,Stoke-on-Trent Central,Private,2,,,22/07/2024,20/01/2025,20/01/2025,,Joiner,Leaver,,Resigned,,,REDACTED,Joiner and Leaver in current reporting period
2790898,Children's home,"North East, Yorkshire and the Humber",North East,Darlington,Darlington,Private,1,,,07/10/2024,,,,Joiner,,,Active,,,REDACTED,"In current dataset as active, not in previous year"
2791102,Children's home,South East,South East,Oxfordshire,Witney,Local Authority,4,,,24/06/2024,,,,Joiner,,,Active,,,REDACTED,"In current dataset as active, not in previous year"
2792609,Children's home,East Midlands,East Midlands,Derbyshire,South Derbyshire,Private,1,,,27/11/2024,,,,Joiner,,,Active,,,REDACTED,"In current dataset as active, not in previous year"
2792780,Children's home,East Midlands,East Midlands,Derbyshire,Bolsover,Private,3,,,29/07/2024,,,,Joiner,,,Active,,,REDACTED,"In current dataset as active, not in previous year"
2793162,Children's home,"North East, Yorkshire and the Humber",Yorkshire and The Humber,Doncaster,Rawmarsh and Conisbrough,Private,2,,,16/07/2024,,,,Joiner,,,Active,,,REDACTED,"In current dataset as active, not in previous year"
2793778,Children's home,North West,North West,Cheshire East,Crewe and Nantwich,Private,1,,,14/02/2025,,,,Joiner,,,Active,,,REDACTED,"In current dataset as active, not in previous year"
2793883,Children's home,"North East, Yorkshire and the Humber",Yorkshire and The Humber,Kirklees,Huddersfield,Private,2,,,05/07/2024,,,,Joiner,,,Active,,,REDACTED,"In current dataset as active, not in previous year"
2793991,Children's home,North West,North West,Bury,Bury North,Private,2,,,06/08/2024,,,,Joiner,,,Active,,,REDACTED,"In current dataset as active, not in previous year"
2794124,Children's home,London,London,Sutton,Sutton and Cheam,Private,2,,,12/08/2024,,,,Joiner,,,Active,,,REDACTED,"In current dataset as active, not in previous year"
2794147,Children's home,North West,North West,Manchester,Manchester Rusholme,Private,2,,,22/10/2024,,,,Joiner,,,Active,,,REDACTED,"In current dataset as active, not in previous year"
2794301,Children's home,East Midlands,East Midlands,North Northamptonshire,Kettering,Private,1,,,22/11/2024,,,,Joiner,,,Active,,,REDACTED,"In current dataset as active, not in previous year"
2794302,Children's home,South East,South East,Hampshire,North West Hampshire,Private,3,,,21/08/2024,,,,Joiner,,,Active,,,REDACTED,"In current dataset as active, not in previous year"
2794802,Children's home,East Midlands,East Midlands,Nottinghamshire,Newark,Private,2,,,02/08/2024,,,,Joiner,,,Active,,,REDACTED,"In current dataset as active, not in previous year"
2794924,Supported Accommodation,East of England,East of England,Hertfordshire,Hertsmere,Private,1,1,,11/03/2025,,,,Joiner,,,Active,,,Pennington Lodge,"In current dataset as active, not in previous year"
2795977,Children's home,North West,North West,Lancashire,Preston,Private,2,,,11/07/2024,,,,Joiner,,,Active,,,REDACTED,"In current dataset as active, not in previous year"
2796116,Children's home,East Midlands,East Midlands,Derby,Mid Derbyshire,Private,2,,,06/09/2024,,,,Joiner,,,Active,,,REDACTED,"In current dataset as active, not in previous year"
2796485,Children's home,East of England,East of England,Suffolk,Suffolk Coastal,Local Authority,6,,,18/06/2024,,,,Joiner,,,Active,,,REDACTED,"In current dataset as active, not in previous year"
2797275,Children's home,East Midlands,East Midlands,Nottinghamshire,Ashfield,Private,2,,,04/10/2024,,,,Joiner,,,Active,,,REDACTED,"In current dataset as active, not in previous year"
2797526,Children's home,"North East, Yorkshire and the Humber",Yorkshire and The Humber,Bradford,Bradford East,Private,3,,,20/12/2024,,,,Joiner,,,Active,,,REDACTED,"In current dataset as active, not in previous year"
2797976,Children's home,South East,South East,East Sussex,Lewes,Private,3,,,21/11/2024,,,,Joiner,,,Active,,,REDACTED,"In current dataset as active, not in previous year"
2799242,Children's home,London,London,Camden,Hampstead and Highgate,Private,8,,,05/02/2025,,,,Joiner,,,Active,,,REDACTED,"In current dataset as active, not in previous year"
2799418,Supported Accommodation,"North East, Yorkshire and the Humber",Yorkshire and The Humber,Rotherham,Rotherham,Private,4,1,,17/01/2025,,,,Joiner,,,Active,,,Abrigo Homes,"In current dataset as active, not in previous year"
2801032,Children's home,North West,North West,Lancashire,Fylde,Private,3,,,28/08/2024,,,,Joiner,,,Active,,,REDACTED,"In current dataset as active, not in previous year"
2801419,Children's home,"North East, Yorkshire and the Humber",Yorkshire and The Humber,Doncaster,Rawmarsh and Conisbrough,Private,2,,,25/07/2024,,,,Joiner,,,Active,,,REDACTED,"In current dataset as active, not in previous year"
2802199,Children's home,South East,South East,Oxfordshire,Oxford East,Private,5,,,07/03/2025,,,,Joiner,,,Active,,,REDACTED,"In current dataset as active, not in previous year"
2803005,Children's home,East of England,East of England,Essex,Clacton,Private,4,,,29/01/2025,,,,Joiner,,,Active,,,REDACTED,"In current dataset as active, not in previous year"
2804278,Children's home,"North East, Yorkshire and the Humber",Yorkshire and The Humber,Leeds,Leeds South,Local Authority,4,,,07/10/2024,,,,Joiner,,,Active,,,REDACTED,"In current dataset as active, not in previous year"
2804883,Children's home,West Midlands,West Midlands,Staffordshire,Stafford,Private,3,,,15/01/2025,,,,Joiner,,,Active,,,REDACTED,"In current dataset as active, not in previous year"
2806499,Children's home,South West,South West,Cornwall,South East Cornwall,Private,3,,,28/01/2025,,,,Joiner,,,Active,,,REDACTED,"In current dataset as active, not in previous year"
2806527,Children's home,South East,South East,Kent,Sevenoaks,Private,3,,,31/01/2025,,,,Joiner,,,Active,,,REDACTED,"In current dataset as active, not in previous year"
2806540,Children's home,East of England,East of England,Cambridgeshire,North East Cambridgeshire,Private,4,,,07/12/2024,,,,Joiner,,,Active,,,REDACTED,"In current dataset as active, not in previous year"
2806556,Supported Accommodation,South West,South West,Wiltshire,Salisbury,Private,4,1,,12/01/2025,,,,Joiner,,,Active,,,Five Rivers Child Care,"In current dataset as active, not in previous year"
2806631,Supported Accommodation,"North East, Yorkshire and the Humber",Yorkshire and The Humber,Leeds,Leeds West and Pudsey,Private,5,1,,04/02/2025,,,,Joiner,,,Active,,,Hubridge,"In current dataset as active, not in previous year"
2806691,Children's home,North West,North West,Manchester,Manchester Central,Private,2,,,13/12/2024,,,,Joiner,,,Active,,,REDACTED,"In current dataset as active, not in previous year"
2806882,Children's home,North West,North West,Stockport,Cheadle,Local Authority,4,,,30/10/2024,,,,Joiner,,,Active,,,REDACTED,"In current dataset as active, not in previous year"
2807363,Children's home,West Midlands,West Midlands,Staffordshire,Stoke-on-Trent South,Private,2,,,03/12/2024,,,,Joiner,,,Active,,,REDACTED,"In current dataset as active, not in previous year"
2807905,Supported Accommodation,South West,South West,"Bournemouth, Christchurch & Poole",Bournemouth East,Private,3,1,,21/03/2025,,,,Joiner,,,Active,,,Rise Above,"In current dataset as active, not in previous year"
2808565,Supported Accommodation,North West,North West,Liverpool,Liverpool Riverside,Private,5,1,,19/11/2024,,,,Joiner,,,Active,,,Calder Living Limited,"In current dataset as active, not in previous year"
2808791,Children's home,East of England,East of England,Suffolk,West Suffolk,Private,5,,,19/03/2025,,,,Joiner,,,Active,,,REDACTED,"In current dataset as active, not in previous year"
2809013,Children's home,East Midlands,East Midlands,Nottinghamshire,Mansfield,Private,1,,,22/11/2024,,,,Joiner,,,Active,,,REDACTED,"In current dataset as active, not in previous year"
2809259,Children's home,East Midlands,East Midlands,Lincolnshire,Gainsborough,Private,2,,,06/12/2024,,,,Joiner,,,Active,,,REDACTED,"In current dataset as active, not in previous year"
2809311,Children's home,North West,North West,Liverpool,Liverpool West Derby,Local Authority,5,,,22/11/2024,,,,Joiner,,,Active,,,REDACTED,"In current dataset as active, not in previous year"
2810756,Independent Fostering Agency,West Midlands,West Midlands,Telford and Wrekin,The Wrekin,Private,,,,19/12/2024,,,,Joiner,,,Active,,,Nexus Fostering Midlands and West,"In current dataset as active, not in previous year"
1236387,Children's home,South East,South East,Hampshire,New Forest East,Private,4,,,19/05/2016,14/08/2024,14/08/2024,,,Leaver,Active,Resigned,Ofsted,,REDACTED,"In previous year, not in current dataset (closed date in Year)"
1241970,Children's home,North West,North West,Westmorland and Furness,Morecambe and Lunesdale,Private,2,,,09/01/2017,13/09/2024,13/09/2024,,,Leaver,Active,Resigned,,,REDACTED,"In previous year, not in current dataset (closed date in Year)"
1250035,Children's home,North West,North West,St Helens,St Helens North,Private,4,,,08/02/2017,21/02/2025,21/02/2025,,,Leaver,Active,Resigned,,,REDACTED,"In previous year, not in current dataset (closed date in Year)"
1277479,Children's home,East Midlands,East Midlands,North Northamptonshire,Wellingborough and Rushden,Private,2,,,04/07/2018,05/02/2025,05/02/2025,,,Leaver,Active,Resigned,,,REDACTED,"In previous year, not in current dataset (closed date in Year)"
2508153,Children's home,North West,North West,Blackpool,Blackpool South,Private,2,,,05/02/2019,08/07/2024,08/07/2024,,,Leaver,Active,Resigned,,,REDACTED,"In previous year, not in current dataset (closed date in Year)"
2509280,Children's home,"North East, Yorkshire and the Humber",Yorkshire and The Humber,Calderdale,Halifax,Private,2,,,05/03/2019,12/07/2024,12/07/2024,,,Leaver,Active,Resigned,,,REDACTED,"In previous year, not in current dataset (closed date in Year)"
2586067,Children's home,West Midlands,West Midlands,Warwickshire,Nuneaton,Private,5,,,20/04/2020,,25/06/2024,25/06/2024,,Leaver,Active,Cancelled,,,REDACTED,"In previous year, not in current dataset (closed date in Year)"
2595112,Children's home,North West,North West,Lancashire,Fylde,Private,2,,,06/08/2020,08/04/2024,08/04/2024,,,Leaver,Active,Resigned,,,REDACTED,"In previous year, not in current dataset (closed date in Year)"
2607291,Children's home,South West,South West,"Bournemouth, Christchurch & Poole",Bournemouth East,Private,1,,,25/02/2021,30/05/2024,30/05/2024,,,Leaver,Active,Resigned,,,REDACTED,"In previous year, not in current dataset (closed date in Year)"
2640082,Children's home,East of England,East of England,Norfolk,Great Yarmouth,Private,3,,,20/05/2021,30/10/2024,30/10/2024,,,Leaver,Active,Resigned,,,REDACTED,"In previous year, not in current dataset (closed date in Year)"
2642113,Children's home,East of England,East of England,Norfolk,Mid Norfolk,Private,2,,,11/04/2022,10/01/2025,10/01/2025,,,Leaver,Active,Resigned,,,REDACTED,"In previous year, not in current dataset (closed date in Year)"
2656902,Children's home,East Midlands,East Midlands,Leicestershire,Melton and Syston,Private,3,,,27/09/2021,01/08/2024,01/08/2024,,,Leaver,Active,Resigned,,,REDACTED,"In previous year, not in current dataset (closed date in Year)"
2663670,Residential Special School,North West,North West,St Helens,St Helens North,Voluntary,36,,,12/08/2022,01/01/2025,01/01/2025,,,Leaver,Active,Resigned,Ofsted,,Nugent House School,"In previous year, not in current dataset (closed date in Year)"
2684203,Children's home,"North East, Yorkshire and the Humber",North East,Durham,Newton Aycliffe and Spennymoor,Local Authority,2,,,14/06/2022,20/06/2024,20/06/2024,,,Leaver,Active,Resigned,,,REDACTED,"In previous year, not in current dataset (closed date in Year)"
2694804,Children's home,South West,South West,Devon,Central Devon,Private,2,,,19/07/2022,22/07/2024,22/07/2024,,,Leaver,Active,Resigned,,,REDACTED,"In previous year, not in current dataset (closed date in Year)"
2722944,Children's home,West Midlands,West Midlands,Birmingham,Sutton Coldfield,Private,4,,,29/08/2024,,,,Joiner,,,Active,,,REDACTED,"In current dataset as active, not in previous year"
2723872,Children's home,East Midlands,East Midlands,Leicestershire,"Harborough, Oadby and Wigston",Private,4,,,13/06/2024,,,,Joiner,,,Active,,,REDACTED,"In current dataset as active, not in previous year"
2741731,Children's home,East Midlands,East Midlands,Lincolnshire,South Holland and The Deepings,Private,3,,,14/02/2025,,,,Joiner,,,Active,,,REDACTED,"In current dataset as active, not in previous year"
2748847,Supported Accommodation,West Midlands,West Midlands,Birmingham,Birmingham Erdington,Private,4,1,,30/06/2024,,,,Joiner,,,Active,,,Moorefutures Limited,"In current dataset as active, not in previous year"
2751244,Supported Accommodation,North West,North West,Lancashire,West Lancashire,Private,9,3,,18/07/2024,,,,Joiner,,,Active,,,High Rise Support Services Ltd,"In current dataset as active, not in previous year"
2753450,Supported Accommodation,South East,South East,Bracknell Forest,Bracknell,Private,12,3,,10/01/2025,,,,Joiner,,,Active,,,Nest Care,"In current dataset as active, not in previous year"
2753612,Supported Accommodation,West Midlands,West Midlands,Dudley,Stourbridge,Private,4,1,,18/08/2024,,,,Joiner,,,Active,,,Clent Support Limited,"In current dataset as active, not in previous year"
2754319,Supported Accommodation,London,London,Barking and Dagenham,Barking,Private,7,1,,29/11/2024,,,,Joiner,,,Active,,,Flourishgate Care Services,"In current dataset as active, not in previous year"
2756172,Supported Accommodation,South East,South East,Southampton,Southampton Itchen,Private,26,6,,24/10/2024,,,,Joiner,,,Active,,,Highlands Care Solutions,"In current dataset as active, not in previous year"
2758564,Supported Accommodation,London,London,Southwark,Bermondsey and Old Southwark,Voluntary,36,17,,22/03/2025,,,,Joiner,,,Active,,,Kings Ripton Court,"In current dataset as active, not in previous year"
2758794,Supported Accommodation,West Midlands,West Midlands,Birmingham,Birmingham Edgbaston,Private,6,2,,30/09/2024,,,,Joiner,,,Active,,,Empire Coaching Limited,"In current dataset as active, not in previous year"
2759001,Supported Accommodation,West Midlands,West Midlands,Wolverhampton,Wolverhampton West,Private,42,9,,26/05/2024,,,,Joiner,,,Active,,,Eclipse Properties Ltd,"In current dataset as active, not in previous year"
2759511,Supported Accommodation,East Midlands,East Midlands,Nottinghamshire,Broxtowe,Private,43,11,,26/09/2024,,,,Joiner,,,Active,,,Nylah Homes Ltd,"In current dataset as active, not in previous year"
2760430,Supported Accommodation,North West,North West,Lancashire,Hyndburn,Private,5,1,,25/06/2024,,,,Joiner,,,Active,,,Davlin House,"In current dataset as active, not in previous year"
2761384,Supported Accommodation,South East,South East,West Sussex,Horsham,Local Authority,21,16,,21/01/2025,,,,Joiner,,,Active,,,Supported Lodgings West Sussex,"In current dataset as active, not in previous year"
2761628,Supported Accommodation,South East,South East,Reading,Reading Central,Private,13,3,,17/10/2024,,,,Joiner,,,Active,,,Cedar Hope Care Services Ltd,"In current dataset as active, not in previous year"
2761928,Supported Accommodation,South East,South East,Slough,Slough,Private,12,2,,13/06/2024,,,,Joiner,,,Active,,,AMZ CARE Ltd,"In current dataset as active, not in previous year"
2762271,Supported Accommodation,West Midlands,West Midlands,Warwickshire,Nuneaton,Private,7,7,,15/05/2024,,,,Joiner,,,Active,,,Barnardo's Supported Lodgings Service (Midlands),"In current dataset as active, not in previous year"
2762347,Supported Accommodation,East Midlands,East Midlands,Nottingham,Nottingham East,Private,10,5,,16/10/2024,,,,Joiner,,,Active,,,NGH16Plus,"In current dataset as active, not in previous year"
2762431,Supported Accommodation,London,London,Newham,Stratford and Bow,Private,56,18,,23/10/2024,,,,Joiner,,,Active,,,KPMS,"In current dataset as active, not in previous year"
2762824,Supported Accommodation,North West,North West,Manchester,Blackley and Middleton South,Private,59,12,,23/05/2024,,,,Joiner,,,Active,,,Believe and Achieve Support Ltd,"In current dataset as active, not in previous year"
2762880,Supported Accommodation,East of England,East of England,Bedford,Bedford,Private,11,3,,23/10/2024,,,,Joiner,,,Active,,,Capernaum Supported Living,"In current dataset as active, not in previous year"
2763046,Supported Accommodation,"North East, Yorkshire and the Humber",Yorkshire and The Humber,Doncaster,Doncaster Central,Private,21,4,,26/05/2024,,,,Joiner,,,Active,,,Future19,"In current dataset as active, not in previous year"
2763061,Supported Accommodation,West Midlands,West Midlands,Shropshire,Shrewsbury,Private,4,1,,28/07/2024,,,,Joiner,,,Active,,,Harmony 16+ Supported Accommodation,"In current dataset as active, not in previous year"
2763065,Supported Accommodation,West Midlands,West Midlands,Birmingham,Birmingham Hall Green and Moseley,Private,3,1,,06/11/2024,,,,Joiner,,,Active,,,Social Care Gateway,"In current dataset as active, not in previous year"
2763147,Supported Accommodation,London,London,Harrow,Harrow West,Private,4,1,,23/06/2024,,,,Joiner,,,Active,,,Birch Tree House Ltd,"In current dataset as active, not in previous year"
2763366,Supported Accommodation,East of England,East of England,Hertfordshire,Broxbourne,Private,4,1,,25/01/2025,,,,Joiner,,,Active,,,Joeramass Semi Independent Living Limited,"In current dataset as active, not in previous year"
2763432,Supported Accommodation,London,London,Bexley,Bexleyheath and Crayford,Private,7,3,,08/08/2024,,,,Joiner,,,Active,,,Jenkin Support Services Ltd,"In current dataset as active, not in previous year"
2763596,Supported Accommodation,East Midlands,East Midlands,Nottinghamshire,Broxtowe,Private,57,15,,12/06/2024,,,,Joiner,,,Active,,,Nylah Homes Leicester,"In current dataset as active, not in previous year"
2763710,Supported Accommodation,"North East, Yorkshire and the Humber",Yorkshire and The Humber,Leeds,Leeds North West,Private,1,6,,02/06/2024,,,,Joiner,,,Active,,,Futures,"In current dataset as active, not in previous year"
2763762,Supported Accommodation,North West,North West,Cumberland,Carlisle,Private,7,7,,24/07/2024,,,,Joiner,,,Active,,,The Win Project,"In current dataset as active, not in previous year"
2763905,Supported Accommodation,North West,North West,St Helens,St Helens South and Whiston,Private,24,13,,29/05/2024,,,,Joiner,,,Active,,,Fairview Care & Support,"In current dataset as active, not in previous year"
2764044,Supported Accommodation,West Midlands,West Midlands,Coventry,Coventry South,Private,11,3,,21/03/2025,,,,Joiner,,,Active,,,Raisso House Ltd,"In current dataset as active, not in previous year"
2764049,Supported Accommodation,East of England,East of England,Luton,Luton North,Private,2,2,,17/03/2025,,,,Joiner,,,Active,,,Squared (LCH) Homes with Support,"In current dataset as active, not in previous year"
2764200,Supported Accommodation,London,London,Merton,Mitcham and Morden,Private,9,3,,17/09/2024,,,,Joiner,,,Active,,,G and K Care Services,"In current dataset as active, not in previous year"
2764229,Supported Accommodation,West Midlands,West Midlands,Birmingham,Birmingham Perry Barr,Private,6,2,,28/07/2024,,,,Joiner,,,Active,,,Caring Thoughts LTD,"In current dataset as active, not in previous year"
2764278,Supported Accommodation,East of England,East of England,Essex,Brentwood and Ongar,Private,23,5,,27/03/2025,,,,Joiner,,,Active,,,Still I Rise Ltd,"In current dataset as active, not in previous year"
2764431,Children's home,East Midlands,East Midlands,Leicestershire,Mid Leicestershire,Private,2,,,14/05/2024,,,,Joiner,,,Active,,,REDACTED,"In current dataset as active, not in previous year"
2764477,Supported Accommodation,West Midlands,West Midlands,Dudley,Dudley,Private,8,2,,11/12/2024,,,,Joiner,,,Active,,,Orsa Housing,"In current dataset as active, not in previous year"
2764615,Supported Accommodation,"North East, Yorkshire and the Humber",Yorkshire and The Humber,Bradford,Bradford West,Private,37,3,,21/06/2024,,,,Joiner,,,Active,,,Horton Housing Group Living Service,"In current dataset as active, not in previous year"
2764868,Supported Accommodation,London,London,Redbridge,Ilford South,Private,18,3,,10/02/2025,,,,Joiner,,,Active,,,Naza Connect Care Ltd,"In current dataset as active, not in previous year"
2764939,Children's home,North West,North West,Lancashire,Fylde,Private,1,,,13/12/2024,,,,Joiner,,,Active,,,REDACTED,"In current dataset as active, not in previous year"
2764998,Supported Accommodation,"North East, Yorkshire and the Humber",Yorkshire and The Humber,Calderdale,Halifax,Private,23,23,,15/05/2024,,,,Joiner,,,Active,,,Independent Living Project Ltd,"In current dataset as active, not in previous year"
2765129,Supported Accommodation,West Midlands,West Midlands,Worcestershire,Bromsgrove,Private,60,24,,11/06/2024,,,,Joiner,,,Active,,,Leaving Care Solutions,"In current dataset as active, not in previous year"
2765200,Supported Accommodation,East Midlands,East Midlands,Nottingham,Nottingham North and Kimberley,Private,8,2,,27/03/2025,,,,Joiner,,,Active,,,Indie 16 Limited,"In current dataset as active, not in previous year"
2765295,Supported Accommodation,West Midlands,West Midlands,Birmingham,Birmingham Ladywood,Private,14,4,,06/01/2025,,,,Joiner,,,Active,,,Clinevo Holdings Limited,"In current dataset as active, not in previous year"
2765306,Supported Accommodation,East of England,East of England,Peterborough,Peterborough,Private,42,22,,02/04/2024,,,,Joiner,,,Active,,,Grove Social Care Ltd,"In current dataset as active, not in previous year"
2765349,Supported Accommodation,London,London,Newham,West Ham and Beckton,Private,3,1,,28/10/2024,,,,Joiner,,,Active,,,Bright Future Care Services Ltd,"In current dataset as active, not in previous year"
2765719,Supported Accommodation,"North East, Yorkshire and the Humber",Yorkshire and The Humber,East Riding of Yorkshire,Bridlington and The Wolds,Private,3,1,,18/08/2024,,,,Joiner,,,Active,,,Care 2 Independence (C2i),"In current dataset as active, not in previous year"
2765763,Supported Accommodation,East Midlands,East Midlands,Nottinghamshire,Broxtowe,Private,6,2,,26/02/2025,,,,Joiner,,,Active,,,Fast Supporting Services,"In current dataset as active, not in previous year"
2765864,Supported Accommodation,"North East, Yorkshire and the Humber",North East,Gateshead,Gateshead Central and Whickham,Voluntary,16,6,,26/05/2024,,,,Joiner,,,Active,,,Home Group Ltd,"In current dataset as active, not in previous year"
2766010,Supported Accommodation,East of England,East of England,Essex,Harwich and North Essex,Private,10,3,,24/03/2025,,,,Joiner,,,Active,,,Benignity Support Services Limited,"In current dataset as active, not in previous year"
2766041,Supported Accommodation,East Midlands,East Midlands,Nottingham,Nottingham North and Kimberley,Private,8,3,,12/04/2024,,,,Joiner,,,Active,,,Beckford Homes Ltd,"In current dataset as active, not in previous year"
2766447,Supported Accommodation,London,London,Croydon,Croydon East,Private,10,6,,24/05/2024,,,,Joiner,,,Active,,,OpenMinds Young Persons Project,"In current dataset as active, not in previous year"
2766524,Supported Accommodation,North West,North West,Wirral,Ellesmere Port and Bromborough,Private,37,17,,07/08/2024,,,,Joiner,,,Active,,,Vista Living Limited,"In current dataset as active, not in previous year"
2766738,Supported Accommodation,"North East, Yorkshire and the Humber",North East,Stockton-on-Tees,Middlesbrough and Thornaby East,Private,14,11,,18/08/2024,,,,Joiner,,,Active,,,Parkfield Young Persons Service,"In current dataset as active, not in previous year"
2766837,Supported Accommodation,West Midlands,West Midlands,Dudley,Dudley,Private,39,22,,31/07/2024,,,,Joiner,,,Active,,,Right to Care Ltd,"In current dataset as active, not in previous year"
2767037,Supported Accommodation,South East,South East,West Sussex,Crawley,Local Authority,1,1,,14/03/2025,,,,Joiner,,,Active,,,West Sussex House Project,"In current dataset as active, not in previous year"
2767101,Supported Accommodation,London,London,Tower Hamlets,Bethnal Green and Stepney,Private,13,4,,09/01/2025,,,,Joiner,,,Active,,,Hamletts Support Services,"In current dataset as active, not in previous year"
2767160,Supported Accommodation,East Midlands,East Midlands,Derby,Derby North,Private,9,3,,24/05/2024,,,,Joiner,,,Active,,,Project Support Bubble Ltd,"In current dataset as active, not in previous year"
2767198,Supported Accommodation,London,London,Greenwich,Greenwich and Woolwich,Private,17,6,,29/11/2024,,,,Joiner,,,Active,,,JEM Support Services Ltd,"In current dataset as active, not in previous year"
2767230,Supported Accommodation,South West,South West,Gloucestershire,Gloucester,Private,8,3,,10/01/2025,,,,Joiner,,,Active,,,Megan Rose,"In current dataset as active, not in previous year"
2767786,Supported Accommodation,South East,South East,Medway,Chatham and Aylesford,Private,26,7,,18/03/2025,,,,Joiner,,,Active,,,Magpie House,"In current dataset as active, not in previous year"
2768277,Supported Accommodation,South East,South East,Medway,Gillingham and Rainham,Private,4,1,,12/01/2025,,,,Joiner,,,Active,,,Health wealth care services Ltd,"In current dataset as active, not in previous year"
2768280,Supported Accommodation,East Midlands,East Midlands,Derbyshire,Amber Valley,Private,6,2,,24/06/2024,,,,Joiner,,,Active,,,Flowery Leys,"In current dataset as active, not in previous year"
2768400,Children's home,North West,North West,Oldham,Oldham East and Saddleworth,Private,3,,,08/05/2024,,,,Joiner,,,Active,,,REDACTED,"In current dataset as active, not in previous year"
2768479,Supported Accommodation,East of England,East of England,Luton,Luton South and South Bedfordshire,Private,5,1,,17/09/2024,,,,Joiner,,,Active,,,Dynamic Housing Care and Support Ltd,"In current dataset as active, not in previous year"
2768808,Supported Accommodation,North West,North West,Wirral,Wallasey,Private,4,2,,21/02/2025,,,,Joiner,,,Active,,,Spring Forth Supported Accommodation,"In current dataset as active, not in previous year"
2769134,Children's home,East Midlands,East Midlands,Leicestershire,North West Leicestershire,Private,3,,,24/04/2024,,,,Joiner,,,Active,,,REDACTED,"In current dataset as active, not in previous year"
2769164,Supported Accommodation,London,London,Barnet,Hendon,Private,9,2,,19/07/2024,,,,Joiner,,,Active,,,KT's Care Angels Ltd,"In current dataset as active, not in previous year"
2769169,Supported Accommodation,North West,North West,Liverpool,Liverpool Wavertree,Private,9,9,,03/09/2024,,,,Joiner,,,Active,,,Just ONE Health and Social Care,"In current dataset as active, not in previous year"
2769183,Supported Accommodation,London,London,Hackney,Hackney South and Shoreditch,Private,2,1,,28/07/2024,,,,Joiner,,,Active,,,Advance Care and Education Support UK Ltd,"In current dataset as active, not in previous year"
2769266,Supported Accommodation,East Midlands,East Midlands,Leicester,Leicester South,Private,25,14,,09/09/2024,,,,Joiner,,,Active,,,Refuge Care,"In current dataset as active, not in previous year"
2769270,Supported Accommodation,East of England,East of England,Peterborough,North West Cambridgeshire,Private,3,1,,10/10/2024,,,,Joiner,,,Active,,,Onward Path Care Ltd.,"In current dataset as active, not in previous year"
2769395,Children's home,East of England,East of England,Central Bedfordshire,Dunstable and Leighton Buzzard,Private,5,,,05/09/2024,,,,Joiner,,,Active,,,REDACTED,"In current dataset as active, not in previous year"
2770396,Supported Accommodation,West Midlands,West Midlands,Sandwell,Smethwick,Private,3,1,,15/05/2024,,,,Joiner,,,Active,,,Accompanied Care,"In current dataset as active, not in previous year"
2770537,Supported Accommodation,South East,South East,Medway,Gillingham and Rainham,Private,23,4,,07/08/2024,,,,Joiner,,,Active,,,Bridging the Gap,"In current dataset as active, not in previous year"
2770860,Supported Accommodation,London,London,Camden,Holborn and St Pancras,Voluntary,68,29,,17/06/2024,,,,Joiner,,,Active,,,SHP Young People in Care Service,"In current dataset as active, not in previous year"
2770928,Supported Accommodation,London,London,Redbridge,Ilford North,Private,18,5,,28/01/2025,,,,Joiner,,,Active,,,Privilege Supported Care Ltd,"In current dataset as active, not in previous year"
2771068,Supported Accommodation,East Midlands,East Midlands,West Northamptonshire,Northampton North,Private,2,1,,16/10/2024,,,,Joiner,,,Active,,,WiCare Services Limited,"In current dataset as active, not in previous year"
2771265,Supported Accommodation,South West,South West,Gloucestershire,Gloucester,Private,9,3,,23/10/2024,,,,Joiner,,,Active,,,New Start Living Ltd,"In current dataset as active, not in previous year"
2772598,Children's home,North West,North West,Lancashire,Hyndburn,Private,8,,,25/04/2024,,,,Joiner,,,Active,,,REDACTED,"In current dataset as active, not in previous year"
2774918,Supported Accommodation,London,London,Brent,Brent East,Private,34,7,,24/10/2024,,,,Joiner,,,Active,,,EmpowerHouse Ltd,"In current dataset as active, not in previous year"
2775039,Children's home,London,London,Redbridge,Ilford South,Private,3,,,08/07/2024,,,,Joiner,,,Active,,,REDACTED,"In current dataset as active, not in previous year"
2775319,Supported Accommodation,West Midlands,West Midlands,Birmingham,Birmingham Selly Oak,Voluntary,3,3,,02/12/2024,,,,Joiner,,,Active,,,The Holdings,"In current dataset as active, not in previous year"
2775403,Children's home,North West,North West,Wigan,Makerfield,Private,2,,,28/05/2024,,,,Joiner,,,Active,,,REDACTED,"In current dataset as active, not in previous year"
2775485,Supported Accommodation,North West,North West,Lancashire,Burnley,Private,48,48,,03/09/2024,,,,Joiner,,,Active,,,North West Leaving Care Services Limited,"In current dataset as active, not in previous year"
2775486,Children's home,North West,North West,Lancashire,Chorley,Private,2,,,05/04/2024,,,,Joiner,,,Active,,,REDACTED,"In current dataset as active, not in previous year"
2777346,Supported Accommodation,London,London,Barking and Dagenham,Dagenham and Rainham,Private,5,1,,17/07/2024,,,,Joiner,,,Active,,,Lighthouse SL Ltd,"In current dataset as active, not in previous year"
2763305,Supported Accommodation,North West,North West,Lancashire,South Ribble,Voluntary,18,18,,28/02/2024,31/01/2025,31/01/2025,,,Leaver,,Resigned,,,,"In previous year, not in current dataset (closed date in Year)"
2765721,Supported Accommodation,East Midlands,East Midlands,North Northamptonshire,Corby and East Northamptonshire,Private,5,2,,23/03/2024,,28/08/2024,28/08/2024,,Leaver,,Cancelled,,,,"In previous year, not in current dataset (closed date in Year)"
2777635,Supported Accommodation,London,London,Ealing,Ealing Southall,Private,57,31,,24/10/2024,31/12/2024,31/12/2024,,Joiner,Leaver,,Resigned,,,A2Dominion Supported Services,Joiner and Leaver in current reporting period
2777899,Children's home,East Midlands,East Midlands,West Northamptonshire,Northampton South,Private,5,,,10/06/2024,,,,Joiner,,,Active,,,REDACTED,"In current dataset as active, not in previous year"
2777900,Children's home,South East,South East,Kent,Maidstone and Malling,Private,2,,,21/06/2024,,,,Joiner,,,Active,,,REDACTED,"In current dataset as active, not in previous year"
2778047,Children's home,South West,South West,Devon,Honiton and Sidmouth,Private,2,,,30/04/2024,,,,Joiner,,,Active,,,REDACTED,"In current dataset as active, not in previous year"
2778266,Children's home,West Midlands,West Midlands,Staffordshire,Burton and Uttoxeter,Private,2,,,02/05/2024,,,,Joiner,,,Active,,,REDACTED,"In current dataset as active, not in previous year"
2779410,Supported Accommodation,West Midlands,West Midlands,Coventry,Coventry South,Private,4,4,,24/11/2024,,,,Joiner,,,Active,,,Seven Care Services Ltd,"In current dataset as active, not in previous year"
2780199,Children's home,West Midlands,West Midlands,Warwickshire,Nuneaton,Private,3,,,20/06/2024,,,,Joiner,,,Active,,,REDACTED,"In current dataset as active, not in previous year"
2781227,Children's home,North West,North West,Oldham,Oldham East and Saddleworth,Private,4,,,14/11/2024,,,,Joiner,,,Active,,,REDACTED,"In current dataset as active, not in previous year"
2781531,Supported Accommodation,North West,North West,Manchester,Blackley and Middleton South,Private,4,1,,12/07/2024,,,,Joiner,,,Active,,,Youth Haven,"In current dataset as active, not in previous year"
2782936,Supported Accommodation,West Midlands,West Midlands,Stoke-on-Trent,Stoke-on-Trent Central,Private,3,1,,24/11/2024,,,,Joiner,,,Active,,,Bavac Care Ltd,"In current dataset as active, not in previous year"
2783182,Children's home,North West,North West,Lancashire,Blackpool North and Fleetwood,Private,1,,,23/07/2024,,,,Joiner,,,Active,,,REDACTED,"In current dataset as active, not in previous year"
2783211,Independent Fostering Agency,North West,North West,Cheshire West and Chester,Chester North and Neston,Private,,,,01/05/2024,,,,Joiner,,,Active,,,Foster Care Matters,"In current dataset as active, not in previous year"
2783439,Children's home,North West,North West,Wirral,Wallasey,Private,4,,,28/08/2024,,,,Joiner,,,Active,,,REDACTED,"In current dataset as active, not in previous year"
2783566,Supported Accommodation,London,London,Redbridge,Ilford South,Private,10,2,,16/03/2025,,,,Joiner,,,Active,,,Rise Inspired,"In current dataset as active, not in previous year"
2783593,Children's home,East Midlands,East Midlands,Leicestershire,Mid Leicestershire,Private,3,,,29/11/2024,,,,Joiner,,,Active,,,REDACTED,"In current dataset as active, not in previous year"
2785784,Children's home,East of England,East of England,Hertfordshire,Hemel Hempstead,Private,3,,,02/07/2024,,,,Joiner,,,Active,,,REDACTED,"In current dataset as active, not in previous year"
2786126,Children's home,East Midlands,East Midlands,Derbyshire,South Derbyshire,Private,3,,,23/07/2024,,,,Joiner,,,Active,,,REDACTED,"In current dataset as active, not in previous year"
2786471,Children's home,West Midlands,West Midlands,Solihull,Meriden and Solihull East,Local Authority,3,,,31/05/2024,,,,Joiner,,,Active,,,REDACTED,"In current dataset as active, not in previous year"
2787460,Supported Accommodation,North West,North West,Sefton,Sefton Central,Private,4,1,,05/06/2024,,,,Joiner,,,Active,,,Progressive Independence,"In current dataset as active, not in previous year"
2787878,Children's home,North West,North West,Cheshire East,Crewe and Nantwich,Private,4,,,05/08/2024,,,,Joiner,,,Active,,,REDACTED,"In current dataset as active, not in previous year"
2787988,Children's home,North West,North West,Bolton,Bolton West,Private,3,,,26/07/2024,,,,Joiner,,,Active,,,REDACTED,"In current dataset as active, not in previous year"
2788414,Supported Accommodation,South East,South East,Kent,Gravesham,Private,5,1,,19/01/2025,,,,Joiner,,,Active,,,Fusion Matrix Limited,"In current dataset as active, not in previous year"
2788637,Children's home,North West,North West,Cheshire East,Crewe and Nantwich,Local Authority,3,,,03/05/2024,,,,Joiner,,,Active,,,REDACTED,"In current dataset as active, not in previous year"
2790147,Children's home,North West,North West,Oldham,"Oldham West, Chadderton and Royton",Private,3,,,24/07/2024,,,,Joiner,,,Active,,,REDACTED,"In current dataset as active, not in previous year"
2791323,Children's home,East Midlands,East Midlands,North Northamptonshire,Corby and East Northamptonshire,Private,3,,,18/10/2024,,,,Joiner,,,Active,,,REDACTED,"In current dataset as active, not in previous year"
2791951,Supported Accommodation,East of England,East of England,Luton,Luton North,Private,3,1,,25/10/2024,,,,Joiner,,,Active,,,Advent Homes Limited,"In current dataset as active, not in previous year"
2792482,Children's home,North West,North West,Bolton,Bolton West,Private,4,,,16/07/2024,,,,Joiner,,,Active,,,REDACTED,"In current dataset as active, not in previous year"
2792724,Supported Accommodation,East Midlands,East Midlands,Nottinghamshire,Broxtowe,Private,8,2,,08/08/2024,,,,Joiner,,,Active,,,Jay Care Services Ltd,"In current dataset as active, not in previous year"
2794978,Children's home,East of England,East of England,Essex,Castle Point,Private,4,,,07/10/2024,,,,Joiner,,,Active,,,REDACTED,"In current dataset as active, not in previous year"
2795951,Children's home,North West,North West,Bolton,Bolton West,Private,4,,,04/08/2024,,,,Joiner,,,Active,,,REDACTED,"In current dataset as active, not in previous year"
2796672,Children's home,North West,North West,St Helens,St Helens North,Private,4,,,10/10/2024,,,,Joiner,,,Active,,,REDACTED,"In current dataset as active, not in previous year"
2797065,Children's home,East of England,East of England,Essex,South Basildon and East Thurrock,Private,2,,,29/10/2024,,,,Joiner,,,Active,,,REDACTED,"In current dataset as active, not in previous year"
2797361,Children's home,North West,North West,Lancashire,Fylde,Private,2,,,28/10/2024,,,,Joiner,,,Active,,,REDACTED,"In current dataset as active, not in previous year"
2798146,Children's home,North West,North West,Wigan,Makerfield,Private,1,,,16/09/2024,,,,Joiner,,,Active,,,REDACTED,"In current dataset as active, not in previous year"
2798154,Children's home,North West,North West,Lancashire,South Ribble,Private,3,,,27/08/2024,,,,Joiner,,,Active,,,REDACTED,"In current dataset as active, not in previous year"
2798294,Children's home,North West,North West,Manchester,Manchester Central,Private,2,,,22/10/2024,,,,Joiner,,,Active,,,REDACTED,"In current dataset as active, not in previous year"
2798687,Children's home,North West,North West,Liverpool,Liverpool Wavertree,Private,1,,,19/08/2024,,,,Joiner,,,Active,,,REDACTED,"In current dataset as active, not in previous year"
2798954,Children's home,East of England,East of England,Essex,South Basildon and East Thurrock,Private,2,,,22/11/2024,,,,Joiner,,,Active,,,REDACTED,"In current dataset as active, not in previous year"
2799552,Children's home,"North East, Yorkshire and the Humber",Yorkshire and The Humber,North Lincolnshire,Scunthorpe,Local Authority,6,,,06/11/2024,,,,Joiner,,,Active,,,REDACTED,"In current dataset as active, not in previous year"
2800482,Children's home,North West,North West,Lancashire,Ribble Valley,Private,1,,,02/10/2024,,,,Joiner,,,Active,,,REDACTED,"In current dataset as active, not in previous year"
2800605,Children's home,North West,North West,Lancashire,Fylde,Private,2,,,15/10/2024,,,,Joiner,,,Active,,,REDACTED,"In current dataset as active, not in previous year"
2800616,Children's home,North West,North West,Lancashire,Ribble Valley,Private,3,,,24/01/2025,,,,Joiner,,,Active,,,REDACTED,"In current dataset as active, not in previous year"
2802652,Children's home,South West,South West,"Bournemouth, Christchurch & Poole",Poole,Private,1,,,02/10/2024,,,,Joiner,,,Active,,,REDACTED,"In current dataset as active, not in previous year"
2804329,Children's home,North West,North West,St Helens,St Helens North,Private,1,,,18/11/2024,,,,Joiner,,,Active,,,REDACTED,"In current dataset as active, not in previous year"
2806238,Children's home,"North East, Yorkshire and the Humber",North East,Gateshead,Blaydon and Consett,Private,4,,,01/12/2024,,,,Joiner,,,Active,,,REDACTED,"In current dataset as active, not in previous year"
2806703,Children's home,North West,North West,Halton,Widnes and Halewood,Private,1,,,15/11/2024,,,,Joiner,,,Active,,,REDACTED,"In current dataset as active, not in previous year"
2806853,Children's home,East of England,East of England,Essex,Castle Point,Private,3,,,01/11/2024,,,,Joiner,,,Active,,,REDACTED,"In current dataset as active, not in previous year"
2807082,Children's home,West Midlands,West Midlands,Wolverhampton,Wolverhampton South East,Private,1,,,27/01/2025,,,,Joiner,,,Active,,,REDACTED,"In current dataset as active, not in previous year"
2807322,Supported Accommodation,South East,South East,Kent,Sittingbourne and Sheppey,Private,3,1,,21/02/2025,,,,Joiner,,,Active,,,SK Real Housing,"In current dataset as active, not in previous year"
2807350,Children's home,West Midlands,West Midlands,Coventry,Coventry East,Local Authority,4,,,05/12/2024,,,,Joiner,,,Active,,,REDACTED,"In current dataset as active, not in previous year"
2807623,Children's home,East of England,East of England,Southend on Sea,Southend West and Leigh,Private,2,,,28/02/2025,,,,Joiner,,,Active,,,REDACTED,"In current dataset as active, not in previous year"
2808704,Supported Accommodation,West Midlands,West Midlands,Birmingham,Birmingham Edgbaston,Private,3,1,,20/03/2025,,,,Joiner,,,Active,,,Cosmos Care Services Limited,"In current dataset as active, not in previous year"
2808841,Children's home,North West,North West,Lancashire,South Ribble,Private,1,,,29/01/2025,,,,Joiner,,,Active,,,REDACTED,"In current dataset as active, not in previous year"
2809166,Children's home,"North East, Yorkshire and the Humber",North East,Newcastle upon Tyne,Cramlington and Killingworth,Local Authority,6,,,06/11/2024,,,,Joiner,,,Active,,,REDACTED,"In current dataset as active, not in previous year"
2811704,Children's home,North West,North West,Stockport,Stockport,Private,5,,,12/12/2024,,,,Joiner,,,Active,,,REDACTED,"In current dataset as active, not in previous year"
2811750,Children's home,East Midlands,East Midlands,Leicestershire,Hinckley and Bosworth,Private,2,,,16/01/2025,,,,Joiner,,,Active,,,REDACTED,"In current dataset as active, not in previous year"
2811903,Children's home,North West,North West,Manchester,Gorton and Denton,Private,1,,,11/03/2025,,,,Joiner,,,Active,,,REDACTED,"In current dataset as active, not in previous year"
2811916,Children's home,"North East, Yorkshire and the Humber",North East,Sunderland,Washington and Gateshead South,Private,2,,,24/01/2025,,,,Joiner,,,Active,,,REDACTED,"In current dataset as active, not in previous year"
2812214,Children's home,East of England,East of England,Hertfordshire,Hertsmere,Private,3,,,13/01/2025,,,,Joiner,,,Active,,,REDACTED,"In current dataset as active, not in previous year"
2813095,Children's home,West Midlands,West Midlands,Birmingham,Birmingham Edgbaston,Private,3,,,10/03/2025,,,,Joiner,,,Active,,,REDACTED,"In current dataset as active, not in previous year"
2813801,Children's home,North West,North West,Lancashire,Preston,Private,3,,,17/12/2024,,,,Joiner,,,Active,,,REDACTED,"In current dataset as active, not in previous year"
2814837,Children's home,West Midlands,West Midlands,Walsall,Aldridge-Brownhills,Private,3,,,07/03/2025,,,,Joiner,,,Active,,,REDACTED,"In current dataset as active, not in previous year"
2814872,Children's home,North West,North West,Manchester,Manchester Central,Private,1,,,28/12/2024,,,,Joiner,,,Active,,,REDACTED,"In current dataset as active, not in previous year"
2815289,Children's home,South East,South East,Kent,Dartford,Private,3,,,25/03/2025,,,,Joiner,,,Active,,,REDACTED,"In current dataset as active, not in previous year"
2815769,Children's home,East Midlands,East Midlands,North Northamptonshire,Kettering,Private,1,,,23/01/2025,,,,Joiner,,,Active,,,REDACTED,"In current dataset as active, not in previous year"
2816118,Children's home,East Midlands,East Midlands,Nottinghamshire,Gedling,Private,2,,,13/01/2025,,,,Joiner,,,Active,,,REDACTED,"In current dataset as active, not in previous year"
2816434,Children's home,"North East, Yorkshire and the Humber",Yorkshire and The Humber,Bradford,Bradford West,Private,1,,,24/01/2025,,,,Joiner,,,Active,,,REDACTED,"In current dataset as active, not in previous year"
2816686,Supported Accommodation,South East,South East,Kent,Gravesham,Private,10,3,,17/02/2025,,,,Joiner,,,Active,,,Healthfield House,"In current dataset as active, not in previous year"
2816806,Children's home,North West,North West,Liverpool,Liverpool Walton,Private,2,,,11/02/2025,,,,Joiner,,,Active,,,REDACTED,"In current dataset as active, not in previous year"
2816819,Children's home,North West,North West,Wigan,Wigan,Private,3,,,19/02/2025,,,,Joiner,,,Active,,,REDACTED,"In current dataset as active, not in previous year"
2817884,Children's home,East Midlands,East Midlands,West Northamptonshire,Northampton North,Private,8,,,01/11/2024,,,,Joiner,,,Active,,,REDACTED,"In current dataset as active, not in previous year"
2819761,Children's home,North West,North West,Cheshire East,Crewe and Nantwich,Private,3,,,14/02/2025,,,,Joiner,,,Active,,,REDACTED,"In current dataset as active, not in previous year"
2819926,Children's home,North West,North West,Lancashire,Burnley,Private,4,,,27/01/2025,,,,Joiner,,,Active,,,REDACTED,"In current dataset as active, not in previous year"
2820162,Children's home,North West,North West,Manchester,Manchester Rusholme,Private,3,,,07/02/2025,,,,Joiner,,,Active,,,REDACTED,"In current dataset as active, not in previous year"
2821255,Children's home,North West,North West,Lancashire,Preston,Private,4,,,11/03/2025,,,,Joiner,,,Active,,,REDACTED,"In current dataset as active, not in previous year"
2821932,Children's home,"North East, Yorkshire and the Humber",Yorkshire and The Humber,Leeds,Wakefield and Rothwell,Local Authority,2,,,27/01/2025,,,,Joiner,,,Active,,,REDACTED,"In current dataset as active, not in previous year"
2827775,Children's home,"North East, Yorkshire and the Humber",Yorkshire and The Humber,Bradford,Bradford West,Private,2,,,12/03/2025,,,,Joiner,,,Active,,,REDACTED,"In current dataset as active, not in previous year"
2526875,Children's home,West Midlands,West Midlands,Staffordshire,Staffordshire Moorlands,Private,5,,,30/08/2019,21/08/2024,21/08/2024,,,Leaver,Active,Resigned,,,REDACTED,"In previous year, not in current dataset (closed date in Year)"
2535166,Children's home,South West,South West,Wiltshire,South West Wiltshire,Private,3,,,06/08/2019,13/09/2024,13/09/2024,,,Leaver,Active,Resigned,,,REDACTED,"In previous year, not in current dataset (closed date in Year)"
2561916,Residential Holiday Scheme for Disabled Children,South West,South West,Bath and North East Somerset,Bath,Voluntary,,,,17/01/2020,02/04/2024,02/04/2024,,,Leaver,Active,Resigned,,,Bath Area Play Project,"In previous year, not in current dataset (closed date in Year)"
2570253,Children's home,East Midlands,East Midlands,Lincolnshire,Grantham and Bourne,Private,5,,,10/03/2020,09/05/2024,09/05/2024,,,Leaver,Active,Resigned,,,REDACTED,"In previous year, not in current dataset (closed date in Year)"
2592242,Children's home,South West,South West,Devon,Central Devon,Private,3,,,18/09/2020,13/09/2024,13/09/2024,,,Leaver,Active,Resigned,,,REDACTED,"In previous year, not in current dataset (closed date in Year)"
2633744,Children's home,West Midlands,West Midlands,Worcestershire,Wyre Forest,Private,3,,,08/06/2021,24/05/2024,24/05/2024,,,Leaver,Active,Resigned,,,REDACTED,"In previous year, not in current dataset (closed date in Year)"
2635062,Children's home,East Midlands,East Midlands,Lincolnshire,South Holland and The Deepings,Private,3,,,20/05/2021,07/11/2022,07/11/2022,,,Leaver,Resigned,Resigned,,,REDACTED,"In previous year, not in current dataset (closed date before April of current year)"
2655041,Children's home,South West,South West,Wiltshire,Salisbury,Private,3,,,30/11/2021,31/10/2024,31/10/2024,,,Leaver,Active,Resigned,,,REDACTED,"In previous year, not in current dataset (closed date in Year)"
2667746,Children's home,North West,North West,Warrington,Warrington North,Private,5,,,13/05/2022,28/08/2024,28/08/2024,,,Leaver,Active,Resigned,,,REDACTED,"In previous year, not in current dataset (closed date in Year)"
2675902,Children's home,London,London,Enfield,Edmonton and Winchmore Hill,Voluntary,1,,,11/05/2022,26/08/2024,26/08/2024,,,Leaver,Active,Resigned,,,REDACTED,"In previous year, not in current dataset (closed date in Year)"
2678223,Residential Special School,North West,North West,Cheshire West and Chester,Chester North and Neston,Private,28,,,19/05/2022,25/07/2024,25/07/2024,,,Leaver,Active,Resigned,Ofsted,,Abbey School for Exceptional Children,"In previous year, not in current dataset (closed date in Year)"
2683113,Children's home,West Midlands,West Midlands,Shropshire,North Shropshire,Private,4,,,06/10/2022,21/08/2024,21/08/2024,,,Leaver,Active,Resigned,,,REDACTED,"In previous year, not in current dataset (closed date in Year)"
2689047,Children's home,North West,North West,Westmorland and Furness,Penrith and Solway,Private,6,,,01/10/2022,20/11/2024,20/11/2024,,,Leaver,Active,Resigned,,,REDACTED,"In previous year, not in current dataset (closed date in Year)"
2691027,Children's home,West Midlands,West Midlands,Birmingham,Birmingham Perry Barr,Private,3,,,26/05/2023,10/09/2024,10/09/2024,,,Leaver,Active,Resigned,,,REDACTED,"In previous year, not in current dataset (closed date in Year)"
2696017,Children's home,East of England,East of England,Southend on Sea,Southend East and Rochford,Private,3,,,26/09/2022,01/06/2024,01/06/2024,,,Leaver,Active,Resigned,,,REDACTED,"In previous year, not in current dataset (closed date in Year)"
2712595,Children's home,North West,North West,Westmorland and Furness,Penrith and Solway,Private,6,,,17/11/2022,,21/12/2023,,,Leaver,Closed,Closed,,,REDACTED,"In previous year, not in current dataset (closed date before April of current year)"
2739589,Children's home,North West,North West,Sefton,Southport,Private,1,,,22/04/2024,,,,Joiner,,,Active,,,REDACTED,"In current dataset as active, not in previous year"
2747567,Children's home,North West,North West,Cheshire East,Crewe and Nantwich,Voluntary,2,,,04/06/2024,,,,Joiner,,,Active,,,REDACTED,"In current dataset as active, not in previous year"
2748075,Children's home,London,London,Croydon,Croydon South,Private,4,,,03/06/2024,,,,Joiner,,,Active,,,REDACTED,"In current dataset as active, not in previous year"
2750398,Supported Accommodation,West Midlands,West Midlands,Stoke-on-Trent,Stoke-on-Trent South,Private,14,14,,26/05/2024,,,,Joiner,,,Active,,,Bespoke Transitions Ltd,"In current dataset as active, not in previous year"
2750901,Supported Accommodation,South East,South East,Kent,Ashford,Private,28,8,,03/06/2024,,,,Joiner,,,Active,,,The Bliss Semi-Independent Homes Ltd,"In current dataset as active, not in previous year"
2751056,Children's home,North West,North West,Wigan,Wigan,Private,2,,,09/07/2024,,,,Joiner,,,Active,,,REDACTED,"In current dataset as active, not in previous year"
2753031,Children's home,London,London,Bexley,Erith and Thamesmead,Private,2,,,05/11/2024,,,,Joiner,,,Active,,,REDACTED,"In current dataset as active, not in previous year"
2753449,Supported Accommodation,London,London,Haringey,Tottenham,Private,27,7,,27/02/2025,,,,Joiner,,,Active,,,Semi-independent Supported Accommodation,"In current dataset as active, not in previous year"
2755328,Supported Accommodation,London,London,Bromley,Beckenham and Penge,Private,79,19,,19/08/2024,,,,Joiner,,,Active,,,Heritage Care UK,"In current dataset as active, not in previous year"
2756489,Supported Accommodation,London,London,Barnet,Finchley and Golders Green,Private,111,19,,09/04/2024,,,,Joiner,,,Active,,,Silver Birch Care South & East Region,"In current dataset as active, not in previous year"
2757240,Children's home,London,London,Croydon,Streatham and Croydon North,Private,3,,,30/09/2024,,,,Joiner,,,Active,,,REDACTED,"In current dataset as active, not in previous year"
2758489,Supported Accommodation,London,London,Southwark,Vauxhall and Camberwell Green,Voluntary,6,6,,13/11/2024,,,,Joiner,,,Active,,,George Williams House,"In current dataset as active, not in previous year"
2759903,Supported Accommodation,"North East, Yorkshire and the Humber",Yorkshire and The Humber,Barnsley,Barnsley North,Private,2,1,,18/09/2024,,,,Joiner,,,Active,,,Pockets of Peace Care Ltd,"In current dataset as active, not in previous year"
2760435,Supported Accommodation,West Midlands,West Midlands,Birmingham,Birmingham Northfield,Private,0,0,,28/07/2024,,,,Joiner,,,Active,,,Tri-Elite Support and Care Limited,"In current dataset as active, not in previous year"
2761220,Children's home,East Midlands,East Midlands,Lincolnshire,Louth and Horncastle,Private,3,,,09/12/2024,,,,Joiner,,,Active,,,REDACTED,"In current dataset as active, not in previous year"
2762418,Supported Accommodation,East Midlands,East Midlands,West Northamptonshire,Northampton North,Private,8,8,,02/01/2025,,,,Joiner,,,Active,,,Duston Care Ltd,"In current dataset as active, not in previous year"
2762527,Supported Accommodation,West Midlands,West Midlands,Dudley,Kingswinford and South Staffordshire,Private,8,4,,24/09/2024,,,,Joiner,,,Active,,,Carvalho Independent Living Limited,"In current dataset as active, not in previous year"
2762554,Supported Accommodation,North West,North West,Halton,Widnes and Halewood,Private,10,4,,31/05/2024,,,,Joiner,,,Active,,,Signature Aftercare Ltd.,"In current dataset as active, not in previous year"
2762627,Supported Accommodation,East of England,East of England,Central Bedfordshire,Dunstable and Leighton Buzzard,Private,5,2,,17/03/2025,,,,Joiner,,,Active,,,Embrace Housing CIC,"In current dataset as active, not in previous year"
2762791,Supported Accommodation,North West,North West,Warrington,Warrington South,Private,12,12,,07/05/2024,,,,Joiner,,,Active,,,Continuum Support Care Services LTD,"In current dataset as active, not in previous year"
2762992,Supported Accommodation,East Midlands,East Midlands,Derbyshire,Chesterfield,Private,7,2,,12/06/2024,,,,Joiner,,,Active,,,Keystone Support,"In current dataset as active, not in previous year"
2763224,Supported Accommodation,London,London,Croydon,Croydon South,Private,12,3,,12/10/2024,,,,Joiner,,,Active,,,Aspirationz,"In current dataset as active, not in previous year"
2763323,Supported Accommodation,North West,North West,Tameside,Ashton-under-Lyne,Private,15,9,,19/07/2024,,,,Joiner,,,Active,,,Stepahead Resource Services LTD,"In current dataset as active, not in previous year"
2763391,Supported Accommodation,South East,South East,Kent,East Thanet,Private,6,2,,11/03/2025,,,,Joiner,,,Active,,,Prime Caring Services,"In current dataset as active, not in previous year"
2763692,Supported Accommodation,London,London,Bexley,Old Bexley and Sidcup,Private,37,8,,08/07/2024,,,,Joiner,,,Active,,,Independence Way Ltd,"In current dataset as active, not in previous year"
2763915,Supported Accommodation,London,London,Barking and Dagenham,Barking,Private,3,1,,23/05/2024,,,,Joiner,,,Active,,,Springout House Ltd,"In current dataset as active, not in previous year"
2764210,Supported Accommodation,North West,North West,Trafford,Stretford and Urmston,Private,49,18,,09/06/2024,,,,Joiner,,,Active,,,North West Social Care and Support Ltd,"In current dataset as active, not in previous year"
2764624,Supported Accommodation,South West,South West,Gloucestershire,Gloucester,Private,12,5,,27/12/2024,,,,Joiner,,,Active,,,Transitions Supported Living Ltd,"In current dataset as active, not in previous year"
2764664,Supported Accommodation,East of England,East of England,Cambridgeshire,North West Cambridgeshire,Private,8,4,,07/10/2024,,,,Joiner,,,Active,,,Genell Ltd,"In current dataset as active, not in previous year"
2764696,Supported Accommodation,"North East, Yorkshire and the Humber",Yorkshire and The Humber,Bradford,Bradford West,Private,19,6,,28/07/2024,,,,Joiner,,,Active,,,New Horizonss,"In current dataset as active, not in previous year"
2764853,Supported Accommodation,North West,North West,Trafford,Stretford and Urmston,Private,19,2,,24/05/2024,,,,Joiner,,,Active,,,Intact Projects,"In current dataset as active, not in previous year"
2764866,Supported Accommodation,South East,South East,Portsmouth,Portsmouth North,Private,13,4,,10/01/2025,,,,Joiner,,,Active,,,Letombo Limited,"In current dataset as active, not in previous year"
2765116,Supported Accommodation,London,London,Barnet,Finchley and Golders Green,Private,17,3,,09/12/2024,,,,Joiner,,,Active,,,Taylis Homes LTD,"In current dataset as active, not in previous year"
2765415,Supported Accommodation,South East,South East,West Berkshire,Newbury,Voluntary,10,3,,18/11/2024,,,,Joiner,,,Active,,,Young People and Children First,"In current dataset as active, not in previous year"
2765867,Supported Accommodation,East Midlands,East Midlands,West Northamptonshire,Northampton North,Private,43,23,,22/08/2024,,,,Joiner,,,Active,,,Favour Leicester,"In current dataset as active, not in previous year"
2765919,Supported Accommodation,South West,South West,Somerset,Taunton and Wellington,Private,15,7,,21/05/2024,,,,Joiner,,,Active,,,Next Step Independence,"In current dataset as active, not in previous year"
2766081,Supported Accommodation,North West,North West,Rochdale,Heywood and Middleton North,Voluntary,194,118,,14/07/2024,,,,Joiner,,,Active,,,Stepping Stone Projects,"In current dataset as active, not in previous year"
2766141,Children's home,North West,North West,Lancashire,Rossendale and Darwen,Private,3,,,24/04/2024,,,,Joiner,,,Active,,,REDACTED,"In current dataset as active, not in previous year"
2766226,Supported Accommodation,North West,North West,Blackpool,Blackpool South,Private,5,1,,02/05/2024,,,,Joiner,,,Active,,,Coastal Key Housing,"In current dataset as active, not in previous year"
2766318,Supported Accommodation,North West,North West,Lancashire,Pendle and Clitheroe,Private,44,33,,03/05/2024,,,,Joiner,,,Active,,,PAC - SafeSpace,"In current dataset as active, not in previous year"
2766351,Supported Accommodation,London,London,Hillingdon,Hayes and Harlington,Private,14,3,,25/02/2025,,,,Joiner,,,Active,,,Spire Squared,"In current dataset as active, not in previous year"
2766654,Supported Accommodation,East of England,East of England,Hertfordshire,North East Hertfordshire,Private,11,2,,27/06/2024,,,,Joiner,,,Active,,,Believe & Achieve Living Ltd,"In current dataset as active, not in previous year"
2767131,Supported Accommodation,South West,South West,Bristol,Bristol Central,Private,15,5,,24/10/2024,,,,Joiner,,,Active,,,Rising Stars SLS,"In current dataset as active, not in previous year"
2767278,Supported Accommodation,East of England,East of England,Peterborough,North West Cambridgeshire,Private,13,4,,01/02/2025,,,,Joiner,,,Active,,,Your Absolute Care Ltd,"In current dataset as active, not in previous year"
2767387,Supported Accommodation,North West,North West,Manchester,Blackley and Middleton South,Local Authority,7,5,,07/05/2024,,,,Joiner,,,Active,,,Manchester City Council Supported Accommodation Service,"In current dataset as active, not in previous year"
2767749,Supported Accommodation,North West,North West,St Helens,St Helens South and Whiston,Private,9,3,,07/05/2024,,,,Joiner,,,Active,,,Solis Leaving Care,"In current dataset as active, not in previous year"
2767756,Supported Accommodation,"North East, Yorkshire and the Humber",Yorkshire and The Humber,Bradford,Bradford South,Private,16,4,,24/11/2024,,,,Joiner,,,Active,,,Salvus Project Ltd,"In current dataset as active, not in previous year"
2767965,Supported Accommodation,South West,South West,Gloucestershire,Gloucester,Private,26,11,,31/07/2024,,,,Joiner,,,Active,,,Streetz Ahead Creative Housing Ltd,"In current dataset as active, not in previous year"
2768499,Supported Accommodation,London,London,Waltham Forest,Walthamstow,Private,4,1,,02/11/2024,,,,Joiner,,,Active,,,Young Roots Care Services Ltd,"In current dataset as active, not in previous year"
2768595,Supported Accommodation,South West,South West,Devon,Honiton and Sidmouth,Private,21,5,,24/10/2024,,,,Joiner,,,Active,,,CSM Independence,"In current dataset as active, not in previous year"
2769065,Supported Accommodation,West Midlands,West Midlands,Walsall,Wolverhampton South East,Private,6,3,,10/01/2025,,,,Joiner,,,Active,,,AVEC Support Ltd,"In current dataset as active, not in previous year"
2769255,Supported Accommodation,South East,South East,Slough,Slough,Private,19,4,,03/02/2025,,,,Joiner,,,Active,,,Chohan Supported Housing Services Limited,"In current dataset as active, not in previous year"
2770193,Supported Accommodation,North West,North West,Lancashire,Blackpool North and Fleetwood,Private,11,11,,01/07/2024,,,,Joiner,,,Active,,,YMCA Fylde Coast: Foyer,"In current dataset as active, not in previous year"
2771296,Children's home,West Midlands,West Midlands,Birmingham,Birmingham Yardley,Private,3,,,26/07/2024,,,,Joiner,,,Suspended,,,REDACTED,"In current dataset as active, not in previous year"
2771418,Supported Accommodation,East Midlands,East Midlands,North Northamptonshire,Corby and East Northamptonshire,Private,4,1,,19/03/2025,,,,Joiner,,,Active,,,Redbrick Care Ltd,"In current dataset as active, not in previous year"
2771421,Supported Accommodation,South West,South West,Dorset,South Dorset,Voluntary,27,2,,29/10/2024,,,,Joiner,,,Active,,,Young Lives - Dorset,"In current dataset as active, not in previous year"
2771425,Supported Accommodation,North West,North West,Salford,Bolton South and Walkden,Private,2,1,,24/05/2024,,,,Joiner,,,Active,,,Hillside Care,"In current dataset as active, not in previous year"
2772130,Supported Accommodation,East Midlands,East Midlands,Derby,Derby South,Local Authority,11,9,,28/04/2024,,,,Joiner,,,Active,,,Derby City Council Supported Lodgings,"In current dataset as active, not in previous year"
2773106,Supported Accommodation,"North East, Yorkshire and the Humber",North East,Northumberland,Cramlington and Killingworth,Local Authority,11,6,,18/06/2024,,,,Joiner,,,Active,,,Northumberland Adolescent Service,"In current dataset as active, not in previous year"
2773218,Children's home,"North East, Yorkshire and the Humber",Yorkshire and The Humber,Kirklees,Huddersfield,Private,1,,,03/05/2024,,27/11/2024,27/11/2024,Joiner,Leaver,,Cancelled,,,REDACTED,Joiner and Leaver in current reporting period
2773422,Supported Accommodation,East of England,East of England,Thurrock,Thurrock,Private,5,1,,07/11/2024,,,,Joiner,,,Active,,,Winners Of Tomorrow Limited,"In current dataset as active, not in previous year"
2773551,Children's home,East of England,East of England,Peterborough,Peterborough,Private,2,,,07/05/2024,,,,Joiner,,,Active,,,REDACTED,"In current dataset as active, not in previous year"
2773943,Supported Accommodation,London,London,Barking and Dagenham,Barking,Private,14,4,,01/02/2025,,,,Joiner,,,Active,,,Lordsbrook Aspire,"In current dataset as active, not in previous year"
2773954,Children's home,West Midlands,West Midlands,Coventry,Coventry South,Private,3,,,01/10/2024,,,,Joiner,,,Active,,,REDACTED,"In current dataset as active, not in previous year"
2774125,Children's home,North West,North West,Lancashire,Ribble Valley,Private,2,,,12/06/2024,,,,Joiner,,,Active,,,REDACTED,"In current dataset as active, not in previous year"
2774335,Children's home,East Midlands,East Midlands,North Northamptonshire,Corby and East Northamptonshire,Private,3,,,03/09/2024,,,,Joiner,,,Active,,,REDACTED,"In current dataset as active, not in previous year"
2774603,Supported Accommodation,South East,South East,Milton Keynes,Buckingham and Bletchley,Private,4,1,,31/07/2024,,,,Joiner,,,Active,,,Elevate Care Ltd,"In current dataset as active, not in previous year"
2774740,Children's home,East of England,East of England,Luton,Luton North,Private,2,,,15/07/2024,,,,Joiner,,,Active,,,REDACTED,"In current dataset as active, not in previous year"
2774803,Supported Accommodation,East Midlands,East Midlands,Derby,Derby South,Private,4,1,,28/04/2024,,,,Joiner,,,Active,,,Starlight Healthcare Ltd,"In current dataset as active, not in previous year"
2775281,Children's home,East Midlands,East Midlands,Leicestershire,Melton and Syston,Private,4,,,05/11/2024,,,,Joiner,,,Active,,,REDACTED,"In current dataset as active, not in previous year"
2775422,Children's home,North West,North West,Lancashire,Chorley,Private,3,,,08/05/2024,,,,Joiner,,,Active,,,REDACTED,"In current dataset as active, not in previous year"
2775796,Children's home,North West,North West,Manchester,Manchester Rusholme,Private,3,,,10/04/2024,,,,Joiner,,,Active,,,REDACTED,"In current dataset as active, not in previous year"
2776755,Supported Accommodation,London,London,Brent,Brent West,Private,19,5,,21/02/2025,,,,Joiner,,,Active,,,Transition Care Services,"In current dataset as active, not in previous year"
2776995,Supported Accommodation,West Midlands,West Midlands,Sandwell,Tipton and Wednesbury,Private,5,2,,23/08/2024,,,,Joiner,,,Active,,,Progressive Support Services Ltd,"In current dataset as active, not in previous year"
2777607,Children's home,"North East, Yorkshire and the Humber",North East,Durham,City of Durham,Local Authority,2,,,09/04/2024,,,,Joiner,,,Active,,,REDACTED,"In current dataset as active, not in previous year"
2777836,Children's home,West Midlands,West Midlands,Dudley,Dudley,Private,2,,,22/05/2024,07/02/2025,07/02/2025,,Joiner,Leaver,,Resigned,,,REDACTED,Joiner and Leaver in current reporting period
2778030,Children's home,West Midlands,West Midlands,Wolverhampton,Wolverhampton South East,Private,2,,,30/10/2024,,,,Joiner,,,Active,,,REDACTED,"In current dataset as active, not in previous year"
2778288,Children's home,South East,South East,Kent,Folkestone and Hythe,Private,5,,,22/05/2024,,,,Joiner,,,Active,,,REDACTED,"In current dataset as active, not in previous year"
2778325,Children's home,North West,North West,Wirral,Ellesmere Port and Bromborough,Private,1,,,28/04/2024,,,,Joiner,,,Active,,,REDACTED,"In current dataset as active, not in previous year"
2778663,Supported Accommodation,South West,South West,Bristol,Bristol Central,Private,4,1,,12/01/2025,,,,Joiner,,,Active,,,Bolton Lane,"In current dataset as active, not in previous year"
2778895,Children's home,London,London,Redbridge,Ilford South,Private,3,,,26/03/2025,,,,Joiner,,,Active,,,REDACTED,"In current dataset as active, not in previous year"
2778898,Children's home,North West,North West,Manchester,Manchester Withington,Private,3,,,03/05/2024,,,,Joiner,,,Active,,,REDACTED,"In current dataset as active, not in previous year"
2779761,Children's home,North West,North West,Manchester,Manchester Withington,Private,3,,,12/04/2024,,,,Joiner,,,Active,,,REDACTED,"In current dataset as active, not in previous year"
2780149,Children's home,East of England,East of England,Suffolk,Bury St Edmunds and Stowmarket,Voluntary,1,,,25/06/2024,,,,Joiner,,,Active,,,REDACTED,"In current dataset as active, not in previous year"
2780333,Supported Accommodation,North West,North West,Lancashire,Pendle and Clitheroe,Private,1,1,,21/10/2024,,,,Joiner,,,Active,,,Pennine Youth Support Ltd,"In current dataset as active, not in previous year"
2780410,Children's home,North West,North West,Knowsley,Knowsley,Private,2,,,12/01/2025,,,,Joiner,,,Active,,,REDACTED,"In current dataset as active, not in previous year"
2780667,Supported Accommodation,South East,South East,Isle of Wight,Isle of Wight West,Private,4,1,,13/09/2024,,,,Joiner,,,Active,,,Island Youthways Ltd,"In current dataset as active, not in previous year"
2780921,Children's home,North West,North West,Salford,Worsley and Eccles,Private,2,,,03/07/2024,,,,Joiner,,,Active,,,REDACTED,"In current dataset as active, not in previous year"
2783759,Children's home,East of England,East of England,Central Bedfordshire,Mid Bedfordshire,Private,3,,,06/06/2024,,,,Joiner,,,Active,,,REDACTED,"In current dataset as active, not in previous year"
2783784,Children's home,West Midlands,West Midlands,Sandwell,Smethwick,Private,3,,,10/05/2024,,,,Joiner,,,Active,,,REDACTED,"In current dataset as active, not in previous year"
2784666,Children's home,North West,North West,Lancashire,Ribble Valley,Private,3,,,11/07/2024,,,,Joiner,,,Active,,,REDACTED,"In current dataset as active, not in previous year"
2785307,Children's home,South West,South West,Somerset,Bridgwater,Private,2,,,22/04/2024,,,,Joiner,,,Active,,,REDACTED,"In current dataset as active, not in previous year"
2785542,Children's home,"North East, Yorkshire and the Humber",Yorkshire and The Humber,Barnsley,Barnsley South,Private,2,,,29/05/2024,,,,Joiner,,,Active,,,REDACTED,"In current dataset as active, not in previous year"
2786408,Children's home,West Midlands,West Midlands,Stoke-on-Trent,Stoke-on-Trent Central,Private,3,,,13/12/2024,,,,Joiner,,,Active,,,REDACTED,"In current dataset as active, not in previous year"
2787178,Children's home,North West,North West,Oldham,"Oldham West, Chadderton and Royton",Private,2,,,04/09/2024,,,,Joiner,,,Active,,,REDACTED,"In current dataset as active, not in previous year"
2787795,Children's home,North West,North West,Lancashire,Rossendale and Darwen,Private,1,,,26/04/2024,,,,Joiner,,,Active,,,REDACTED,"In current dataset as active, not in previous year"
2787955,Supported Accommodation,West Midlands,West Midlands,Solihull,Solihull West and Shirley,Private,10,2,,19/08/2024,,,,Joiner,,,Active,,,Serenity Specialist Care Limited,"In current dataset as active, not in previous year"
2788340,Children's home,North West,North West,Lancashire,Pendle and Clitheroe,Private,2,,,25/09/2024,,,,Joiner,,,Active,,,REDACTED,"In current dataset as active, not in previous year"
2788683,Children's home,North West,North West,Lancashire,Rossendale and Darwen,Private,1,,,04/07/2024,,,,Joiner,,,Active,,,REDACTED,"In current dataset as active, not in previous year"
2789167,Supported Accommodation,West Midlands,West Midlands,Wolverhampton,Wolverhampton West,Private,6,3,,22/11/2024,,,,Joiner,,,Active,,,Pinson Healthcare Ltd,"In current dataset as active, not in previous year"
2790189,Supported Accommodation,North West,North West,Cheshire West and Chester,Chester South and Eddisbury,Private,2,1,,07/08/2024,,,,Joiner,,,Active,,,Rose House,"In current dataset as active, not in previous year"
2791109,Children's home,East of England,East of England,Hertfordshire,Broxbourne,Private,3,,,10/06/2024,,,,Joiner,,,Active,,,REDACTED,"In current dataset as active, not in previous year"
2791528,Children's home,"North East, Yorkshire and the Humber",North East,Redcar and Cleveland,Redcar,Private,3,,,06/06/2024,,,,Joiner,,,Active,,,REDACTED,"In current dataset as active, not in previous year"
2791799,Residential Family Centre,West Midlands,West Midlands,Worcestershire,West Worcestershire,Private,6,,,15/12/2024,,,,Joiner,,,Active,,,Tyre Hill House Family Assessment Centre,"In current dataset as active, not in previous year"
2791932,Children's home,East Midlands,East Midlands,Nottinghamshire,Rushcliffe,Private,4,,,22/05/2024,,,,Joiner,,,Active,,,REDACTED,"In current dataset as active, not in previous year"
2791990,Residential Family Centre,East Midlands,East Midlands,West Northamptonshire,Northampton South,Private,2,,,07/08/2024,,,,Joiner,,,Active,,,Nurture Haven Family Centre,"In current dataset as active, not in previous year"
2792126,Supported Accommodation,South East,South East,Slough,Slough,Private,23,4,,31/10/2024,,,,Joiner,,,Active,,,Liberty Supported Living Limited,"In current dataset as active, not in previous year"
2794304,Children's home,West Midlands,West Midlands,Birmingham,Sutton Coldfield,Private,4,,,25/09/2024,,,,Joiner,,,Active,,,REDACTED,"In current dataset as active, not in previous year"
2794333,Children's home,North West,North West,Liverpool,Liverpool West Derby,Private,1,,,26/11/2024,,,,Joiner,,,Active,,,REDACTED,"In current dataset as active, not in previous year"
2794662,Children's home,North West,North West,St Helens,St Helens North,Private,2,,,17/12/2024,,,,Joiner,,,Active,,,REDACTED,"In current dataset as active, not in previous year"
2794916,Supported Accommodation,South East,South East,Hampshire,Hamble Valley,Private,2,1,,20/03/2025,,,,Joiner,,,Active,,,Growing Independent Support UK LTD,"In current dataset as active, not in previous year"
2794973,Children's home,North West,North West,Lancashire,Pendle and Clitheroe,Private,1,,,15/11/2024,,,,Joiner,,,Active,,,REDACTED,"In current dataset as active, not in previous year"
2795066,Independent Fostering Agency,West Midlands,West Midlands,Worcestershire,Bromsgrove,Private,,,,02/09/2024,,,,Joiner,,,Active,,,ISP Midlands,"In current dataset as active, not in previous year"
2795393,Children's home,North West,North West,Wigan,Leigh and Atherton,Private,2,,,10/09/2024,,,,Joiner,,,Active,,,REDACTED,"In current dataset as active, not in previous year"
2796252,Supported Accommodation,London,London,Greenwich,Eltham and Chislehurst,Private,3,1,,14/03/2025,,,,Joiner,,,Active,,,New Beginnings Support Services Limited,"In current dataset as active, not in previous year"
2796549,Children's home,South West,South West,Gloucestershire,Stroud,Private,3,,,18/09/2024,,,,Joiner,,,Active,,,REDACTED,"In current dataset as active, not in previous year"
2797425,Children's home,"North East, Yorkshire and the Humber",Yorkshire and The Humber,Kirklees,Spen Valley,Private,2,,,09/07/2024,,,,Joiner,,,Active,,,REDACTED,"In current dataset as active, not in previous year"
2797987,Children's home,East of England,East of England,Southend on Sea,Southend West and Leigh,Private,6,,,17/10/2024,,,,Joiner,,,Active,,,REDACTED,"In current dataset as active, not in previous year"
2798010,Children's home,West Midlands,West Midlands,Birmingham,Birmingham Erdington,Private,2,,,02/09/2024,,,,Joiner,,,Active,,,REDACTED,"In current dataset as active, not in previous year"
2799971,Children's home,North West,North West,Lancashire,Ribble Valley,Private,1,,,02/10/2024,,,,Joiner,,,Active,,,REDACTED,"In current dataset as active, not in previous year"
2800050,Supported Accommodation,North West,North West,Cumberland,Carlisle,Local Authority,10,10,,18/12/2024,,,,Joiner,,,Active,,,Homestay,"In current dataset as active, not in previous year"
2800079,Children's home,West Midlands,West Midlands,Staffordshire,Staffordshire Moorlands,Private,3,,,03/12/2024,,,,Joiner,,,Active,,,REDACTED,"In current dataset as active, not in previous year"
2800238,Children's home,West Midlands,West Midlands,Staffordshire,Cannock Chase,Private,4,,,17/10/2024,,,,Joiner,,,Active,,,REDACTED,"In current dataset as active, not in previous year"
2802014,Children's home,East Midlands,East Midlands,Leicestershire,North West Leicestershire,Voluntary,3,,,18/10/2024,,,,Joiner,,,Active,,,REDACTED,"In current dataset as active, not in previous year"
2802178,Supported Accommodation,South East,South East,Hampshire,Winchester,Private,4,1,,27/11/2024,,,,Joiner,,,Active,,,Ioi Support,"In current dataset as active, not in previous year"
2803078,Children's home,South East,South East,Southampton,Southampton Itchen,Private,1,,,08/10/2024,,,,Joiner,,,Active,,,REDACTED,"In current dataset as active, not in previous year"
2803209,Children's home,East Midlands,East Midlands,Derby,Mid Derbyshire,Private,2,,,25/11/2024,,,,Joiner,,,Active,,,REDACTED,"In current dataset as active, not in previous year"
2804494,Children's home,East Midlands,East Midlands,Lincolnshire,Grantham and Bourne,Private,3,,,01/11/2024,,,,Joiner,,,Active,,,REDACTED,"In current dataset as active, not in previous year"
2805938,Children's home,North West,North West,Bury,Bury South,Private,2,,,22/11/2024,,,,Joiner,,,Active,,,REDACTED,"In current dataset as active, not in previous year"
2806575,Children's home,"North East, Yorkshire and the Humber",Yorkshire and The Humber,East Riding of Yorkshire,Kingston upon Hull North and Cottingham,Private,4,,,20/10/2024,,,,Joiner,,,Active,,,REDACTED,"In current dataset as active, not in previous year"
2806617,Children's home,"North East, Yorkshire and the Humber",North East,Northumberland,North Northumberland,Local Authority,4,,,05/09/2024,,,,Joiner,,,Active,,,REDACTED,"In current dataset as active, not in previous year"
2807058,Children's home,North West,North West,Lancashire,Hyndburn,Private,2,,,29/10/2024,,,,Joiner,,,Active,,,REDACTED,"In current dataset as active, not in previous year"
2807509,Children's home,South West,South West,Somerset,Bridgwater,Private,2,,,22/11/2024,,,,Joiner,,,Active,,,REDACTED,"In current dataset as active, not in previous year"
2807523,Children's home,West Midlands,West Midlands,Worcestershire,Wyre Forest,Private,3,,,13/02/2025,,,,Joiner,,,Active,,,REDACTED,"In current dataset as active, not in previous year"
2807759,Children's home,North West,North West,Knowsley,Widnes and Halewood,Private,4,,,06/01/2025,,,,Joiner,,,Active,,,REDACTED,"In current dataset as active, not in previous year"
2808006,Children's home,South East,South East,Slough,Slough,Private,3,,,13/11/2024,,,,Joiner,,,Active,,,REDACTED,"In current dataset as active, not in previous year"
2808008,Children's home,South West,South West,Gloucestershire,Gloucester,Private,2,,,01/11/2024,,,,Joiner,,,Active,,,REDACTED,"In current dataset as active, not in previous year"
2808171,Children's home,East Midlands,East Midlands,Leicester,Leicester West,Private,2,,,25/11/2024,,,,Joiner,,,Active,,,REDACTED,"In current dataset as active, not in previous year"
2808172,Children's home,West Midlands,West Midlands,Birmingham,Birmingham Perry Barr,Private,3,,,24/12/2024,,,,Joiner,,,Active,,,REDACTED,"In current dataset as active, not in previous year"
2808233,Children's home,"North East, Yorkshire and the Humber",Yorkshire and The Humber,Sheffield,Sheffield Heeley,Private,2,,,28/02/2025,,,,Joiner,,,Active,,,REDACTED,"In current dataset as active, not in previous year"
2808376,Children's home,North West,North West,Lancashire,Hyndburn,Private,2,,,23/10/2024,,,,Joiner,,,Active,,,REDACTED,"In current dataset as active, not in previous year"
2808723,Children's home,South East,South East,Milton Keynes,Milton Keynes Central,Private,3,,,20/11/2024,,,,Joiner,,,Active,,,REDACTED,"In current dataset as active, not in previous year"
2808740,Children's home,North West,North West,Lancashire,South Ribble,Private,2,,,11/11/2024,,,,Joiner,,,Active,,,REDACTED,"In current dataset as active, not in previous year"
2808820,Children's home,West Midlands,West Midlands,Worcestershire,Bromsgrove,Private,3,,,30/12/2024,,,,Joiner,,,Active,,,REDACTED,"In current dataset as active, not in previous year"
2808984,Children's home,North West,North West,Bury,Bury South,Private,2,,,14/11/2024,,,,Joiner,,,Active,,,REDACTED,"In current dataset as active, not in previous year"
2811180,Children's home,West Midlands,West Midlands,Sandwell,West Bromwich,Private,3,,,15/01/2025,,,,Joiner,,,Active,,,REDACTED,"In current dataset as active, not in previous year"
2812372,Children's home,West Midlands,West Midlands,Worcestershire,Bromsgrove,Local Authority,6,,Short breaks only,27/09/2024,,,,Joiner,,,Active,,,REDACTED,"In current dataset as active, not in previous year"
2812627,Children's home,North West,North West,Sefton,Sefton Central,Private,5,,,05/12/2024,,,,Joiner,,,Active,,,REDACTED,"In current dataset as active, not in previous year"
2813153,Children's home,East of England,East of England,Suffolk,West Suffolk,Private,4,,,23/12/2024,,,,Joiner,,,Active,,,REDACTED,"In current dataset as active, not in previous year"
2815114,Children's home,North West,North West,Lancashire,Morecambe and Lunesdale,Private,3,,,10/12/2024,,,,Joiner,,,Active,,,REDACTED,"In current dataset as active, not in previous year"
2815302,Children's home,South West,South West,Bath and North East Somerset,Frome and East Somerset,Private,3,,,12/12/2024,,,,Joiner,,,Active,,,REDACTED,"In current dataset as active, not in previous year"
2815319,Children's home,North West,North West,Rochdale,Heywood and Middleton North,Private,4,,,03/03/2025,,,,Joiner,,,Active,,,REDACTED,"In current dataset as active, not in previous year"
2815690,Children's home,East Midlands,East Midlands,Nottingham,Nottingham North and Kimberley,Private,2,,,24/12/2024,,,,Joiner,,,Active,,,REDACTED,"In current dataset as active, not in previous year"
2816504,Children's home,South East,South East,East Sussex,Eastbourne,Private,1,,,20/12/2024,,,,Joiner,,,Active,,,REDACTED,"In current dataset as active, not in previous year"
2816928,Children's home,North West,North West,Stockport,Hazel Grove,Private,1,,,14/03/2025,,,,Joiner,,,Active,,,REDACTED,"In current dataset as active, not in previous year"
2817125,Independent Fostering Agency,North West,North West,Lancashire,Preston,Private,,,,31/01/2025,,,,Joiner,,,Active,,,Faith Fostering,"In current dataset as active, not in previous year"
2817348,Children's home,West Midlands,West Midlands,Warwickshire,Nuneaton,Private,3,,,11/02/2025,,,,Joiner,,,Active,,,REDACTED,"In current dataset as active, not in previous year"
2817904,Children's home,North West,North West,Lancashire,Hyndburn,Private,3,,,20/12/2024,,,,Joiner,,,Active,,,REDACTED,"In current dataset as active, not in previous year"
2818155,Children's home,South West,South West,Plymouth,Plymouth Sutton and Devonport,Private,2,,,07/02/2025,,,,Joiner,,,Active,,,REDACTED,"In current dataset as active, not in previous year"
2818768,Children's home,East of England,East of England,Essex,Castle Point,Private,4,,,15/01/2025,,,,Joiner,,,Active,,,REDACTED,"In current dataset as active, not in previous year"
2821078,Children's home,"North East, Yorkshire and the Humber",Yorkshire and The Humber,Bradford,Bradford East,Private,1,,,24/01/2025,,,,Joiner,,,Active,,,REDACTED,"In current dataset as active, not in previous year"
2822461,Children's home,East Midlands,East Midlands,Derby,Mid Derbyshire,Private,3,,,31/01/2025,,,,Joiner,,,Active,,,REDACTED,"In current dataset as active, not in previous year"
2824118,Children's home,North West,North West,Rochdale,Heywood and Middleton North,Private,1,,,10/02/2025,,,,Joiner,,,Active,,,REDACTED,"In current dataset as active, not in previous year"
2835817,Children's home,"North East, Yorkshire and the Humber",North East,Middlesbrough,Middlesbrough South and East Cleveland,Private,5,,,27/03/2025,,,,Joiner,,,Active,,,REDACTED,"In current dataset as active, not in previous year"
SC024575,Residential Special School,East of England,East of England,Suffolk,Suffolk Coastal,Private,7,,,18/02/2002,09/10/2024,09/10/2024,,,Leaver,Active,Resigned,Ofsted,,Bramfield House School,"In previous year, not in current dataset (closed date in Year)"
SC036019,Children's home,East Midlands,East Midlands,Derby,Derby South,Local Authority,4,,,17/03/2004,26/01/2024,26/01/2024,,,Leaver,Resigned,Resigned,,,REDACTED,"In previous year, not in current dataset (closed date before April of current year)"
SC360287,Independent Fostering Agency,South West,South West,Wiltshire,South West Wiltshire,Private,,,,08/10/2007,05/03/2025,05/03/2025,,,Leaver,Active,Resigned,,,Enhanced Foster Care,"In previous year, not in current dataset (closed date in Year)"
SC477900,Children's home,East of England,East of England,Essex,Harwich and North Essex,Private,4,,,06/06/2014,01/01/2025,01/01/2025,,,Leaver,Active,Resigned,,,REDACTED,"In previous year, not in current dataset (closed date in Year)"
1159682,Children's home,London,London,Islington,Islington South and Finsbury,Voluntary,4,,,22/09/2015,31/07/2024,31/07/2024,,,Leaver,Active,Resigned,,,REDACTED,"In previous year, not in current dataset (closed date in Year)"
1213828,Children's home,North West,North West,St Helens,St Helens North,Private,2,,,29/09/2015,31/08/2024,31/08/2024,,,Leaver,Active,Resigned,,,REDACTED,"In previous year, not in current dataset (closed date in Year)"
1226971,Residential special school (registered as a children's home),South West,South West,South Gloucestershire,Thornbury and Yate,Voluntary,9,,,06/04/2016,01/07/2024,01/07/2024,,,Leaver,Active,Resigned,Ofsted,,REDACTED,"In previous year, not in current dataset (closed date in Year)"
2537060,Children's home,North West,North West,Blackpool,Blackpool South,Private,2,,,22/08/2019,22/07/2024,22/07/2024,,,Leaver,Active,Resigned,,,REDACTED,"In previous year, not in current dataset (closed date in Year)"
2582248,Children's home,North West,North West,Bury,Bury North,Private,2,,,04/03/2020,15/08/2024,15/08/2024,,,Leaver,Active,Resigned,,,REDACTED,"In previous year, not in current dataset (closed date in Year)"
2624711,Children's home,North West,North West,St Helens,St Helens North,Private,1,,,25/02/2021,15/01/2025,15/01/2025,,,Leaver,Active,Resigned,,,REDACTED,"In previous year, not in current dataset (closed date in Year)"
2667363,Children's home,"North East, Yorkshire and the Humber",Yorkshire and The Humber,York,York Central,Local Authority,1,,,09/12/2021,02/05/2024,02/05/2024,,,Leaver,Active,Resigned,,,REDACTED,"In previous year, not in current dataset (closed date in Year)"
2673264,Children's home,East of England,East of England,Norfolk,Mid Norfolk,Private,2,,,11/02/2022,14/01/2025,14/01/2025,,,Leaver,Active,Resigned,,,REDACTED,"In previous year, not in current dataset (closed date in Year)"
2731571,Residential Family Centre,North West,North West,Stockport,Stockport,Private,5,,,28/09/2023,17/09/2024,17/09/2024,,,Leaver,Active,Resigned,,,Kinfolk House,"In previous year, not in current dataset (closed date in Year)"
2740650,Children's home,West Midlands,West Midlands,Staffordshire,Burton and Uttoxeter,Private,3,,,02/07/2024,,,,Joiner,,,Active,,,REDACTED,"In current dataset as active, not in previous year"
2743155,Children's home,West Midlands,West Midlands,Coventry,Coventry South,Private,6,,,29/04/2024,,,,Joiner,,,Active,,,REDACTED,"In current dataset as active, not in previous year"
2747658,Supported Accommodation,London,London,Barnet,Finchley and Golders Green,Private,61,11,,19/04/2024,,,,Joiner,,,Active,,,Silver Birch Care North/West/East Region,"In current dataset as active, not in previous year"
2748592,Children's home,South East,South East,Isle of Wight,Isle of Wight East,Private,3,,,03/05/2024,,,,Joiner,,,Active,,,REDACTED,"In current dataset as active, not in previous year"
2750237,Children's home,East of England,East of England,Essex,North West Essex,Private,5,,,06/11/2023,12/04/2024,12/04/2024,,,Leaver,Active,Resigned,,,REDACTED,"In previous year, not in current dataset (closed date in Year)"
2751230,Children's home,North West,North West,Manchester,Blackley and Middleton South,Private,2,,,20/09/2024,,,,Joiner,,,Active,,,REDACTED,"In current dataset as active, not in previous year"
2757302,Supported Accommodation,"North East, Yorkshire and the Humber",Yorkshire and The Humber,Bradford,Bradford South,Private,64,11,,25/07/2024,,,,Joiner,,,Active,,,Avensis Support Limited,"In current dataset as active, not in previous year"
2757925,Supported Accommodation,East Midlands,East Midlands,North Northamptonshire,Corby and East Northamptonshire,Private,6,4,,07/05/2024,,,,Joiner,,,Active,,,Ultimate Care and Support Services ltd,"In current dataset as active, not in previous year"
2760550,Supported Accommodation,West Midlands,West Midlands,Wolverhampton,Wolverhampton West,Private,5,2,,20/06/2024,,,,Joiner,,,Active,,,JBL Living Ltd,"In current dataset as active, not in previous year"
2760558,Supported Accommodation,London,London,Hillingdon,Hayes and Harlington,Private,24,4,,04/07/2024,,,,Joiner,,,Active,,,Community Hosting and Support Ltd,"In current dataset as active, not in previous year"
2760566,Supported Accommodation,London,London,Croydon,Croydon West,Private,18,3,,12/04/2024,,,,Joiner,,,Active,,,Caridon Young Living Ltd,"In current dataset as active, not in previous year"
2761857,Supported Accommodation,East of England,East of England,Southend on Sea,Southend West and Leigh,Private,20,6,,05/06/2024,,,,Joiner,,,Active,,,Safe Haven Services Limited,"In current dataset as active, not in previous year"
2762262,Supported Accommodation,South East,South East,West Sussex,Crawley,Private,22,20,,11/07/2024,,,,Joiner,,,Active,,,3 Bridge Solution,"In current dataset as active, not in previous year"
2762395,Supported Accommodation,London,London,Croydon,Streatham and Croydon North,Private,5,2,,02/04/2024,,,,Joiner,,,Active,,,Green Apple Healthcare Services Ltd,"In current dataset as active, not in previous year"
2762543,Supported Accommodation,South East,South East,Oxfordshire,Didcot and Wantage,Private,11,2,,11/03/2025,,,,Joiner,,,Active,,,Mount Prosupport Services Ltd,"In current dataset as active, not in previous year"
2762716,Supported Accommodation,East Midlands,East Midlands,Nottingham,Nottingham East,Private,89,28,,21/04/2024,,,,Joiner,,,Active,,,Teen Support Services,"In current dataset as active, not in previous year"
2762851,Supported Accommodation,East of England,East of England,Essex,Colchester,Private,11,2,,09/08/2024,,,,Joiner,,,Active,,,Andmu Care Services Ltd,"In current dataset as active, not in previous year"
2762993,Supported Accommodation,London,London,Sutton,Carshalton and Wallington,Private,6,1,,02/05/2024,,,,Joiner,,,Active,,,Bridgstock Housing Ltd,"In current dataset as active, not in previous year"
2763058,Supported Accommodation,East of England,East of England,Thurrock,Thurrock,Private,7,2,,15/11/2024,,,,Joiner,,,Active,,,Curling Tye,"In current dataset as active, not in previous year"
2763351,Supported Accommodation,South West,South West,Bath and North East Somerset,Bath,Voluntary,57,26,,02/04/2024,,,,Joiner,,,Active,,,YMCA Brunel Supported Housing,"In current dataset as active, not in previous year"
2763381,Supported Accommodation,East Midlands,East Midlands,Nottingham,Nottingham East,Voluntary,70,50,,09/08/2024,,,,Joiner,,,Active,,,Nottingham Community Housing Association - Young Persons,"In current dataset as active, not in previous year"
2763476,Supported Accommodation,North West,North West,Manchester,Gorton and Denton,Private,19,8,,16/12/2024,,,,Joiner,,,Active,,,Safe Hands Care & Support Services,"In current dataset as active, not in previous year"
2763502,Supported Accommodation,East of England,East of England,Luton,Luton North,Private,17,5,,14/12/2024,,,,Joiner,,,Active,,,C.T.S.L Ltd,"In current dataset as active, not in previous year"
2763595,Supported Accommodation,North West,North West,Stockport,Cheadle,Local Authority,6,5,,08/10/2024,,,,Joiner,,,Active,,,Stockport Supported Accommodation Service,"In current dataset as active, not in previous year"
2763876,Supported Accommodation,West Midlands,West Midlands,Wolverhampton,Wolverhampton West,Local Authority,39,35,,08/08/2024,,,,Joiner,,,Active,,,Wolverhampton Supported Accommodation Team,"In current dataset as active, not in previous year"
2764334,Supported Accommodation,West Midlands,West Midlands,Coventry,Coventry East,Private,3,1,,08/01/2025,,,,Joiner,,,Active,,,Assist Care Ltd,"In current dataset as active, not in previous year"
2764368,Supported Accommodation,South West,South West,Devon,Exeter,Private,18,11,,12/06/2024,,,,Joiner,,,Active,,,Central and Southern Supported Living Services,"In current dataset as active, not in previous year"
2764381,Supported Accommodation,North West,North West,Cumberland,Carlisle,Private,19,4,,05/08/2024,,,,Joiner,,,Active,,,Phoenix Housing Support Cumbria Limited,"In current dataset as active, not in previous year"
2764592,Supported Accommodation,South East,South East,West Sussex,East Worthing and Shoreham,Private,17,3,,18/03/2025,,,,Joiner,,,Active,,,B.E.S.T Project Ltd,"In current dataset as active, not in previous year"
2764961,Supported Accommodation,East Midlands,East Midlands,North Northamptonshire,Kettering,Private,7,2,,20/03/2025,,,,Joiner,,,Active,,,Connections24hrs,"In current dataset as active, not in previous year"
2765017,Supported Accommodation,North West,North West,Wigan,Makerfield,Private,3,3,,03/09/2024,,,,Joiner,,,Active,,,Regal Residential Care Limited,"In current dataset as active, not in previous year"
2765080,Supported Accommodation,South East,South East,West Berkshire,Reading West and Mid Berkshire,Private,4,2,,19/09/2024,,,,Joiner,,,Active,,,Hawthornes,"In current dataset as active, not in previous year"
2765290,Supported Accommodation,East Midlands,East Midlands,Lincolnshire,Lincoln,Voluntary,81,57,,26/08/2024,,,,Joiner,,,Active,,,Lincolnshire - Nacro Education Support and Transition (NEST),"In current dataset as active, not in previous year"
2765365,Supported Accommodation,East Midlands,East Midlands,North Northamptonshire,Corby and East Northamptonshire,Private,28,10,,02/12/2024,,,,Joiner,,,Active,,,Victorious Living Health Care Limited,"In current dataset as active, not in previous year"
2765742,Supported Accommodation,"North East, Yorkshire and the Humber",North East,Durham,City of Durham,Voluntary,44,28,,26/05/2024,,,,Joiner,,,Active,,,Home Group,"In current dataset as active, not in previous year"
2765997,Supported Accommodation,East Midlands,East Midlands,Leicestershire,Loughborough,Voluntary,53,14,,19/07/2024,,,,Joiner,,,Active,,,The Baca Charity,"In current dataset as active, not in previous year"
2766027,Supported Accommodation,East Midlands,East Midlands,North Northamptonshire,Corby and East Northamptonshire,Private,32,12,,08/08/2024,,,,Joiner,,,Active,,,EJC Group LTD,"In current dataset as active, not in previous year"
2766045,Supported Accommodation,West Midlands,West Midlands,Stoke-on-Trent,Stoke-on-Trent Central,Private,37,7,,19/04/2024,,,,Joiner,,,Active,,,Linx 16 Plus,"In current dataset as active, not in previous year"
2766197,Supported Accommodation,London,London,Haringey,Hornsey and Friern Barnet,Private,17,3,,15/01/2025,,,,Joiner,,,Active,,,Willoughby Place Ltd,"In current dataset as active, not in previous year"
2766516,Supported Accommodation,South East,South East,Kent,Ashford,Local Authority,198,5,,21/10/2024,,,,Joiner,,,Active,,,Reception and Safe Care Service,"In current dataset as active, not in previous year"
2766609,Supported Accommodation,South East,South East,Brighton and Hove,Hove and Portslade,Voluntary,169,15,,16/09/2024,,,,Joiner,,,Active,,,YMCA DLG - West Sussex and Surrey,"In current dataset as active, not in previous year"
2766634,Supported Accommodation,South East,South East,Oxfordshire,Oxford West and Abingdon,Private,5,2,,12/01/2025,,,,Joiner,,,Active,,,MB Supported Housing - Ofsted 16/17 shared,"In current dataset as active, not in previous year"
2766653,Supported Accommodation,South East,South East,Surrey,Reigate,Voluntary,52,9,,01/10/2024,,,,Joiner,,,Active,,,YMCA East Surrey,"In current dataset as active, not in previous year"
2766719,Supported Accommodation,London,London,Southwark,Bermondsey and Old Southwark,Voluntary,232,60,,27/03/2025,,,,Joiner,,,Active,,,Depaul UK,"In current dataset as active, not in previous year"
2766744,Supported Accommodation,South East,South East,Southampton,Southampton Test,Private,20,5,,12/01/2025,,,,Joiner,,,Active,,,Bluoak Housing and Healthcare,"In current dataset as active, not in previous year"
2766784,Supported Accommodation,North West,North West,Manchester,Blackley and Middleton South,Local Authority,34,21,,07/05/2024,,,,Joiner,,,Active,,,Manchester City Council Supported Lodging Scheme,"In current dataset as active, not in previous year"
2766846,Supported Accommodation,South West,South West,Somerset,Taunton and Wellington,Private,11,4,,10/01/2025,,,,Joiner,,,Active,,,Futures South West Limited,"In current dataset as active, not in previous year"
2766985,Supported Accommodation,East of England,East of England,Norfolk,Broadland and Fakenham,Private,47,15,,23/04/2024,,,,Joiner,,,Active,,,Juventas UASC Service,"In current dataset as active, not in previous year"
2767339,Supported Accommodation,South East,South East,Kent,Dartford,Voluntary,51,15,,21/08/2024,,,,Joiner,,,Active,,,The Roundhouse,"In current dataset as active, not in previous year"
2767363,Supported Accommodation,West Midlands,West Midlands,Walsall,Walsall and Bloxwich,Private,7,2,,21/09/2024,,,,Joiner,,,Active,,,Bright Living Homes Ltd,"In current dataset as active, not in previous year"
2767393,Supported Accommodation,London,London,Wandsworth,Putney,Voluntary,66,5,,13/02/2025,,,,Joiner,,,Active,,,St Christopher's Fellowship,"In current dataset as active, not in previous year"
2767783,Supported Accommodation,London,London,Westminster,Cities of London and Westminster,Voluntary,34,1,,09/08/2024,,,,Joiner,,,Active,,,Cardinal Hume Centre Hostel,"In current dataset as active, not in previous year"
2767785,Supported Accommodation,South East,South East,Southampton,Southampton Itchen,Private,28,7,,19/04/2024,,,,Joiner,,,Active,,,CG Partnership Limited,"In current dataset as active, not in previous year"
2767814,Supported Accommodation,West Midlands,West Midlands,Telford and Wrekin,Telford,Private,16,4,,21/09/2024,,,,Joiner,,,Active,,,Ignite Pathways LTD,"In current dataset as active, not in previous year"
2768049,Supported Accommodation,East of England,East of England,Hertfordshire,South West Hertfordshire,Private,6,1,,03/02/2025,,,,Joiner,,,Active,,,Directions Independent Living,"In current dataset as active, not in previous year"
2768358,Supported Accommodation,East Midlands,East Midlands,West Northamptonshire,Northampton North,Private,21,6,,10/07/2024,,,,Joiner,,,Active,,,PSA Care Ltd,"In current dataset as active, not in previous year"
2768548,Supported Accommodation,East Midlands,East Midlands,West Northamptonshire,Northampton North,Private,2,1,,07/08/2024,,,,Joiner,,,Active,,,DMC Signature Care Ltd,"In current dataset as active, not in previous year"
2768740,Supported Accommodation,South West,South West,Somerset,Taunton and Wellington,Private,18,5,,06/12/2024,,,,Joiner,,,Active,,,Empower Supported Living Limited,"In current dataset as active, not in previous year"
2768988,Supported Accommodation,East Midlands,East Midlands,Leicester,Leicester East,Private,8,4,,25/10/2024,,,,Joiner,,,Active,,,SwiftCF Supported Accommodation Service,"In current dataset as active, not in previous year"
2769146,Supported Accommodation,South East,South East,Southampton,Southampton Test,Private,4,1,,12/01/2025,,,,Joiner,,,Active,,,CM Supported Living Services,"In current dataset as active, not in previous year"
2769171,Supported Accommodation,South West,South West,Somerset,Bridgwater,Voluntary,44,22,,03/04/2024,,,,Joiner,,,Active,,,YMCA Dulverton Group Supported Accommodation,"In current dataset as active, not in previous year"
2769501,Children's home,North West,North West,Lancashire,Rossendale and Darwen,Private,2,,,11/04/2024,,,,Joiner,,,Active,,,REDACTED,"In current dataset as active, not in previous year"
2769647,Supported Accommodation,London,London,Camden,Holborn and St Pancras,Private,3,2,,08/03/2025,,,,Joiner,,,Active,,,BPACare Ltd,"In current dataset as active, not in previous year"
2770705,Children's home,North West,North West,Oldham,"Oldham West, Chadderton and Royton",Private,3,,,08/03/2024,31/01/2025,31/01/2025,,,Leaver,Active,Resigned,,,REDACTED,"In previous year, not in current dataset (closed date in Year)"
2770833,Supported Accommodation,North West,North West,Halton,Runcorn and Helsby,Private,6,5,,31/07/2024,,,,Joiner,,,Active,,,Next Steps Support Services,"In current dataset as active, not in previous year"
2770922,Supported Accommodation,"North East, Yorkshire and the Humber",Yorkshire and The Humber,Bradford,Bradford East,Private,3,1,,15/01/2025,,,,Joiner,,,Active,,,Upper Castle  House,"In current dataset as active, not in previous year"
2770974,Children's home,East of England,East of England,Suffolk,West Suffolk,Private,5,,,12/04/2024,,,,Joiner,,,Active,,,REDACTED,"In current dataset as active, not in previous year"
2771395,Supported Accommodation,"North East, Yorkshire and the Humber",North East,Durham,City of Durham,Private,28,11,,18/06/2024,,,,Joiner,,,Active,,,Handcrafted Projects Engage,"In current dataset as active, not in previous year"
2771737,Supported Accommodation,South West,South West,"Bournemouth, Christchurch & Poole",Bournemouth East,Voluntary,7,3,,22/05/2024,,,,Joiner,,,Active,,,ICN's UASC Supported Accommodation,"In current dataset as active, not in previous year"
2771879,Supported Accommodation,East Midlands,East Midlands,Nottingham,Nottingham East,Voluntary,132,68,,03/04/2024,,,,Joiner,,,Active,,,Framework Housing Association,"In current dataset as active, not in previous year"
2772081,Supported Accommodation,"North East, Yorkshire and the Humber",North East,Stockton-on-Tees,Stockton North,Private,5,1,,21/09/2024,,,,Joiner,,,Active,,,Fairfield House Support Services Independent Futures,"In current dataset as active, not in previous year"
2772356,Children's home,East of England,East of England,Essex,Colchester,Private,1,,,23/04/2024,,,,Joiner,,,Active,,,REDACTED,"In current dataset as active, not in previous year"
2772416,Supported Accommodation,London,London,Greenwich,Greenwich and Woolwich,Private,0,0,,27/06/2024,,,,Joiner,,,Active,,,Reviive Care & Support,"In current dataset as active, not in previous year"
2772417,Supported Accommodation,"North East, Yorkshire and the Humber",Yorkshire and The Humber,Bradford,Bradford West,Private,4,1,,24/11/2024,,,,Joiner,,,Active,,,Nurtureu Healthcare Ltd,"In current dataset as active, not in previous year"
2772460,Supported Accommodation,East of England,East of England,Southend on Sea,Southend East and Rochford,Private,4,2,,06/12/2024,,,,Joiner,,,Active,,,Fair Tree Supported Accommodation,"In current dataset as active, not in previous year"
2773251,Supported Accommodation,Wales,Wales,Conwy,Bangor Aberconwy,Private,8,3,,09/06/2024,,,,Joiner,,,Active,,,Rite Directions,"In current dataset as active, not in previous year"
2773571,Children's home,West Midlands,West Midlands,Stoke-on-Trent,Stoke-on-Trent Central,Private,3,,,10/04/2024,,,,Joiner,,,Active,,,REDACTED,"In current dataset as active, not in previous year"
2774759,Children's home,West Midlands,West Midlands,Sandwell,Tipton and Wednesbury,Private,3,,,08/11/2024,,,,Joiner,,,Active,,,REDACTED,"In current dataset as active, not in previous year"
2774926,Supported Accommodation,London,London,Hillingdon,Hayes and Harlington,Private,36,8,,15/02/2025,,,,Joiner,,,Active,,,Harvest Care Group,"In current dataset as active, not in previous year"
2775266,Supported Accommodation,London,London,Hounslow,Brentford and Isleworth,Private,42,5,,17/12/2024,,,,Joiner,,,Active,,,Peepal Tree Support Services,"In current dataset as active, not in previous year"
2775284,Children's home,North West,North West,Wirral,Birkenhead,Private,3,,,13/06/2024,,,,Joiner,,,Active,,,REDACTED,"In current dataset as active, not in previous year"
2775570,Children's home,East of England,East of England,Bedford,Bedford,Private,1,,,12/08/2024,,,,Joiner,,,Active,,,REDACTED,"In current dataset as active, not in previous year"
2775717,Supported Accommodation,North West,North West,Blackburn with Darwen,Rossendale and Darwen,Private,2,2,,09/05/2024,,,,Joiner,,,Active,,,Independent Futures,"In current dataset as active, not in previous year"
2776258,Children's home,North West,North West,Salford,Worsley and Eccles,Private,4,,,23/05/2024,,,,Joiner,,,Active,,,REDACTED,"In current dataset as active, not in previous year"
2778637,Children's home,North West,North West,Manchester,Manchester Rusholme,Private,1,,,23/05/2024,,,,Joiner,,,Active,,,REDACTED,"In current dataset as active, not in previous year"
2779272,Supported Accommodation,London,London,Barnet,Hendon,Private,4,1,,13/11/2024,,,,Joiner,,,Active,,,Hallmark Healthcare Ltd,"In current dataset as active, not in previous year"
2779528,Supported Accommodation,North West,North West,Wigan,Wigan,Private,4,4,,29/04/2024,,,,Joiner,,,Active,,,Elite Education JB Limited,"In current dataset as active, not in previous year"
2779753,Children's home,East of England,East of England,Essex,Chelmsford,Private,5,,,29/05/2024,,,,Joiner,,,Active,,,REDACTED,"In current dataset as active, not in previous year"
2780216,Children's home,North West,North West,Wirral,Wallasey,Private,3,,,22/08/2024,,,,Joiner,,,Active,,,REDACTED,"In current dataset as active, not in previous year"
2780495,Children's home,North West,North West,Lancashire,Fylde,Private,2,,,29/05/2024,,,,Joiner,,,Active,,,REDACTED,"In current dataset as active, not in previous year"
2781118,Supported Accommodation,"North East, Yorkshire and the Humber",Yorkshire and The Humber,Kingston upon Hull,Kingston upon Hull West and Haltemprice,Local Authority,74,32,,30/09/2024,,,,Joiner,,,Active,,,Shared Accommodation Project,"In current dataset as active, not in previous year"
2781122,Supported Accommodation,West Midlands,West Midlands,Staffordshire,Cannock Chase,Private,4,1,,04/02/2025,,,,Joiner,,,Active,,,Gifted Hands Care Limited,"In current dataset as active, not in previous year"
2781132,Supported Accommodation,South East,South East,Hampshire,Gosport,Private,3,1,,30/07/2024,,,,Joiner,,,Active,,,Springcroft Homes,"In current dataset as active, not in previous year"
2781979,Supported Accommodation,North West,North West,Cumberland,Carlisle,Private,3,3,,24/07/2024,,,,Joiner,,,Active,,,Educla Ltd Residential,"In current dataset as active, not in previous year"
2782388,Supported Accommodation,West Midlands,West Midlands,Birmingham,Birmingham Ladywood,Private,3,1,,26/05/2024,,,,Joiner,,,Active,,,Karma Care and Housing CIC,"In current dataset as active, not in previous year"
2782456,Children's home,West Midlands,West Midlands,Stoke-on-Trent,Stoke-on-Trent South,Private,2,,,22/07/2024,,,,Joiner,,,Active,,,REDACTED,"In current dataset as active, not in previous year"
2785104,Children's home,North West,North West,Lancashire,Preston,Private,1,,,20/05/2024,,,,Joiner,,,Active,,,REDACTED,"In current dataset as active, not in previous year"
2785316,Children's home,North West,North West,St Helens,St Helens North,Private,4,,,08/05/2024,,,,Joiner,,,Active,,,REDACTED,"In current dataset as active, not in previous year"
2785351,Supported Accommodation,West Midlands,West Midlands,Herefordshire,Hereford and South Herefordshire,Private,6,3,,30/06/2024,,,,Joiner,,,Active,,,Bright Beginnings,"In current dataset as active, not in previous year"
2785684,Children's home,South East,South East,Kent,Sittingbourne and Sheppey,Private,1,,,25/03/2025,,,,Joiner,,,Active,,,REDACTED,"In current dataset as active, not in previous year"
2786766,Children's home,East of England,East of England,Norfolk,North Norfolk,Private,5,,,17/01/2025,,,,Joiner,,,Active,,,REDACTED,"In current dataset as active, not in previous year"
2787278,Children's home,East Midlands,East Midlands,Derby,Mid Derbyshire,Private,3,,,04/06/2024,,,,Joiner,,,Active,,,REDACTED,"In current dataset as active, not in previous year"
2787476,Supported Accommodation,West Midlands,West Midlands,Walsall,Walsall and Bloxwich,Private,6,3,,11/03/2025,,,,Joiner,,,Active,,,Universal Healthy Minds Limited,"In current dataset as active, not in previous year"
2788947,Supported Accommodation,East Midlands,East Midlands,Nottingham,Nottingham East,Private,3,1,,30/08/2024,,,,Joiner,,,Active,,,Wisteria House,"In current dataset as active, not in previous year"
2789329,Supported Accommodation,North West,North West,Blackpool,Blackpool South,Private,12,2,,10/10/2024,,,,Joiner,,,Active,,,Resettlement Service,"In current dataset as active, not in previous year"
2789898,Residential Family Centre,East of England,East of England,Essex,South Basildon and East Thurrock,Private,5,,,08/07/2024,,,,Joiner,,,Active,,,Blossom Lodge,"In current dataset as active, not in previous year"
2790874,Children's home,North West,North West,Bury,Bury North,Private,4,,,22/08/2024,,,,Joiner,,,Active,,,REDACTED,"In current dataset as active, not in previous year"
2790897,Children's home,North West,North West,Lancashire,Chorley,Private,2,,,20/06/2024,,,,Joiner,,,Active,,,REDACTED,"In current dataset as active, not in previous year"
2792075,Children's home,East of England,East of England,Central Bedfordshire,Dunstable and Leighton Buzzard,Private,1,,,10/12/2024,,,,Joiner,,,Active,,,REDACTED,"In current dataset as active, not in previous year"
2792613,Children's home,West Midlands,West Midlands,Birmingham,Birmingham Erdington,Private,1,,,30/12/2024,,,,Joiner,,,Active,,,REDACTED,"In current dataset as active, not in previous year"
2793176,Children's home,North West,North West,Lancashire,Preston,Private,3,,,04/09/2024,,,,Joiner,,,Active,,,REDACTED,"In current dataset as active, not in previous year"
2794160,Children's home,South West,South West,Plymouth,Plymouth Moor View,Private,4,,,18/09/2024,30/01/2025,30/01/2025,,Joiner,Leaver,,Resigned,,,REDACTED,Joiner and Leaver in current reporting period
2794714,Children's home,North West,North West,Oldham,Oldham East and Saddleworth,Private,2,,,27/12/2024,,,,Joiner,,,Active,,,REDACTED,"In current dataset as active, not in previous year"
2795055,Children's home,South East,South East,Kent,Ashford,Local Authority,10,,,16/09/2024,,,,Joiner,,,Active,,,REDACTED,"In current dataset as active, not in previous year"
2795352,Children's home,West Midlands,West Midlands,Staffordshire,Newcastle-under-Lyme,Private,2,,,10/09/2024,,,,Joiner,,,Active,,,REDACTED,"In current dataset as active, not in previous year"
2795704,Children's home,East Midlands,East Midlands,Leicester,Leicester South,Private,3,,,07/08/2024,,,,Joiner,,,Active,,,REDACTED,"In current dataset as active, not in previous year"
2795987,Children's home,East Midlands,East Midlands,West Northamptonshire,Northampton South,Private,4,,,17/09/2024,,,,Joiner,,,Active,,,REDACTED,"In current dataset as active, not in previous year"
2797076,Children's home,North West,North West,Lancashire,Preston,Private,2,,,21/10/2024,,,,Joiner,,,Active,,,REDACTED,"In current dataset as active, not in previous year"
2797450,Children's home,East Midlands,East Midlands,Derbyshire,Amber Valley,Private,3,,,13/12/2024,,,,Joiner,,,Active,,,REDACTED,"In current dataset as active, not in previous year"
2797543,Supported Accommodation,South West,South West,Gloucestershire,Cheltenham,Private,7,3,,28/08/2024,,,,Joiner,,,Active,,,Kate Cares Supported Accommodation,"In current dataset as active, not in previous year"
2797984,Children's home,North West,North West,Lancashire,Southport,Private,2,,,10/09/2024,,,,Joiner,,,Active,,,REDACTED,"In current dataset as active, not in previous year"
2798016,Children's home,North West,North West,Knowsley,Widnes and Halewood,Private,2,,,28/12/2024,,,,Joiner,,,Active,,,REDACTED,"In current dataset as active, not in previous year"
2798722,Children's home,South East,South East,East Sussex,Bexhill and Battle,Private,6,,,31/12/2024,,,,Joiner,,,Active,,,REDACTED,"In current dataset as active, not in previous year"
2798971,Supported Accommodation,West Midlands,West Midlands,Wolverhampton,Wolverhampton West,Private,4,1,,16/12/2024,,,,Joiner,,,Active,,,Sapphire Supported Living,"In current dataset as active, not in previous year"
2804719,Children's home,West Midlands,West Midlands,Telford and Wrekin,The Wrekin,Private,4,,,30/01/2025,,,,Joiner,,,Active,,,REDACTED,"In current dataset as active, not in previous year"
2805014,Children's home,West Midlands,West Midlands,Sandwell,Halesowen,Private,2,,,16/12/2024,,,,Joiner,,,Active,,,REDACTED,"In current dataset as active, not in previous year"
2806032,Supported Accommodation,South West,South West,Devon,Honiton and Sidmouth,Private,4,1,,12/01/2025,,,,Joiner,,,Active,,,Loveguard Ltd,"In current dataset as active, not in previous year"
2806628,Children's home,East of England,East of England,Essex,Harlow,Private,2,,,03/12/2024,,,,Joiner,,,Active,,,REDACTED,"In current dataset as active, not in previous year"
2808098,Independent Fostering Agency,West Midlands,West Midlands,Worcestershire,Droitwich and Evesham,Private,,,,12/02/2025,,,,Joiner,,,Active,,,Pyramid Care Fostering Services Ltd,"In current dataset as active, not in previous year"
2808164,Children's home,East of England,East of England,Suffolk,Suffolk Coastal,Private,3,,,09/10/2024,,,,Joiner,,,Active,,,REDACTED,"In current dataset as active, not in previous year"
2808487,Children's home,West Midlands,West Midlands,Birmingham,Birmingham Hall Green and Moseley,Private,5,,,27/01/2025,,,,Joiner,,,Active,,,REDACTED,"In current dataset as active, not in previous year"
2809139,Children's home,West Midlands,West Midlands,Birmingham,Birmingham Hodge Hill and Solihull North,Private,5,,,19/11/2024,,,,Joiner,,,Active,,,REDACTED,"In current dataset as active, not in previous year"
2810460,Children's home,West Midlands,West Midlands,Telford and Wrekin,The Wrekin,Private,3,,,12/12/2024,,,,Joiner,,,Active,,,REDACTED,"In current dataset as active, not in previous year"
2812170,Children's home,London,London,Barking and Dagenham,Ilford South,Private,3,,,10/03/2025,,,,Joiner,,,Active,,,REDACTED,"In current dataset as active, not in previous year"
2812359,Children's home,North West,North West,Lancashire,Hyndburn,Private,2,,,23/12/2024,,,,Joiner,,,Active,,,REDACTED,"In current dataset as active, not in previous year"
2813073,Children's home,South West,South West,South Gloucestershire,Bristol North East,Private,3,,,23/12/2024,,,,Joiner,,,Active,,,REDACTED,"In current dataset as active, not in previous year"
2813748,Supported Accommodation,West Midlands,West Midlands,Birmingham,Birmingham Edgbaston,Private,3,1,,10/02/2025,,,,Joiner,,,Active,,,Pathways Supported Accommodation,"In current dataset as active, not in previous year"
2814546,Children's home,East Midlands,East Midlands,Lincolnshire,Louth and Horncastle,Private,4,,,21/03/2025,,,,Joiner,,,Active,,,REDACTED,"In current dataset as active, not in previous year"
2816100,Children's home,South East,South East,Reading,Reading West and Mid Berkshire,Private,7,,,19/12/2024,,,,Joiner,,,Active,,,REDACTED,"In current dataset as active, not in previous year"
2816315,Children's home,North West,North West,Warrington,Warrington North,Private,1,,,12/11/2024,,,,Joiner,,,Active,,,REDACTED,"In current dataset as active, not in previous year"
2816350,Children's home,South East,South East,Medway,Rochester and Strood,Private,3,,,03/03/2025,,,,Joiner,,,Active,,,REDACTED,"In current dataset as active, not in previous year"
2817732,Children's home,East Midlands,East Midlands,Derbyshire,Derbyshire Dales,Private,3,,,13/12/2024,,,,Joiner,,,Active,,,REDACTED,"In current dataset as active, not in previous year"
2817808,Supported Accommodation,South East,South East,Hampshire,Winchester,Private,4,1,,04/02/2025,,,,Joiner,,,Active,,,Solent Next Steps Ltd,"In current dataset as active, not in previous year"
2818434,Children's home,North West,North West,Lancashire,Fylde,Private,2,,,24/12/2024,,,,Joiner,,,Active,,,REDACTED,"In current dataset as active, not in previous year"
2818630,Children's home,East of England,East of England,Suffolk,Lowestoft,Private,1,,,18/02/2025,,,,Joiner,,,Active,,,REDACTED,"In current dataset as active, not in previous year"
2819221,Children's home,East of England,East of England,Essex,Clacton,Private,2,,,03/03/2025,,,,Joiner,,,Active,,,REDACTED,"In current dataset as active, not in previous year"
2819483,Children's home,South East,South East,Windsor and Maidenhead,Maidenhead,Private,4,,,27/03/2025,,,,Joiner,,,Active,,,REDACTED,"In current dataset as active, not in previous year"
2819760,Children's home,South West,South West,Plymouth,Plymouth Moor View,Private,4,,,31/01/2025,,,,Joiner,,,Active,,,REDACTED,"In current dataset as active, not in previous year"
2820025,Children's home,South West,South West,Devon,South Devon,Local Authority,8,,,20/12/2024,,,,Joiner,,,Active,,,REDACTED,"In current dataset as active, not in previous year"
2820124,Children's home,London,London,Havering,Romford,Private,3,,,21/03/2025,,,,Joiner,,,Active,,,REDACTED,"In current dataset as active, not in previous year"
2820309,Children's home,"North East, Yorkshire and the Humber",Yorkshire and The Humber,Leeds,Leeds South West and Morley,Private,3,,,18/02/2025,,,,Joiner,,,Active,,,REDACTED,"In current dataset as active, not in previous year"
2823275,Children's Home,North West,North West,Bolton,Bolton West,Private,2,,,03/03/2025,,,,Joiner,,,Active,,,REDACTED,"In current dataset as active, not in previous year"
2824900,Children's home,North West,North West,Knowsley,Knowsley,Private,1,,,07/03/2025,,,,Joiner,,,Active,,,REDACTED,"In current dataset as active, not in previous year"
2826639,Children's home,North West,North West,Cheshire East,Congleton,Private,3,,,27/03/2025,,,,Joiner,,,Active,,,REDACTED,"In current dataset as active, not in previous year"
2827973,Children's home,"North East, Yorkshire and the Humber",Yorkshire and The Humber,Bradford,Bradford South,Private,2,,,12/03/2025,,,,Joiner,,,Active,,,REDACTED,"In current dataset as active, not in previous year"
SC001831,Residential Special School,East Midlands,East Midlands,Leicestershire,Melton and Syston,Private,28,,,12/02/2002,19/07/2024,19/07/2024,,,Leaver,Active,Resigned,Ofsted,,The Grange Therapeutic School,"In previous year, not in current dataset (closed date in Year)"
SC018958,Residential Special School,North West,North West,Wirral,Wirral West,Voluntary,5,,,15/02/2002,05/02/2025,05/02/2025,,,Leaver,Active,Resigned,Unknown,,West Kirby School and College,"In previous year, not in current dataset (closed date in Year)"
SC031479,Children's home,London,London,Southwark,Bermondsey and Old Southwark,Local Authority,5,,Short breaks only,28/03/2003,17/09/2024,17/09/2024,,,Leaver,Active,Resigned,,,REDACTED,"In previous year, not in current dataset (closed date in Year)"
SC033934,Independent Fostering Agency,West Midlands,West Midlands,Worcestershire,Bromsgrove,Private,,,,01/09/2003,20/12/2024,20/12/2024,,,Leaver,Active,Resigned,,,Aspris Fostering Services,"In previous year, not in current dataset (closed date in Year)"
SC051816,Voluntary Adoption Agency,South West,South West,Bristol,Bristol North West,Voluntary,,,,11/08/2003,30/09/2024,30/09/2024,,,Leaver,Active,Resigned,,,Action for Children - Adoption and Permanency Service South West,"In previous year, not in current dataset (closed date in Year)"
SC063284,Children's home,North West,North West,St Helens,St Helens North,Private,5,,,08/06/2005,12/09/2024,12/09/2024,,,Leaver,Active,Resigned,,,REDACTED,"In previous year, not in current dataset (closed date in Year)"
SC068000,Children's home,"North East, Yorkshire and the Humber",North East,Darlington,Darlington,Local Authority,3,,,12/07/2006,23/12/2024,23/12/2024,,,Leaver,Active,Resigned,,,REDACTED,"In previous year, not in current dataset (closed date in Year)"
SC389830,Children's home,West Midlands,West Midlands,Shropshire,South Shropshire,Private,1,,,03/02/2009,18/11/2024,18/11/2024,,,Leaver,Active,Resigned,,,REDACTED,"In previous year, not in current dataset (closed date in Year)"
SC403890,Children's home,"North East, Yorkshire and the Humber",Yorkshire and The Humber,Leeds,Leeds West and Pudsey,Private,4,,,20/05/2010,21/08/2024,21/08/2024,,,Leaver,Active,Resigned,,,REDACTED,"In previous year, not in current dataset (closed date in Year)"
SC419334,Children's home,London,London,Bromley,Bromley and Biggin Hill,Private,4,,,18/11/2010,13/09/2024,13/09/2024,,,Leaver,Active,Resigned,,,REDACTED,"In previous year, not in current dataset (closed date in Year)"
SC446261,Children's home,West Midlands,West Midlands,Staffordshire,Staffordshire Moorlands,Private,3,,,23/04/2012,30/11/2024,30/11/2024,,,Leaver,Active,Resigned,,,REDACTED,"In previous year, not in current dataset (closed date in Year)"
SC465257,Children's home,East Midlands,East Midlands,West Northamptonshire,Northampton North,Health Authority,12,,Short breaks only,29/07/2013,31/10/2024,31/10/2024,,,Leaver,Active,Resigned,,,REDACTED,"In previous year, not in current dataset (closed date in Year)"
2483425,Residential Family Centre,North West,North West,Blackburn with Darwen,Rossendale and Darwen,Private,5,,,30/08/2018,07/10/2024,07/10/2024,,,Leaver,Active,Resigned,,,Phoenix Family Care Ltd,"In previous year, not in current dataset (closed date in Year)"
2533064,Children's home,West Midlands,West Midlands,Birmingham,Sutton Coldfield,Private,3,,,01/10/2019,15/09/2024,15/09/2024,,,Leaver,Active,Resigned,,,REDACTED,"In previous year, not in current dataset (closed date in Year)"
2577171,Children's home,"North East, Yorkshire and the Humber",Yorkshire and The Humber,Bradford,Bradford West,Private,4,,,02/07/2020,04/07/2024,04/07/2024,,,Leaver,Active,Resigned,,,REDACTED,"In previous year, not in current dataset (closed date in Year)"
2672241,Children's home,West Midlands,West Midlands,Sandwell,West Bromwich,Private,3,,,06/08/2024,,,,Joiner,,,Active,,,REDACTED,"In current dataset as active, not in previous year"
2689015,Children's home,West Midlands,West Midlands,Staffordshire,Burton and Uttoxeter,Private,3,,,21/07/2022,10/08/2024,10/08/2024,,,Leaver,Active,Resigned,,,REDACTED,"In previous year, not in current dataset (closed date in Year)"
2695482,Children's home,East Midlands,East Midlands,West Northamptonshire,Northampton South,Private,2,,,10/01/2023,18/03/2025,18/03/2025,,,Leaver,Active,Resigned,,,REDACTED,"In previous year, not in current dataset (closed date in Year)"
2713058,Boarding School,South East,South East,Brighton and Hove,Brighton Kemptown and Peacehaven,Private,240,,,27/02/2023,07/01/2025,07/01/2025,,,Leaver,Active,Resigned,Ofsted,,"Oxford International College, Brighton","In previous year, not in current dataset (closed date in Year)"
2725133,Children's home,West Midlands,West Midlands,Wolverhampton,Wolverhampton West,Private,2,,,08/01/2024,10/09/2024,10/09/2024,,,Leaver,Active,Resigned,,,REDACTED,"In previous year, not in current dataset (closed date in Year)"
2729137,Children's home,East Midlands,East Midlands,Derbyshire,Chesterfield,Private,2,,,28/04/2023,07/03/2025,07/03/2025,,,Leaver,Active,Resigned,,,REDACTED,"In previous year, not in current dataset (closed date in Year)"
2739583,Children's home,North West,North West,Sefton,Southport,Private,1,,,23/04/2024,,,,Joiner,,,Active,,,REDACTED,"In current dataset as active, not in previous year"
2744473,Children's home,North West,North West,Liverpool,Liverpool Wavertree,Private,1,,,06/08/2024,,,,Joiner,,,Active,,,REDACTED,"In current dataset as active, not in previous year"
2747336,Children's home,West Midlands,West Midlands,Staffordshire,Kingswinford and South Staffordshire,Private,10,,,14/11/2023,,05/12/2024,05/12/2024,,Leaver,Active,Cancelled,,,REDACTED,"In previous year, not in current dataset (closed date in Year)"
2748820,Children's home,East Midlands,East Midlands,Leicester,Leicester South,Private,1,,,04/04/2024,,,,Joiner,,,Active,,,REDACTED,"In current dataset as active, not in previous year"
2753660,Supported Accommodation,London,London,Tower Hamlets,Bethnal Green and Stepney,Private,7,4,,25/11/2024,,,,Joiner,,,Active,,,Gemstone,"In current dataset as active, not in previous year"
2754279,Supported Accommodation,South East,South East,Kent,Sittingbourne and Sheppey,Private,8,3,,16/10/2024,,,,Joiner,,,Active,,,Starlybek Care Limited,"In current dataset as active, not in previous year"
2756870,Supported Accommodation,East Midlands,East Midlands,Nottinghamshire,Mansfield,Private,40,10,,31/05/2024,,,,Joiner,,,Active,,,H.O.P.E. Superjobs Limited,"In current dataset as active, not in previous year"
2756907,Supported Accommodation,North West,North West,Rochdale,Heywood and Middleton North,Private,6,5,,27/08/2024,,,,Joiner,,,Active,,,Triangle Support Services,"In current dataset as active, not in previous year"
2757606,Children's home,London,London,Havering,Hornchurch and Upminster,Private,3,,,23/01/2025,,,,Joiner,,,Active,,,REDACTED,"In current dataset as active, not in previous year"
2758918,Children's home,West Midlands,West Midlands,Staffordshire,Newcastle-under-Lyme,Private,1,,,28/10/2024,,,,Joiner,,,Active,,,REDACTED,"In current dataset as active, not in previous year"
2759309,Supported Accommodation,East Midlands,East Midlands,Derbyshire,Mid Derbyshire,Private,39,16,,16/10/2024,,,,Joiner,,,Active,,,Healthcare Solutions 365 Ltd,"In current dataset as active, not in previous year"
2759357,Supported Accommodation,East Midlands,East Midlands,Derbyshire,Bolsover,Private,2,1,,22/08/2024,,,,Joiner,,,Active,,,Rose House Support Ltd,"In current dataset as active, not in previous year"
2759841,Supported Accommodation,London,London,Bexley,Bexleyheath and Crayford,Private,24,6,,02/11/2024,,,,Joiner,,,Active,,,Social Care London,"In current dataset as active, not in previous year"
2760556,Supported Accommodation,South West,South West,South Gloucestershire,Filton and Bradley Stoke,Private,7,5,,09/05/2024,,,,Joiner,,,Active,,,Keys Supported Accommodation - West,"In current dataset as active, not in previous year"
2760559,Supported Accommodation,London,London,Sutton,Sutton and Cheam,Private,54,12,,17/09/2024,,,,Joiner,,,Active,,,Go Ahead Homes Ltd.,"In current dataset as active, not in previous year"
2761790,Supported Accommodation,South East,South East,Milton Keynes,Buckingham and Bletchley,Private,3,1,,05/11/2024,,,,Joiner,,,Active,,,More Energy Care Services,"In current dataset as active, not in previous year"
2762011,Supported Accommodation,"North East, Yorkshire and the Humber",North East,Middlesbrough,Middlesbrough and Thornaby East,Private,18,18,,30/06/2024,,,,Joiner,,,Active,,,Indigo Support Limited,"In current dataset as active, not in previous year"
2762389,Supported Accommodation,East Midlands,East Midlands,North Northamptonshire,Kettering,Private,7,3,,26/04/2024,,,,Joiner,,,Active,,,Exceed Support Services Ltd,"In current dataset as active, not in previous year"
2762472,Supported Accommodation,East of England,East of England,Hertfordshire,Hertsmere,Private,19,7,,22/09/2024,,,,Joiner,,,Active,,,Agape4all,"In current dataset as active, not in previous year"
2762479,Supported Accommodation,South West,South West,Bristol,Bristol East,Private,17,5,,10/01/2025,,,,Joiner,,,Active,,,Nivalo Care Services,"In current dataset as active, not in previous year"
2762835,Supported Accommodation,"North East, Yorkshire and the Humber",Yorkshire and The Humber,Bradford,Bradford West,Private,13,2,,24/11/2024,,,,Joiner,,,Active,,,Pemberton Transitions Service,"In current dataset as active, not in previous year"
2762848,Supported Accommodation,London,London,Westminster,Cities of London and Westminster,Private,9,2,,07/02/2025,,,,Joiner,,,Active,,,HYP Transitioning Lives Semi-Independent Living Limited,"In current dataset as active, not in previous year"
2763079,Supported Accommodation,East of England,East of England,Essex,Harwich and North Essex,Private,29,9,,28/05/2024,,,,Joiner,,,Active,,,Blossom Living Limited,"In current dataset as active, not in previous year"
2763179,Supported Accommodation,South West,South West,Gloucestershire,Cheltenham,Private,39,12,,31/05/2024,,,,Joiner,,,Active,,,Caring for Communities and People,"In current dataset as active, not in previous year"
2763403,Supported Accommodation,West Midlands,West Midlands,Herefordshire,Hereford and South Herefordshire,Private,22,15,,18/08/2024,,,,Joiner,,,Active,,,Futures Hfd Ltd,"In current dataset as active, not in previous year"
2763428,Supported Accommodation,North West,North West,Lancashire,South Ribble,Private,17,12,,10/05/2024,,,,Joiner,,,Active,,,Barnardo's Bay6 Project,"In current dataset as active, not in previous year"
2763436,Supported Accommodation,East Midlands,East Midlands,Nottingham,Nottingham East,Private,2,1,,22/01/2025,,,,Joiner,,,Active,,,JWM Children's Homes,"In current dataset as active, not in previous year"
2763491,Supported Accommodation,South West,South West,Gloucestershire,Gloucester,Private,17,6,,12/01/2025,,,,Joiner,,,Active,,,C2I Placements,"In current dataset as active, not in previous year"
2763681,Supported Accommodation,"North East, Yorkshire and the Humber",Yorkshire and The Humber,Sheffield,Sheffield Central,Voluntary,50,25,,24/11/2024,,,,Joiner,,,Active,,,Roundabout Ltd,"In current dataset as active, not in previous year"
2763795,Supported Accommodation,East of England,East of England,Essex,Harlow,Private,21,4,,04/10/2024,,,,Joiner,,,Active,,,Good2Go Care Services Limited,"In current dataset as active, not in previous year"
2763804,Supported Accommodation,East of England,East of England,Essex,Witham,Private,26,17,,27/01/2025,,,,Joiner,,,Active,,,Creative Support Solutions Ltd,"In current dataset as active, not in previous year"
2763908,Supported Accommodation,East Midlands,East Midlands,North Northamptonshire,Corby and East Northamptonshire,Private,27,9,,26/06/2024,,,,Joiner,,,Active,,,Firbanks Supported Living Ltd,"In current dataset as active, not in previous year"
2764030,Supported Accommodation,South West,South West,Bristol,Bristol Central,Private,4,1,,23/12/2024,,,,Joiner,,,Active,,,Anglo Support and Housing Ltd,"In current dataset as active, not in previous year"
2764225,Supported Accommodation,"North East, Yorkshire and the Humber",Yorkshire and The Humber,Leeds,Leeds South,Private,19,14,,23/05/2024,,,,Joiner,,,Active,,,Vision Housing Ltd,"In current dataset as active, not in previous year"
2764504,Supported Accommodation,London,London,Islington,Islington South and Finsbury,Private,10,4,,25/09/2024,,,,Joiner,,,Active,,,Optionz Supported Housing Ltd,"In current dataset as active, not in previous year"
2764535,Supported Accommodation,West Midlands,West Midlands,Birmingham,Birmingham Northfield,Private,3,1,,16/10/2024,,,,Joiner,,,Active,,,Sageville Healthcare Limited,"In current dataset as active, not in previous year"
2764598,Supported Accommodation,South East,South East,Brighton and Hove,Hove and Portslade,Private,52,12,,27/06/2024,,,,Joiner,,,Active,,,Cranmead,"In current dataset as active, not in previous year"
2764612,Supported Accommodation,West Midlands,West Midlands,Birmingham,Birmingham Northfield,Private,15,5,,18/08/2024,,,,Joiner,,,Active,,,Miracle Social Homes CIC,"In current dataset as active, not in previous year"
2764832,Supported Accommodation,East of England,East of England,Central Bedfordshire,Dunstable and Leighton Buzzard,Local Authority,18,6,,24/12/2024,,,,Joiner,,,Active,,,"CBC Housing Services, Supported Accommodation","In current dataset as active, not in previous year"
2764928,Supported Accommodation,East of England,East of England,Bedford,Bedford,Private,11,3,,23/06/2024,,,,Joiner,,,Active,,,Dial4care Children Services,"In current dataset as active, not in previous year"
2765159,Supported Accommodation,London,London,Barnet,Chipping Barnet,Local Authority,6,1,,17/09/2024,,,,Joiner,,,Active,,,New Meadow Close,"In current dataset as active, not in previous year"
2765226,Supported Accommodation,South West,South West,Somerset,Taunton and Wellington,Private,12,8,,22/11/2024,,,,Joiner,,,Active,,,Vision Living,"In current dataset as active, not in previous year"
2765245,Supported Accommodation,South West,South West,Cornwall,Truro and Falmouth,Local Authority,78,59,,27/11/2024,,,,Joiner,,,Active,,,Care Leaver Supported Accommodation,"In current dataset as active, not in previous year"
2765357,Supported Accommodation,East of England,East of England,Essex,Chelmsford,Local Authority,37,25,,24/06/2024,,,,Joiner,,,Active,,,Essex Supported Lodgings Service,"In current dataset as active, not in previous year"
2765376,Supported Accommodation,London,London,Croydon,Croydon West,Private,6,3,,17/01/2025,,,,Joiner,,,Active,,,Eric Patrick Care Ltd,"In current dataset as active, not in previous year"
2765716,Supported Accommodation,London,London,Brent,Brent East,Private,18,3,,19/01/2025,,,,Joiner,,,Active,,,Housing Plus Limited,"In current dataset as active, not in previous year"
2765733,Children's home,East of England,East of England,Hertfordshire,Stevenage,Private,3,,,15/05/2024,,,,Joiner,,,Active,,,REDACTED,"In current dataset as active, not in previous year"
2766145,Supported Accommodation,"North East, Yorkshire and the Humber",Yorkshire and The Humber,Doncaster,Doncaster Central,Private,10,2,,06/11/2024,,,,Joiner,,,Active,,,M&MP Housing Ltd,"In current dataset as active, not in previous year"
2766450,Supported Accommodation,East of England,East of England,Hertfordshire,Harpenden and Berkhamsted,Private,5,1,,15/05/2024,31/01/2025,31/01/2025,,Joiner,Leaver,,Resigned,,,DALJJI Care Ltd,Joiner and Leaver in current reporting period
2766550,Supported Accommodation,"North East, Yorkshire and the Humber",North East,North Tyneside,Tynemouth,Voluntary,27,25,,12/06/2024,,,,Joiner,,,Active,,,Sir James Knott House,"In current dataset as active, not in previous year"
2766597,Supported Accommodation,South East,South East,Brighton and Hove,Hove and Portslade,Voluntary,9,9,,05/09/2024,,,,Joiner,,,Active,,,YMCA DLG - East Sussex,"In current dataset as active, not in previous year"
2766750,Supported Accommodation,South East,South East,Kent,Sittingbourne and Sheppey,Private,7,2,,19/11/2024,,,,Joiner,,,Active,,,Tamar Support Services,"In current dataset as active, not in previous year"
2767040,Supported Accommodation,South West,South West,Devon,Exmouth and Exeter East,Private,124,18,,13/06/2024,,,,Joiner,,,Active,,,LiveWest Young People's Supported Accommodation Service,"In current dataset as active, not in previous year"
2767166,Supported Accommodation,South West,South West,Wiltshire,Chippenham,Private,4,2,,13/12/2024,,,,Joiner,,,Active,,,Equipped4Life LTD,"In current dataset as active, not in previous year"
2767216,Supported Accommodation,South East,South East,Buckinghamshire,Aylesbury,Private,16,5,,18/03/2025,,,,Joiner,,,Active,,,Jide A Adetunji,"In current dataset as active, not in previous year"
2767277,Supported Accommodation,West Midlands,West Midlands,Birmingham,Birmingham Northfield,Private,15,5,,26/05/2024,,,,Joiner,,,Active,,,Hyland Support Services Ltd,"In current dataset as active, not in previous year"
2767322,Supported Accommodation,London,London,Bexley,Erith and Thamesmead,Private,7,3,,27/12/2024,,,,Joiner,,,Active,,,Equipped4Life16+,"In current dataset as active, not in previous year"
2767750,Supported Accommodation,North West,North West,Lancashire,West Lancashire,Voluntary,24,1,,03/09/2024,,,,Joiner,,,Active,,,Birchwood Foyer,"In current dataset as active, not in previous year"
2768549,Supported Accommodation,East of England,East of England,Southend on Sea,Southend East and Rochford,Private,8,2,,27/02/2025,,,,Joiner,,,Active,,,Jireh Care & Support,"In current dataset as active, not in previous year"
2768643,Children's home,West Midlands,West Midlands,Warwickshire,North Warwickshire and Bedworth,Private,4,,,31/01/2025,,,,Joiner,,,Active,,,REDACTED,"In current dataset as active, not in previous year"
2768732,Supported Accommodation,South East,South East,Medway,Rochester and Strood,Private,9,5,,21/03/2025,,,,Joiner,,,Active,,,Nirvana Care and Support Hubs Limited,"In current dataset as active, not in previous year"
2768989,Supported Accommodation,East Midlands,East Midlands,Nottingham,Nottingham East,Private,4,2,,28/04/2024,16/07/2024,16/07/2024,,Joiner,Leaver,,Resigned,,,Jani Homes,Joiner and Leaver in current reporting period
2769240,Children's home,North West,North West,Lancashire,Burnley,Private,2,,,15/05/2024,,,,Joiner,,,Active,,,REDACTED,"In current dataset as active, not in previous year"
2769623,Supported Accommodation,North West,North West,Warrington,Warrington South,Local Authority,0,0,,31/07/2024,,,,Joiner,,,Active,,,Fostering Team,"In current dataset as active, not in previous year"
2769917,Supported Accommodation,South West,South West,Gloucestershire,Gloucester,Private,4,2,,23/12/2024,,,,Joiner,,,Active,,,Phoenix Supported Living Ltd,"In current dataset as active, not in previous year"
2770387,Supported Accommodation,"North East, Yorkshire and the Humber",North East,Stockton-on-Tees,Stockton North,Private,17,2,,28/07/2024,,,,Joiner,,,Active,,,Prefer Homes Ltd,"In current dataset as active, not in previous year"
2770611,Supported Accommodation,North West,North West,Lancashire,Burnley,Private,3,3,,21/07/2024,,,,Joiner,,,Active,,,Reach-In For Care,"In current dataset as active, not in previous year"
2770853,Supported Accommodation,East Midlands,East Midlands,North Northamptonshire,Corby and East Northamptonshire,Private,16,6,,06/06/2024,,,,Joiner,,,Active,,,Goto healthcare Limited,"In current dataset as active, not in previous year"
2770880,Children's home,North West,North West,Lancashire,Hyndburn,Private,2,,,23/04/2024,,,,Joiner,,,Active,,,REDACTED,"In current dataset as active, not in previous year"
2770973,Children's home,"North East, Yorkshire and the Humber",Yorkshire and The Humber,East Riding of Yorkshire,Kingston upon Hull West and Haltemprice,Private,1,,,09/05/2024,,,,Joiner,,,Active,,,REDACTED,"In current dataset as active, not in previous year"
2771283,Supported Accommodation,North West,North West,Lancashire,Preston,Private,22,7,,31/07/2024,,,,Joiner,,,Active,,,Transition 360 Ltd,"In current dataset as active, not in previous year"
2771371,Supported Accommodation,East of England,East of England,Southend on Sea,Southend East and Rochford,Private,17,6,,17/02/2025,,,,Joiner,,,Active,,,All Seasons Young Living,"In current dataset as active, not in previous year"
2772134,Children's home,London,London,Redbridge,Ilford South,Private,5,,,08/08/2024,,,,Joiner,,,Active,,,REDACTED,"In current dataset as active, not in previous year"
2772523,Supported Accommodation,South West,South West,Somerset,Taunton and Wellington,Private,53,12,,25/06/2024,,,,Joiner,,,Active,,,Fusion Independence,"In current dataset as active, not in previous year"
2772548,Supported Accommodation,North West,North West,Liverpool,Liverpool West Derby,Private,9,3,,12/12/2024,,,,Joiner,,,Active,,,New Pathway Ltd,"In current dataset as active, not in previous year"
2772990,Residential Family Centre,"North East, Yorkshire and the Humber",North East,Durham,Bishop Auckland,Voluntary,4,,,10/04/2024,,,,Joiner,,,Active,,,Low Martinfield Residential Family Assessment Centre,"In current dataset as active, not in previous year"
2773682,Children's home,East Midlands,East Midlands,Derbyshire,High Peak,Private,3,,,22/04/2024,,,,Joiner,,,Active,,,REDACTED,"In current dataset as active, not in previous year"
2773738,Children's home,East of England,East of England,Hertfordshire,Hemel Hempstead,Private,3,,,08/05/2024,,,,Joiner,,,Active,,,REDACTED,"In current dataset as active, not in previous year"
2773915,Children's home,West Midlands,West Midlands,Staffordshire,Cannock Chase,Private,2,,,26/04/2024,,,,Joiner,,,Active,,,REDACTED,"In current dataset as active, not in previous year"
2773929,Children's home,"North East, Yorkshire and the Humber",Yorkshire and The Humber,Bradford,Bradford West,Private,4,,,04/07/2024,,,,Joiner,,,Active,,,REDACTED,"In current dataset as active, not in previous year"
2773982,Supported Accommodation,South West,South West,Devon,Newton Abbot,Private,7,2,,18/09/2024,,,,Joiner,,,Active,,,Young Achievers Limited,"In current dataset as active, not in previous year"
2775472,Residential Family Centre,"North East, Yorkshire and the Humber",Yorkshire and The Humber,East Riding of Yorkshire,Kingston upon Hull North and Cottingham,Private,6,,,29/04/2024,,,,Joiner,,,Active,,,Ayla Lodge,"In current dataset as active, not in previous year"
2775561,Children's home,North West,North West,Oldham,Oldham East and Saddleworth,Private,4,,,09/05/2024,,,,Joiner,,,Active,,,REDACTED,"In current dataset as active, not in previous year"
2775641,Children's home,North West,North West,Lancashire,Fylde,Private,2,,,24/04/2024,,,,Joiner,,,Active,,,REDACTED,"In current dataset as active, not in previous year"
2775647,Supported Accommodation,East Midlands,East Midlands,West Northamptonshire,Northampton North,Private,6,2,,07/05/2024,,,,Joiner,,,Active,,,Icons Supported living Accommodation,"In current dataset as active, not in previous year"
2776999,Children's home,North West,North West,Lancashire,Preston,Private,3,,,23/05/2024,,,,Joiner,,,Active,,,REDACTED,"In current dataset as active, not in previous year"
2777336,Children's home,East Midlands,East Midlands,Leicester,Leicester East,Private,3,,,14/06/2024,,,,Joiner,,,Active,,,REDACTED,"In current dataset as active, not in previous year"
2777385,Children's home,London,London,Haringey,Tottenham,Private,2,,,03/07/2024,,,,Joiner,,,Active,,,REDACTED,"In current dataset as active, not in previous year"
2778059,Children's home,West Midlands,West Midlands,Staffordshire,Burton and Uttoxeter,Private,4,,,10/12/2024,,,,Joiner,,,Active,,,REDACTED,"In current dataset as active, not in previous year"
2779064,Children's home,North West,North West,Warrington,Warrington North,Private,3,,,25/07/2024,,,,Joiner,,,Active,,,REDACTED,"In current dataset as active, not in previous year"
2779773,Children's home,South East,South East,West Sussex,East Worthing and Shoreham,Private,2,,,03/09/2024,,,,Joiner,,,Active,,,REDACTED,"In current dataset as active, not in previous year"
2780231,Children's home,East Midlands,East Midlands,North Northamptonshire,Kettering,Private,4,,,03/05/2024,,,,Joiner,,,Active,,,REDACTED,"In current dataset as active, not in previous year"
2780238,Children's home,East Midlands,East Midlands,North Northamptonshire,Wellingborough and Rushden,Private,3,,,07/08/2024,,,,Joiner,,,Active,,,REDACTED,"In current dataset as active, not in previous year"
2780340,Supported Accommodation,North West,North West,Cheshire East,Mid Cheshire,Voluntary,9,9,,15/07/2024,,,,Joiner,,,Active,,,MoCoCo House,"In current dataset as active, not in previous year"
2782148,Children's home,South East,South East,East Sussex,Eastbourne,Private,5,,,04/06/2024,,,,Joiner,,,Active,,,REDACTED,"In current dataset as active, not in previous year"
2782919,Children's home,East Midlands,East Midlands,Lincolnshire,Grantham and Bourne,Private,3,,,09/08/2024,,,,Joiner,,,Active,,,REDACTED,"In current dataset as active, not in previous year"
2784030,Children's home,South East,South East,West Berkshire,Reading West and Mid Berkshire,Private,2,,,25/04/2024,,,,Joiner,,,Active,,,REDACTED,"In current dataset as active, not in previous year"
2784182,Children's home,"North East, Yorkshire and the Humber",Yorkshire and The Humber,Doncaster,Doncaster Central,Private,2,,,14/01/2025,,,,Joiner,,,Active,,,REDACTED,"In current dataset as active, not in previous year"
2784250,Children's home,South East,South East,Medway,Gillingham and Rainham,Private,2,,,18/07/2024,,,,Joiner,,,Suspended,,,REDACTED,"In current dataset as active, not in previous year"
2784264,Supported Accommodation,East Midlands,East Midlands,Derbyshire,Erewash,Voluntary,76,31,,09/09/2024,,,,Joiner,,,Active,,,People Potential Possibilities,"In current dataset as active, not in previous year"
2785006,Children's home,West Midlands,West Midlands,Warwickshire,Warwick and Leamington,Local Authority,2,,,22/05/2024,,,,Joiner,,,Active,,,REDACTED,"In current dataset as active, not in previous year"
2785342,Children's home,North West,North West,Wirral,Wallasey,Private,3,,,01/11/2024,,,,Joiner,,,Active,,,REDACTED,"In current dataset as active, not in previous year"
2785671,Children's home,"North East, Yorkshire and the Humber",Yorkshire and The Humber,York,York Central,Local Authority,6,,,19/04/2024,,,,Joiner,,,Active,,,REDACTED,"In current dataset as active, not in previous year"
2785828,Children's home,North West,North West,Salford,Salford,Private,3,,,29/07/2024,,,,Joiner,,,Active,,,REDACTED,"In current dataset as active, not in previous year"
2785955,Children's home,East Midlands,East Midlands,Derby,Derby North,Private,6,,,09/07/2024,,,,Joiner,,,Active,,,REDACTED,"In current dataset as active, not in previous year"
2787362,Children's home,North West,North West,Knowsley,Knowsley,Private,2,,,06/11/2024,,,,Joiner,,,Active,,,REDACTED,"In current dataset as active, not in previous year"
2788296,Children's home,East Midlands,East Midlands,Leicestershire,"Harborough, Oadby and Wigston",Private,2,,,23/05/2024,,,,Joiner,,,Active,,,REDACTED,"In current dataset as active, not in previous year"
2788618,Children's home,South East,South East,Surrey,Windsor,Private,7,,,17/09/2024,,,,Joiner,,,Active,,,REDACTED,"In current dataset as active, not in previous year"
2789231,Children's home,South East,South East,Surrey,Spelthorne,Private,4,,,11/06/2024,,,,Joiner,,,Active,,,REDACTED,"In current dataset as active, not in previous year"
2789434,Children's home,"North East, Yorkshire and the Humber",Yorkshire and The Humber,Doncaster,Doncaster Central,Private,3,,,19/06/2024,,,,Joiner,,,Active,,,REDACTED,"In current dataset as active, not in previous year"
2789449,Supported Accommodation,East Midlands,East Midlands,Derby,Derby North,Private,3,1,,23/09/2024,,,,Joiner,,,Active,,,Oasis-Care UK Group Ltd,"In current dataset as active, not in previous year"
2789871,Children's home,West Midlands,West Midlands,Walsall,Walsall and Bloxwich,Private,3,,,16/09/2024,,,,Joiner,,,Active,,,REDACTED,"In current dataset as active, not in previous year"
2789874,Children's home,West Midlands,West Midlands,Stoke-on-Trent,Stoke-on-Trent North,Private,1,,,08/10/2024,,,,Joiner,,,Suspended,,,REDACTED,"In current dataset as active, not in previous year"
2790891,Children's home,London,London,Barnet,Hendon,Private,3,,,03/02/2025,,,,Joiner,,,Active,,,REDACTED,"In current dataset as active, not in previous year"
2791088,Children's home,West Midlands,West Midlands,Sandwell,Tipton and Wednesbury,Private,2,,,15/08/2024,,,,Joiner,,,Active,,,REDACTED,"In current dataset as active, not in previous year"
2791215,Children's home,North West,North West,Lancashire,Hyndburn,Local Authority,4,,Short breaks only,05/08/2024,,,,Joiner,,,Active,,,REDACTED,"In current dataset as active, not in previous year"
2791419,Supported Accommodation,"North East, Yorkshire and the Humber",Yorkshire and The Humber,Wakefield,Wakefield and Rothwell,Private,6,2,,06/11/2024,,,,Joiner,,,Active,,,Help Plus,"In current dataset as active, not in previous year"
2792664,Children's home,East of England,East of England,Essex,Colchester,Private,1,,,04/07/2024,,,,Joiner,,,Active,,,REDACTED,"In current dataset as active, not in previous year"
2793156,Children's home,North West,North West,Sefton,Bootle,Private,1,,,01/11/2024,,,,Joiner,,,Active,,,REDACTED,"In current dataset as active, not in previous year"
2793157,Supported Accommodation,South East,South East,Portsmouth,Portsmouth South,Private,37,9,,23/10/2024,,,,Joiner,,,Active,,,Sakura Care,"In current dataset as active, not in previous year"
2793174,Children's home,South West,South West,Wiltshire,Melksham and Devizes,Private,4,,,06/09/2024,,,,Joiner,,,Active,,,REDACTED,"In current dataset as active, not in previous year"
2793765,Children's home,North West,North West,Lancashire,Fylde,Private,2,,,02/10/2024,,,,Joiner,,,Active,,,REDACTED,"In current dataset as active, not in previous year"
2793898,Children's home,North West,North West,Bolton,Bolton West,Private,4,,,09/10/2024,,,,Joiner,,,Active,,,REDACTED,"In current dataset as active, not in previous year"
2794326,Children's home,"North East, Yorkshire and the Humber",North East,Stockton-on-Tees,Stockton West,Private,4,,,09/08/2024,,,,Joiner,,,Active,,,REDACTED,"In current dataset as active, not in previous year"
2794425,Supported Accommodation,South East,South East,East Sussex,Hastings and Rye,Voluntary,33,4,,25/03/2025,,,,Joiner,,,Active,,,BHT Sussex Hastings Young Peoples Service,"In current dataset as active, not in previous year"
2794450,Children's home,North West,North West,Lancashire,Chorley,Private,2,,,11/11/2024,,,,Joiner,,,Active,,,REDACTED,"In current dataset as active, not in previous year"
2794494,Children's home,North West,North West,Wigan,Wigan,Private,4,,,06/12/2024,,,,Joiner,,,Active,,,REDACTED,"In current dataset as active, not in previous year"
2794664,Children's home,East of England,East of England,Hertfordshire,Stevenage,Private,4,,,01/08/2024,,,,Joiner,,,Active,,,REDACTED,"In current dataset as active, not in previous year"
2794774,Children's home,West Midlands,West Midlands,Wolverhampton,Wolverhampton South East,Private,2,,,22/01/2025,,,,Joiner,,,Active,,,REDACTED,"In current dataset as active, not in previous year"
2795302,Children's home,East Midlands,East Midlands,North Northamptonshire,Corby and East Northamptonshire,Private,2,,,18/10/2024,,,,Joiner,,,Active,,,REDACTED,"In current dataset as active, not in previous year"
2795947,Children's home,North West,North West,Knowsley,Knowsley,Private,2,,,12/08/2024,,,,Joiner,,,Active,,,REDACTED,"In current dataset as active, not in previous year"
2795966,Supported Accommodation,London,London,Camden,Holborn and St Pancras,Private,10,2,,20/02/2025,,,,Joiner,,,Active,,,Assura Support Ltd,"In current dataset as active, not in previous year"
2796717,Supported Accommodation,East of England,East of England,Essex,Castle Point,Private,2,1,,10/10/2024,,,,Joiner,,,Active,,,Bridges House Limited,"In current dataset as active, not in previous year"
2797216,Supported Accommodation,London,London,Bexley,Bexleyheath and Crayford,Private,4,1,,24/03/2025,,,,Joiner,,,Active,,,Dvanguard Ltd,"In current dataset as active, not in previous year"
2797311,Children's home,East Midlands,East Midlands,Leicestershire,South Leicestershire,Private,3,,,03/10/2024,,,,Joiner,,,Active,,,REDACTED,"In current dataset as active, not in previous year"
2798300,Children's home,East Midlands,East Midlands,Leicester,Leicester South,Private,3,,,16/10/2024,,,,Joiner,,,Active,,,REDACTED,"In current dataset as active, not in previous year"
2800095,Children's home,London,London,Croydon,Croydon South,Private,4,,,05/02/2025,,,,Joiner,,,Active,,,REDACTED,"In current dataset as active, not in previous year"
2801017,Residential Family Centre,South East,South East,Southampton,Romsey and Southampton North,Voluntary,6,,,05/12/2024,,,,Joiner,,,Active,,,Maple House Family Centre,"In current dataset as active, not in previous year"
2801026,Children's home,East of England,East of England,Bedford,Bedford,Private,1,,,28/01/2025,,,,Joiner,,,Active,,,REDACTED,"In current dataset as active, not in previous year"
2801305,Children's home,East Midlands,East Midlands,Nottinghamshire,Mansfield,Private,2,,,22/11/2024,,,,Joiner,,,Active,,,REDACTED,"In current dataset as active, not in previous year"
2801411,Children's home,East of England,East of England,Bedford,Bedford,Private,1,,,06/09/2024,,,,Joiner,,,Active,,,REDACTED,"In current dataset as active, not in previous year"
2801609,Children's home,South West,South West,Swindon,Swindon North,Private,3,,,29/10/2024,,,,Joiner,,,Active,,,REDACTED,"In current dataset as active, not in previous year"
2801849,Children's home,West Midlands,West Midlands,Telford and Wrekin,The Wrekin,Private,3,,,13/10/2024,,,,Joiner,,,Active,,,REDACTED,"In current dataset as active, not in previous year"
2802513,Children's home,"North East, Yorkshire and the Humber",Yorkshire and The Humber,Leeds,Leeds South West and Morley,Private,2,,,23/09/2024,,,,Joiner,,,Active,,,REDACTED,"In current dataset as active, not in previous year"
2803293,Children's home,East of England,East of England,Peterborough,North West Cambridgeshire,Private,3,,,03/10/2024,,,,Joiner,,,Active,,,REDACTED,"In current dataset as active, not in previous year"
2803642,Supported Accommodation,North West,North West,Warrington,Warrington South,Private,2,1,,21/02/2025,,,,Joiner,,,Active,,,National Support Housing,"In current dataset as active, not in previous year"
2803734,Children's home,"North East, Yorkshire and the Humber",Yorkshire and The Humber,Calderdale,Calder Valley,Private,4,,,31/10/2024,,,,Joiner,,,Active,,,REDACTED,"In current dataset as active, not in previous year"
2804768,Children's home,North West,North West,Lancashire,South Ribble,Private,4,,,13/11/2024,,,,Joiner,,,Active,,,REDACTED,"In current dataset as active, not in previous year"
2805013,Children's home,"North East, Yorkshire and the Humber",North East,Darlington,Darlington,Local Authority,3,,,02/12/2024,,,,Joiner,,,Active,,,REDACTED,"In current dataset as active, not in previous year"
2805278,Children's home,East of England,East of England,Thurrock,South Basildon and East Thurrock,Private,2,,,09/12/2024,,,,Joiner,,,Active,,,REDACTED,"In current dataset as active, not in previous year"
2805993,Children's home,North West,North West,Manchester,Wythenshawe and Sale East,Private,4,,,06/03/2025,,,,Joiner,,,Active,,,REDACTED,"In current dataset as active, not in previous year"
2806161,Children's home,West Midlands,West Midlands,Herefordshire,Hereford and South Herefordshire,Private,4,,,12/11/2024,,,,Joiner,,,Active,,,REDACTED,"In current dataset as active, not in previous year"
2806268,Children's home,West Midlands,West Midlands,Shropshire,North Shropshire,Local Authority,3,,,02/10/2024,,,,Joiner,,,Active,,,REDACTED,"In current dataset as active, not in previous year"
2807048,Children's home,East Midlands,East Midlands,West Northamptonshire,South Northamptonshire,Private,2,,,18/02/2025,,,,Joiner,,,Active,,,REDACTED,"In current dataset as active, not in previous year"
2807171,Children's home,East Midlands,East Midlands,West Northamptonshire,Daventry,Private,4,,,21/11/2024,,,,Joiner,,,Active,,,REDACTED,"In current dataset as active, not in previous year"
2807341,Residential Family Centre,South East,South East,Milton Keynes,Milton Keynes Central,Private,6,,,31/12/2024,,,,Joiner,,,Active,,,THE WILLOWS,"In current dataset as active, not in previous year"
2807447,Children's home,North West,North West,Lancashire,Fylde,Private,1,,,22/11/2024,,,,Joiner,,,Active,,,REDACTED,"In current dataset as active, not in previous year"
2807524,Supported Accommodation,South West,South West,Bristol,Bristol North East,Private,3,1,,11/03/2025,,,,Joiner,,,Active,,,Second Chance Resource,"In current dataset as active, not in previous year"
2807561,Children's home,West Midlands,West Midlands,Stoke-on-Trent,Stoke-on-Trent North,Private,2,,,02/12/2024,,,,Joiner,,,Active,,,REDACTED,"In current dataset as active, not in previous year"
2807566,Independent Fostering Agency,East of England,East of England,Hertfordshire,Welwyn Hatfield,Private,,,,08/10/2024,,,,Joiner,,,Active,,,Attuned to Children Limited,"In current dataset as active, not in previous year"
2807577,Children's home,London,London,Harrow,Harrow East,Private,4,,,05/11/2024,,,,Joiner,,,Active,,,REDACTED,"In current dataset as active, not in previous year"
2807721,Children's home,West Midlands,West Midlands,Shropshire,South Shropshire,Private,3,,,18/11/2024,,,,Joiner,,,Active,,,REDACTED,"In current dataset as active, not in previous year"
2807812,Children's home,East of England,East of England,Suffolk,Central Suffolk and North Ipswich,Private,3,,,09/10/2024,,,,Joiner,,,Active,,,REDACTED,"In current dataset as active, not in previous year"
2808157,Children's home,North West,North West,Lancashire,Blackpool North and Fleetwood,Private,1,,,26/11/2024,,,,Joiner,,,Active,,,REDACTED,"In current dataset as active, not in previous year"
2808212,Children's home,South West,South West,Gloucestershire,North Cotswolds,Private,3,,,06/03/2025,,,,Joiner,,,Active,,,REDACTED,"In current dataset as active, not in previous year"
2808400,Children's home,East of England,East of England,Norfolk,North West Norfolk,Private,3,,,06/11/2024,,,,Joiner,,,Active,,,REDACTED,"In current dataset as active, not in previous year"
2808734,Children's home,London,London,Redbridge,Ilford North,Private,4,,,21/01/2025,,,,Joiner,,,Active,,,REDACTED,"In current dataset as active, not in previous year"
2809246,Children's home,East Midlands,East Midlands,Derby,Derby North,Private,2,,,24/01/2025,,,,Joiner,,,Active,,,REDACTED,"In current dataset as active, not in previous year"
2810524,Children's home,"North East, Yorkshire and the Humber",Yorkshire and The Humber,Kingston upon Hull,Kingston upon Hull North and Cottingham,Private,6,,,07/01/2025,,,,Joiner,,,Active,,,REDACTED,"In current dataset as active, not in previous year"
2811437,Children's home,South East,South East,Surrey,Epsom and Ewell,Private,4,,,19/12/2024,,,,Joiner,,,Active,,,REDACTED,"In current dataset as active, not in previous year"
2813108,Children's home,North West,North West,Cheshire East,Congleton,Private,3,,,20/12/2024,,,,Joiner,,,Active,,,REDACTED,"In current dataset as active, not in previous year"
2814078,Children's home,West Midlands,West Midlands,Birmingham,Sutton Coldfield,Private,4,,,25/02/2025,,,,Joiner,,,Active,,,REDACTED,"In current dataset as active, not in previous year"
2815501,Supported Accommodation,North West,North West,Salford,Worsley and Eccles,Private,3,1,,07/03/2025,,,,Joiner,,,Active,,,CHEERCARE SUPPORTED SERVICES LTD,"In current dataset as active, not in previous year"
2815507,Children's home,"North East, Yorkshire and the Humber",Yorkshire and The Humber,Kirklees,Huddersfield,Private,1,,,16/12/2024,,,,Joiner,,,Active,,,REDACTED,"In current dataset as active, not in previous year"
2817287,Children's home,East of England,East of England,Essex,Colchester,Private,5,,,28/01/2025,,,,Joiner,,,Active,,,REDACTED,"In current dataset as active, not in previous year"
2817347,Children's home,North West,North West,Halton,Runcorn and Helsby,Private,5,,,11/02/2025,,,,Joiner,,,Active,,,REDACTED,"In current dataset as active, not in previous year"
2817885,Children's home,East Midlands,East Midlands,North Northamptonshire,Wellingborough and Rushden,Private,6,,,01/11/2024,,,,Joiner,,,Active,,,REDACTED,"In current dataset as active, not in previous year"
2820573,Children's home,East Midlands,East Midlands,North Northamptonshire,Wellingborough and Rushden,Private,4,,,18/02/2025,,,,Joiner,,,Active,,,REDACTED,"In current dataset as active, not in previous year"
2821148,Children's home,East of England,East of England,Suffolk,South Suffolk,Private,7,,,19/12/2024,,,,Joiner,,,Active,,,REDACTED,"In current dataset as active, not in previous year"
2821688,Children's home,North West,North West,Lancashire,South Ribble,Private,2,,,27/03/2025,,,,Joiner,,,Active,,,REDACTED,"In current dataset as active, not in previous year"
2821699,Independent Fostering Agency,South East,South East,Kent,Folkestone and Hythe,Private,,,,18/03/2025,,,,Joiner,,,Active,,,Credo Care Fostering Limited,"In current dataset as active, not in previous year"
1236278,Children's home,South West,South West,Cornwall,South East Cornwall,Private,3,,,06/06/2016,13/09/2024,13/09/2024,,,Leaver,Active,Resigned,,,REDACTED,"In previous year, not in current dataset (closed date in Year)"
2503605,Children's home,West Midlands,West Midlands,Walsall,Wolverhampton North East,Private,6,,,20/12/2018,06/08/2024,06/08/2024,,,Leaver,Active,Resigned,,,REDACTED,"In previous year, not in current dataset (closed date in Year)"
2507393,Children's home,West Midlands,West Midlands,Staffordshire,Cannock Chase,Private,2,,,05/09/2019,,17/08/2023,17/08/2023,,Leaver,Cancelled,Cancelled,,,REDACTED,"In previous year, not in current dataset (closed date before April of current year)"
2557361,Children's home,West Midlands,West Midlands,Worcestershire,Bromsgrove,Voluntary,4,,Short breaks only,01/10/2019,01/10/2024,01/10/2024,,,Leaver,Active,Resigned,,,REDACTED,"In previous year, not in current dataset (closed date in Year)"
2571759,Children's home,"North East, Yorkshire and the Humber",Yorkshire and The Humber,Kirklees,Spen Valley,Private,4,,,11/02/2020,01/01/2025,01/01/2025,,,Leaver,Active,Resigned,,,REDACTED,"In previous year, not in current dataset (closed date in Year)"
2575094,Independent Fostering Agency,London,London,Hillingdon,"Ruislip, Northwood and Pinner",Private,,,,14/04/2020,23/02/2025,23/02/2025,,,Leaver,Active,Resigned,,,Aurora Fostering Agency,"In previous year, not in current dataset (closed date in Year)"
2590408,Children's home,West Midlands,West Midlands,Staffordshire,Stafford,Private,3,,,19/08/2020,17/02/2024,17/02/2024,,,Leaver,Resigned,Resigned,,,REDACTED,"In previous year, not in current dataset (closed date before April of current year)"
2604750,Children's home,London,London,Sutton,Carshalton and Wallington,Local Authority,4,,,09/10/2020,04/09/2024,04/09/2024,,,Leaver,Active,Resigned,,,REDACTED,"In previous year, not in current dataset (closed date in Year)"
2651405,Children's home,"North East, Yorkshire and the Humber",Yorkshire and The Humber,Rotherham,Rother Valley,Private,1,,,10/12/2021,13/01/2025,13/01/2025,,,Leaver,Active,Resigned,,,REDACTED,"In previous year, not in current dataset (closed date in Year)"
2689909,Children's home,North West,North West,Tameside,Ashton-under-Lyne,Private,2,,,10/07/2024,,,,Joiner,,,Active,,,REDACTED,"In current dataset as active, not in previous year"
2693113,Children's home,"North East, Yorkshire and the Humber",Yorkshire and The Humber,Bradford,Bradford South,Private,2,,,12/09/2022,05/11/2024,05/11/2024,,,Leaver,Active,Resigned,,,REDACTED,"In previous year, not in current dataset (closed date in Year)"
2730592,Children's home,"North East, Yorkshire and the Humber",Yorkshire and The Humber,Kirklees,Ossett and Denby Dale,Private,3,,,25/07/2023,26/04/2024,26/04/2024,,,Leaver,Active,Resigned,,,REDACTED,"In previous year, not in current dataset (closed date in Year)"
2738391,Children's home,"North East, Yorkshire and the Humber",Yorkshire and The Humber,Wakefield,Normanton and Hemsworth,Private,2,,,28/09/2024,,,,Joiner,,,Active,,,REDACTED,"In current dataset as active, not in previous year"
2742671,Children's home,South West,South West,Gloucestershire,Gloucester,Private,2,,,16/07/2024,,,,Joiner,,,Active,,,REDACTED,"In current dataset as active, not in previous year"
2745168,Children's home,London,London,Bromley,Bromley and Biggin Hill,Private,2,,,25/04/2024,,,,Joiner,,,Active,,,REDACTED,"In current dataset as active, not in previous year"
2748083,Children's home,South West,South West,Gloucestershire,Stroud,Private,5,,,26/11/2024,,,,Joiner,,,Active,,,REDACTED,"In current dataset as active, not in previous year"
2750008,Children's home,North West,North West,Oldham,Oldham East and Saddleworth,Private,4,,,02/05/2024,,,,Joiner,,,Active,,,REDACTED,"In current dataset as active, not in previous year"
2751152,Supported Accommodation,North West,North West,Liverpool,Liverpool West Derby,Private,83,38,,06/06/2024,,,,Joiner,,,Active,,,The National Family Support Service limited,"In current dataset as active, not in previous year"
2753864,Supported Accommodation,East Midlands,East Midlands,Nottingham,Nottingham East,Private,7,3,,31/05/2024,,,,Joiner,,,Active,,,Primetime Care Services Limited,"In current dataset as active, not in previous year"
2754211,Supported Accommodation,South West,South West,Bristol,Bristol North East,Private,16,5,,19/11/2024,,,,Joiner,,,Active,,,Dynamic Youth Support Service,"In current dataset as active, not in previous year"
2754527,Supported Accommodation,West Midlands,West Midlands,Birmingham,Birmingham Perry Barr,Private,47,10,,28/07/2024,,,,Joiner,,,Active,,,Angel Housing Ltd,"In current dataset as active, not in previous year"
2755764,Supported Accommodation,West Midlands,West Midlands,Birmingham,Birmingham Perry Barr,Private,98,21,,19/09/2024,,,,Joiner,,,Active,,,Yellow Door Services Limited,"In current dataset as active, not in previous year"
2755792,Supported Accommodation,West Midlands,West Midlands,Shropshire,North Shropshire,Private,7,3,,02/12/2024,,,,Joiner,,,Active,,,Healthcare 1st Choice Ltd,"In current dataset as active, not in previous year"
2756050,Supported Accommodation,West Midlands,West Midlands,Sandwell,West Bromwich,Private,15,6,,26/05/2024,,,,Joiner,,,Active,,,Avonlea Care Services Ltd,"In current dataset as active, not in previous year"
2757604,Supported Accommodation,North West,North West,Manchester,Manchester Central,Private,45,21,,09/05/2024,,,,Joiner,,,Active,,,Manchester Settlement,"In current dataset as active, not in previous year"
2759240,Children's home,North West,North West,Halton,Widnes and Halewood,Private,2,,,23/05/2024,,,,Joiner,,,Active,,,REDACTED,"In current dataset as active, not in previous year"
2759346,Supported Accommodation,South East,South East,Southampton,Southampton Test,Private,6,3,,10/01/2025,,,,Joiner,,,Active,,,Oaktree Education Services,"In current dataset as active, not in previous year"
2759969,Supported Accommodation,West Midlands,West Midlands,Herefordshire,North Herefordshire,Private,10,2,,19/07/2024,,,,Joiner,,,Active,,,Family Circles Services,"In current dataset as active, not in previous year"
2760549,Supported Accommodation,West Midlands,West Midlands,Wolverhampton,Wolverhampton West,Private,4,2,,03/12/2024,,,,Joiner,,,Active,,,Sublime Care Solution,"In current dataset as active, not in previous year"
2760554,Supported Accommodation,North West,North West,Trafford,Stretford and Urmston,Private,9,9,,07/05/2024,,,,Joiner,,,Active,,,RIGHT - STEP LIMITED,"In current dataset as active, not in previous year"
2760713,Supported Accommodation,South East,South East,Slough,Slough,Private,4,1,,27/02/2025,,,,Joiner,,,Active,,,Alma Supported Accommodation Ltd,"In current dataset as active, not in previous year"
2760919,Supported Accommodation,South East,South East,Slough,Windsor,Private,8,2,,02/05/2024,,,,Joiner,,,Active,,,Charis MC Ltd,"In current dataset as active, not in previous year"
2760942,Supported Accommodation,South East,South East,Surrey,Guildford,Private,19,6,,25/04/2024,,,,Joiner,,,Active,,,Rusa Care,"In current dataset as active, not in previous year"
2761179,Supported Accommodation,South West,South West,Bristol,Bristol East,Voluntary,38,5,,12/11/2024,,,,Joiner,,,Active,,,1625 Independent People,"In current dataset as active, not in previous year"
2761239,Supported Accommodation,London,London,Islington,Islington South and Finsbury,Private,10,2,,20/03/2025,,,,Joiner,,,Active,,,We Care Homes,"In current dataset as active, not in previous year"
2761541,Supported Accommodation,South West,South West,Gloucestershire,Gloucester,Private,15,7,,12/06/2024,,,,Joiner,,,Active,,,Step Up Supported Living Limited,"In current dataset as active, not in previous year"
2761609,Supported Accommodation,London,London,Kingston upon Thames,Kingston and Surbiton,Private,7,3,,26/10/2024,,,,Joiner,,,Active,,,Sunset Rehabilitation Healthcare Centre And Trading Associates Ltd,"In current dataset as active, not in previous year"
2762125,Supported Accommodation,South East,South East,Portsmouth,Portsmouth North,Voluntary,20,4,,28/02/2025,,,,Joiner,,,Active,,,Fair Ways Supported Living,"In current dataset as active, not in previous year"
2762272,Supported Accommodation,South West,South West,Dorset,West Dorset,Private,43,7,,26/09/2024,,,,Joiner,,,Active,,,The Lily Housing Project Ltd,"In current dataset as active, not in previous year"
2762663,Supported Accommodation,London,London,Hackney,Hackney South and Shoreditch,Private,9,2,,15/01/2025,,,,Joiner,,,Active,,,Safer Hands Youth Service,"In current dataset as active, not in previous year"
2762699,Supported Accommodation,East of England,East of England,Cambridgeshire,Cambridge,Voluntary,6,6,,04/03/2025,,,,Joiner,,,Active,,,YMCA Trinity Group West,"In current dataset as active, not in previous year"
2762722,Supported Accommodation,South West,South West,Somerset,Wells and Mendip Hills,Private,19,9,,12/01/2025,,,,Joiner,,,Active,,,New Chapters support and Wellbeing LTD,"In current dataset as active, not in previous year"
2762904,Supported Accommodation,London,London,Havering,Romford,Private,2,1,,03/12/2024,,,,Joiner,,,Active,,,Blak Diamond Social Care,"In current dataset as active, not in previous year"
2763317,Supported Accommodation,East Midlands,East Midlands,Nottingham,Nottingham East,Private,46,30,,23/05/2024,,,,Joiner,,,Active,,,Safe Haven Accommodation,"In current dataset as active, not in previous year"
2763358,Supported Accommodation,South East,South East,Kent,East Thanet,Private,17,1,,30/07/2024,,,,Joiner,,,Active,,,Project43,"In current dataset as active, not in previous year"
2763651,Supported Accommodation,"North East, Yorkshire and the Humber",Yorkshire and The Humber,East Riding of Yorkshire,Beverley and Holderness,Private,9,9,,02/06/2024,,,,Joiner,,,Active,,,Woodland Initiative,"In current dataset as active, not in previous year"
2763769,Supported Accommodation,London,London,Hounslow,Brentford and Isleworth,Private,22,4,,26/01/2025,,,,Joiner,,,Active,,,Little Acorn Services Limited,"In current dataset as active, not in previous year"
2764053,Supported Accommodation,West Midlands,West Midlands,Worcestershire,Worcester,Voluntary,69,22,,25/03/2025,,,,Joiner,,,Active,,,Sanctuary Supported Living,"In current dataset as active, not in previous year"
2764224,Supported Accommodation,East of England,East of England,Luton,Luton South and South Bedfordshire,Private,10,1,,29/11/2024,,,,Joiner,,,Active,,,The Branching Out Project Limited,"In current dataset as active, not in previous year"
2764743,Supported Accommodation,East of England,East of England,Hertfordshire,Hitchin,Private,15,3,,31/07/2024,,,,Joiner,,,Active,,,Swan Independent Living,"In current dataset as active, not in previous year"
2764906,Supported Accommodation,East of England,East of England,Peterborough,Peterborough,Private,42,21,,25/01/2025,,,,Joiner,,,Active,,,Locate Accommodation Limited,"In current dataset as active, not in previous year"
2765026,Supported Accommodation,South East,South East,Buckinghamshire,Wycombe,Private,7,2,,13/03/2025,,,,Joiner,,,Active,,,Brightlight Support Ltd,"In current dataset as active, not in previous year"
2765211,Supported Accommodation,West Midlands,West Midlands,Staffordshire,Stafford,Private,13,4,,28/01/2025,,,,Joiner,,,Active,,,Future Horizons Support Ltd,"In current dataset as active, not in previous year"
2765225,Supported Accommodation,West Midlands,West Midlands,Staffordshire,Newcastle-under-Lyme,Private,112,15,,26/05/2024,,,,Joiner,,,Active,,,Above n Beyond Limited,"In current dataset as active, not in previous year"
2765423,Supported Accommodation,"North East, Yorkshire and the Humber",Yorkshire and The Humber,Calderdale,Calder Valley,Private,55,26,,21/01/2025,,,,Joiner,,,Active,,,Restorative Social Care Services Ltd.,"In current dataset as active, not in previous year"
2765440,Supported Accommodation,West Midlands,West Midlands,Walsall,Aldridge-Brownhills,Private,9,3,,18/08/2024,,,,Joiner,,,Active,,,Caring Prospect Ltd,"In current dataset as active, not in previous year"
2765520,Children's home,West Midlands,West Midlands,Sandwell,West Bromwich,Private,3,,,30/04/2024,,,,Joiner,,,Active,,,REDACTED,"In current dataset as active, not in previous year"
2765762,Supported Accommodation,North West,North West,Rochdale,Heywood and Middleton North,Voluntary,72,46,,06/06/2024,,,,Joiner,,,Active,,,Lancashire Services (BAS/LDH),"In current dataset as active, not in previous year"
2765788,Supported Accommodation,South East,South East,Hampshire,North West Hampshire,Private,15,4,,21/03/2025,,,,Joiner,,,Active,,,Four Corners Care Limited,"In current dataset as active, not in previous year"
2765812,Supported Accommodation,London,London,Kingston upon Thames,Kingston and Surbiton,Voluntary,132,26,,06/11/2024,,,,Joiner,,,Active,,,YMCA St Paul's Group,"In current dataset as active, not in previous year"
2765822,Supported Accommodation,East of England,East of England,Essex,Harlow,Private,7,2,,15/08/2024,,,,Joiner,,,Active,,,Precise Care Solutions Ltd,"In current dataset as active, not in previous year"
2765953,Supported Accommodation,"North East, Yorkshire and the Humber",Yorkshire and The Humber,Bradford,Bradford East,Private,30,21,,28/02/2025,,,,Joiner,,,Active,,,1st Choice Housing Solutions,"In current dataset as active, not in previous year"
2766042,Supported Accommodation,East Midlands,East Midlands,Derby,Derby South,Private,13,3,,30/09/2024,,,,Joiner,,,Active,,,Axiom Supported Living Ltd,"In current dataset as active, not in previous year"
2766046,Supported Accommodation,West Midlands,West Midlands,Birmingham,Birmingham Erdington,Private,8,3,,23/05/2024,,,,Joiner,,,Active,,,Care and Management Services Limited,"In current dataset as active, not in previous year"
2766157,Supported Accommodation,South East,South East,Hampshire,New Forest East,Private,14,4,,22/05/2024,,,,Joiner,,,Active,,,Pathway360 care limited,"In current dataset as active, not in previous year"
2766314,Supported Accommodation,South West,South West,Somerset,Yeovil,Voluntary,8,1,,23/06/2024,,,,Joiner,,,Active,,,Home Group Young People's Service - South West,"In current dataset as active, not in previous year"
2766403,Supported Accommodation,"North East, Yorkshire and the Humber",Yorkshire and The Humber,Kingston upon Hull,Kingston upon Hull East,Private,1,1,,18/08/2024,,,,Joiner,,,Active,,,Safe Support Limited,"In current dataset as active, not in previous year"
2766482,Supported Accommodation,London,London,Bromley,Bromley and Biggin Hill,Private,8,2,,04/02/2025,,,,Joiner,,,Active,,,Crown Supported Living Spaces Ltd,"In current dataset as active, not in previous year"
2766489,Supported Accommodation,London,London,Brent,Brent West,Private,32,6,,10/09/2024,,,,Joiner,,,Active,,,Route To Transition,"In current dataset as active, not in previous year"
2766613,Supported Accommodation,South West,South West,Devon,Exeter,Private,9,3,,27/11/2024,,,,Joiner,,,Active,,,KPR Care Services ltd,"In current dataset as active, not in previous year"
2766766,Children's home,North West,North West,Lancashire,Blackpool North and Fleetwood,Private,1,,,04/10/2024,,,,Joiner,,,Active,,,REDACTED,"In current dataset as active, not in previous year"
2767083,Supported Accommodation,South East,South East,Wokingham,Wokingham,Private,22,4,,13/02/2025,,,,Joiner,,,Active,,,Storyy Homes,"In current dataset as active, not in previous year"
2767770,Supported Accommodation,London,London,Enfield,Enfield North,Private,76,15,,08/08/2024,,,,Joiner,,,Active,,,Right Choice Service Ltd,"In current dataset as active, not in previous year"
2767934,Supported Accommodation,North West,North West,Lancashire,Chorley,Private,6,6,,20/09/2024,,,,Joiner,,,Active,,,Chorley Young Parents,"In current dataset as active, not in previous year"
2767937,Supported Accommodation,West Midlands,West Midlands,Birmingham,Birmingham Erdington,Private,27,10,,17/02/2025,,,,Joiner,,,Active,,,SAP Birmingham Housing and Support Services,"In current dataset as active, not in previous year"
2767942,Supported Accommodation,"North East, Yorkshire and the Humber",Yorkshire and The Humber,Bradford,Bradford East,Private,7,7,,21/09/2024,,,,Joiner,,,Active,,,Evolve Support Services Limited,"In current dataset as active, not in previous year"
2768993,Supported Accommodation,London,London,Redbridge,Leyton and Wanstead,Private,31,6,,13/01/2025,,,,Joiner,,,Active,,,Supporting Young Futures,"In current dataset as active, not in previous year"
2768994,Supported Accommodation,East Midlands,East Midlands,Lincolnshire,Gainsborough,Private,13,8,,02/12/2024,,,,Joiner,,,Active,,,Haywood Homes Ltd,"In current dataset as active, not in previous year"
2769073,Supported Accommodation,North West,North West,Rochdale,Rochdale,Local Authority,25,23,,03/09/2024,,,,Joiner,,,Active,,,Rochdale Supported Accommodation Service,"In current dataset as active, not in previous year"
2769153,Supported Accommodation,London,London,Camden,Holborn and St Pancras,Private,139,126,,29/08/2024,,,,Joiner,,,Active,,,Places for People Living+ LTD,"In current dataset as active, not in previous year"
2769343,Supported Accommodation,"North East, Yorkshire and the Humber",Yorkshire and The Humber,North Yorkshire,Richmond and Northallerton,Private,2,2,,18/08/2024,,,,Joiner,,,Active,,,Broadacres Young Persons Service,"In current dataset as active, not in previous year"
2769828,Supported Accommodation,East Midlands,East Midlands,West Northamptonshire,Northampton North,Private,3,1,,26/07/2024,,,,Joiner,,,Active,,,HIOPP,"In current dataset as active, not in previous year"
2770457,Supported Accommodation,South West,South West,Devon,Exeter,Private,36,21,,21/10/2024,,,,Joiner,,,Active,,,Exeter Young Peoples services,"In current dataset as active, not in previous year"
2770612,Supported Accommodation,East Midlands,East Midlands,West Northamptonshire,Northampton North,Private,12,4,,24/05/2024,,,,Joiner,,,Active,,,Cynosure Healthcare Services Ltd,"In current dataset as active, not in previous year"
2771219,Children's home,North West,North West,Lancashire,Fylde,Private,2,,,20/06/2024,,,,Joiner,,,Active,,,REDACTED,"In current dataset as active, not in previous year"
2771487,Supported Accommodation,East Midlands,East Midlands,Nottingham,Nottingham East,Private,4,1,,10/03/2025,,,,Joiner,,,Active,,,Nightingale Noble Ltd,"In current dataset as active, not in previous year"
2771727,Supported Accommodation,East Midlands,East Midlands,Derby,Derby South,Local Authority,6,6,,28/04/2024,,,,Joiner,,,Active,,,Derby City Council Supported Accommodation - Staying Close,"In current dataset as active, not in previous year"
2772593,Children's home,"North East, Yorkshire and the Humber",Yorkshire and The Humber,Bradford,Bradford West,Private,3,,,20/05/2024,,,,Joiner,,,Active,,,REDACTED,"In current dataset as active, not in previous year"
2773035,Children's home,North West,North West,Lancashire,Preston,Private,5,,,25/07/2024,,,,Joiner,,,Active,,,REDACTED,"In current dataset as active, not in previous year"
2773265,Supported Accommodation,West Midlands,West Midlands,Telford and Wrekin,The Wrekin,Private,3,1,,23/06/2024,,,,Joiner,,,Active,,,Advanced Home Providers,"In current dataset as active, not in previous year"
2773737,Children's home,North West,North West,Manchester,Manchester Withington,Private,2,,,17/04/2024,,,,Joiner,,,Active,,,REDACTED,"In current dataset as active, not in previous year"
2774800,Supported Accommodation,East of England,East of England,Thurrock,South Basildon and East Thurrock,Private,8,3,,06/06/2024,,,,Joiner,,,Active,,,Redefine Living LTD,"In current dataset as active, not in previous year"
2774814,Supported Accommodation,North West,North West,Cheshire East,Crewe and Nantwich,Voluntary,22,19,,07/08/2024,,,,Joiner,,,Active,,,YMCA Crewe,"In current dataset as active, not in previous year"
2775075,Children's home,South West,South West,Gloucestershire,North Cotswolds,Private,3,,,15/04/2024,,,,Joiner,,,Active,,,REDACTED,"In current dataset as active, not in previous year"
2776747,Supported Accommodation,South West,South West,"Bournemouth, Christchurch & Poole",Poole,Private,45,31,,17/10/2024,,,,Joiner,,,Active,,,Poole Quay Foyer,"In current dataset as active, not in previous year"
2777165,Supported Accommodation,North West,North West,Blackpool,Blackpool South,Private,6,2,,24/07/2024,,,,Joiner,,,Active,,,Insight Fylde LTD,"In current dataset as active, not in previous year"
2778623,Supported Accommodation,East Midlands,East Midlands,North Northamptonshire,Corby and East Northamptonshire,Private,3,1,,25/10/2024,,,,Joiner,,,Active,,,Passion To Care Ltd,"In current dataset as active, not in previous year"
2779604,Children's home,West Midlands,West Midlands,Walsall,Walsall and Bloxwich,Private,2,,,16/05/2024,,,,Joiner,,,Active,,,REDACTED,"In current dataset as active, not in previous year"
2780208,Children's home,East Midlands,East Midlands,Leicestershire,"Harborough, Oadby and Wigston",Private,4,,,03/05/2024,,,,Joiner,,,Active,,,REDACTED,"In current dataset as active, not in previous year"
2780209,Children's home,West Midlands,West Midlands,Shropshire,The Wrekin,Private,2,,,14/06/2024,,,,Joiner,,,Active,,,REDACTED,"In current dataset as active, not in previous year"
2780237,Children's home,East of England,East of England,Central Bedfordshire,Mid Bedfordshire,Private,3,,,12/04/2024,,,,Joiner,,,Active,,,REDACTED,"In current dataset as active, not in previous year"
2780368,Supported Accommodation,East Midlands,East Midlands,Leicester,Leicester South,Voluntary,85,18,,23/06/2024,,,,Joiner,,,Active,,,YMCA Leicestershire,"In current dataset as active, not in previous year"
2780439,Children's home,East Midlands,East Midlands,Lincolnshire,South Holland and The Deepings,Private,4,,,10/04/2024,,,,Joiner,,,Active,,,REDACTED,"In current dataset as active, not in previous year"
2780668,Supported Accommodation,West Midlands,West Midlands,Birmingham,Birmingham Edgbaston,Private,4,1,,28/07/2024,,,,Joiner,,,Active,,,Sahara Housing CIC,"In current dataset as active, not in previous year"
2781986,Children's home,North West,North West,Wirral,Birkenhead,Private,4,,,26/04/2024,,,,Joiner,,,Active,,,REDACTED,"In current dataset as active, not in previous year"
2782908,Supported Accommodation,North West,North West,Lancashire,West Lancashire,Private,10,4,,09/01/2025,,,,Joiner,,,Active,,,Bear Care Services,"In current dataset as active, not in previous year"
2783158,Independent Fostering Agency,East Midlands,East Midlands,Nottingham,Nottingham East,Private,,,,30/07/2024,,,,Joiner,,,Active,,,Sunbeam Fostering East Midlands,"In current dataset as active, not in previous year"
2783240,Children's home,South East,South East,Buckinghamshire,Aylesbury,Private,3,,,09/09/2024,,,,Joiner,,,Active,,,REDACTED,"In current dataset as active, not in previous year"
2783656,Children's home,West Midlands,West Midlands,Stoke-on-Trent,Stoke-on-Trent South,Private,4,,,10/07/2024,,,,Joiner,,,Active,,,REDACTED,"In current dataset as active, not in previous year"
2784147,Children's home,West Midlands,West Midlands,Birmingham,Birmingham Edgbaston,Private,3,,,23/12/2024,,,,Joiner,,,Active,,,REDACTED,"In current dataset as active, not in previous year"
2784537,Supported Accommodation,East of England,East of England,Essex,Harlow,Private,48,16,,27/09/2024,,,,Joiner,,,Active,,,Supportworks Under 18 Service,"In current dataset as active, not in previous year"
2784702,Children's home,South East,South East,Surrey,Esher and Walton,Local Authority,4,,,18/04/2024,,,,Joiner,,,Active,,,REDACTED,"In current dataset as active, not in previous year"
2785041,Children's home,South East,South East,Milton Keynes,Milton Keynes Central,Private,3,,,23/07/2024,,,,Joiner,,,Active,,,REDACTED,"In current dataset as active, not in previous year"
2787006,Children's home,East of England,East of England,Essex,North West Essex,Private,5,,,10/04/2024,,,,Joiner,,,Active,,,REDACTED,"In current dataset as active, not in previous year"
2787275,Children's home,East Midlands,East Midlands,Leicestershire,North West Leicestershire,Private,1,,,04/06/2024,,,,Joiner,,,Active,,,REDACTED,"In current dataset as active, not in previous year"
2787943,Children's home,"North East, Yorkshire and the Humber",Yorkshire and The Humber,Rotherham,Rother Valley,Private,1,,,10/06/2024,,,,Joiner,,,Active,,,REDACTED,"In current dataset as active, not in previous year"
2788446,Children's home,North West,North West,Lancashire,Pendle and Clitheroe,Local Authority,2,,,08/10/2024,,,,Joiner,,,Active,,,REDACTED,"In current dataset as active, not in previous year"
2789927,Children's home,East of England,East of England,Bedford,Bedford,Private,2,,,22/11/2024,,,,Joiner,,,Active,,,REDACTED,"In current dataset as active, not in previous year"
2790395,Supported Accommodation,North West,North West,Liverpool,Liverpool Riverside,Private,1,1,,02/10/2024,,,,Joiner,,,Active,,,Lagom Residential Care Limited,"In current dataset as active, not in previous year"
2791475,Children's home,North West,North West,Lancashire,Chorley,Private,3,,,12/07/2024,,,,Joiner,,,Active,,,REDACTED,"In current dataset as active, not in previous year"
2791650,Supported Accommodation,West Midlands,West Midlands,Warwickshire,Warwick and Leamington,Local Authority,7,7,,23/06/2024,,,,Joiner,,,Active,,,Warwickshire County Council Supported Lodgings Project,"In current dataset as active, not in previous year"
2791757,Children's home,"North East, Yorkshire and the Humber",Yorkshire and The Humber,Bradford,Bradford South,Private,2,,,02/09/2024,,,,Joiner,,,Active,,,REDACTED,"In current dataset as active, not in previous year"
2791916,Children's home,West Midlands,West Midlands,Worcestershire,Bromsgrove,Private,3,,,07/11/2024,,,,Joiner,,,Active,,,REDACTED,"In current dataset as active, not in previous year"
2792352,Children's home,North West,North West,Lancashire,Lancaster and Wyre,Private,1,,,08/10/2024,,,,Joiner,,,Active,,,REDACTED,"In current dataset as active, not in previous year"
2793158,Children's home,West Midlands,West Midlands,Warwickshire,North Warwickshire and Bedworth,Local Authority,1,,,30/05/2024,,,,Joiner,,,Active,,,REDACTED,"In current dataset as active, not in previous year"
2793503,Children's home,South West,South West,Wiltshire,South West Wiltshire,Private,4,,,21/11/2024,,,,Joiner,,,Active,,,REDACTED,"In current dataset as active, not in previous year"
2793659,Children's home,London,London,Ealing,Ealing Central and Acton,Private,4,,,03/09/2024,,,,Joiner,,,Active,,,REDACTED,"In current dataset as active, not in previous year"
2793818,Children's home,West Midlands,West Midlands,Telford and Wrekin,The Wrekin,Private,3,,,08/11/2024,,,,Joiner,,,Active,,,REDACTED,"In current dataset as active, not in previous year"
2793863,Children's home,South West,South West,Swindon,Swindon North,Private,1,,,24/06/2024,,,,Joiner,,,Active,,,REDACTED,"In current dataset as active, not in previous year"
2794041,Children's home,East Midlands,East Midlands,West Northamptonshire,Northampton South,Private,3,,,13/09/2024,,,,Joiner,,,Active,,,REDACTED,"In current dataset as active, not in previous year"
2794485,Supported Accommodation,London,London,Newham,East Ham,Private,6,1,,25/11/2024,,,,Joiner,,,Active,,,Ascension Youth Care Services Limited,"In current dataset as active, not in previous year"
2794761,Children's home,London,London,Ealing,Ealing North,Private,2,,,03/10/2024,,,,Joiner,,,Active,,,REDACTED,"In current dataset as active, not in previous year"
2794799,Children's home,"North East, Yorkshire and the Humber",Yorkshire and The Humber,Leeds,Leeds South,Local Authority,2,,,15/08/2024,,,,Joiner,,,Active,,,REDACTED,"In current dataset as active, not in previous year"
2795056,Children's home,East Midlands,East Midlands,Leicester,Leicester West,Local Authority,5,,,09/10/2024,,,,Joiner,,,Active,,,REDACTED,"In current dataset as active, not in previous year"
2796035,Children's home,West Midlands,West Midlands,Telford and Wrekin,The Wrekin,Private,2,,,23/12/2024,,,,Joiner,,,Active,,,REDACTED,"In current dataset as active, not in previous year"
2796314,Children's home,"North East, Yorkshire and the Humber",North East,Newcastle upon Tyne,Newcastle upon Tyne North,Private,1,,,08/08/2024,,,,Joiner,,,Active,,,REDACTED,"In current dataset as active, not in previous year"
2796522,Children's home,South West,South West,North Somerset,Weston-super-Mare,Private,3,,,06/09/2024,,,,Joiner,,,Active,,,REDACTED,"In current dataset as active, not in previous year"
2797325,Children's home,North West,North West,Lancashire,Fylde,Private,2,,,03/01/2025,,,,Joiner,,,Active,,,REDACTED,"In current dataset as active, not in previous year"
2797414,Children's home,West Midlands,West Midlands,Staffordshire,Cannock Chase,Private,2,,,10/09/2024,,,,Joiner,,,Active,,,REDACTED,"In current dataset as active, not in previous year"
2798449,Children's home,East of England,East of England,Peterborough,Peterborough,Private,2,,,22/08/2024,,,,Joiner,,,Active,,,REDACTED,"In current dataset as active, not in previous year"
2798452,Supported Accommodation,"North East, Yorkshire and the Humber",Yorkshire and The Humber,Sheffield,Penistone and Stocksbridge,Private,2,1,,10/02/2025,,,,Joiner,,,Active,,,Hallam24,"In current dataset as active, not in previous year"
2798556,Children's home,East of England,East of England,Central Bedfordshire,Mid Bedfordshire,Private,4,,,03/01/2025,,,,Joiner,,,Active,,,REDACTED,"In current dataset as active, not in previous year"
2798877,Independent Fostering Agency,East Midlands,East Midlands,Lincolnshire,Lincoln,Private,,,,08/11/2024,,,,Joiner,,,Active,,,Skylark Fostering,"In current dataset as active, not in previous year"
2799218,Supported Accommodation,South West,South West,Gloucestershire,Gloucester,Private,4,1,,23/12/2024,,,,Joiner,,,Active,,,Gloucester Family Care Ltd (South West),"In current dataset as active, not in previous year"
2799377,Children's home,North West,North West,Trafford,Altrincham and Sale West,Private,1,,,01/11/2024,,,,Joiner,,,Active,,,REDACTED,"In current dataset as active, not in previous year"
2800607,Children's home,"North East, Yorkshire and the Humber",Yorkshire and The Humber,East Riding of Yorkshire,Beverley and Holderness,Private,6,,,07/10/2024,,,,Joiner,,,Active,,,REDACTED,"In current dataset as active, not in previous year"
2800799,Supported Accommodation,South East,South East,Southampton,Southampton Test,Private,20,4,,27/11/2024,,,,Joiner,,,Active,,,Bayview Healthcare Ltd,"In current dataset as active, not in previous year"
2801182,Children's home,"North East, Yorkshire and the Humber",North East,Sunderland,Sunderland Central,Private,2,,,30/07/2024,,,,Joiner,,,Active,,,REDACTED,"In current dataset as active, not in previous year"
2801864,Children's home,North West,North West,Tameside,Stalybridge and Hyde,Private,2,,,05/09/2024,,,,Joiner,,,Active,,,REDACTED,"In current dataset as active, not in previous year"
2801970,Children's home,West Midlands,West Midlands,Worcestershire,Redditch,Private,3,,,21/10/2024,,,,Joiner,,,Active,,,REDACTED,"In current dataset as active, not in previous year"
2802317,Children's home,South West,South West,Somerset,Bridgwater,Private,1,,,09/08/2024,,,,Joiner,,,Active,,,REDACTED,"In current dataset as active, not in previous year"
2802997,Children's home,"North East, Yorkshire and the Humber",North East,Durham,Bishop Auckland,Local Authority,3,,,21/08/2024,,,,Joiner,,,Active,,,REDACTED,"In current dataset as active, not in previous year"
2803004,Children's home,London,London,Newham,East Ham,Private,3,,,12/12/2024,,,,Joiner,,,Active,,,REDACTED,"In current dataset as active, not in previous year"
2803886,Children's home,North West,North West,Lancashire,Chorley,Private,2,,,26/11/2024,,,,Joiner,,,Active,,,REDACTED,"In current dataset as active, not in previous year"
2804257,Residential Family Centre,London,London,Lewisham,Lewisham East,Private,6,,,29/01/2025,,,,Joiner,,,Active,,,Changing Generations JM Ltd,"In current dataset as active, not in previous year"
2804677,Children's home,East Midlands,East Midlands,Lincolnshire,Grantham and Bourne,Private,4,,,27/11/2024,,,,Joiner,,,Active,,,REDACTED,"In current dataset as active, not in previous year"
2804979,Children's home,North West,North West,Lancashire,South Ribble,Private,3,,,12/11/2024,,,,Joiner,,,Active,,,REDACTED,"In current dataset as active, not in previous year"
2806021,Supported Accommodation,South East,South East,Hampshire,New Forest East,Private,13,5,,18/03/2025,,,,Joiner,,,Active,,,Hants Healthcare Supported Living,"In current dataset as active, not in previous year"
2806196,Children's home,South East,South East,Kent,Herne Bay and Sandwich,Local Authority,22,,,16/10/2024,,,,Joiner,,,Active,,,REDACTED,"In current dataset as active, not in previous year"
2806495,Children's home,West Midlands,West Midlands,Worcestershire,Bromsgrove,Private,3,,,04/11/2024,,,,Joiner,,,Active,,,REDACTED,"In current dataset as active, not in previous year"
2806504,Children's home,North West,North West,Halton,Widnes and Halewood,Private,2,,,31/10/2024,,,,Joiner,,,Active,,,REDACTED,"In current dataset as active, not in previous year"
2806964,Children's home,London,London,Sutton,Carshalton and Wallington,Private,4,,,24/09/2024,,,,Joiner,,,Active,,,REDACTED,"In current dataset as active, not in previous year"
2807758,Children's home,North West,North West,Lancashire,Ribble Valley,Private,2,,,28/12/2024,,,,Joiner,,,Active,,,REDACTED,"In current dataset as active, not in previous year"
2809701,Children's home,East of England,East of England,Central Bedfordshire,Dunstable and Leighton Buzzard,Private,2,,,06/01/2025,,,,Joiner,,,Active,,,REDACTED,"In current dataset as active, not in previous year"
2810368,Children's home,South West,South West,Gloucestershire,Gloucester,Private,3,,,23/12/2024,,,,Joiner,,,Active,,,REDACTED,"In current dataset as active, not in previous year"
2810446,Children's home,North West,North West,Warrington,Warrington South,Local Authority,2,,,28/12/2024,,,,Joiner,,,Active,,,REDACTED,"In current dataset as active, not in previous year"
2811131,Children's home,North West,North West,Cheshire West and Chester,Ellesmere Port and Bromborough,Private,2,,,19/02/2025,,,,Joiner,,,Active,,,REDACTED,"In current dataset as active, not in previous year"
2811697,Children's home,South West,South West,Devon,Central Devon,Local Authority,1,,,20/12/2024,,,,Joiner,,,Active,,,REDACTED,"In current dataset as active, not in previous year"
2811945,Independent Fostering Agency,South West,South West,Somerset,Taunton and Wellington,Private,,,,12/03/2025,,,,Joiner,,,Active,,,Homes and Horizons Fostering,"In current dataset as active, not in previous year"
2812209,Children's home,East Midlands,East Midlands,Leicestershire,Loughborough,Private,1,,,17/01/2025,,,,Joiner,,,Active,,,REDACTED,"In current dataset as active, not in previous year"
2812371,Children's home,West Midlands,West Midlands,Worcestershire,Droitwich and Evesham,Local Authority,4,,,27/09/2024,,,,Joiner,,,Active,,,REDACTED,"In current dataset as active, not in previous year"
2812398,Children's home,"North East, Yorkshire and the Humber",Yorkshire and The Humber,Rotherham,Rother Valley,Local Authority,2,,,10/01/2025,,,,Joiner,,,Active,,,REDACTED,"In current dataset as active, not in previous year"
2812482,Children's home,"North East, Yorkshire and the Humber",North East,Sunderland,Houghton and Sunderland South,Local Authority,2,,,21/11/2024,,,,Joiner,,,Active,,,REDACTED,"In current dataset as active, not in previous year"
2812743,Children's home,"North East, Yorkshire and the Humber",Yorkshire and The Humber,Calderdale,Calder Valley,Private,3,,,03/02/2025,,,,Joiner,,,Active,,,REDACTED,"In current dataset as active, not in previous year"
2813770,Children's home,South East,South East,West Sussex,East Worthing and Shoreham,Private,3,,,12/12/2024,,,,Joiner,,,Active,,,REDACTED,"In current dataset as active, not in previous year"
2814499,Children's home,South East,South East,Kent,Maidstone and Malling,Private,4,,,03/03/2025,,,,Joiner,,,Active,,,REDACTED,"In current dataset as active, not in previous year"
2815492,Children's home,"North East, Yorkshire and the Humber",North East,South Tyneside,South Shields,Private,4,,,24/12/2024,,,,Joiner,,,Active,,,REDACTED,"In current dataset as active, not in previous year"
2815875,Children's home,"North East, Yorkshire and the Humber",Yorkshire and The Humber,Doncaster,Doncaster North,Private,2,,,04/03/2025,,,,Joiner,,,Active,,,REDACTED,"In current dataset as active, not in previous year"
2816084,Children's home,West Midlands,West Midlands,Wolverhampton,Wolverhampton South East,Private,4,,,19/12/2024,,,,Joiner,,,Active,,,REDACTED,"In current dataset as active, not in previous year"
2817707,Residential Special School,South East,South East,Oxfordshire,Henley and Thame,Private,4,,,30/10/2024,,,,Joiner,,,Active,,Ofsted,Aurora Rowan School,"In current dataset as active, not in previous year"
2819334,Children's home,North West,North West,Lancashire,Chorley,Private,1,,,28/03/2025,,,,Joiner,,,Active,,,REDACTED,"In current dataset as active, not in previous year"
2819442,Children's home,"North East, Yorkshire and the Humber",Yorkshire and The Humber,Kirklees,Huddersfield,Private,5,,,26/03/2025,,,,Joiner,,,Active,,,REDACTED,"In current dataset as active, not in previous year"
2821248,Children's home,West Midlands,West Midlands,Sandwell,Smethwick,Private,3,,,13/02/2025,,,,Joiner,,,Active,,,REDACTED,"In current dataset as active, not in previous year"
2821457,Children's home,North West,North West,Liverpool,Liverpool Riverside,Private,4,,,20/02/2025,,,,Joiner,,,Active,,,REDACTED,"In current dataset as active, not in previous year"
2821712,Children's home,South East,South East,Hampshire,Basingstoke,Private,3,,,03/02/2025,,,,Joiner,,,Active,,,REDACTED,"In current dataset as active, not in previous year"
2821779,Residential Family Centre,London,London,Waltham Forest,Chingford and Woodford Green,Private,6,,,27/11/2024,,,,Joiner,,,Active,,,Real Life Care Ltd,"In current dataset as active, not in previous year"
2825137,Children's home,North West,North West,Cheshire West and Chester,Chester South and Eddisbury,Private,3,,,18/03/2025,,,,Joiner,,,Active,,,REDACTED,"In current dataset as active, not in previous year"
2833433,Residential Special School,West Midlands,West Midlands,Staffordshire,Tamworth,Academy,118,,,29/01/2025,,,,Joiner,,,Active,,Unknown,Shenstone Lodge School,"In current dataset as active, not in previous year"
SC022464,Children's home,North West,North West,St Helens,St Helens South and Whiston,Private,1,,,18/02/2002,06/11/2024,06/11/2024,,,Leaver,Active,Resigned,,,REDACTED,"In previous year, not in current dataset (closed date in Year)"
SC033152,Children's home,"North East, Yorkshire and the Humber",Yorkshire and The Humber,North Lincolnshire,Scunthorpe,Local Authority,6,,,18/05/2004,18/11/2024,18/11/2024,,,Leaver,Active,Resigned,,,REDACTED,"In previous year, not in current dataset (closed date in Year)"
SC387711,Adoption Support Agency,"North East, Yorkshire and the Humber",Yorkshire and The Humber,Sheffield,Sheffield Central,Voluntary,,,,11/12/2008,31/01/2025,31/01/2025,,,Leaver,Active,Resigned,,,Chrysalis Associates,"In previous year, not in current dataset (closed date in Year)"
SC431970,Adoption Support Agency,North West,North West,Westmorland and Furness,Westmorland and Lonsdale,Private,,,,08/12/2011,06/01/2025,06/01/2025,,,Leaver,Active,Resigned,,,About Children,"In previous year, not in current dataset (closed date in Year)"
SC436386,Children's home,East Midlands,East Midlands,Lincolnshire,Rutland and Stamford,Private,6,,,16/09/2011,12/06/2024,12/06/2024,,,Leaver,Active,Resigned,Ofsted,,REDACTED,"In previous year, not in current dataset (closed date in Year)"
1159868,Children's home,South West,South West,Dorset,West Dorset,Private,3,,,29/10/2015,12/08/2024,12/08/2024,,,Leaver,Active,Resigned,,,REDACTED,"In previous year, not in current dataset (closed date in Year)"
1211772,Children's home,"North East, Yorkshire and the Humber",Yorkshire and The Humber,North Yorkshire,Richmond and Northallerton,Private,6,,,17/12/2015,13/09/2024,13/09/2024,,,Leaver,Active,Resigned,,,REDACTED,"In previous year, not in current dataset (closed date in Year)"
1226397,Children's home,West Midlands,West Midlands,Birmingham,Birmingham Erdington,Private,4,,,29/10/2016,18/12/2024,18/12/2024,,,Leaver,Active,Resigned,,,REDACTED,"In previous year, not in current dataset (closed date in Year)"
1262827,Residential Family Centre,North West,North West,Blackpool,Blackpool South,Private,5,,,11/09/2017,31/08/2024,31/08/2024,,,Leaver,Active,Resigned,,,Acorn House New Spring Residential Family Centre,"In previous year, not in current dataset (closed date in Year)"
2495513,Children's home,North West,North West,Blackpool,Blackpool South,Private,2,,,18/12/2018,21/03/2024,21/03/2024,,,Leaver,Resigned,Resigned,,,REDACTED,"In previous year, not in current dataset (closed date before April of current year)"
2504082,Children's home,North West,North West,Lancashire,Rossendale and Darwen,Private,2,,,07/02/2019,12/07/2024,12/07/2024,,,Leaver,Active,Resigned,,,REDACTED,"In previous year, not in current dataset (closed date in Year)"
2526893,Children's home,West Midlands,West Midlands,Stoke-on-Trent,Stoke-on-Trent Central,Private,4,,,03/10/2019,17/03/2025,17/03/2025,,,Leaver,Active,Resigned,,,REDACTED,"In previous year, not in current dataset (closed date in Year)"
2645777,Voluntary Adoption Agency,West Midlands,West Midlands,Worcestershire,Worcester,Voluntary,,,,17/11/2021,01/10/2024,01/10/2024,,,Leaver,Active,Resigned,,,Worcestershire Children First Voluntary Adoption Service,"In previous year, not in current dataset (closed date in Year)"
2652535,Children's home,East of England,East of England,Hertfordshire,North East Hertfordshire,Private,1,,,04/04/2022,19/12/2024,19/12/2024,,,Leaver,Active,Resigned,,,REDACTED,"In previous year, not in current dataset (closed date in Year)"
2662567,Children's home,South West,South West,Wiltshire,Salisbury,Private,3,,,01/06/2023,02/11/2024,02/11/2024,,,Leaver,Active,Resigned,,,REDACTED,"In previous year, not in current dataset (closed date in Year)"
2683463,Children's home,South East,South East,Kent,East Thanet,Local Authority,8,,,25/04/2023,09/09/2024,09/09/2024,,,Leaver,Active,Resigned,Unknown,,REDACTED,"In previous year, not in current dataset (closed date in Year)"
2711308,Children's home,South East,South East,Medway,Gillingham and Rainham,Private,2,,,06/07/2023,21/05/2024,21/05/2024,,,Leaver,Active,Resigned,,,REDACTED,"In previous year, not in current dataset (closed date in Year)"
2737432,Children's home,East Midlands,East Midlands,Derby,Derby North,Private,2,,,16/04/2024,,,,Joiner,,,Active,,,REDACTED,"In current dataset as active, not in previous year"
2745384,Supported Accommodation,London,London,Redbridge,Ilford South,Private,6,1,,26/07/2024,,,,Joiner,,,Active,,,Domum Care Supported Accommodation,"In current dataset as active, not in previous year"
2751602,Supported Accommodation,"North East, Yorkshire and the Humber",Yorkshire and The Humber,Leeds,Leeds East,Private,91,68,,15/05/2024,,,,Joiner,,,Active,,,Our Way Leeds GIPSIL,"In current dataset as active, not in previous year"
2753333,Supported Accommodation,London,London,Redbridge,Ilford South,Private,9,2,,13/05/2024,,,,Joiner,,,Active,,,WellCome Supported Lodging Ltd,"In current dataset as active, not in previous year"
2754734,Supported Accommodation,"North East, Yorkshire and the Humber",Yorkshire and The Humber,Kingston upon Hull,Kingston upon Hull North and Cottingham,Private,12,2,,30/06/2024,,,,Joiner,,,Active,,,The Open Care Group Limited,"In current dataset as active, not in previous year"
2754736,Children's home,South West,South West,Gloucestershire,Forest of Dean,Private,2,,,24/07/2024,,,,Joiner,,,Active,,,REDACTED,"In current dataset as active, not in previous year"
2754777,Children's home,South East,South East,Buckinghamshire,Aylesbury,Voluntary,1,,,02/11/2023,26/11/2024,26/11/2024,,,Leaver,Active,Resigned,,,REDACTED,"In previous year, not in current dataset (closed date in Year)"
2758657,Supported Accommodation,London,London,Enfield,Southgate and Wood Green,Private,38,8,,08/05/2024,,,,Joiner,,,Active,,,Urban Land Management Limited,"In current dataset as active, not in previous year"
2758953,Supported Accommodation,London,London,Redbridge,Ilford North,Private,32,8,,04/04/2024,,,,Joiner,,,Active,,,Angel UK Care Supported Accommodation Service,"In current dataset as active, not in previous year"
2759142,Children's home,"North East, Yorkshire and the Humber",Yorkshire and The Humber,Rotherham,Rotherham,Local Authority,1,,,20/06/2024,,,,Joiner,,,Active,,,REDACTED,"In current dataset as active, not in previous year"
2759746,Supported Accommodation,South East,South East,Kent,Dartford,Private,67,13,,20/03/2025,,,,Joiner,,,Active,,,My Life Semi-Independent Project,"In current dataset as active, not in previous year"
2760335,Supported Accommodation,"North East, Yorkshire and the Humber",Yorkshire and The Humber,Kirklees,Huddersfield,Private,32,15,,17/01/2025,,,,Joiner,,,Active,,,Apex Pathway,"In current dataset as active, not in previous year"
2760815,Supported Accommodation,London,London,Croydon,Croydon West,Private,62,16,,23/05/2024,,,,Joiner,,,Active,,,Higher Level Care Ltd,"In current dataset as active, not in previous year"
2761614,Supported Accommodation,East Midlands,East Midlands,North Northamptonshire,Corby and East Northamptonshire,Private,3,1,,06/03/2025,,,,Joiner,,,Active,,, Extramile Lodgings Limited,"In current dataset as active, not in previous year"
2762404,Supported Accommodation,London,London,Hounslow,Brentford and Isleworth,Private,5,1,,22/05/2024,,,,Joiner,,,Active,,,Oyster Supported Living  ltd,"In current dataset as active, not in previous year"
2762552,Supported Accommodation,South East,South East,Brighton and Hove,Brighton Pavilion,Private,20,6,,12/01/2025,28/03/2025,28/03/2025,,Joiner,Leaver,,Resigned,,,Pathways to Independence Housing (UK) Ltd,Joiner and Leaver in current reporting period
2762612,Supported Accommodation,London,London,Tower Hamlets,Bethnal Green and Stepney,Voluntary,279,46,,16/08/2024,,,,Joiner,,,Active,,,Centrepoint Soho,"In current dataset as active, not in previous year"
2762621,Supported Accommodation,London,London,Lambeth,Streatham and Croydon North,Private,42,23,,03/06/2024,,,,Joiner,,,Active,,,Step Ahead Services Ltd,"In current dataset as active, not in previous year"
2762702,Supported Accommodation,East of England,East of England,Hertfordshire,Hemel Hempstead,Private,46,6,,04/02/2025,,,,Joiner,,,Active,,,Hightown,"In current dataset as active, not in previous year"
2762906,Supported Accommodation,London,London,Hillingdon,Uxbridge and South Ruislip,Private,13,2,,19/09/2024,,,,Joiner,,,Active,,,HTR Supported Accommodation Limited,"In current dataset as active, not in previous year"
2763023,Supported Accommodation,South East,South East,Southampton,Southampton Test,Private,17,2,,26/09/2024,,,,Joiner,,,Active,,,Phoenix Independence,"In current dataset as active, not in previous year"
2763025,Supported Accommodation,South West,South West,Torbay,Torbay,Private,5,1,,12/01/2025,,,,Joiner,,,Active,,,Stepping Away from Care (SAFCA) Ltd,"In current dataset as active, not in previous year"
2763121,Supported Accommodation,London,London,Sutton,Carshalton and Wallington,Private,29,10,,16/09/2024,,,,Joiner,,,Active,,,Nelbro Group SIA,"In current dataset as active, not in previous year"
2763203,Supported Accommodation,East Midlands,East Midlands,Nottingham,Nottingham East,Voluntary,38,14,,09/08/2024,,,,Joiner,,,Active,,,Nottingham Community Housing Association - Domestic Abuse,"In current dataset as active, not in previous year"
2763292,Supported Accommodation,North West,North West,Warrington,Warrington South,Local Authority,10,6,,24/07/2024,,,,Joiner,,,Active,,,Warrington Borough Council Supported Accommodation,"In current dataset as active, not in previous year"
2763497,Supported Accommodation,East Midlands,East Midlands,Nottinghamshire,Newark,Private,3,3,,22/11/2024,,,,Joiner,,,Active,,,Positive Independence Ltd,"In current dataset as active, not in previous year"
2763645,Supported Accommodation,West Midlands,West Midlands,Dudley,Halesowen,Private,9,3,,17/12/2024,,,,Joiner,,,Active,,,DIAMOND STAR CARE SERVICES,"In current dataset as active, not in previous year"
2763783,Supported Accommodation,East Midlands,East Midlands,North Northamptonshire,Wellingborough and Rushden,Private,5,3,,15/10/2024,,,,Joiner,,,Active,,,Cretia,"In current dataset as active, not in previous year"
2763880,Supported Accommodation,West Midlands,West Midlands,Birmingham,Birmingham Edgbaston,Private,195,59,,28/03/2025,,,,Joiner,,,Active,,,Brightsky Youth Service Limited,"In current dataset as active, not in previous year"
2764029,Residential Family Centre,"North East, Yorkshire and the Humber",Yorkshire and The Humber,Sheffield,Sheffield Central,Private,20,,,16/04/2024,,,,Joiner,,,Active,,,Foundations Sheffield,"In current dataset as active, not in previous year"
2764392,Supported Accommodation,South East,South East,Kent,Sittingbourne and Sheppey,Private,13,4,,06/06/2024,,,,Joiner,,,Active,,,The Care Boutique Ltd,"In current dataset as active, not in previous year"
2764848,Supported Accommodation,South West,South West,Plymouth,Plymouth Sutton and Devonport,Private,7,2,,09/05/2024,,,,Joiner,,,Active,,,Keys Supported Accommodation - Plymouth,"In current dataset as active, not in previous year"
2764885,Supported Accommodation,London,London,Hackney,Hackney South and Shoreditch,Private,35,13,,18/06/2024,,,,Joiner,,,Active,,,Vineyard Homes Limited,"In current dataset as active, not in previous year"
2765132,Supported Accommodation,North West,North West,Manchester,Blackley and Middleton South,Private,13,12,,02/05/2024,,,,Joiner,,,Active,,,AMJ Support Services LTD,"In current dataset as active, not in previous year"
2765538,Supported Accommodation,East of England,East of England,Cambridgeshire,St Neots and Mid Cambridgeshire,Voluntary,47,19,,24/03/2025,,,,Joiner,,,Active,,,CHS supported Housing,"In current dataset as active, not in previous year"
2765646,Supported Accommodation,North West,North West,Sefton,Bootle,Private,17,6,,24/06/2024,,,,Joiner,,,Active,,,Taylor Made Prospects LTD,"In current dataset as active, not in previous year"
2766028,Supported Accommodation,London,London,Barnet,Chipping Barnet,Private,6,1,,18/11/2024,,,,Joiner,,,Active,,,Lignum Vitae Care and Support Ltd,"In current dataset as active, not in previous year"
2766047,Supported Accommodation,London,London,Merton,Mitcham and Morden,Private,6,1,,13/08/2024,,,,Joiner,,,Active,,,Back on Track Services Limited,"In current dataset as active, not in previous year"
2766080,Supported Accommodation,East Midlands,East Midlands,Nottingham,Nottingham East,Voluntary,123,67,,30/07/2024,,,,Joiner,,,Active,,,YMCA Robin Hood Group Supported Housing,"In current dataset as active, not in previous year"
2766231,Supported Accommodation,East Midlands,East Midlands,Nottingham,Nottingham South,Private,3,1,,22/11/2024,,,,Joiner,,,Active,,,Divine Dees Care Limited,"In current dataset as active, not in previous year"
2766341,Supported Accommodation,London,London,Hounslow,Hammersmith and Chiswick,Private,3,1,,18/07/2024,,,,Joiner,,,Active,,,365 Care Solutions Limited,"In current dataset as active, not in previous year"
2766725,Supported Accommodation,South East,South East,Reading,Reading Central,Private,49,9,,10/01/2025,,,,Joiner,,,Active,,,Willow Tree Support Services,"In current dataset as active, not in previous year"
2766728,Supported Accommodation,London,London,Redbridge,Ilford South,Private,6,2,,13/03/2025,,,,Joiner,,,Active,,,Integrity Lifestyle Limited,"In current dataset as active, not in previous year"
2766767,Supported Accommodation,South West,South West,Gloucestershire,Stroud,Private,17,5,,12/01/2025,,,,Joiner,,,Active,,,Ability Supported Living,"In current dataset as active, not in previous year"
2766796,Supported Accommodation,"North East, Yorkshire and the Humber",Yorkshire and The Humber,Barnsley,Barnsley South,Private,87,33,,29/11/2024,,,,Joiner,,,Active,,,Twenty Four-Seven High Support Accommodation for Young People Limited,"In current dataset as active, not in previous year"
2766916,Supported Accommodation,East Midlands,East Midlands,Leicester,Leicester West,Private,5,1,,07/10/2024,,,,Joiner,,,Active,,,Victory Care Limited,"In current dataset as active, not in previous year"
2766939,Supported Accommodation,South East,South East,Kent,Dover and Deal,Local Authority,158,92,,23/10/2024,,,,Joiner,,,Active,,,Kent Supported Homes,"In current dataset as active, not in previous year"
2768103,Supported Accommodation,South West,South West,Dorset,Christchurch,Private,11,2,,12/01/2025,,,,Joiner,,,Active,,,Beaufort Support Services,"In current dataset as active, not in previous year"
2768279,Supported Accommodation,South West,South West,South Gloucestershire,Bristol North East,Private,15,3,,24/10/2024,,,,Joiner,,,Active,,,Patience CYP Services,"In current dataset as active, not in previous year"
2769374,Children's home,London,London,Ealing,Ealing North,Private,3,,,20/08/2024,,,,Joiner,,,Active,,,REDACTED,"In current dataset as active, not in previous year"
2769457,Children's home,London,London,Bromley,Beckenham and Penge,Private,4,,,01/05/2024,,,,Joiner,,,Active,,,REDACTED,"In current dataset as active, not in previous year"
2770431,Children's home,"North East, Yorkshire and the Humber",Yorkshire and The Humber,Sheffield,Sheffield Hallam,Private,6,,,14/05/2024,,,,Joiner,,,Active,,,REDACTED,"In current dataset as active, not in previous year"
2771409,Children's home,North West,North West,Rochdale,Heywood and Middleton North,Private,4,,,28/05/2024,28/02/2025,28/02/2025,,Joiner,Leaver,,Resigned,,,REDACTED,Joiner and Leaver in current reporting period
2771451,Supported Accommodation,South West,South West,Wiltshire,Salisbury,Voluntary,42,11,,25/09/2024,,,,Joiner,,,Active,,,Alabare Young Peoples Services Incorporating Leaving Care & Supported Accommodation,"In current dataset as active, not in previous year"
2774476,Residential Family Centre,"North East, Yorkshire and the Humber",Yorkshire and The Humber,Calderdale,Halifax,Private,10,,,09/05/2024,,,,Joiner,,,Active,,,Haylen Lodge,"In current dataset as active, not in previous year"
2774861,Children's home,West Midlands,West Midlands,Staffordshire,Burton and Uttoxeter,Private,3,,,18/09/2024,,,,Joiner,,,Active,,,REDACTED,"In current dataset as active, not in previous year"
2775324,Children's home,London,London,Brent,Harrow East,Private,4,,,01/10/2024,,,,Joiner,,,Active,,,REDACTED,"In current dataset as active, not in previous year"
2776085,Children's home,East Midlands,East Midlands,Derbyshire,Erewash,Private,3,,,25/06/2024,,,,Joiner,,,Active,,,REDACTED,"In current dataset as active, not in previous year"
2777558,Children's home,East of England,East of England,Luton,Luton North,Private,4,,,03/05/2024,,,,Joiner,,,Active,,,REDACTED,"In current dataset as active, not in previous year"
2777634,Children's home,East Midlands,East Midlands,Derby,Derby North,Private,3,,,24/04/2024,,,,Joiner,,,Active,,,REDACTED,"In current dataset as active, not in previous year"
2778255,Supported Accommodation,London,London,Havering,Romford,Private,6,2,,31/12/2024,,,,Joiner,,,Active,,,BenArisHomeUK,"In current dataset as active, not in previous year"
2778264,Supported Accommodation,"North East, Yorkshire and the Humber",Yorkshire and The Humber,North Lincolnshire,Scunthorpe,Local Authority,103,59,,29/11/2024,,,,Joiner,,,Active,,,North Lincolnshire Council - Supported Accommodation for Young People,"In current dataset as active, not in previous year"
2778271,Children's home,South East,South East,East Sussex,Eastbourne,Private,4,,,04/06/2024,,,,Joiner,,,Active,,,REDACTED,"In current dataset as active, not in previous year"
2778324,Children's home,East Midlands,East Midlands,Nottinghamshire,Gedling,Private,3,,,01/05/2024,,,,Joiner,,,Active,,,REDACTED,"In current dataset as active, not in previous year"
2778942,Children's home,East Midlands,East Midlands,Leicestershire,Hinckley and Bosworth,Private,3,,,02/12/2024,,,,Joiner,,,Active,,,REDACTED,"In current dataset as active, not in previous year"
2779972,Children's home,South West,South West,Somerset,Wells and Mendip Hills,Private,3,,,30/04/2024,,,,Joiner,,,Active,,,REDACTED,"In current dataset as active, not in previous year"
2780101,Supported Accommodation,North West,North West,Bury,Bury North,Private,11,3,,04/07/2024,,,,Joiner,,,Active,,,Key Steps Supported Accommodation Ltd,"In current dataset as active, not in previous year"
2780230,Children's home,East Midlands,East Midlands,Derbyshire,Erewash,Private,1,,,14/06/2024,,,,Joiner,,,Active,,,REDACTED,"In current dataset as active, not in previous year"
2780876,Children's home,London,London,Harrow,Harrow West,Private,3,,,31/01/2025,,,,Joiner,,,Active,,,REDACTED,"In current dataset as active, not in previous year"
2781144,Children's home,West Midlands,West Midlands,Staffordshire,Lichfield,Private,3,,,05/08/2024,,,,Joiner,,,Active,,,REDACTED,"In current dataset as active, not in previous year"
2781200,Children's home,West Midlands,West Midlands,Birmingham,Birmingham Hall Green and Moseley,Private,3,,,30/05/2024,,,,Joiner,,,Active,,,REDACTED,"In current dataset as active, not in previous year"
2781229,Supported Accommodation,"North East, Yorkshire and the Humber",Yorkshire and The Humber,East Riding of Yorkshire,Goole and Pocklington,Private,4,1,,28/07/2024,,,,Joiner,,,Active,,,Caritas Care Solutions,"In current dataset as active, not in previous year"
2781365,Children's home,East Midlands,East Midlands,Lincolnshire,South Holland and The Deepings,Private,4,,,25/07/2024,,,,Joiner,,,Active,,,REDACTED,"In current dataset as active, not in previous year"
2781592,Residential special school (registered as a children's home),East Midlands,East Midlands,West Northamptonshire,Northampton North,Private,12,,,11/06/2024,,,,Joiner,,,Active,,,REDACTED,"In current dataset as active, not in previous year"
2781999,Children's home,West Midlands,West Midlands,Stoke-on-Trent,Stoke-on-Trent South,Private,4,,,19/02/2025,,,,Joiner,,,Active,,,REDACTED,"In current dataset as active, not in previous year"
2784656,Children's home,"North East, Yorkshire and the Humber",Yorkshire and The Humber,Bradford,Bradford South,Private,2,,,25/07/2024,,,,Joiner,,,Active,,,REDACTED,"In current dataset as active, not in previous year"
2786088,Children's home,North West,North West,Manchester,Manchester Withington,Private,1,,,25/06/2024,,,,Joiner,,,Active,,,REDACTED,"In current dataset as active, not in previous year"
2786383,Supported Accommodation,North West,North West,Oldham,Oldham East and Saddleworth,Private,6,1,,19/12/2024,,,,Joiner,,,Active,,,On Point Support,"In current dataset as active, not in previous year"
2786657,Supported Accommodation,North West,North West,Manchester,Gorton and Denton,Private,3,1,,31/07/2024,,,,Joiner,,,Active,,,Lyndrose 16+ Supported Accommodation,"In current dataset as active, not in previous year"
2786775,Children's home,South West,South West,Swindon,Swindon North,Private,2,,,24/06/2024,,,,Joiner,,,Active,,,REDACTED,"In current dataset as active, not in previous year"
2787363,Children's home,North West,North West,Sefton,Sefton Central,Private,1,,,24/02/2025,,,,Joiner,,,Active,,,REDACTED,"In current dataset as active, not in previous year"
2787666,Children's home,South East,South East,Slough,Slough,Private,4,,,03/07/2024,,,,Joiner,,,Active,,,REDACTED,"In current dataset as active, not in previous year"
2788114,Supported Accommodation,North West,North West,Bolton,Bolton South and Walkden,Voluntary,62,51,,02/08/2024,,,,Joiner,,,Active,,,Backup North West,"In current dataset as active, not in previous year"
2788411,Children's home,East Midlands,East Midlands,Nottinghamshire,Newark,Private,4,,,27/06/2024,,,,Joiner,,,Active,,,REDACTED,"In current dataset as active, not in previous year"
2790296,Children's home,West Midlands,West Midlands,Shropshire,North Shropshire,Private,2,,,05/07/2024,,,,Joiner,,,Active,,,REDACTED,"In current dataset as active, not in previous year"
2791409,Children's home,East Midlands,East Midlands,Lincolnshire,Grantham and Bourne,Private,3,,,01/08/2024,,,,Joiner,,,Active,,,REDACTED,"In current dataset as active, not in previous year"
2792243,Supported Accommodation,"North East, Yorkshire and the Humber",Yorkshire and The Humber,Bradford,Bradford West,Private,4,1,,27/02/2025,,,,Joiner,,,Active,,,J&M 24HR HEALTHCARE LTD,"In current dataset as active, not in previous year"
2792345,Children's home,East Midlands,East Midlands,Nottinghamshire,Sherwood Forest,Private,3,,,19/09/2024,,,,Joiner,,,Active,,,REDACTED,"In current dataset as active, not in previous year"
2792559,Children's home,West Midlands,West Midlands,Wolverhampton,Wolverhampton West,Private,3,,,17/09/2024,,,,Joiner,,,Active,,,REDACTED,"In current dataset as active, not in previous year"
2792831,Children's home,North West,North West,Oldham,Manchester Central,Private,1,,,15/07/2024,,,,Joiner,,,Active,,,REDACTED,"In current dataset as active, not in previous year"
2792841,Children's home,North West,North West,Lancashire,South Ribble,Private,2,,,20/06/2024,,,,Joiner,,,Active,,,REDACTED,"In current dataset as active, not in previous year"
2793601,Children's home,South East,South East,Hampshire,Romsey and Southampton North,Private,6,,,31/10/2024,,,,Joiner,,,Active,,,REDACTED,"In current dataset as active, not in previous year"
2794178,Supported Accommodation,South West,South West,South Gloucestershire,Filton and Bradley Stoke,Private,3,1,,12/12/2024,,,,Joiner,,,Active,,,Sage22 Ltd,"In current dataset as active, not in previous year"
2794236,Children's home,East of England,East of England,Essex,South Basildon and East Thurrock,Private,2,,,24/02/2025,,,,Joiner,,,Active,,,REDACTED,"In current dataset as active, not in previous year"
2794418,Independent Fostering Agency,West Midlands,West Midlands,Birmingham,Birmingham Ladywood,Private,,,,22/01/2025,,,,Joiner,,,Active,,,Impact Fostering LTD,"In current dataset as active, not in previous year"
2794620,Children's home,East of England,East of England,Essex,Harwich and North Essex,Private,5,,,04/10/2024,,,,Joiner,,,Active,,,REDACTED,"In current dataset as active, not in previous year"
2794752,Children's home,North West,North West,Wigan,Leigh and Atherton,Private,2,,,24/07/2024,,,,Joiner,,,Active,,,REDACTED,"In current dataset as active, not in previous year"
2795741,Supported Accommodation,East Midlands,East Midlands,North Northamptonshire,Wellingborough and Rushden,Private,4,2,,20/03/2025,,,,Joiner,,,Active,,,Gable House,"In current dataset as active, not in previous year"
2796475,Children's home,East of England,East of England,Cambridgeshire,North East Cambridgeshire,Private,6,,,11/10/2024,,,,Joiner,,,Active,,,REDACTED,"In current dataset as active, not in previous year"
2797308,Children's home,London,London,Bexley,Bexleyheath and Crayford,Private,2,,,03/10/2024,,,,Joiner,,,Active,,,REDACTED,"In current dataset as active, not in previous year"
2798426,Children's home,East of England,East of England,Cambridgeshire,Ely and East Cambridgeshire,Private,4,,,19/09/2024,,,,Joiner,,,Active,,,REDACTED,"In current dataset as active, not in previous year"
2799023,Children's home,West Midlands,West Midlands,Staffordshire,Stafford,Private,3,,,18/01/2025,,,,Joiner,,,Active,,,REDACTED,"In current dataset as active, not in previous year"
2799237,Children's home,South West,South West,Devon,Central Devon,Private,2,,,29/08/2024,,,,Joiner,,,Active,,,REDACTED,"In current dataset as active, not in previous year"
2799349,Children's home,West Midlands,West Midlands,Solihull,Birmingham Hodge Hill and Solihull North,Private,3,,,23/12/2024,,,,Joiner,,,Active,,,REDACTED,"In current dataset as active, not in previous year"
2800240,Children's home,West Midlands,West Midlands,Staffordshire,"Stone, Great Wyrley and Penkridge",Private,3,,,03/10/2024,,,,Joiner,,,Active,,,REDACTED,"In current dataset as active, not in previous year"
2801375,Secure children's home,South East,South East,Medway,Rochester and Strood,Voluntary,22,,,08/08/2024,,,,Joiner,,,Active,,,REDACTED,"In current dataset as active, not in previous year"
2802890,Children's home,"North East, Yorkshire and the Humber",Yorkshire and The Humber,Sheffield,Sheffield Hallam,Private,3,,,01/12/2024,,,,Joiner,,,Active,,,REDACTED,"In current dataset as active, not in previous year"
2803965,Children's home,North West,North West,Lancashire,Chorley,Private,3,,,29/01/2025,,,,Joiner,,,Active,,,REDACTED,"In current dataset as active, not in previous year"
2804930,Supported Accommodation,South East,South East,Portsmouth,Portsmouth North,Private,3,2,,28/02/2025,,,,Joiner,,,Active,,,B&H Call Limited,"In current dataset as active, not in previous year"
2805366,Children's home,"North East, Yorkshire and the Humber",Yorkshire and The Humber,Bradford,Bradford East,Private,1,,,20/10/2024,,,,Joiner,,,Active,,,REDACTED,"In current dataset as active, not in previous year"
2805569,Children's home,East Midlands,East Midlands,Lincolnshire,Rutland and Stamford,Private,4,,,13/11/2024,,,,Joiner,,,Active,,,REDACTED,"In current dataset as active, not in previous year"
2806276,Children's home,West Midlands,West Midlands,Staffordshire,Stoke-on-Trent North,Private,3,,,31/03/2025,,,,Joiner,,,Active,,,REDACTED,"In current dataset as active, not in previous year"
2807906,Children's home,North West,North West,Lancashire,Lancaster and Wyre,Private,6,,,21/11/2024,,,,Joiner,,,Active,,,REDACTED,"In current dataset as active, not in previous year"
2808010,Children's home,East Midlands,East Midlands,Lincolnshire,Sleaford and North Hykeham,Private,7,,,25/10/2024,,,,Joiner,,,Active,,,REDACTED,"In current dataset as active, not in previous year"
2808333,Children's home,East Midlands,East Midlands,Derbyshire,High Peak,Private,3,,,19/11/2024,,,,Joiner,,,Active,,,REDACTED,"In current dataset as active, not in previous year"
2808683,Children's home,South East,South East,Hampshire,North West Hampshire,Private,4,,,04/10/2024,,,,Joiner,,,Active,,,REDACTED,"In current dataset as active, not in previous year"
2809173,Supported Accommodation,East Midlands,East Midlands,North Northamptonshire,Wellingborough and Rushden,Private,3,1,,02/01/2025,,,,Joiner,,,Active,,,Ellency,"In current dataset as active, not in previous year"
2810447,Children's home,East Midlands,East Midlands,West Northamptonshire,Daventry,Private,3,,,09/12/2024,,,,Joiner,,,Active,,,REDACTED,"In current dataset as active, not in previous year"
2811603,Children's home,North West,North West,Lancashire,Morecambe and Lunesdale,Private,2,,,19/12/2024,,,,Joiner,,,Active,,,REDACTED,"In current dataset as active, not in previous year"
2811999,Children's home,"North East, Yorkshire and the Humber",Yorkshire and The Humber,Rotherham,Rother Valley,Private,1,,,16/03/2025,,,,Joiner,,,Active,,,REDACTED,"In current dataset as active, not in previous year"
2812467,Children's home,South West,South West,Somerset,Taunton and Wellington,Private,3,,,05/12/2024,,,,Joiner,,,Active,,,REDACTED,"In current dataset as active, not in previous year"
2812867,Supported Accommodation,"North East, Yorkshire and the Humber",Yorkshire and The Humber,Leeds,Leeds West and Pudsey,Private,3,1,,24/03/2025,,,,Joiner,,,Active,,,Chiltern House,"In current dataset as active, not in previous year"
2812978,Children's home,South West,South West,Somerset,Yeovil,Private,2,,,06/12/2024,,,,Joiner,,,Active,,,REDACTED,"In current dataset as active, not in previous year"
2813395,Children's home,West Midlands,West Midlands,Worcestershire,Redditch,Private,3,,,24/12/2024,,,,Joiner,,,Active,,,REDACTED,"In current dataset as active, not in previous year"
2814022,Children's home,North West,North West,Westmorland and Furness,Westmorland and Lonsdale,Private,2,,,29/11/2024,,,,Joiner,,,Active,,,REDACTED,"In current dataset as active, not in previous year"
2814282,Children's home,South East,South East,Oxfordshire,Oxford West and Abingdon,Private,3,,,05/12/2024,,,,Joiner,,,Active,,,REDACTED,"In current dataset as active, not in previous year"
2814838,Children's home,"North East, Yorkshire and the Humber",Yorkshire and The Humber,Kirklees,Spen Valley,Private,3,,,09/12/2024,,,,Joiner,,,Active,,,REDACTED,"In current dataset as active, not in previous year"
2815604,Children's home,West Midlands,West Midlands,Warwickshire,Nuneaton,Local Authority,4,,,02/01/2025,,,,Joiner,,,Active,,,REDACTED,"In current dataset as active, not in previous year"
2815615,Children's home,West Midlands,West Midlands,Warwickshire,Warwick and Leamington,Local Authority,4,,,18/02/2025,,,,Joiner,,,Active,,,REDACTED,"In current dataset as active, not in previous year"
2816793,Children's home,East Midlands,East Midlands,Lincolnshire,Gainsborough,Private,8,,,27/03/2025,,,,Joiner,,,Active,,,REDACTED,"In current dataset as active, not in previous year"
2818079,Children's home,"North East, Yorkshire and the Humber",North East,Newcastle upon Tyne,Newcastle upon Tyne Central and West,Private,3,,,27/01/2025,,,,Joiner,,,Active,,,REDACTED,"In current dataset as active, not in previous year"
2818151,Children's home,South East,South East,Kent,Chatham and Aylesford,Private,5,,,17/12/2024,,,,Joiner,,,Active,,,REDACTED,"In current dataset as active, not in previous year"
2818781,Children's home,"North East, Yorkshire and the Humber",Yorkshire and The Humber,Sheffield,Sheffield South East,Private,3,,,01/02/2025,,,,Joiner,,,Active,,,REDACTED,"In current dataset as active, not in previous year"
2818907,Children's home,North West,North West,Cheshire East,Congleton,Private,2,,,07/03/2025,,,,Joiner,,,Active,,,REDACTED,"In current dataset as active, not in previous year"
2819274,Children's home,East Midlands,East Midlands,Lincolnshire,Lincoln,Private,4,,,10/02/2025,,,,Joiner,,,Active,,,REDACTED,"In current dataset as active, not in previous year"
2822376,Children's home,North West,North West,Cheshire East,Congleton,Private,1,,,16/01/2025,,,,Joiner,,,Active,,,REDACTED,"In current dataset as active, not in previous year"
2823507,Children's home,South East,South East,East Sussex,Eastbourne,Private,6,,,28/03/2025,,,,Joiner,,,Active,,,REDACTED,"In current dataset as active, not in previous year"
2823938,Children's home,East Midlands,East Midlands,Nottinghamshire,Mansfield,Private,2,,,28/03/2025,,,,Joiner,,,Active,,,REDACTED,"In current dataset as active, not in previous year"
2824906,Children's home,"North East, Yorkshire and the Humber",Yorkshire and The Humber,Bradford,Shipley,Private,2,,,01/02/2025,,,,Joiner,,,Active,,,REDACTED,"In current dataset as active, not in previous year"
SC020630,Children's home,West Midlands,West Midlands,Shropshire,The Wrekin,Private,6,,,13/11/2001,13/09/2024,13/09/2024,,,Leaver,Active,Resigned,,,REDACTED,"In previous year, not in current dataset (closed date in Year)"
SC025695,Children's home,London,London,Camden,Hampstead and Highgate,Voluntary,8,,,03/12/2001,31/03/2024,31/03/2024,,,Leaver,Resigned,Resigned,,,REDACTED,"In previous year, not in current dataset (closed date before April of current year)"
SC032083,Children's home,North West,North West,Cheshire West and Chester,Tatton,Private,3,,,27/06/2002,21/08/2024,21/08/2024,,,Leaver,Active,Resigned,,,REDACTED,"In previous year, not in current dataset (closed date in Year)"
SC033642,Children's home,"North East, Yorkshire and the Humber",North East,Newcastle upon Tyne,Newcastle upon Tyne Central and West,Local Authority,6,,,27/02/2003,01/07/2024,01/07/2024,,,Leaver,Active,Resigned,,,REDACTED,"In previous year, not in current dataset (closed date in Year)"
SC068046,Children's home,South East,South East,Hampshire,New Forest East,Private,1,,,23/08/2006,17/10/2024,17/10/2024,,,Leaver,Active,Resigned,,,REDACTED,"In previous year, not in current dataset (closed date in Year)"
SC454838,Children's home,West Midlands,West Midlands,Staffordshire,Staffordshire Moorlands,Private,8,,,22/11/2012,21/08/2024,21/08/2024,,,Leaver,Active,Resigned,Ofsted,,REDACTED,"In previous year, not in current dataset (closed date in Year)"
SC481125,Adoption Support Agency,West Midlands,West Midlands,Stoke-on-Trent,Stoke-on-Trent North,Private,,,,22/10/2014,01/11/2024,01/11/2024,,,Leaver,Active,Resigned,,,Gateway Psychology,"In previous year, not in current dataset (closed date in Year)"
SC488930,Children's home,East Midlands,East Midlands,Leicester,Leicester West,Private,6,,,28/07/2015,27/02/2025,27/02/2025,,,Leaver,Active,Resigned,,,REDACTED,"In previous year, not in current dataset (closed date in Year)"
SC051513,Children's home,East Midlands,East Midlands,Derbyshire,Bolsover,Local Authority,4,,,02/02/2004,27/07/2024,27/07/2024,,,Leaver,Active,Resigned,,,REDACTED,"In previous year, not in current dataset (closed date in Year)"
SC062223,Children's home,West Midlands,West Midlands,Herefordshire,North Herefordshire,Private,5,,,06/08/2004,13/09/2024,13/09/2024,,,Leaver,Active,Resigned,Ofsted,,REDACTED,"In previous year, not in current dataset (closed date in Year)"
SC066883,Adoption Support Agency,South East,South East,Surrey,Runnymede and Weybridge,Private,,,,23/06/2006,30/04/2024,30/04/2024,,,Leaver,Active,Resigned,,,An Independent Social Work/Play Therapy Service,"In previous year, not in current dataset (closed date in Year)"
SC363398,Children's home,North West,North West,Blackpool,Blackpool South,Private,4,,,29/01/2008,13/05/2024,13/05/2024,,,Leaver,Active,Resigned,,,REDACTED,"In previous year, not in current dataset (closed date in Year)"
SC377825,Children's home,West Midlands,West Midlands,Birmingham,Birmingham Perry Barr,Private,3,,,08/07/2008,30/05/2024,30/05/2024,,,Leaver,Active,Resigned,,,REDACTED,"In previous year, not in current dataset (closed date in Year)"
SC381085,Children's home,West Midlands,West Midlands,Stoke-on-Trent,Stoke-on-Trent Central,Local Authority,2,,,04/09/2008,01/01/2024,01/01/2024,,,Leaver,Resigned,Resigned,,,REDACTED,"In previous year, not in current dataset (closed date before April of current year)"
SC467115,Children's home,South West,South West,Somerset,Taunton and Wellington,Private,2,,,27/08/2013,17/02/2025,17/02/2025,,,Leaver,Active,Resigned,,,REDACTED,"In previous year, not in current dataset (closed date in Year)"
2812360,Children's home,"North East, Yorkshire and the Humber",Yorkshire and The Humber,Wakefield,Wakefield and Rothwell,Private,5,,,06/03/2025,,,,Joiner,,,Active,,,REDACTED,"In current dataset as active, not in previous year"
2812370,Children's home,West Midlands,West Midlands,Worcestershire,Wyre Forest,Local Authority,4,,Short breaks only,27/09/2024,,,,Joiner,,,Active,,,REDACTED,"In current dataset as active, not in previous year"
2812944,Children's home,East Midlands,East Midlands,Derbyshire,Bolsover,Private,3,,,28/01/2025,,,,Joiner,,,Active,,,REDACTED,"In current dataset as active, not in previous year"
2815249,Children's home,South East,South East,Buckinghamshire,Chesham and Amersham,Private,4,,,27/01/2025,,,,Joiner,,,Active,,,REDACTED,"In current dataset as active, not in previous year"
2815431,Children's home,West Midlands,West Midlands,Walsall,Aldridge-Brownhills,Local Authority,3,,,05/03/2025,,,,Joiner,,,Active,,,REDACTED,"In current dataset as active, not in previous year"
2815702,Supported Accommodation,North West,North West,Cumberland,Carlisle,Private,7,1,,13/12/2024,,,,Joiner,,,Active,,,Empower Cumbria Limited,"In current dataset as active, not in previous year"
2817429,Children's home,East of England,East of England,Luton,Luton South and South Bedfordshire,Private,5,,,19/03/2025,,,,Joiner,,,Active,,,REDACTED,"In current dataset as active, not in previous year"
2818524,Children's home,"North East, Yorkshire and the Humber",Yorkshire and The Humber,Leeds,Leeds North West,Private,4,,,18/03/2025,,,,Joiner,,,Active,,,REDACTED,"In current dataset as active, not in previous year"
2819607,Children's home,"North East, Yorkshire and the Humber",North East,Northumberland,Cramlington and Killingworth,Private,2,,,30/01/2025,,,,Joiner,,,Active,,,REDACTED,"In current dataset as active, not in previous year"
2820418,Children's Home,North West,North West,Cheshire East,Congleton,Private,2,,,07/03/2025,,,,Joiner,,,Active,,,REDACTED,"In current dataset as active, not in previous year"
2820714,Children's home,West Midlands,West Midlands,Sandwell,Smethwick,Private,2,,,22/01/2025,,,,Joiner,,,Active,,,REDACTED,"In current dataset as active, not in previous year"
2820761,Children's home,North West,North West,Lancashire,Preston,Private,4,,,24/01/2025,,,,Joiner,,,Active,,,REDACTED,"In current dataset as active, not in previous year"
2821764,Children's home,South West,South West,Cornwall,North Cornwall,Private,2,,,11/02/2025,,,,Joiner,,,Active,,,REDACTED,"In current dataset as active, not in previous year"
2822140,Children's home,North West,North West,Lancashire,Rossendale and Darwen,Private,3,,,18/02/2025,,,,Joiner,,,Active,,,REDACTED,"In current dataset as active, not in previous year"
2822170,Children's home,East of England,East of England,Hertfordshire,North East Hertfordshire,Private,1,,,19/12/2024,,,,Joiner,,,Active,,,REDACTED,"In current dataset as active, not in previous year"
2822725,Children's home,"North East, Yorkshire and the Humber",Yorkshire and The Humber,Kirklees,Spen Valley,Private,3,,,11/02/2025,,,,Joiner,,,Active,,,REDACTED,"In current dataset as active, not in previous year"
2823770,Children's home,North West,North West,Liverpool,Liverpool Walton,Private,1,,,10/03/2025,,,,Joiner,,,Active,,,REDACTED,"In current dataset as active, not in previous year"
2823861,Children's home,South West,South West,Somerset,Bridgwater,Private,2,,,17/03/2025,,,,Joiner,,,Active,,,REDACTED,"In current dataset as active, not in previous year"
2823940,Children's home,North West,North West,Lancashire,Southport,Private,4,,,17/02/2025,,,,Joiner,,,Active,,,REDACTED,"In current dataset as active, not in previous year"
2824003,Children's home,North West,North West,Knowsley,Widnes and Halewood,Private,1,,,04/02/2025,,,,Joiner,,,Active,,,REDACTED,"In current dataset as active, not in previous year"
2830603,Children's home,South West,South West,Somerset,Tiverton and Minehead,Private,2,,,04/02/2025,,,,Joiner,,,Active,,,REDACTED,"In current dataset as active, not in previous year"
SC017168,Residential Special School,West Midlands,West Midlands,Birmingham,Birmingham Edgbaston,Local Authority,16,,,14/02/2002,24/01/2025,24/01/2025,,,Leaver,Active,Resigned,Unknown,,Baskerville School,"In previous year, not in current dataset (closed date in Year)"
SC022438,Children's home,North West,North West,St Helens,St Helens North,Private,1,,,20/07/2001,04/09/2024,04/09/2024,,,Leaver,Active,Resigned,,,REDACTED,"In previous year, not in current dataset (closed date in Year)"
SC025733,Children's home,East of England,East of England,Cambridgeshire,South Cambridgeshire,Voluntary,17,,,19/06/1973,12/09/2024,12/09/2024,,,Leaver,Active,Resigned,Ofsted,,REDACTED,"In previous year, not in current dataset (closed date in Year)"
SC038726,Residential Special School,West Midlands,West Midlands,Staffordshire,Tamworth,Local Authority,12,,,08/10/2002,,29/01/2025,,,Leaver,Active,Closed,Unknown,Unknown,Shenstone Lodge School,"In previous year, not in current dataset (closed date in Year)"
SC049105,Voluntary Adoption Agency,London,London,City of London,Cities of London and Westminster,Voluntary,,,,01/07/2003,30/09/2024,30/09/2024,,,Leaver,Active,Resigned,,,SSAFA Forces Help Adoption Service,"In previous year, not in current dataset (closed date in Year)"
SC054500,Residential Special School,"North East, Yorkshire and the Humber",North East,Gateshead,Jarrow and Gateshead East,Local Authority,21,,,15/09/2003,,03/05/2024,,,Leaver,Active,Closed,Unknown,Unknown,Furrowfield School,"In previous year, not in current dataset (closed date in Year)"
SC423453,Children's home,East of England,East of England,Essex,Colchester,Private,4,,,25/03/2011,13/09/2024,13/09/2024,,,Leaver,Active,Resigned,,,REDACTED,"In previous year, not in current dataset (closed date in Year)"
SC006452,Residential Special School,East Midlands,East Midlands,Leicester,Leicester South,Local Authority,8,,,13/02/2002,09/07/2024,09/07/2024,,,Leaver,Active,Resigned,Not applicable,,Millgate School,"In previous year, not in current dataset (closed date in Year)"
SC034301,Children's home,South West,South West,Bristol,Bristol South,Local Authority,5,,,15/04/2003,18/09/2024,18/09/2024,,,Leaver,Active,Resigned,,,REDACTED,"In previous year, not in current dataset (closed date in Year)"
SC067561,Children's home,South West,South West,South Gloucestershire,Thornbury and Yate,Private,3,,,22/06/2006,31/05/2024,31/05/2024,,,Leaver,Active,Resigned,,,REDACTED,"In previous year, not in current dataset (closed date in Year)"
SC067674,Adoption Support Agency,"North East, Yorkshire and the Humber",Yorkshire and The Humber,Leeds,Wakefield and Rothwell,Private,,,,24/07/2006,20/02/2025,20/02/2025,,,Leaver,Active,Resigned,,,Joanna North Associates,"In previous year, not in current dataset (closed date in Year)"
SC406636,Children's home,North West,North West,St Helens,St Helens North,Private,5,,,24/03/2010,21/02/2025,21/02/2025,,,Leaver,Active,Resigned,,,REDACTED,"In previous year, not in current dataset (closed date in Year)"
SC425071,Children's home,South East,South East,Kent,Folkestone and Hythe,Private,6,,,12/03/2012,07/02/2025,07/02/2025,,,Leaver,Active,Resigned,Ofsted,,REDACTED,"In previous year, not in current dataset (closed date in Year)"
SC465287,Children's home,East Midlands,East Midlands,North Northamptonshire,Wellingborough and Rushden,Health Authority,6,,Short breaks only,22/07/2013,31/10/2024,31/10/2024,,,Leaver,Active,Resigned,,,REDACTED,"In previous year, not in current dataset (closed date in Year)"
SC471856,Children's home,East of England,East of England,Norfolk,North Norfolk,Private,6,,,09/12/2013,16/01/2025,16/01/2025,,,Leaver,Active,Resigned,,,REDACTED,"In previous year, not in current dataset (closed date in Year)"
SC478850,Adoption Support Agency,North West,North West,Cheshire West and Chester,Chester North and Neston,Private,,,,22/09/2014,31/03/2024,31/03/2024,,,Leaver,Resigned,Resigned,,,CTC Psychological Services,"In previous year, not in current dataset (closed date before April of current year)"
SC470585,Children's home,East of England,East of England,Norfolk,Great Yarmouth,Private,6,,,27/09/2013,12/11/2024,12/11/2024,,,Leaver,Active,Resigned,,,REDACTED,"In previous year, not in current dataset (closed date in Year)"
SC474179,Children's home,West Midlands,West Midlands,Staffordshire,Burton and Uttoxeter,Private,4,,,29/04/2014,10/12/2024,10/12/2024,,,Leaver,Active,Resigned,,,REDACTED,"In previous year, not in current dataset (closed date in Year)"
SC489212,Residential special school (registered as a children's home),South East,South East,Oxfordshire,Oxford East,Private,12,,Short breaks only,07/07/2015,31/01/2025,31/01/2025,,,Leaver,Active,Resigned,Unknown,,REDACTED,"In previous year, not in current dataset (closed date in Year)"
2823733,Children's home,"North East, Yorkshire and the Humber",Yorkshire and The Humber,Wakefield,Wakefield and Rothwell,Local Authority,3,,,26/03/2025,,,,Joiner,,,Active,,,REDACTED,"In current dataset as active, not in previous year"
SC012014,Residential Special School,South East,South East,Hampshire,Romsey and Southampton North,Voluntary,77,,,14/02/2002,11/10/2024,11/10/2024,,,Leaver,Active,Resigned,Ofsted,,St Edward's School,"In previous year, not in current dataset (closed date in Year)"
SC048552,Residential special school (registered as a children's home),North West,North West,Westmorland and Furness,Morecambe and Lunesdale,Private,50,,,29/08/2003,10/07/2024,10/07/2024,,,Leaver,Active,Resigned,Ofsted,,REDACTED,"In previous year, not in current dataset (closed date in Year)"
SC056425,Residential Special School,East of England,East of England,Hertfordshire,Stevenage,Local Authority,19,,,21/10/2003,31/08/2024,31/08/2024,,,Leaver,Active,Resigned,Unknown,,Lonsdale School,"In previous year, not in current dataset (closed date in Year)"
SC065313,Children's home,North West,North West,Blackpool,Blackpool South,Private,2,,,03/10/2005,13/09/2024,13/09/2024,,,Leaver,Active,Resigned,,,REDACTED,"In previous year, not in current dataset (closed date in Year)"
SC066565,Residential special school (registered as a children's home),"North East, Yorkshire and the Humber",Yorkshire and The Humber,North Lincolnshire,Brigg and Immingham,Private,26,,,18/07/2006,31/08/2024,31/08/2024,,,Leaver,Active,Resigned,Ofsted,,REDACTED,"In previous year, not in current dataset (closed date in Year)"
SC401685,Residential special school (registered as a children's home),West Midlands,West Midlands,Staffordshire,"Stone, Great Wyrley and Penkridge",Private,23,,,16/03/2010,10/07/2024,10/07/2024,,,Leaver,Active,Resigned,Ofsted,,REDACTED,"In previous year, not in current dataset (closed date in Year)"
SC439783,Residential Family Centre,London,London,Barnet,Hornsey and Friern Barnet,Private,3,,,08/02/2012,08/01/2025,08/01/2025,,,Leaver,Active,Resigned,,,Ty Connections III - Friern Barnet Road,"In previous year, not in current dataset (closed date in Year)"
SC441514,Children's home,West Midlands,West Midlands,Worcestershire,West Worcestershire,Private,3,,,08/03/2012,13/09/2024,13/09/2024,,,Leaver,Active,Resigned,,,REDACTED,"In previous year, not in current dataset (closed date in Year)"
SC456942,Children's home,North West,North West,Warrington,Warrington North,Private,1,,,15/02/2013,20/05/2024,20/05/2024,,,Leaver,Active,Resigned,,,REDACTED,"In previous year, not in current dataset (closed date in Year)"
SC473877,Children's home,South East,South East,Kent,Herne Bay and Sandwich,Private,2,,,28/03/2014,28/02/2025,28/02/2025,,,Leaver,Active,Resigned,,,REDACTED,"In previous year, not in current dataset (closed date in Year)"
SC473891,Children's home,South East,South East,Kent,Herne Bay and Sandwich,Private,2,,,28/03/2014,28/02/2025,28/02/2025,,,Leaver,Active,Resigned,,,REDACTED,"In previous year, not in current dataset (closed date in Year)"
SC482296,Children's home,South East,South East,Oxfordshire,Banbury,Private,8,,,22/09/2014,03/08/2024,03/08/2024,,,Leaver,Active,Resigned,Ofsted,,REDACTED,"In previous year, not in current dataset (closed date in Year)"
SC482380,Children's home,East of England,East of England,Cambridgeshire,North East Cambridgeshire,Private,4,,,31/03/2015,,10/09/2024,,,Leaver,Active,Closed,Ofsted,Ofsted,REDACTED,"In previous year, not in current dataset (closed date in Year)"