"","Local.authority","Sector","URN","Places","Join","Leave"
"1","DERBYSHIRE","Private","SC464759",4,"2014-04-11",NA
"2","CUMBERLAND","Private","SC465634",2,"2014-05-13",NA
"3","ESSEX","Private","SC471153",2,"2014-04-24",NA
"4","BIRMINGHAM","Private","SC471672",4,"2014-05-21",NA
"5","SEFTON","Private","SC472114",2,"2014-04-29","2017-02-20"
"6","SEFTON","Private","SC473475",5,"2014-07-18",NA
"7","SHROPSHIRE","Private","SC474041",2,"2014-04-30",NA
"8","SHROPSHIRE","Private","SC474050",1,"2014-05-21","2020-04-01"
"9","STAFFORDSHIRE","Private","SC474179",4,"2014-04-29",NA
"10","SHROPSHIRE","Private","SC474338",3,"2014-08-19","2016-02-15"
"11","RICHMOND UPON THAMES","Local Authority","SC474585",2,"2014-04-04","2015-07-02"
"12","WOLVERHAMPTON","Private","SC474724",4,"2014-07-30","2022-03-23"
"13","OXFORDSHIRE","Private","SC474863",5,"2014-05-14","2017-05-26"
"14","NORTHUMBERLAND","Private","SC474894",3,"2014-05-13",NA
"15","ESSEX","Private","SC475088",4,"2014-09-03",NA
"16","BARNSLEY","Private","SC475121",5,"2014-04-10","2016-10-13"
"17","KENT","Private","SC475223",54,"2014-04-11","2016-02-09"
"18","NOTTINGHAMSHIRE","Private","SC475335",4,"2014-06-13",NA
"19","STAFFORDSHIRE","Private","SC475347",2,"2014-04-14",NA
"20","TELFORD AND WREKIN","Private","SC475578",3,"2014-05-15","2016-09-19"
"21","LANCASHIRE","Private","SC475680",8,"2014-05-08",NA
"22","LANCASHIRE","Private","SC475697",7,"2014-05-08",NA
"23","NORTH YORKSHIRE","Private","SC475703",8,"2014-05-08",NA
"24","DURHAM","Private","SC475706",7,"2014-05-28",NA
"25","DURHAM","Private","SC475710",8,"2014-06-03",NA
"26","LANCASHIRE","Private","SC475715",7,"2014-05-08",NA
"27","LANCASHIRE","Private","SC475723",9,"2014-12-18",NA
"28","LANCASHIRE","Private","SC475742",9,"2014-06-30","2016-06-30"
"29","LANCASHIRE","Private","SC475748",7,"2014-06-30",NA
"30","CROYDON","Private","SC476069",5,"2014-07-23","2018-06-16"
"31","WESTMORLAND AND FURNESS","Private","SC476083",3,"2015-03-12",NA
"32","LINCOLNSHIRE","Private","SC476185",14,"2014-06-27","2017-05-18"
"33","SEFTON","Local Authority","SC476220",4,"2014-04-10","2020-09-02"
"34","SHROPSHIRE","Private","SC476236",4,"2014-04-24",NA
"35","WARWICKSHIRE","Private","SC476249",5,"2014-06-30",NA
"36","SHROPSHIRE","Private","SC476259",4,"2014-06-20","2017-12-08"
"37","SHROPSHIRE","Private","SC476261",2,"2014-08-01","2021-05-15"
"38","LEICESTERSHIRE","Private","SC476286",5,"2014-05-09",NA
"39","DERBYSHIRE","Private","SC476289",5,"2015-01-15",NA
"40","GATESHEAD","Private","SC476303",3,"2014-05-08",NA
"41","DERBYSHIRE","Private","SC476332",6,"2014-04-28","2016-11-30"
"42","WORCESTERSHIRE","Private","SC476401",5,"2014-04-25","2017-05-24"
"43","HEREFORDSHIRE","Private","SC476486",7,"2014-05-12","2022-09-01"
"44","REDCAR AND CLEVELAND","Private","SC476512",5,"2014-06-03",NA
"45","CAMBRIDGESHIRE","Private","SC476570",5,"2014-05-06",NA
"46","DURHAM","Private","SC476602",3,"2015-03-05",NA
"47","BEDFORD","Private","SC476603",3,"2014-05-07","2015-09-04"
"48","WEST SUSSEX","Private","SC476748",4,"2014-05-02","2017-09-14"
"49","BRISTOL","Private","SC476795",5,"2014-06-06","2018-09-30"
"50","LANCASHIRE","Private","SC476868",4,"2014-05-28",NA
"51","SOMERSET","Private","SC476944",2,"2014-04-07","2020-01-07"
"52","DERBYSHIRE","Private","SC476990",7,"2014-06-20",NA
"53","STOCKTON ON TEES","Private","SC477031",5,"2014-06-24",NA
"54","SOMERSET","Private","SC477040",3,"2014-06-25",NA
"55","WORCESTERSHIRE","Private","SC477121",3,"2014-04-29","2018-01-06"
"56","SANDWELL","Private","SC477179",2,"2014-04-30","2015-11-26"
"57","CENTRAL BEDFORDSHIRE","Private","SC477191",4,"2014-07-23","2017-10-06"
"58","KENSINGTON AND CHELSEA","Local Authority","SC477205",7,"2014-05-21",NA
"59","STAFFORDSHIRE","Private","SC477209",3,"2014-05-12",NA
"60","NORTH EAST LINCOLNSHIRE","Local Authority","SC477428",3,"2014-09-10",NA
"61","DEVON","Private","SC477495",1,"2014-05-01","2015-07-30"
"62","WIGAN","Private","SC477724",3,"2014-07-17",NA
"63","WIGAN","Private","SC477726",2,"2014-07-18",NA
"64","BIRMINGHAM","Private","SC477796",7,"2014-11-24","2018-10-31"
"65","BARNET","Private","SC477839",3,"2014-07-18","2016-06-08"
"66","ST HELENS","Private","SC477853",2,"2014-06-06","2019-09-15"
"67","ESSEX","Private","SC477900",4,"2014-06-06",NA
"68","ROCHDALE","Private","SC477939",3,"2014-06-03",NA
"69","STAFFORDSHIRE","Private","SC478001",4,"2014-07-11","2023-03-25"
"70","WORCESTERSHIRE","Private","SC478134",4,"2014-06-24",NA
"71","SOMERSET","Private","SC478152",4,"2015-03-05",NA
"72","HAMPSHIRE","Private","SC478315",4,"2014-06-09",NA
"73","LANCASHIRE","Private","SC478468",5,"2014-08-21",NA
"74","KENT","Private","SC478616",4,"2014-10-14",NA
"75","CENTRAL BEDFORDSHIRE","Private","SC478707",4,"2014-07-25","2019-12-16"
"76","STAFFORDSHIRE","Private","SC478729",4,"2014-08-15","2016-08-10"
"77","STAFFORDSHIRE","Private","SC478852",3,"2014-06-25",NA
"78","DERBY","Private","SC478986",5,"2014-05-22",NA
"79","STAFFORDSHIRE","Private","SC478991",4,"2014-06-02",NA
"80","OXFORDSHIRE","Private","SC479070",45,"2014-08-21","2017-07-31"
"81","LANCASHIRE","Private","SC479081",2,"2014-08-05","2016-10-24"
"82","NORTH LINCOLNSHIRE","Private","SC479102",4,"2014-09-16","2016-04-14"
"83","WORCESTERSHIRE","Local Authority","SC479244",3,"2014-07-23","2018-11-08"
"84","NORTHUMBERLAND","Private","SC479281",2,"2014-09-03","2020-10-29"
"85","WORCESTERSHIRE","Private","SC479504",2,"2014-12-11","2017-01-01"
"86","NORTH EAST LINCOLNSHIRE","Private","SC479596",7,"2014-07-22",NA
"87","CUMBERLAND","Private","SC479632",5,"2014-08-06",NA
"88","WIGAN","Private","SC479647",6,"2014-10-08",NA
"89","LANCASHIRE","Private","SC479649",6,"2014-11-30",NA
"90","ROCHDALE","Private","SC479650",6,"2014-10-08",NA
"91","ROCHDALE","Private","SC479654",6,"2014-09-05",NA
"92","WEST SUSSEX","Private","SC479664",3,"2014-08-01","2017-09-07"
"93","TAMESIDE","Private","SC479776",4,"2014-11-20","2020-07-01"
"94","NORFOLK","Private","SC480005",4,"2014-11-19","2016-07-25"
"95","NORTH YORKSHIRE","Private","SC480056",6,"2014-11-30","2016-10-26"
"96","WIRRAL","Private","SC480075",3,"2014-12-17",NA
"97","ESSEX","Private","SC480086",6,"2014-09-03","2020-03-26"
"98","TAMESIDE","Private","SC480161",6,"2014-09-10",NA
"99","LANCASHIRE","Private","SC480219",6,"2014-11-30","2017-01-17"
"100","LANCASHIRE","Private","SC480236",6,"2014-10-30","2017-09-13"
"101","LANCASHIRE","Private","SC480240",7,"2014-10-23",NA
"102","SHROPSHIRE","Private","SC480318",4,"2014-08-26",NA
"103","WESTMORLAND AND FURNESS","Private","SC480422",8,"2014-07-28",NA
"104","LANCASHIRE","Private","SC480429",1,"2014-08-08",NA
"105","HAMPSHIRE","Private","SC480502",4,"2014-09-22",NA
"106","LANCASHIRE","Private","SC480586",4,"2015-01-27","2016-03-11"
"107","BLACKPOOL","Private","SC480592",4,"2014-09-11","2016-07-08"
"108","STAFFORDSHIRE","Private","SC480594",4,"2014-09-29",NA
"109","BUCKINGHAMSHIRE","Private","SC480616",5,"2015-01-12","2016-09-05"
"110","LEICESTERSHIRE","Private","SC480655",4,"2014-10-01",NA
"111","LANCASHIRE","Private","SC480671",8,"2014-10-23",NA
"112","BLACKPOOL","Private","SC480678",5,"2014-11-30",NA
"113","DERBY","Private","SC480680",4,"2014-08-29","2015-07-06"
"114","LANCASHIRE","Private","SC480681",6,"2015-01-27",NA
"115","BLACKPOOL","Private","SC480704",5,"2014-11-30",NA
"116","HAMPSHIRE","Private","SC480705",3,"2014-09-01",NA
"117","LEICESTERSHIRE","Private","SC480784",4,"2014-09-08","2015-11-11"
"118","BRADFORD","Private","SC480840",8,"2014-10-21","2022-03-10"
"119","EAST RIDING OF YORKSHIRE","Private","SC480847",4,"2014-12-01",NA
"120","YORK","Private","SC480850",6,"2014-11-11","2021-09-30"
"121","KIRKLEES","Private","SC480854",6,"2014-10-15",NA
"122","CAMBRIDGESHIRE","Private","SC481015",6,"2014-10-08",NA
"123","BRACKNELL FOREST","Private","SC481040",4,"2015-02-24",NA
"124","LANCASHIRE","Private","SC481090",2,"2014-09-23","2015-10-22"
"125","CHESHIRE EAST","Private","SC481152",6,"2014-09-08",NA
"126","NORTH LINCOLNSHIRE","Private","SC481172",4,"2014-12-19",NA
"127","HEREFORDSHIRE","Private","SC481209",7,"2014-11-12",NA
"128","SUFFOLK","Private","SC481221",5,"2014-10-29",NA
"129","ENFIELD","Private","SC481240",5,"2014-12-15","2015-10-20"
"130","WALTHAM FOREST","Private","SC481293",8,"2014-12-11",NA
"131","STAFFORDSHIRE","Private","SC481294",3,"2014-10-01","2017-04-01"
"132","CHESHIRE WEST AND CHESTER","Private","SC481295",5,"2014-09-23",NA
"133","NORTH YORKSHIRE","Private","SC481305",2,"2015-02-16","2022-05-05"
"134","WORCESTERSHIRE","Private","SC481312",2,"2014-09-04",NA
"135","MERTON","Private","SC481369",8,"2015-01-06",NA
"136","DONCASTER","Voluntary","SC481439",6,"2014-09-25","2022-08-31"
"137","DERBY","Private","SC481443",5,"2014-10-24","2017-07-31"
"138","DONCASTER","Voluntary","SC481444",4,"2014-09-25","2022-08-31"
"139","DONCASTER","Voluntary","SC481447",5,"2014-09-25","2022-08-31"
"140","DONCASTER","Voluntary","SC481464",5,"2014-09-26","2019-08-05"
"141","NORTH YORKSHIRE","Private","SC481631",4,"2015-02-16",NA
"142","LEICESTER","Private","SC481672",5,"2014-12-05","2018-08-22"
"143","WEST NORTHAMPTONSHIRE","Private","SC481844",5,"2014-10-01",NA
"144","KENT","Private","SC481898",7,"2015-03-07","2015-06-29"
"145","BIRMINGHAM","Private","SC482141",4,"2014-11-17","2019-06-05"
"146","LEICESTERSHIRE","Private","SC482223",3,"2015-03-20","2022-01-17"
"147","CORNWALL","Private","SC482275",4,"2014-11-14",NA
"148","HAMPSHIRE","Private","SC482293",7,"2014-09-22",NA
"149","HAMPSHIRE","Private","SC482294",42,"2014-11-21",NA
"150","OXFORDSHIRE","Private","SC482295",7,"2014-09-22",NA
"151","OXFORDSHIRE","Private","SC482296",8,"2014-09-22",NA
"152","STAFFORDSHIRE","Private","SC482298",21,"2014-10-12","2017-07-11"
"153","HAMPSHIRE","Private","SC482299",10,"2014-09-22",NA
"154","WEST SUSSEX","Private","SC482300",6,"2014-09-22",NA
"155","HAMPSHIRE","Private","SC482301",6,"2014-09-22",NA
"156","CROYDON","Private","SC482302",6,"2014-09-22","2016-12-31"
"157","OXFORDSHIRE","Private","SC482303",8,"2014-10-22",NA
"158","DEVON","Private","SC482314",1,"2015-02-13","2016-10-07"
"159","KNOWSLEY","Private","SC482340",1,"2014-12-03",NA
"160","OXFORDSHIRE","Private","SC482344",8,"2014-10-22",NA
"161","CAMBRIDGESHIRE","Private","SC482380",4,"2015-03-31",NA
"162","WIGAN","Private","SC482410",3,"2014-11-12",NA
"163","LINCOLNSHIRE","Private","SC482411",6,"2014-12-05",NA
"164","CAMBRIDGESHIRE","Private","SC482413",16,"2015-02-18","2017-05-31"
"165","HERTFORDSHIRE","Voluntary","SC482414",58,"2015-02-03","2018-09-30"
"166","BARNSLEY","Private","SC482419",3,"2015-01-11",NA
"167","WARWICKSHIRE","Private","SC482517",4,"2015-01-29",NA
"168","COVENTRY","Private","SC482543",6,"2015-01-27","2016-06-16"
"169","BRIGHTON AND HOVE","Private","SC482548",5,"2015-03-27",NA
"170","LEICESTERSHIRE","Private","SC482559",5,"2014-11-12","2017-02-27"
"171","NORTH SOMERSET","Private","SC482569",4,"2015-01-20",NA
"172","COVENTRY","Private","SC482668",4,"2015-02-25","2021-08-27"
"173","COVENTRY","Private","SC482683",4,"2015-02-25",NA
"174","SOMERSET","Private","SC482790",4,"2014-11-28","2018-12-10"
"175","WILTSHIRE","Private","SC482872",3,"2014-12-11",NA
"176","TORBAY","Private","SC482972",3,"2015-02-17","2016-02-17"
"177","SEFTON","Private","SC483070",4,"2015-02-05",NA
"178","CALDERDALE","Private","SC483220",5,"2015-01-26",NA
"179","BOLTON","Voluntary","SC483533",3,"2015-01-27",NA
"180","DUDLEY","Private","SC483662",6,"2015-02-06",NA
"181","LANCASHIRE","Private","SC483688",7,"2014-12-03","2022-04-04"
"182","LANCASHIRE","Private","SC483692",4,"2014-12-03",NA
"183","DERBYSHIRE","Private","SC483710",3,"2015-02-18",NA
"184","CENTRAL BEDFORDSHIRE","Private","SC483714",6,"2015-01-23",NA
"185","LEWISHAM","Private","SC483779",4,"2015-03-11",NA
"186","BRADFORD","Voluntary","SC483781",6,"2015-03-24","2017-04-07"
"187","STOCKPORT","Private","SC483828",5,"2014-12-04",NA
"188","DUDLEY","Private","SC483958",3,"2014-11-11",NA
"189","BEDFORD","Private","SC484114",3,"2015-03-31",NA
"190","WEST SUSSEX","Private","SC484133",6,"2015-01-25",NA
"191","CHESHIRE EAST","Private","SC484134",4,"2015-02-12",NA
"192","STOCKTON ON TEES","Private","SC484242",5,"2015-02-11",NA
"193","BRADFORD","Private","SC484247",6,"2015-02-01",NA
"194","LANCASHIRE","Private","SC484357",4,"2015-03-26","2019-05-01"
"195","NOTTINGHAMSHIRE","Private","SC484402",3,"2015-01-19",NA
"196","BEDFORD","Private","SC484671",4,"2015-03-04",NA
"197","BIRMINGHAM","Private","SC484716",6,"2015-03-16","2018-07-26"
"198","WORCESTERSHIRE","Private","SC484776",2,"2015-01-27","2017-02-27"
"199","BOLTON","Voluntary","SC484789",3,"2015-01-27","2023-01-25"
"200","DEVON","Private","SC484790",4,"2015-01-05","2020-07-21"
"201","STAFFORDSHIRE","Private","SC484830",2,"2015-02-22",NA
"202","HILLINGDON","Private","SC484912",10,"2015-02-11",NA
"203","PETERBOROUGH","Private","SC484917",5,"2015-02-24","2016-04-01"
"204","LANCASHIRE","Private","SC485318",2,"2015-01-27","2022-12-31"
"205","DERBYSHIRE","Private","SC485321",5,"2015-03-09","2017-05-26"
"206","WORCESTERSHIRE","Local Authority","SC485322",3,"2015-02-09","2019-04-12"
"207","WIGAN","Private","SC485332",2,"2015-03-16","2017-10-27"
"208","HAMPSHIRE","Private","SC485423",5,"2015-03-27",NA
"209","SOMERSET","Private","SC485427",2,"2015-02-18","2022-05-27"
"210","HAMPSHIRE","Private","SC485529",3,"2015-01-20",NA
"211","DARLINGTON","Private","SC485540",7,"2015-02-11",NA
"212","HILLINGDON","Voluntary","SC485604",12,"2015-02-05","2017-04-01"
"213","WARWICKSHIRE","Voluntary","SC485607",30,"2015-02-22","2018-11-07"
"214","CALDERDALE","Private","SC485654",4,"2015-03-24","2016-12-31"
"215","EALING","Voluntary","SC485659",17,"2015-02-25","2020-01-01"
"216","SUFFOLK","Private","SC485826",3,"2015-02-09","2016-12-05"
"217","NORFOLK","Private","SC485907",1,"2015-03-20","2017-08-10"
"218","WIRRAL","Private","SC486165",4,"2015-03-05",NA
"219","PLYMOUTH","Private","SC486167",1,"2015-02-18",NA
"220","BIRMINGHAM","Private","SC486528",6,"2015-02-13","2016-04-22"
"221","NORTHUMBERLAND","Local Authority","SC486604",4,"2015-01-23",NA
"222","BRADFORD","Local Authority","SC486606",1,"2015-01-25",NA
"223","HAMPSHIRE","Private","SC487165",2,"2015-03-30",NA
"224","HARTLEPOOL","Private","SC488112",4,"2015-03-02",NA
"225","SHROPSHIRE","Private","SC488439",3,"2015-02-27",NA
"226","DONCASTER","Voluntary","SC489005",1,"2015-03-20","2015-09-24"
"227","SUFFOLK","Private","SC480040",6,"2014-10-24","2015-03-02"
"228","PETERBOROUGH","Private","SC477025",6,"2014-07-16","2014-10-15"
"229","SANDWELL","Private","SC476042",3,"2014-05-21","2014-07-24"
"230","CALDERDALE","Private","SC481121",6,"2014-10-15","2015-02-27"
"231","CALDERDALE","Private","SC001041",6,NA,"2014-11-04"
"232","LEICESTERSHIRE","Private","SC001883",4,NA,"2014-06-23"
"233","NORTH EAST LINCOLNSHIRE","Private","SC002923",7,NA,"2014-09-11"
"234","BOURNEMOUTH CHRISTCHURCH AND POOLE","Private","SC004023",3,NA,"2015-03-24"
"235","TAMESIDE","Private","SC005582",6,NA,"2014-09-15"
"236","LANCASHIRE","Private","SC006019",6,NA,"2014-12-12"
"237","STOCKPORT","Private","SC008492",6,NA,"2014-12-11"
"238","OXFORDSHIRE","Private","SC013059",8,NA,"2014-10-24"
"239","WEST SUSSEX","Private","SC014567",20,NA,"2014-09-29"
"240","PETERBOROUGH","Private","SC015257",3,NA,"2014-04-28"
"241","SHROPSHIRE","Private","SC020618",1,NA,"2014-07-04"
"242","NEWHAM","Private","SC022881",7,NA,"2015-03-24"
"243","KENT","Private","SC023654",7,NA,"2015-03-09"
"244","DUDLEY","Private","SC024987",3,NA,"2014-09-15"
"245","DUDLEY","Private","SC025008",2,NA,"2014-09-01"
"246","ISLINGTON","Voluntary","SC025696",8,NA,"2014-04-09"
"247","CORNWALL","Voluntary","SC028280",3,NA,"2014-12-12"
"248","DEVON","Private","SC029301",2,NA,"2014-05-06"
"249","NORTH YORKSHIRE","Private","SC030945",6,NA,"2014-12-12"
"250","WARWICKSHIRE","Voluntary","SC030951",30,NA,"2015-03-03"
"251","SOUTHWARK","Private","SC031340",2,NA,"2014-07-11"
"252","WANDSWORTH","Local Authority","SC031776",7,NA,"2014-07-05"
"253","STAFFORDSHIRE","Local Authority","SC031931",5,NA,"2014-06-23"
"254","STAFFORDSHIRE","Private","SC032068",14,NA,"2014-10-13"
"255","DONCASTER","Local Authority","SC032086",5,NA,"2015-01-09"
"256","DONCASTER","Local Authority","SC032107",6,NA,"2015-01-09"
"257","DONCASTER","Local Authority","SC032132",5,NA,"2015-01-05"
"258","TOWER HAMLETS","Local Authority","SC033229",6,NA,"2015-02-25"
"259","LEEDS","Local Authority","SC033438",12,NA,"2015-03-30"
"260","BRADFORD","Local Authority","SC033506",4,NA,"2015-01-26"
"261","MANCHESTER","Local Authority","SC033572",6,NA,"2014-08-27"
"262","MANCHESTER","Local Authority","SC033596",9,NA,"2014-04-24"
"263","BRADFORD","Local Authority","SC033597",6,NA,"2014-12-09"
"264","DERBYSHIRE","Local Authority","SC033755",4,NA,"2014-11-17"
"265","CUMBERLAND","Local Authority","SC034181",6,NA,"2014-12-29"
"266","CALDERDALE","Local Authority","SC034951",5,NA,"2014-08-01"
"267","KENSINGTON AND CHELSEA","Local Authority","SC034984",8,NA,"2014-06-02"
"268","NORTHUMBERLAND","Local Authority","SC035375",8,NA,"2015-02-25"
"269","NOTTINGHAM","Local Authority","SC035405",6,NA,"2014-04-14"
"270","DEVON","Local Authority","SC036370",7,NA,"2014-06-16"
"271","ST HELENS","Local Authority","SC036466",29,NA,"2014-06-02"
"272","WOLVERHAMPTON","Local Authority","SC036657",8,NA,"2014-09-26"
"273","WOLVERHAMPTON","Local Authority","SC036688",8,NA,"2014-04-30"
"274","DEVON","Voluntary","SC036767",17,NA,"2014-05-06"
"275","PORTSMOUTH","Local Authority","SC037350",6,NA,"2014-07-12"
"276","KENT","Voluntary","SC038381",9,NA,"2014-07-01"
"277","CORNWALL","Local Authority","SC038468",6,NA,"2015-01-12"
"278","STAFFORDSHIRE","Private","SC040167",6,NA,"2014-07-28"
"279","CORNWALL","Local Authority","SC040314",6,NA,"2014-12-05"
"280","SALFORD","Local Authority","SC040466",4,NA,"2015-03-09"
"281","LANCASHIRE","Private","SC042795",4,NA,"2015-02-02"
"282","KNOWSLEY","Local Authority","SC043696",2,NA,"2014-06-30"
"283","ESSEX","Local Authority","SC045321",8,NA,"2014-08-08"
"284","ESSEX","Local Authority","SC045381",16,NA,"2014-08-08"
"285","OXFORDSHIRE","Private","SC046353",8,NA,"2014-09-23"
"286","STAFFORDSHIRE","Private","SC050791",2,NA,"2014-05-02"
"287","SEFTON","Private","SC051963",3,NA,"2014-07-31"
"288","SEFTON","Private","SC051974",4,NA,"2014-07-31"
"289","LANCASHIRE","Private","SC054728",6,NA,"2015-03-30"
"290","LANCASHIRE","Private","SC058429",7,NA,"2014-10-29"
"291","CORNWALL","Local Authority","SC059758",6,NA,"2014-12-05"
"292","CORNWALL","Local Authority","SC059955",2,NA,"2014-12-05"
"293","KIRKLEES","Private","SC060439",3,NA,"2014-07-12"
"294","EAST RIDING OF YORKSHIRE","Private","SC060595",6,NA,"2014-05-29"
"295","DONCASTER","Local Authority","SC060744",4,NA,"2015-01-22"
"296","SEFTON","Private","SC061377",6,NA,"2014-05-27"
"297","HAMPSHIRE","Private","SC061717",9,NA,"2014-09-23"
"298","LEICESTERSHIRE","Private","SC062193",2,NA,"2014-12-17"
"299","LANCASHIRE","Private","SC062436",10,NA,"2014-09-28"
"300","BIRMINGHAM","Private","SC062593",4,NA,"2014-09-26"
"301","DERBYSHIRE","Private","SC062811",7,NA,"2014-05-27"
"302","CROYDON","Private","SC063051",6,NA,"2014-10-07"
"303","HALTON","Private","SC063064",4,NA,"2014-06-17"
"304","LANCASHIRE","Private","SC064369",4,NA,"2014-07-27"
"305","BLACKPOOL","Private","SC064529",4,NA,"2014-07-31"
"306","KENT","Private","SC064629",6,NA,"2014-06-16"
"307","BOURNEMOUTH CHRISTCHURCH AND POOLE","Voluntary","SC065027",4,NA,"2014-06-16"
"308","SOMERSET","Private","SC065055",2,NA,"2015-03-02"
"309","BURY","Private","SC065096",6,NA,"2015-02-02"
"310","LEICESTERSHIRE","Private","SC065112",5,NA,"2014-12-12"
"311","DURHAM","Local Authority","SC065848",4,NA,"2014-10-31"
"312","LANCASHIRE","Private","SC066245",8,NA,"2014-07-28"
"313","NORTH YORKSHIRE","Private","SC066552",4,NA,"2015-02-25"
"314","EAST RIDING OF YORKSHIRE","Private","SC067254",8,NA,"2015-01-27"
"315","NORTH NORTHAMPTONSHIRE","Private","SC067798",4,NA,"2014-06-13"
"316","LANCASHIRE","Private","SC067870",7,NA,"2014-08-05"
"317","EAST SUSSEX","Local Authority","SC068178",4,NA,"2014-12-15"
"318","BRADFORD","Private","SC068188",8,NA,"2014-11-13"
"319","BARNSLEY","Local Authority","SC068211",4,NA,"2014-12-12"
"320","KENT","Private","SC068246",4,NA,"2014-08-08"
"321","HAMPSHIRE","Private","SC068260",6,NA,"2014-09-23"
"322","WOLVERHAMPTON","Local Authority","SC069186",6,NA,"2014-09-26"
"323","WALSALL","Private","SC358429",3,NA,"2014-06-10"
"324","COVENTRY","Private","SC359203",8,NA,"2015-03-06"
"325","NORTH TYNESIDE","Local Authority","SC359275",4,NA,"2015-03-31"
"326","DERBYSHIRE","Private","SC360833",6,NA,"2014-10-27"
"327","LANCASHIRE","Private","SC362135",6,NA,"2015-02-02"
"328","BLACKPOOL","Private","SC362151",6,NA,"2014-12-23"
"329","BLACKPOOL","Private","SC362158",6,NA,"2015-02-02"
"330","LANCASHIRE","Private","SC362165",8,NA,"2014-11-25"
"331","EAST RIDING OF YORKSHIRE","Private","SC362987",6,NA,"2015-03-02"
"332","NORTH YORKSHIRE","Private","SC362997",4,NA,"2015-02-16"
"333","EAST SUSSEX","Private","SC365001",6,NA,"2014-12-02"
"334","LINCOLNSHIRE","Private","SC367454",3,NA,"2015-03-30"
"335","LINCOLNSHIRE","Private","SC367462",3,NA,"2015-03-12"
"336","SHROPSHIRE","Private","SC367679",2,NA,"2015-03-12"
"337","ST HELENS","Local Authority","SC367694",15,NA,"2014-07-11"
"338","NORTH EAST LINCOLNSHIRE","Local Authority","SC367798",2,NA,"2014-08-22"
"339","COVENTRY","Private","SC367951",6,NA,"2015-02-26"
"340","LEICESTERSHIRE","Private","SC368181",3,NA,"2014-05-20"
"341","OXFORDSHIRE","Private","SC370917",7,NA,"2014-09-23"
"342","WARWICKSHIRE","Private","SC371245",4,NA,"2015-02-02"
"343","BLACKPOOL","Private","SC371552",4,NA,"2014-09-24"
"344","LANCASHIRE","Private","SC375824",6,NA,"2014-12-04"
"345","ROCHDALE","Private","SC377681",4,NA,"2014-04-10"
"346","COVENTRY","Private","SC387546",6,NA,"2015-02-02"
"347","DURHAM","Private","SC390076",7,NA,"2014-08-08"
"348","LANCASHIRE","Private","SC390201",7,NA,"2014-08-08"
"349","NORTH SOMERSET","Private","SC390209",6,NA,"2015-03-16"
"350","DEVON","Local Authority","SC391236",6,NA,"2014-05-09"
"351","DUDLEY","Voluntary","SC391731",3,NA,"2014-07-05"
"352","CHESHIRE EAST","Local Authority","SC394229",4,NA,"2014-09-18"
"353","BRISTOL","Private","SC394547",3,NA,"2015-01-06"
"354","STOCKPORT","Private","SC396884",6,NA,"2015-02-03"
"355","SUNDERLAND","Voluntary","SC400110",4,NA,"2014-08-21"
"356","WANDSWORTH","Voluntary","SC400360",4,NA,"2015-03-12"
"357","BARNSLEY","Private","SC401239",3,NA,"2014-10-28"
"358","CROYDON","Private","SC402700",9,NA,"2014-08-14"
"359","LANCASHIRE","Private","SC402817",4,NA,"2014-12-04"
"360","CHESHIRE EAST","Private","SC402856",7,NA,"2014-09-15"
"361","SOUTHAMPTON","Voluntary","SC402900",14,NA,"2014-08-08"
"362","ESSEX","Private","SC402979",6,NA,"2014-09-04"
"363","COVENTRY","Private","SC402980",4,NA,"2015-02-27"
"364","HARINGEY","Private","SC403564",5,NA,"2015-03-19"
"365","LANCASHIRE","Private","SC403937",2,NA,"2015-02-11"
"366","HILLINGDON","Voluntary","SC405470",12,NA,"2015-03-03"
"367","LANCASHIRE","Private","SC407030",4,NA,"2015-03-26"
"368","SUFFOLK","Private","SC407246",8,NA,"2014-07-12"
"369","CHESHIRE WEST AND CHESTER","Private","SC407800",17,NA,"2014-09-26"
"370","SOMERSET","Local Authority","SC408867",4,NA,"2014-10-31"
"371","WIGAN","Private","SC409532",6,NA,"2014-12-03"
"372","CAMBRIDGESHIRE","Private","SC410156",3,NA,"2014-12-17"
"373","SOLIHULL","Private","SC410186",4,NA,"2015-03-25"
"374","LINCOLNSHIRE","Private","SC410910",4,NA,"2014-12-12"
"375","DEVON","Private","SC411572",2,NA,"2014-11-24"
"376","WESTMORLAND AND FURNESS","Private","SC416551",4,NA,"2014-04-30"
"377","LIVERPOOL","Private","SC418612",4,NA,"2015-03-12"
"378","NOTTINGHAMSHIRE","Private","SC419341",6,NA,"2014-05-12"
"379","ESSEX","Voluntary","SC419393",9,NA,"2014-11-27"
"380","KENT","Local Authority","SC420032",8,NA,"2014-07-12"
"381","LANCASHIRE","Private","SC424978",9,NA,"2014-08-08"
"382","SANDWELL","Private","SC425511",2,NA,"2014-07-12"
"383","SANDWELL","Private","SC425999",6,NA,"2014-12-11"
"384","NORTHUMBERLAND","Private","SC429168",5,NA,"2015-02-25"
"385","MANCHESTER","Private","SC433376",6,NA,"2014-10-23"
"386","SOMERSET","Local Authority","SC434174",4,NA,"2014-11-26"
"387","TAMESIDE","Private","SC434413",3,NA,"2014-10-17"
"388","MANCHESTER","Private","SC434859",6,NA,"2014-10-23"
"389","LUTON","Private","SC435572",3,NA,"2014-11-25"
"390","CALDERDALE","Private","SC436084",6,NA,"2014-06-09"
"391","KIRKLEES","Private","SC436212",6,NA,"2014-10-21"
"392","WORCESTERSHIRE","Private","SC436608",3,NA,"2014-07-31"
"393","LANCASHIRE","Private","SC436745",6,NA,"2015-01-06"
"394","NORFOLK","Voluntary","SC436765",4,NA,"2014-07-12"
"395","ROCHDALE","Private","SC438239",6,NA,"2014-09-18"
"396","LANCASHIRE","Private","SC438244",7,NA,"2014-08-07"
"397","HAMPSHIRE","Private","SC439536",6,NA,"2014-10-01"
"398","MEDWAY","Voluntary","SC440299",3,NA,"2014-07-18"
"399","WIGAN","Private","SC440502",4,NA,"2014-08-12"
"400","SWINDON","Private","SC441131",3,NA,"2014-12-15"
"401","WARRINGTON","Private","SC441415",2,NA,"2014-06-09"
"402","ESSEX","Private","SC441773",3,NA,"2014-12-23"
"403","WALSALL","Private","SC445690",3,NA,"2014-10-02"
"404","NORFOLK","Private","SC447104",3,NA,"2014-05-07"
"405","WORCESTERSHIRE","Private","SC448283",5,NA,"2014-04-14"
"406","DURHAM","Private","SC451079",7,NA,"2015-01-09"
"407","SHROPSHIRE","Private","SC454506",3,NA,"2014-05-06"
"408","SHROPSHIRE","Private","SC454521",5,NA,"2014-08-01"
"409","LEICESTERSHIRE","Private","SC454522",5,NA,"2014-05-28"
"410","DERBYSHIRE","Private","SC454523",5,NA,"2015-01-13"
"411","LANCASHIRE","Private","SC454538",9,NA,"2015-03-31"
"412","WARWICKSHIRE","Private","SC454912",5,NA,"2014-09-10"
"413","KENT","Private","SC455406",3,NA,"2014-09-24"
"414","HERTFORDSHIRE","Private","SC456349",3,NA,"2015-02-25"
"415","ROCHDALE","Private","SC456353",1,NA,"2014-07-04"
"416","ROCHDALE","Private","SC456605",2,NA,"2015-03-16"
"417","STAFFORDSHIRE","Private","SC456907",4,NA,"2014-06-16"
"418","WORCESTERSHIRE","Private","SC457092",4,NA,"2015-03-23"
"419","HERTFORDSHIRE","Private","SC457562",4,NA,"2014-08-27"
"420","BRISTOL","Private","SC457626",2,NA,"2014-05-06"
"421","HEREFORDSHIRE","Private","SC457632",4,NA,"2015-03-20"
"422","MANCHESTER","Private","SC457698",3,NA,"2014-08-15"
"423","LANCASHIRE","Private","SC457857",4,NA,"2014-04-30"
"424","BRENT","Private","SC458677",3,NA,"2015-02-23"
"425","BIRMINGHAM","Private","SC461874",3,NA,"2014-06-30"
"426","NORTH YORKSHIRE","Private","SC463309",8,NA,"2014-08-13"
"427","DERBYSHIRE","Private","SC463488",6,NA,"2014-05-19"
"428","SOMERSET","Private","SC463641",17,NA,"2015-02-27"
"429","STAFFORDSHIRE","Private","SC464986",3,NA,"2015-02-05"
"430","BRIGHTON AND HOVE","Voluntary","SC465006",5,NA,"2014-05-29"
"431","STOKE ON TRENT","Private","SC466165",3,NA,"2014-04-29"
"432","YORK","Private","SC466415",6,NA,"2014-11-21"
"433","WEST NORTHAMPTONSHIRE","Private","SC467073",3,NA,"2015-02-13"
"434","LANCASHIRE","Private","SC468343",4,NA,"2014-06-19"
"435","LAMBETH","Private","SC468624",5,NA,"2014-12-04"
"436","ROCHDALE","Private","SC468685",6,NA,"2014-10-09"
"437","LANCASHIRE","Private","SC469140",4,NA,"2015-02-02"
"438","DERBY","Private","SC470293",4,NA,"2014-09-04"
"439","DERBY","Private","SC470408",7,NA,"2014-12-12"
"440","OXFORDSHIRE","Private","SC470894",4,NA,"2014-10-24"
"441","SHROPSHIRE","Private","SC471543",3,NA,"2014-06-24"
"442","DUDLEY","Private","SC471566",3,NA,"2015-01-13"
"443","HILLINGDON","Private","SC474830",10,NA,"2014-09-10"
"444","NORFOLK","Private","1027158",6,"2015-09-04",NA
"445","CHESHIRE WEST AND CHESTER","Private","1027164",6,"2015-08-10",NA
"446","NORTHUMBERLAND","Local Authority","1155757",3,"2015-05-18",NA
"447","GLOUCESTERSHIRE","Private","1155761",3,"2015-10-08",NA
"448","WORCESTERSHIRE","Local Authority","1155768",3,"2015-07-01","2019-10-01"
"449","MANCHESTER","Private","1155775",1,"2015-09-24",NA
"450","LANCASHIRE","Private","1155776",6,"2015-11-06","2016-11-14"
"451","SHROPSHIRE","Private","1155780",4,"2015-11-16",NA
"452","BOLTON","Private","1156098",3,"2016-01-06",NA
"453","SHROPSHIRE","Private","1156103",4,"2016-01-21",NA
"454","MANCHESTER","Private","1159258",4,"2015-10-14",NA
"455","NORTH YORKSHIRE","Private","1159272",4,"2015-10-07",NA
"456","ISLINGTON","Voluntary","1159682",4,"2015-09-22",NA
"457","EALING","Voluntary","1159755",4,"2015-10-02",NA
"458","DARLINGTON","Private","1159763",7,"2015-09-08",NA
"459","DORSET","Private","1159868",3,"2015-10-29",NA
"460","STOCKTON ON TEES","Private","1159884",5,"2016-03-07",NA
"461","SALFORD","Private","1159903",5,"2015-10-08",NA
"462","HERTFORDSHIRE","Private","1164089",4,"2015-08-16",NA
"463","SANDWELL","Private","1164379",4,"2015-10-25","2018-09-06"
"464","BLACKBURN WITH DARWEN","Private","1179497",1,"2015-09-11","2017-11-30"
"465","SUFFOLK","Private","1183069",6,"2015-10-01",NA
"466","DERBY","Private","1183070",5,"2015-11-13","2017-05-24"
"467","NOTTINGHAM","Voluntary","1183136",2,"2015-09-09",NA
"468","NORTH NORTHAMPTONSHIRE","Private","1183173",4,"2015-11-09",NA
"469","WAKEFIELD","Private","1183197",4,"2015-10-16",NA
"470","SLOUGH","Voluntary","1183479",6,"2015-09-30",NA
"471","SLOUGH","Voluntary","1183494",7,"2015-09-30","2019-10-23"
"472","CHESHIRE WEST AND CHESTER","Local Authority","1183574",4,"2016-01-10",NA
"473","LANCASHIRE","Private","1183605",3,"2016-02-29",NA
"474","CORNWALL","Voluntary","1183618",1,"2015-10-09","2018-10-15"
"475","ESSEX","Private","1183621",4,"2016-01-20","2021-06-08"
"476","SLOUGH","Private","1183799",4,"2015-11-25",NA
"477","CALDERDALE","Private","1183911",12,"2015-11-05",NA
"478","BROMLEY","Private","1183936",6,"2015-08-24","2023-03-23"
"479","NORTH NORTHAMPTONSHIRE","Private","1183937",4,"2015-11-03","2019-03-27"
"480","BLACKPOOL","Private","1184093",3,"2015-12-22",NA
"481","READING","Private","1185488",4,"2015-11-30",NA
"482","CALDERDALE","Private","1185539",1,"2016-03-08","2017-07-21"
"483","STAFFORDSHIRE","Private","1185765",4,"2015-12-09",NA
"484","SOMERSET","Private","1185768",3,"2015-10-29","2020-01-31"
"485","WIGAN","Private","1185828",4,"2016-02-08",NA
"486","NOTTINGHAMSHIRE","Private","1205501",6,"2015-12-18","2019-06-30"
"487","NORTH YORKSHIRE","Private","1211772",6,"2015-12-17",NA
"488","SALFORD","Private","1212094",4,"2016-02-09",NA
"489","NOTTINGHAMSHIRE","Private","1212117",3,"2015-12-01",NA
"490","NOTTINGHAM","Private","1212708",3,"2015-12-09",NA
"491","SHROPSHIRE","Private","1213416",2,"2015-11-24",NA
"492","ST HELENS","Private","1213828",2,"2015-09-29",NA
"493","LEICESTERSHIRE","Private","1214266",4,"2015-11-10",NA
"494","CHESHIRE EAST","Private","1214270",1,"2015-12-18",NA
"495","HEREFORDSHIRE","Private","1214396",2,"2016-01-13",NA
"496","SOUTHAMPTON","Private","1214688",5,"2015-11-26","2018-11-14"
"497","NOTTINGHAM","Private","1215521",3,"2015-12-07",NA
"498","NEWCASTLE UPON TYNE","Private","1216505",5,"2016-02-03",NA
"499","NOTTINGHAM","Voluntary","1216657",2,"2015-12-23","2021-08-02"
"500","STAFFORDSHIRE","Private","1220818",5,"2016-01-29","2017-05-24"
"501","STAFFORDSHIRE","Private","1220887",3,"2015-11-29",NA
"502","DORSET","Private","1221437",5,"2016-03-15",NA
"503","LANCASHIRE","Private","1221700",5,"2016-02-02",NA
"504","STOKE ON TRENT","Private","1222089",4,"2016-02-17",NA
"505","LANCASHIRE","Private","1222092",2,"2016-02-10","2017-02-17"
"506","LEEDS","Local Authority","1223201",4,"2015-12-10",NA
"507","LANCASHIRE","Private","1223501",4,"2016-02-04",NA
"508","HERTFORDSHIRE","Private","1224093",4,"2015-11-04",NA
"509","WIGAN","Private","1224251",2,"2016-01-06","2019-05-31"
"510","LEICESTERSHIRE","Private","1224663",4,"2015-12-30",NA
"511","RUTLAND","Private","1224674",7,"2016-02-11","2022-01-31"
"512","KENT","Private","1225887",2,"2016-01-15",NA
"513","WEST SUSSEX","Private","1226266",6,"2016-01-11",NA
"514","WEST SUSSEX","Private","1226495",5,"2016-01-07",NA
"515","THURROCK","Private","1226757",3,"2016-03-17",NA
"516","CAMBRIDGESHIRE","Voluntary","1226969",4,"2016-01-25","2020-09-03"
"517","LEICESTERSHIRE","Private","1226975",3,"2016-01-28",NA
"518","NORTH YORKSHIRE","Private","1227060",6,"2015-12-09",NA
"519","STAFFORDSHIRE","Private","1227596",3,"2016-02-23",NA
"520","SOMERSET","Private","1227788",2,"2016-02-26",NA
"521","LANCASHIRE","Private","1228522",5,"2016-01-08","2021-03-01"
"522","EAST SUSSEX","Private","1228919",2,"2016-03-29",NA
"523","LEICESTERSHIRE","Private","1229762",3,"2016-02-29",NA
"524","CAMBRIDGESHIRE","Private","1229766",29,"2016-01-14",NA
"525","DEVON","Private","1231066",1,"2016-02-17","2021-11-24"
"526","DEVON","Private","1231067",1,"2016-03-08",NA
"527","LANCASHIRE","Local Authority","1231405",6,"2016-02-04",NA
"528","BOLTON","Voluntary","1232380",6,"2016-03-17","2022-11-30"
"529","EAST SUSSEX","Private","SC476587",2,"2015-08-24","2018-09-07"
"530","LEWISHAM","Voluntary","SC477151",5,"2015-05-20","2017-08-31"
"531","STAFFORDSHIRE","Private","SC479230",2,"2015-04-19",NA
"532","SUFFOLK","Private","SC479645",6,"2015-12-09","2018-02-01"
"533","LEEDS","Private","SC482415",4,"2015-10-09",NA
"534","DURHAM","Private","SC482418",4,"2015-04-13",NA
"535","HARINGEY","Private","SC483623",5,"2015-06-29",NA
"536","LANCASHIRE","Private","SC483846",5,"2015-10-12",NA
"537","LANCASHIRE","Private","SC483856",5,"2015-10-12",NA
"538","EAST SUSSEX","Private","SC484302",2,"2015-04-06",NA
"539","LANCASHIRE","Private","SC484358",3,"2015-07-12","2019-05-01"
"540","SOUTH GLOUCESTERSHIRE","Private","SC485331",4,"2015-07-01","2017-10-13"
"541","LANCASHIRE","Private","SC485956",2,"2015-06-05",NA
"542","LANCASHIRE","Private","SC486114",4,"2015-07-08",NA
"543","LEICESTERSHIRE","Private","SC486398",4,"2015-05-14",NA
"544","WEST BERKSHIRE","Private","SC486479",5,"2015-04-16",NA
"545","DURHAM","Private","SC486527",4,"2015-11-26","2019-08-01"
"546","REDBRIDGE","Voluntary","SC486754",4,"2015-06-30","2017-12-05"
"547","EAST SUSSEX","Private","SC486879",5,"2015-07-21",NA
"548","WEST SUSSEX","Private","SC487196",5,"2015-04-16","2021-09-01"
"549","HALTON","Private","SC487488",1,"2015-05-12",NA
"550","CUMBERLAND","Private","SC487549",4,"2015-06-12",NA
"551","SUFFOLK","Private","SC487702",3,"2015-09-28",NA
"552","STAFFORDSHIRE","Private","SC487764",2,"2015-09-23",NA
"553","SHROPSHIRE","Private","SC487794",3,"2015-04-17",NA
"554","RUTLAND","Private","SC488081",2,"2015-07-22","2018-06-25"
"555","ROTHERHAM","Private","SC488223",3,"2015-04-16",NA
"556","WOLVERHAMPTON","Private","SC488406",3,"2015-09-15","2018-03-21"
"557","DERBY","Local Authority","SC488596",5,"2015-04-15",NA
"558","LEEDS","Local Authority","SC488679",4,"2015-04-10",NA
"559","TELFORD AND WREKIN","Private","SC488710",2,"2015-07-10","2017-11-01"
"560","LEICESTER","Private","SC488930",6,"2015-07-28",NA
"561","STAFFORDSHIRE","Private","SC488943",4,"2015-07-22",NA
"562","NOTTINGHAMSHIRE","Private","SC488961",5,"2016-03-18",NA
"563","LEICESTERSHIRE","Private","SC489036",4,"2015-09-03",NA
"564","LANCASHIRE","Private","SC489038",8,"2015-06-19",NA
"565","REDCAR AND CLEVELAND","Private","SC489187",5,"2015-10-08","2021-05-27"
"566","OXFORDSHIRE","Private","SC489212",12,"2015-07-07",NA
"567","SOMERSET","Private","SC489223",2,"2016-01-29",NA
"568","KIRKLEES","Private","SC489226",5,"2015-12-30",NA
"569","NOTTINGHAMSHIRE","Private","SC489400",4,"2015-08-14","2016-09-14"
"570","KENT","Private","SC489414",4,"2015-04-30","2018-10-16"
"571","LANCASHIRE","Private","SC489416",4,"2015-08-12",NA
"572","HAMPSHIRE","Private","SC489512",4,"2015-08-21","2019-01-02"
"573","WEST NORTHAMPTONSHIRE","Private","SC489516",2,"2015-05-27",NA
"574","NORFOLK","Private","SC489547",3,"2015-11-16","2017-03-16"
"575","DERBYSHIRE","Private","SC489610",3,"2015-05-29",NA
"576","DEVON","Voluntary","SC489640",3,"2015-07-27","2020-06-17"
"577","DORSET","Private","SC489820",4,"2015-10-09",NA
"578","LEICESTERSHIRE","Private","SC489970",4,"2015-07-28",NA
"579","SLOUGH","Private","SC490025",4,"2015-07-10","2018-03-26"
"580","RICHMOND UPON THAMES","Private","SC490136",2,"2015-07-02","2021-06-06"
"581","DERBYSHIRE","Private","SC490364",4,"2015-10-09",NA
"582","HACKNEY","Private","SC490365",8,"2015-05-05",NA
"583","BIRMINGHAM","Private","SC486399",3,"2015-08-13","2016-02-05"
"584","LANCASHIRE","Private","1159807",5,"2015-09-08","2016-03-03"
"585","ST HELENS","Private","1156094",10,"2015-07-27","2016-03-10"
"586","LANCASHIRE","Private","1225631",5,"2015-12-07","2016-01-22"
"587","STAFFORDSHIRE","Private","SC476256",5,"2015-04-13","2015-11-23"
"588","CAMBRIDGESHIRE","Private","SC480107",3,"2015-07-08","2015-12-02"
"589","BIRMINGHAM","Private","1182965",4,"2015-10-26","2016-02-17"
"590","GREENWICH","Private","SC006879",2,NA,"2015-04-15"
"591","NORTH SOMERSET","Voluntary","SC008132",4,NA,"2016-03-03"
"592","SALFORD","Private","SC008342",5,NA,"2015-10-26"
"593","CORNWALL","Voluntary","SC009121",3,NA,"2015-09-16"
"594","BOLTON","Voluntary","SC009390",4,NA,"2015-11-01"
"595","SURREY","Private","SC017611",24,NA,"2015-10-08"
"596","TELFORD AND WREKIN","Voluntary","SC020563",5,NA,"2016-03-31"
"597","DEVON","Private","SC022212",48,NA,"2015-09-16"
"598","KENT","Private","SC023735",2,NA,"2015-06-29"
"599","KENT","Private","SC024092",2,NA,"2015-06-24"
"600","WARRINGTON","Private","SC026990",3,NA,"2015-11-09"
"601","SOMERSET","Local Authority","SC030369",2,NA,"2016-02-05"
"602","SLOUGH","Local Authority","SC031537",6,NA,"2015-09-30"
"603","ROCHDALE","Local Authority","SC032531",1,NA,"2016-02-01"
"604","LEEDS","Local Authority","SC033371",12,NA,"2015-09-04"
"605","ROTHERHAM","Local Authority","SC033587",6,NA,"2016-01-31"
"606","NORTH YORKSHIRE","Local Authority","SC034205",3,NA,"2015-04-07"
"607","CAMBRIDGESHIRE","Local Authority","SC034938",4,NA,"2016-01-27"
"608","DURHAM","Local Authority","SC035239",4,NA,"2015-08-31"
"609","NORTHUMBERLAND","Local Authority","SC035383",3,NA,"2015-06-29"
"610","LANCASHIRE","Local Authority","SC035454",4,NA,"2016-01-15"
"611","DERBYSHIRE","Local Authority","SC035780",7,NA,"2015-08-03"
"612","SHROPSHIRE","Local Authority","SC036758",4,NA,"2015-04-14"
"613","HAMPSHIRE","Local Authority","SC038827",6,NA,"2015-10-10"
"614","KINGSTON UPON HULL","Local Authority","SC039100",4,NA,"2016-02-12"
"615","LANCASHIRE","Local Authority","SC039134",4,NA,"2015-11-11"
"616","LANCASHIRE","Local Authority","SC039183",4,NA,"2016-02-29"
"617","HAMPSHIRE","Local Authority","SC039216",7,NA,"2015-09-01"
"618","LANCASHIRE","Local Authority","SC039243",8,NA,"2016-02-29"
"619","SOMERSET","Private","SC039274",2,NA,"2016-03-22"
"620","LANCASHIRE","Local Authority","SC039680",10,NA,"2015-12-31"
"621","NORTH YORKSHIRE","Voluntary","SC040749",23,NA,"2016-01-11"
"622","TAMESIDE","Voluntary","SC044026",5,NA,"2015-06-01"
"623","LEICESTERSHIRE","Private","SC049430",3,NA,"2016-02-03"
"624","LEICESTERSHIRE","Private","SC050173",3,NA,"2016-01-08"
"625","LANCASHIRE","Private","SC050766",5,NA,"2015-10-19"
"626","LEICESTER","Private","SC053669",6,NA,"2015-07-28"
"627","LEICESTERSHIRE","Private","SC056128",2,NA,"2016-03-04"
"628","BRADFORD","Local Authority","SC059639",8,NA,"2015-04-01"
"629","LEWISHAM","Voluntary","SC060759",6,NA,"2015-12-17"
"630","WIRRAL","Private","SC061062",3,NA,"2015-09-29"
"631","ST HELENS","Private","SC061368",4,NA,"2015-08-25"
"632","PETERBOROUGH","Private","SC061485",3,NA,"2015-05-01"
"633","MANCHESTER","Private","SC061928",8,NA,"2016-03-21"
"634","SOMERSET","Private","SC062877",2,NA,"2015-06-30"
"635","SEFTON","Local Authority","SC062937",4,NA,"2015-09-23"
"636","SLOUGH","Private","SC064412",6,NA,"2016-01-18"
"637","OLDHAM","Local Authority","SC064515",4,NA,"2016-03-31"
"638","SLOUGH","Local Authority","SC065486",7,NA,"2015-09-30"
"639","NORTHUMBERLAND","Private","SC065515",4,NA,"2015-10-02"
"640","NORFOLK","Private","SC065541",4,NA,"2015-11-15"
"641","BRENT","Voluntary","SC066293",4,NA,"2015-04-14"
"642","SOMERSET","Private","SC067218",2,NA,"2015-09-01"
"643","BLACKBURN WITH DARWEN","Private","SC067261",4,NA,"2015-06-01"
"644","ESSEX","Private","SC068181",2,NA,"2016-01-22"
"645","WILTSHIRE","Private","SC068645",5,NA,"2016-03-31"
"646","BURY","Private","SC068658",6,NA,"2016-03-14"
"647","WEST SUSSEX","Private","SC355902",6,NA,"2016-03-24"
"648","SOMERSET","Local Authority","SC358206",3,NA,"2016-03-21"
"649","STOKE ON TRENT","Private","SC358654",2,NA,"2015-05-31"
"650","NORTH NORTHAMPTONSHIRE","Private","SC363385",4,NA,"2015-07-06"
"651","NORTH NORTHAMPTONSHIRE","Private","SC363933",6,NA,"2015-12-08"
"652","LINCOLNSHIRE","Private","SC367456",5,NA,"2015-07-22"
"653","LINCOLNSHIRE","Private","SC367465",3,NA,"2015-07-22"
"654","WALTHAM FOREST","Private","SC369178",6,NA,"2016-03-01"
"655","ROTHERHAM","Local Authority","SC375540",6,NA,"2015-10-13"
"656","NOTTINGHAMSHIRE","Private","SC377517",5,NA,"2016-03-21"
"657","LIVERPOOL","Local Authority","SC379659",5,NA,"2016-02-04"
"658","STOKE ON TRENT","Private","SC383317",2,NA,"2015-09-16"
"659","WOLVERHAMPTON","Private","SC384198",4,NA,"2016-02-04"
"660","SALFORD","Private","SC386936",6,NA,"2015-12-09"
"661","SOMERSET","Private","SC396056",1,NA,"2015-11-24"
"662","TELFORD AND WREKIN","Private","SC398381",4,NA,"2015-08-18"
"663","NEWCASTLE UPON TYNE","Private","SC401547",5,NA,"2015-08-25"
"664","DEVON","Private","SC404130",5,NA,"2015-09-01"
"665","BRISTOL","Private","SC406513",4,NA,"2015-08-07"
"666","LANCASHIRE","Private","SC407551",10,NA,"2016-01-22"
"667","DEVON","Private","SC407760",3,NA,"2015-04-02"
"668","DEVON","Private","SC408510",1,NA,"2016-02-07"
"669","BIRMINGHAM","Private","SC409730",5,NA,"2015-04-29"
"670","LANCASHIRE","Private","SC410102",3,NA,"2016-01-08"
"671","LEICESTERSHIRE","Private","SC411194",4,NA,"2015-10-01"
"672","LEICESTERSHIRE","Private","SC411297",4,NA,"2015-07-28"
"673","NORTH NORTHAMPTONSHIRE","Private","SC412125",4,NA,"2015-05-01"
"674","DURHAM","Private","SC413565",3,NA,"2016-01-14"
"675","CUMBERLAND","Private","SC414369",2,NA,"2015-11-12"
"676","DEVON","Private","SC414575",5,NA,"2015-04-14"
"677","SWINDON","Private","SC417285",2,NA,"2015-06-23"
"678","BIRMINGHAM","Private","SC421844",6,NA,"2015-08-10"
"679","BUCKINGHAMSHIRE","Private","SC422260",4,NA,"2015-12-04"
"680","NORFOLK","Private","SC422346",4,NA,"2016-02-15"
"681","SOMERSET","Private","SC423382",2,NA,"2015-07-14"
"682","SHROPSHIRE","Private","SC425519",3,NA,"2015-07-31"
"683","SHROPSHIRE","Private","SC425599",1,NA,"2015-07-31"
"684","LANCASHIRE","Private","SC428196",4,NA,"2015-04-17"
"685","SEFTON","Voluntary","SC428512",14,NA,"2015-10-01"
"686","SUFFOLK","Private","SC429752",4,NA,"2015-04-17"
"687","SUFFOLK","Private","SC429769",6,NA,"2015-05-01"
"688","ESSEX","Private","SC433004",3,NA,"2015-11-30"
"689","WOLVERHAMPTON","Private","SC436943",3,NA,"2015-12-27"
"690","MEDWAY","Voluntary","SC437948",4,NA,"2015-04-23"
"691","NOTTINGHAMSHIRE","Private","SC438247",3,NA,"2015-09-22"
"692","GLOUCESTERSHIRE","Local Authority","SC442279",4,NA,"2016-02-08"
"693","BURY","Private","SC443658",7,NA,"2016-02-14"
"694","STAFFORDSHIRE","Private","SC446262",2,NA,"2015-11-24"
"695","STAFFORDSHIRE","Private","SC447169",3,NA,"2015-07-28"
"696","BOLTON","Voluntary","SC451266",4,NA,"2016-03-18"
"697","STAFFORDSHIRE","Private","SC455401",5,NA,"2015-04-14"
"698","KIRKLEES","Private","SC455930",1,NA,"2016-02-29"
"699","DORSET","Private","SC456053",3,NA,"2015-12-31"
"700","BIRMINGHAM","Private","SC456225",4,NA,"2015-04-29"
"701","HEREFORDSHIRE","Private","SC456953",4,NA,"2015-10-19"
"702","SOMERSET","Private","SC456961",3,NA,"2016-02-22"
"703","STAFFORDSHIRE","Private","SC457127",2,NA,"2015-09-04"
"704","DERBY","Private","SC457178",12,NA,"2016-01-04"
"705","WIRRAL","Private","SC457502",1,NA,"2015-11-25"
"706","DORSET","Private","SC457627",4,NA,"2015-04-09"
"707","SOMERSET","Private","SC458189",2,NA,"2015-09-01"
"708","BIRMINGHAM","Private","SC458758",4,NA,"2015-07-27"
"709","NOTTINGHAMSHIRE","Voluntary","SC460790",3,NA,"2015-10-14"
"710","HARTLEPOOL","Private","SC461118",3,NA,"2015-04-01"
"711","LIVERPOOL","Private","SC461716",1,NA,"2015-07-11"
"712","BEDFORD","Private","SC463849",4,NA,"2015-09-04"
"713","DEVON","Private","SC466307",8,NA,"2015-11-01"
"714","WOLVERHAMPTON","Private","SC466515",3,NA,"2015-08-07"
"715","WILTSHIRE","Private","SC472073",1,NA,"2015-06-26"
"716","CAMBRIDGESHIRE","Private","SC475944",4,NA,"2015-10-20"
"717","SHROPSHIRE","Private","1159385",4,"2016-06-14",NA
"718","NORTH YORKSHIRE","Private","1159397",4,"2016-04-04",NA
"719","SUNDERLAND","Private","1183826",8,"2016-04-04",NA
"720","NOTTINGHAMSHIRE","Private","1185533",5,"2017-01-05","2017-05-24"
"721","NORTH YORKSHIRE","Private","1212704",3,"2016-09-15",NA
"722","BLACKPOOL","Private","1221357",4,"2016-06-09",NA
"723","SHROPSHIRE","Private","1223491",3,"2016-04-20","2019-03-11"
"724","LANCASHIRE","Private","1223681",2,"2016-04-14",NA
"725","LANCASHIRE","Private","1225136",4,"2016-05-18",NA
"726","WARRINGTON","Private","1225371",2,"2016-04-27",NA
"727","BIRMINGHAM","Private","1226397",4,"2016-10-29",NA
"728","ESSEX","Private","1226612",4,"2016-07-15",NA
"729","SOUTH GLOUCESTERSHIRE","Voluntary","1226971",9,"2016-04-06",NA
"730","KENT","Private","1226977",2,"2016-04-12",NA
"731","NORTH YORKSHIRE","Private","1226978",2,"2016-05-26",NA
"732","TELFORD AND WREKIN","Private","1227330",3,"2016-05-04","2021-01-15"
"733","LANCASHIRE","Private","1227335",3,"2016-05-27",NA
"734","WALSALL","Private","1227869",5,"2016-10-17",NA
"735","BIRMINGHAM","Private","1228090",4,"2016-04-27",NA
"736","CHESHIRE WEST AND CHESTER","Private","1228091",3,"2016-06-27",NA
"737","ESSEX","Private","1228092",4,"2016-04-20",NA
"738","STAFFORDSHIRE","Private","1228191",2,"2016-04-29",NA
"739","LANCASHIRE","Private","1228921",5,"2016-05-17","2017-05-15"
"740","MIDDLESBROUGH","Private","1229417",1,"2016-04-05",NA
"741","LANCASHIRE","Private","1229534",8,"2016-04-27",NA
"742","OXFORDSHIRE","Local Authority","1229977",6,"2016-09-05",NA
"743","SOUTHEND ON SEA","Private","1230268",5,"2016-05-05",NA
"744","SURREY","Local Authority","1230411",2,"2016-04-26",NA
"745","BIRMINGHAM","Private","1230415",4,"2016-07-05",NA
"746","BEDFORD","Private","1230416",4,"2016-05-09",NA
"747","ESSEX","Private","1230725",6,"2016-06-07",NA
"748","NORTH NORTHAMPTONSHIRE","Private","1230940",5,"2016-05-27","2017-05-24"
"749","TELFORD AND WREKIN","Private","1231311",3,"2016-08-08",NA
"750","BLACKPOOL","Private","1231399",3,"2016-06-30",NA
"751","LIVERPOOL","Private","1231404",5,"2017-01-19",NA
"752","BIRMINGHAM","Private","1231458",4,"2016-05-13",NA
"753","EAST RIDING OF YORKSHIRE","Private","1231525",1,"2016-04-14",NA
"754","BIRMINGHAM","Private","1231812",4,"2016-09-09",NA
"755","DONCASTER","Private","1232171",3,"2016-05-18",NA
"756","NORTH NORTHAMPTONSHIRE","Private","1232200",3,"2016-06-08",NA
"757","GLOUCESTERSHIRE","Private","1232271",4,"2016-06-06","2018-04-11"
"758","GATESHEAD","Private","1232649",5,"2016-07-08",NA
"759","DONCASTER","Private","1232650",3,"2016-07-21",NA
"760","SOLIHULL","Private","1232657",4,"2017-02-11",NA
"761","CHESHIRE EAST","Private","1232658",5,"2016-10-17","2022-12-14"
"762","DORSET","Private","1233003",2,"2016-04-18","2017-08-19"
"763","NEWCASTLE UPON TYNE","Local Authority","1233307",6,"2016-11-28",NA
"764","BOLTON","Voluntary","1233310",3,"2016-08-08",NA
"765","CUMBERLAND","Private","1233899",2,"2016-10-11",NA
"766","KIRKLEES","Private","1233981",2,"2016-08-17",NA
"767","KENT","Private","1234163",3,"2016-09-26","2020-09-30"
"768","NEWHAM","Private","1234166",3,"2016-09-20",NA
"769","LEICESTERSHIRE","Private","1234243",3,"2016-05-27",NA
"770","LEICESTERSHIRE","Private","1234244",3,"2016-05-12",NA
"771","CALDERDALE","Private","1234317",6,"2016-08-04",NA
"772","NORTH TYNESIDE","Voluntary","1234319",6,"2016-06-13","2021-06-28"
"773","NORTH TYNESIDE","Voluntary","1234323",20,"2016-06-14","2020-09-25"
"774","CORNWALL","Private","1234374",2,"2016-05-12",NA
"775","BIRMINGHAM","Private","1234430",3,"2016-07-28",NA
"776","KNOWSLEY","Private","1234432",2,"2016-06-03",NA
"777","ESSEX","Private","1234621",5,"2016-07-19",NA
"778","WILTSHIRE","Private","1234624",3,"2016-09-06","2019-05-31"
"779","WILTSHIRE","Private","1234626",2,"2016-08-18","2017-12-15"
"780","NORTH NORTHAMPTONSHIRE","Private","1235263",5,"2016-07-11","2017-05-24"
"781","LANCASHIRE","Private","1235384",2,"2016-08-12",NA
"782","PLYMOUTH","Private","1235576",2,"2016-06-16",NA
"783","MERTON","Private","1235653",4,"2016-04-12",NA
"784","LEICESTERSHIRE","Private","1235654",4,"2016-07-15",NA
"785","NORTH YORKSHIRE","Private","1235818",4,"2016-06-09",NA
"786","DURHAM","Private","1236026",4,"2016-05-07",NA
"787","CORNWALL","Private","1236278",3,"2016-06-06",NA
"788","HAMPSHIRE","Private","1236387",4,"2016-05-19",NA
"789","KIRKLEES","Private","1236450",5,"2016-08-16",NA
"790","OXFORDSHIRE","Private","1236532",5,"2016-07-14",NA
"791","CALDERDALE","Local Authority","1236540",3,"2016-06-14",NA
"792","SOMERSET","Private","1236620",4,"2016-07-18",NA
"793","LEICESTERSHIRE","Private","1236625",3,"2016-07-21",NA
"794","SEFTON","Private","1236771",4,"2016-09-09",NA
"795","KIRKLEES","Private","1236773",1,"2016-12-14",NA
"796","CENTRAL BEDFORDSHIRE","Private","1236832",4,"2016-07-08",NA
"797","NORTH SOMERSET","Private","1236916",3,"2016-06-23",NA
"798","GREENWICH","Private","1237027",3,"2016-06-29",NA
"799","SANDWELL","Private","1237090",4,"2016-07-20","2018-07-17"
"800","ROCHDALE","Local Authority","1237582",5,"2016-05-16",NA
"801","STAFFORDSHIRE","Private","1237583",3,"2016-08-12","2018-02-08"
"802","LANCASHIRE","Private","1238043",3,"2016-07-01",NA
"803","PORTSMOUTH","Local Authority","1239948",3,"2016-05-25",NA
"804","SOMERSET","Private","1239953",3,"2016-07-06",NA
"805","SANDWELL","Private","1240269",4,"2016-10-24","2019-08-14"
"806","LINCOLNSHIRE","Private","1240397",5,"2016-08-03",NA
"807","NORTH LINCOLNSHIRE","Private","1240433",3,"2016-08-19",NA
"808","KNOWSLEY","Private","1240449",3,"2016-06-08",NA
"809","LANCASHIRE","Private","1240572",2,"2016-11-28",NA
"810","LANCASHIRE","Private","1240573",4,"2016-12-01",NA
"811","LANCASHIRE","Private","1240753",4,"2016-08-17",NA
"812","LANCASHIRE","Private","1240754",1,"2016-08-08","2018-05-08"
"813","WIGAN","Private","1240801",3,"2016-06-27",NA
"814","SOMERSET","Private","1240802",4,"2016-07-13",NA
"815","BLACKPOOL","Private","1240803",3,"2016-09-12","2021-02-24"
"816","BLACKPOOL","Private","1240840",1,"2016-08-18","2020-09-30"
"817","BLACKPOOL","Private","1240842",1,"2016-08-18","2018-12-12"
"818","LANCASHIRE","Private","1240844",2,"2017-02-16",NA
"819","LANCASHIRE","Private","1240883",3,"2016-08-18",NA
"820","LANCASHIRE","Private","1240884",2,"2016-10-24",NA
"821","BIRMINGHAM","Private","1240936",3,"2016-11-14",NA
"822","WEST SUSSEX","Private","1241023",8,"2016-08-18",NA
"823","LEICESTERSHIRE","Private","1241261",2,"2016-10-07",NA
"824","KENT","Private","1241263",6,"2016-10-26",NA
"825","BIRMINGHAM","Private","1241407",3,"2016-11-08","2019-10-16"
"826","LANCASHIRE","Private","1241632",2,"2016-09-23","2020-02-26"
"827","WIGAN","Private","1241634",2,"2016-08-22",NA
"828","LEICESTERSHIRE","Private","1241656",3,"2017-01-23","2018-09-30"
"829","NOTTINGHAMSHIRE","Voluntary","1241752",2,"2016-12-05",NA
"830","WIGAN","Private","1241757",3,"2016-08-09",NA
"831","WARWICKSHIRE","Private","1241776",4,"2017-02-16",NA
"832","LANCASHIRE","Local Authority","1241782",6,"2016-12-14",NA
"833","HAMPSHIRE","Private","1241785",9,"2017-01-24",NA
"834","LEICESTERSHIRE","Private","1241789",3,"2016-08-23",NA
"835","HAMPSHIRE","Private","1241836",7,"2017-01-24",NA
"836","BATH AND NORTH EAST SOMERSET","Private","1241840",4,"2016-08-30",NA
"837","NOTTINGHAM","Private","1241843",5,"2016-08-31","2017-05-24"
"838","BIRMINGHAM","Private","1241855",4,"2017-01-27",NA
"839","WORCESTERSHIRE","Private","1241861",4,"2016-10-24","2019-08-14"
"840","ESSEX","Private","1241897",8,"2016-11-29",NA
"841","ISLE OF WIGHT","Private","1241939",3,"2016-11-30",NA
"842","WESTMORLAND AND FURNESS","Private","1241970",2,"2017-01-09",NA
"843","DUDLEY","Private","1241975",4,"2017-03-12",NA
"844","HAMPSHIRE","Private","1242111",4,"2017-01-19","2018-10-07"
"845","KNOWSLEY","Local Authority","1242116",4,"2016-10-31",NA
"846","LEICESTERSHIRE","Private","1242216",4,"2016-09-22",NA
"847","BRISTOL","Private","1243958",48,"2016-10-21","2019-09-30"
"848","WARRINGTON","Voluntary","1243966",2,"2016-12-22","2020-01-14"
"849","TELFORD AND WREKIN","Private","1244000",5,"2016-09-30",NA
"850","LINCOLNSHIRE","Private","1244082",13,"2016-10-07","2018-03-26"
"851","NOTTINGHAMSHIRE","Voluntary","1244117",5,"2016-12-01",NA
"852","DEVON","Private","1244137",2,"2016-10-25",NA
"853","OXFORDSHIRE","Private","1244160",8,"2016-10-18",NA
"854","DERBYSHIRE","Private","1244161",1,"2016-09-19",NA
"855","HEREFORDSHIRE","Local Authority","1244245",15,"2016-12-08","2017-06-01"
"856","BRADFORD","Private","1244280",7,"2016-11-07",NA
"857","LANCASHIRE","Private","1244283",3,"2017-01-09","2022-05-30"
"858","LANCASHIRE","Private","1244287",5,"2016-10-11",NA
"859","BIRMINGHAM","Private","1244350",3,"2016-11-24",NA
"860","SOMERSET","Private","1244384",2,"2016-11-15","2019-03-07"
"861","STOCKTON ON TEES","Private","1244413",3,"2017-02-03",NA
"862","OXFORDSHIRE","Local Authority","1244426",6,"2017-02-23",NA
"863","LANCASHIRE","Private","1244460",5,"2016-11-15",NA
"864","TAMESIDE","Private","1244493",4,"2017-02-10",NA
"865","LEICESTERSHIRE","Private","1244527",7,"2016-10-26","2020-07-20"
"866","SOUTHWARK","Local Authority","1244835",6,"2016-10-12","2017-09-18"
"867","ROCHDALE","Private","1244881",2,"2016-09-13",NA
"868","WIGAN","Local Authority","1244946",2,"2016-10-04",NA
"869","SOUTH GLOUCESTERSHIRE","Private","1245002",4,"2016-12-01","2017-10-19"
"870","DERBYSHIRE","Private","1245390",2,"2016-11-04","2021-10-25"
"871","LEICESTERSHIRE","Private","1245565",3,"2016-11-16",NA
"872","SOMERSET","Private","1245569",4,"2016-10-26","2020-04-01"
"873","BRADFORD","Private","1245572",4,"2017-02-14",NA
"874","DUDLEY","Private","1245823",6,"2016-11-09",NA
"875","LEICESTERSHIRE","Private","1245829",3,"2016-12-01",NA
"876","BIRMINGHAM","Private","1245979",5,"2016-10-01","2020-07-14"
"877","BIRMINGHAM","Private","1245980",6,"2016-10-01","2020-07-14"
"878","BIRMINGHAM","Private","1245981",8,"2016-10-01","2020-07-14"
"879","BIRMINGHAM","Private","1245982",6,"2016-10-01","2020-09-01"
"880","BIRMINGHAM","Private","1245984",5,"2016-10-01","2020-07-14"
"881","LANCASHIRE","Private","1246331",4,"2017-01-30",NA
"882","HAMPSHIRE","Private","1246449",5,"2017-02-09",NA
"883","HAMPSHIRE","Private","1246521",14,"2016-11-22",NA
"884","BOURNEMOUTH CHRISTCHURCH AND POOLE","Private","1246831",3,"2016-12-12",NA
"885","WEST SUSSEX","Private","1246834",5,"2016-10-25",NA
"886","DERBY","Private","1247144",4,"2016-11-28","2022-08-05"
"887","ST HELENS","Private","1247212",4,"2017-02-07",NA
"888","HAMPSHIRE","Private","1247384",2,"2016-10-06",NA
"889","WESTMORLAND AND FURNESS","Voluntary","1247386",5,"2017-01-30","2022-01-31"
"890","GLOUCESTERSHIRE","Private","1247390",8,"2016-12-22",NA
"891","LIVERPOOL","Private","1247491",4,"2016-12-01",NA
"892","LANCASHIRE","Private","1247559",5,"2017-02-21",NA
"893","WESTMORLAND AND FURNESS","Private","1247560",4,"2017-03-09",NA
"894","CUMBERLAND","Private","1247670",5,"2016-12-20",NA
"895","HEREFORDSHIRE","Private","1247764",5,"2017-03-03",NA
"896","HEREFORDSHIRE","Private","1247765",3,"2017-03-01","2019-03-29"
"897","MANCHESTER","Private","1247773",5,"2016-11-30",NA
"898","LIVERPOOL","Private","1247776",3,"2016-12-01",NA
"899","WESTMORLAND AND FURNESS","Voluntary","1247885",5,"2017-01-30","2022-01-31"
"900","LIVERPOOL","Private","1248043",2,"2016-12-02",NA
"901","PLYMOUTH","Private","1248071",2,"2017-01-03",NA
"902","DURHAM","Private","1248773",3,"2017-02-23",NA
"903","ESSEX","Private","1248979",7,"2017-02-28",NA
"904","WIRRAL","Private","1249031",3,"2016-12-02",NA
"905","LANCASHIRE","Private","1249035",6,"2017-03-21",NA
"906","HAMPSHIRE","Private","1249111",2,"2016-12-14",NA
"907","CALDERDALE","Private","1249115",4,"2017-03-12",NA
"908","STAFFORDSHIRE","Private","1249184",2,"2017-01-12","2022-01-10"
"909","SOMERSET","Private","1249196",4,"2017-01-23",NA
"910","HAMPSHIRE","Private","1249259",4,"2017-03-03","2022-07-11"
"911","WESTMORLAND AND FURNESS","Private","1249264",2,"2017-02-15",NA
"912","STAFFORDSHIRE","Private","1249326",4,"2017-03-08",NA
"913","DEVON","Private","1249787",1,"2016-12-16",NA
"914","ST HELENS","Private","1250035",4,"2017-02-08",NA
"915","LEICESTERSHIRE","Private","1250039",4,"2017-03-02",NA
"916","SUFFOLK","Private","1250253",4,"2016-12-29",NA
"917","NOTTINGHAM","Private","1250256",5,"2017-02-13","2017-05-24"
"918","HAMPSHIRE","Private","1250902",4,"2017-02-09","2022-07-15"
"919","ROCHDALE","Private","1250915",3,"2017-03-16",NA
"920","EAST SUSSEX","Private","1250931",6,"2017-02-22",NA
"921","MANCHESTER","Local Authority","1251073",5,"2017-02-24",NA
"922","LEICESTERSHIRE","Private","1251076",4,"2017-01-12",NA
"923","CALDERDALE","Private","1252095",2,"2017-02-28",NA
"924","LANCASHIRE","Private","1252125",3,"2017-03-07","2020-03-09"
"925","WEST SUSSEX","Private","1252937",4,"2017-03-02",NA
"926","BIRMINGHAM","Voluntary","1252997",4,"2017-03-20","2020-12-20"
"927","LEICESTERSHIRE","Private","1253501",3,"2017-01-30",NA
"928","WEST SUSSEX","Private","1253716",4,"2017-02-22",NA
"929","SUNDERLAND","Voluntary","1254835",6,"2017-03-31",NA
"930","SUNDERLAND","Voluntary","1254837",6,"2017-03-31",NA
"931","SUNDERLAND","Voluntary","1254838",7,"2017-03-31","2018-12-10"
"932","SUNDERLAND","Voluntary","1254841",6,"2017-03-31",NA
"933","SUNDERLAND","Voluntary","1254843",6,"2017-03-31",NA
"934","CHESHIRE EAST","Private","1255796",3,"2017-03-30","2020-03-31"
"935","STAFFORDSHIRE","Private","SC486886",4,"2016-10-11","2020-07-31"
"936","BURY","Private","SC489660",3,"2016-11-22","2018-09-30"
"937","NOTTINGHAMSHIRE","Private","1229229",2,"2016-04-01",NA
"938","CHESHIRE EAST","Private","1229428",3,"2016-09-28","2017-02-16"
"939","BARNSLEY","Private","1244299",4,"2017-01-27","2017-02-15"
"940","NORTH YORKSHIRE","Voluntary","SC007956",6,NA,"2017-01-31"
"941","STOCKPORT","Voluntary","SC008596",8,NA,"2016-07-13"
"942","LANCASHIRE","Private","SC010087",4,NA,"2016-04-05"
"943","BRISTOL","Voluntary","SC026644",48,NA,"2016-04-14"
"944","MANCHESTER","Local Authority","SC031015",6,NA,"2016-11-30"
"945","LIVERPOOL","Local Authority","SC032240",6,NA,"2016-08-08"
"946","LEICESTERSHIRE","Local Authority","SC032300",7,NA,"2016-06-22"
"947","SUNDERLAND","Local Authority","SC032715",6,NA,"2017-03-31"
"948","SUNDERLAND","Local Authority","SC032723",7,NA,"2017-03-31"
"949","SUNDERLAND","Local Authority","SC032725",6,NA,"2017-03-31"
"950","CAMBRIDGESHIRE","Local Authority","SC033408",7,NA,"2016-11-30"
"951","MANCHESTER","Local Authority","SC033539",6,NA,"2016-10-28"
"952","NEWCASTLE UPON TYNE","Local Authority","SC033629",6,NA,"2016-09-01"
"953","BIRMINGHAM","Local Authority","SC033664",8,NA,"2016-10-01"
"954","BIRMINGHAM","Local Authority","SC033672",5,NA,"2016-10-01"
"955","BIRMINGHAM","Local Authority","SC033696",6,NA,"2016-10-01"
"956","BIRMINGHAM","Local Authority","SC033699",5,NA,"2016-10-01"
"957","WESTMORLAND AND FURNESS","Local Authority","SC034168",7,NA,"2017-02-01"
"958","LANCASHIRE","Private","SC034197",5,NA,"2016-11-15"
"959","ISLINGTON","Local Authority","SC034609",6,NA,"2016-07-25"
"960","MERTON","Local Authority","SC034627",7,NA,"2017-01-27"
"961","ROCHDALE","Local Authority","SC034825",5,NA,"2016-05-01"
"962","LANCASHIRE","Local Authority","SC035450",6,NA,"2017-01-10"
"963","EALING","Local Authority","SC035678",9,NA,"2016-07-24"
"964","GLOUCESTERSHIRE","Local Authority","SC036347",6,NA,"2016-12-09"
"965","GATESHEAD","Local Authority","SC036774",5,NA,"2016-09-06"
"966","PORTSMOUTH","Local Authority","SC037330",6,NA,"2016-07-04"
"967","KENT","Voluntary","SC037369",9,NA,"2016-06-10"
"968","ROTHERHAM","Local Authority","SC037371",5,NA,"2016-10-10"
"969","WESTMORLAND AND FURNESS","Local Authority","SC037941",7,NA,"2017-02-01"
"970","WIGAN","Local Authority","SC041018",6,NA,"2016-07-31"
"971","MANCHESTER","Local Authority","SC042037",5,NA,"2017-03-08"
"972","DUDLEY","Local Authority","SC043539",6,NA,"2016-11-30"
"973","LEICESTERSHIRE","Private","SC049382",3,NA,"2016-05-17"
"974","LEICESTERSHIRE","Private","SC050176",3,NA,"2017-01-12"
"975","SUNDERLAND","Local Authority","SC055357",6,NA,"2017-03-31"
"976","LIVERPOOL","Private","SC059488",2,NA,"2016-12-02"
"977","LIVERPOOL","Private","SC059494",6,NA,"2016-12-02"
"978","LEICESTERSHIRE","Private","SC061431",3,NA,"2016-05-27"
"979","LEICESTERSHIRE","Private","SC062199",2,NA,"2016-08-31"
"980","STAFFORDSHIRE","Private","SC062464",3,NA,"2016-10-06"
"981","ROCHDALE","Private","SC062475",1,NA,"2016-08-23"
"982","HALTON","Local Authority","SC062537",4,NA,"2016-10-28"
"983","SUNDERLAND","Local Authority","SC062644",6,NA,"2017-03-31"
"984","BLACKPOOL","Private","SC062782",3,NA,"2016-09-18"
"985","WARRINGTON","Private","SC063059",4,NA,"2016-12-16"
"986","CROYDON","Private","SC063080",5,NA,"2017-01-04"
"987","LUTON","Voluntary","SC064549",6,NA,"2016-10-03"
"988","HARROW","Private","SC064569",5,NA,"2017-03-28"
"989","TRAFFORD","Local Authority","SC066549",2,NA,"2016-04-30"
"990","EALING","Private","SC068392",4,NA,"2016-08-31"
"991","SUFFOLK","Private","SC068770",4,NA,"2017-01-30"
"992","HEREFORDSHIRE","Private","SC356312",3,NA,"2017-03-30"
"993","BIRMINGHAM","Local Authority","SC357166",6,NA,"2016-10-01"
"994","WILTSHIRE","Private","SC358266",2,NA,"2016-09-08"
"995","DEVON","Private","SC360834",4,NA,"2016-10-06"
"996","LEICESTERSHIRE","Private","SC362233",3,NA,"2017-01-31"
"997","DEVON","Private","SC362610",1,NA,"2016-12-31"
"998","SOMERSET","Private","SC363364",4,NA,"2016-07-11"
"999","HERTFORDSHIRE","Voluntary","SC365647",3,NA,"2016-09-30"
"1000","LEICESTERSHIRE","Private","SC368399",3,NA,"2016-07-26"
"1001","SUTTON","Private","SC368821",6,NA,"2016-10-31"
"1002","ROTHERHAM","Local Authority","SC369339",5,NA,"2016-10-10"
"1003","SOMERSET","Private","SC378200",3,NA,"2016-09-21"
"1004","LEICESTERSHIRE","Private","SC382715",4,NA,"2016-09-26"
"1005","WILTSHIRE","Private","SC383879",1,NA,"2016-09-08"
"1006","WALTHAM FOREST","Private","SC384466",3,NA,"2016-05-31"
"1007","BOURNEMOUTH CHRISTCHURCH AND POOLE","Private","SC384670",5,NA,"2016-05-05"
"1008","MANCHESTER","Private","SC387672",5,NA,"2016-11-30"
"1009","WESTMORLAND AND FURNESS","Private","SC392602",3,NA,"2017-02-15"
"1010","CAMBRIDGESHIRE","Voluntary","SC393048",33,NA,"2016-05-12"
"1011","CHESHIRE EAST","Local Authority","SC394224",4,NA,"2017-03-30"
"1012","LANCASHIRE","Private","SC396201",3,NA,"2016-08-18"
"1013","DURHAM","Private","SC398947",6,NA,"2016-07-31"
"1014","NORFOLK","Private","SC399206",26,NA,"2016-07-30"
"1015","LANCASHIRE","Private","SC402658",36,NA,"2017-01-03"
"1016","HOUNSLOW","Private","SC403411",4,NA,"2016-10-11"
"1017","LANCASHIRE","Private","SC403956",2,NA,"2016-06-28"
"1018","BOURNEMOUTH CHRISTCHURCH AND POOLE","Voluntary","SC404993",36,NA,"2016-12-17"
"1019","BLACKPOOL","Private","SC407245",1,NA,"2016-08-18"
"1020","STAFFORDSHIRE","Private","SC408622",5,NA,"2016-11-14"
"1021","ROCHDALE","Private","SC413156",2,NA,"2016-09-13"
"1022","WEST SUSSEX","Private","SC417395",2,NA,"2016-05-16"
"1023","WEST SUSSEX","Private","SC418700",5,NA,"2017-03-28"
"1024","LUTON","Voluntary","SC425921",6,NA,"2016-04-29"
"1025","MANCHESTER","Private","SC426684",3,NA,"2016-06-30"
"1026","DONCASTER","Private","SC427338",2,NA,"2016-06-03"
"1027","OXFORDSHIRE","Voluntary","SC430759",8,NA,"2016-10-31"
"1028","LIVERPOOL","Private","SC431603",3,NA,"2016-11-30"
"1029","DEVON","Local Authority","SC432140",25,NA,"2016-04-11"
"1030","ENFIELD","Private","SC434100",3,NA,"2016-11-07"
"1031","READING","Private","SC434837",3,NA,"2016-08-09"
"1032","BLACKPOOL","Private","SC434999",2,NA,"2016-12-21"
"1033","BLACKPOOL","Private","SC435001",1,NA,"2016-10-19"
"1034","WIRRAL","Private","SC436992",3,NA,"2016-12-02"
"1035","CUMBERLAND","Local Authority","SC441973",5,NA,"2017-01-17"
"1036","SOMERSET","Private","SC443081",2,NA,"2016-04-01"
"1037","NORFOLK","Private","SC443758",8,NA,"2017-01-26"
"1038","DEVON","Voluntary","SC444376",5,NA,"2016-07-25"
"1039","SOUTH GLOUCESTERSHIRE","Voluntary","SC449331",6,NA,"2017-02-17"
"1040","NORFOLK","Voluntary","SC450991",8,NA,"2016-06-30"
"1041","SOUTHAMPTON","Private","SC451511",7,NA,"2016-10-08"
"1042","SOMERSET","Private","SC454985",3,NA,"2016-12-01"
"1043","WEST SUSSEX","Private","SC456724",4,NA,"2017-03-01"
"1044","ESSEX","Private","SC457015",2,NA,"2017-03-01"
"1045","WIRRAL","Private","SC457364",2,NA,"2017-03-03"
"1046","WIRRAL","Private","SC457424",1,NA,"2017-01-31"
"1047","SEFTON","Private","SC457428",2,NA,"2017-03-10"
"1048","WIRRAL","Private","SC457507",3,NA,"2016-11-01"
"1049","SEFTON","Private","SC457554",1,NA,"2017-01-31"
"1050","WIRRAL","Private","SC457557",2,NA,"2017-03-26"
"1051","WIRRAL","Private","SC457560",2,NA,"2017-02-07"
"1052","LEICESTERSHIRE","Private","SC457776",3,NA,"2016-07-11"
"1053","DURHAM","Private","SC457855",3,NA,"2016-10-01"
"1054","LEICESTER","Private","SC458348",4,NA,"2017-01-27"
"1055","EAST RIDING OF YORKSHIRE","Private","SC459643",1,NA,"2016-06-13"
"1056","STAFFORDSHIRE","Private","SC460910",3,NA,"2016-06-13"
"1057","SALFORD","Private","SC462804",2,NA,"2017-03-31"
"1058","BIRMINGHAM","Private","SC463704",3,NA,"2016-12-07"
"1059","STAFFORDSHIRE","Private","SC464402",3,NA,"2016-08-31"
"1060","HAMPSHIRE","Private","SC466315",4,NA,"2016-05-05"
"1061","TELFORD AND WREKIN","Private","SC468019",4,NA,"2017-02-06"
"1062","TELFORD AND WREKIN","Private","SC469467",4,NA,"2016-11-14"
"1063","CHESHIRE EAST","Voluntary","SC469627",4,NA,"2017-03-31"
"1064","DEVON","Private","SC469994",16,NA,"2016-07-01"
"1065","WEST BERKSHIRE","Private","SC473335",2,NA,"2016-12-19"
"1066","KNOWSLEY","Private","SC473810",3,NA,"2016-04-29"
"1067","NEWCASTLE UPON TYNE","Voluntary","1234990",14,"2017-05-02","2021-09-30"
"1068","BLACKPOOL","Private","1240843",2,"2017-10-23",NA
"1069","STAFFORDSHIRE","Local Authority","1243962",6,"2017-11-13",NA
"1070","KENT","Private","1244108",3,"2017-06-20",NA
"1071","CROYDON","Private","1244386",5,"2017-06-08",NA
"1072","WEST NORTHAMPTONSHIRE","Private","1247244",3,"2017-05-02",NA
"1073","NORTH NORTHAMPTONSHIRE","Private","1248509",2,"2017-04-24",NA
"1074","STAFFORDSHIRE","Private","1249034",1,"2017-08-11",NA
"1075","WESTMORLAND AND FURNESS","Private","1249123",6,"2017-05-15",NA
"1076","BRADFORD","Private","1249183",4,"2017-04-24",NA
"1077","HAMPSHIRE","Private","1249715",4,"2017-04-11",NA
"1078","TELFORD AND WREKIN","Private","1250186",4,"2017-05-17",NA
"1079","WEST SUSSEX","Private","1250194",4,"2017-07-05",NA
"1080","DONCASTER","Private","1250196",2,"2017-05-04",NA
"1081","STAFFORDSHIRE","Private","1250287",4,"2017-06-23","2020-06-18"
"1082","KENT","Private","1250521",4,"2017-05-09",NA
"1083","NEWCASTLE UPON TYNE","Voluntary","1250842",3,"2017-05-02","2020-06-08"
"1084","CAMDEN","Private","1251364",6,"2017-05-26",NA
"1085","STAFFORDSHIRE","Private","1251947",4,"2017-04-10",NA
"1086","LEICESTERSHIRE","Private","1252023",3,"2017-06-07",NA
"1087","DURHAM","Private","1252120",6,"2017-05-19",NA
"1088","DONCASTER","Private","1253008",2,"2017-06-08",NA
"1089","DEVON","Private","1253583",4,"2017-05-25","2020-02-20"
"1090","BIRMINGHAM","Private","1253623",2,"2017-07-07","2022-06-03"
"1091","BIRMINGHAM","Private","1253711",3,"2017-07-10",NA
"1092","MIDDLESBROUGH","Local Authority","1253862",6,"2017-08-21","2019-04-10"
"1093","DARLINGTON","Local Authority","1253865",5,"2017-08-21","2019-01-25"
"1094","LANCASHIRE","Private","1253975",2,"2017-06-26",NA
"1095","BLACKPOOL","Private","1254055",4,"2017-08-21",NA
"1096","LINCOLNSHIRE","Private","1254109",15,"2017-05-18","2018-10-04"
"1097","WESTMORLAND AND FURNESS","Private","1254258",4,"2017-05-16",NA
"1098","DERBYSHIRE","Private","1254308",5,"2017-05-24",NA
"1099","KINGSTON UPON HULL","Private","1254316",4,"2017-09-06",NA
"1100","DURHAM","Private","1254371",7,"2017-08-01","2021-03-01"
"1101","LANCASHIRE","Private","1254555",2,"2017-04-10",NA
"1102","WALTHAM FOREST","Private","1254701",3,"2017-05-04","2019-01-17"
"1103","PLYMOUTH","Private","1254740",2,"2017-04-07",NA
"1104","NOTTINGHAM","Private","1254745",5,"2017-05-24",NA
"1105","WALSALL","Private","1254780",4,"2017-07-17","2021-05-31"
"1106","HAMPSHIRE","Local Authority","1254782",4,"2017-06-09",NA
"1107","WOLVERHAMPTON","Private","1254840",3,"2018-01-05",NA
"1108","NOTTINGHAMSHIRE","Private","1254864",3,"2017-05-24",NA
"1109","STAFFORDSHIRE","Private","1255095",3,"2017-07-04","2021-04-26"
"1110","NOTTINGHAM","Private","1255139",6,"2017-05-24",NA
"1111","SHROPSHIRE","Private","1255147",8,"2017-06-29","2021-04-07"
"1112","DEVON","Private","1255407",4,"2017-09-18",NA
"1113","LANCASHIRE","Private","1255520",3,"2017-07-10",NA
"1114","DERBY","Private","1255743",5,"2017-05-24",NA
"1115","WORCESTERSHIRE","Private","1255744",3,"2017-05-24",NA
"1116","WEST NORTHAMPTONSHIRE","Private","1255745",5,"2017-05-24",NA
"1117","BEDFORD","Private","1255746",5,"2017-05-24",NA
"1118","WEST NORTHAMPTONSHIRE","Private","1255747",5,"2017-05-24",NA
"1119","NOTTINGHAM","Private","1255748",5,"2017-05-24",NA
"1120","MANCHESTER","Private","1255800",2,"2017-11-02","2019-10-04"
"1121","HAMPSHIRE","Local Authority","1255823",5,"2017-06-20",NA
"1122","OXFORDSHIRE","Private","1256058",5,"2017-05-24",NA
"1123","NORTH NORTHAMPTONSHIRE","Private","1256059",5,"2017-05-24",NA
"1124","WEST NORTHAMPTONSHIRE","Private","1256060",5,"2017-05-24",NA
"1125","NORTH NORTHAMPTONSHIRE","Private","1256061",5,"2017-05-24",NA
"1126","OLDHAM","Private","1256134",4,"2017-06-07",NA
"1127","STAFFORDSHIRE","Private","1256135",3,"2017-05-24",NA
"1128","NEWHAM","Private","1256364",7,"2017-07-14","2019-12-20"
"1129","WEST NORTHAMPTONSHIRE","Private","1256367",5,"2017-05-24",NA
"1130","NOTTINGHAMSHIRE","Private","1256404",5,"2017-05-24",NA
"1131","KENT","Private","1256417",7,"2017-08-04",NA
"1132","ESSEX","Private","1256452",5,"2017-07-13",NA
"1133","NORTH YORKSHIRE","Local Authority","1256500",6,"2017-06-11",NA
"1134","DONCASTER","Private","1256608",3,"2017-07-04",NA
"1135","NOTTINGHAM","Private","1256610",3,"2017-05-24",NA
"1136","STAFFORDSHIRE","Private","1256638",3,"2017-10-24",NA
"1137","GLOUCESTERSHIRE","Private","1256639",4,"2017-08-03",NA
"1138","HALTON","Private","1256658",2,"2017-07-04",NA
"1139","DEVON","Private","1256771",3,"2017-06-23",NA
"1140","CAMBRIDGESHIRE","Voluntary","1256794",2,"2017-07-06","2020-04-21"
"1141","KIRKLEES","Private","1256795",4,"2017-06-30",NA
"1142","LANCASHIRE","Private","1256904",3,"2017-04-23",NA
"1143","KENT","Private","1256912",3,"2017-09-26","2019-02-27"
"1144","KENT","Private","1256913",2,"2018-03-23","2019-03-22"
"1145","SURREY","Private","1256973",6,"2017-08-04",NA
"1146","NOTTINGHAM","Private","1257013",6,"2017-07-20",NA
"1147","HAVERING","Private","1257022",6,"2017-07-25",NA
"1148","HAMPSHIRE","Local Authority","1257065",4,"2017-06-22",NA
"1149","HEREFORDSHIRE","Private","1257074",8,"2017-10-10",NA
"1150","BEXLEY","Private","1257101",3,"2017-08-01",NA
"1151","BARNET","Private","1257182",2,"2017-08-24",NA
"1152","STAFFORDSHIRE","Private","1257202",4,"2017-12-19",NA
"1153","LEWISHAM","Voluntary","1257289",5,"2017-07-27",NA
"1154","HAMPSHIRE","Local Authority","1257573",5,"2017-06-22",NA
"1155","LANCASHIRE","Private","1257739",3,"2017-08-10","2022-12-08"
"1156","STAFFORDSHIRE","Private","1257740",4,"2017-07-31",NA
"1157","CAMBRIDGESHIRE","Private","1257796",12,"2017-05-31",NA
"1158","BIRMINGHAM","Private","1258026",2,"2017-09-24","2022-02-28"
"1159","WAKEFIELD","Private","1258089",4,"2018-02-02",NA
"1160","STAFFORDSHIRE","Private","1258091",5,"2017-08-20",NA
"1161","ESSEX","Private","1258092",4,"2017-08-30",NA
"1162","STAFFORDSHIRE","Private","1258095",6,"2017-08-03","2021-06-07"
"1163","NOTTINGHAMSHIRE","Private","1258134",5,"2017-08-14",NA
"1164","SURREY","Private","1258199",5,"2017-07-20","2020-07-24"
"1165","SUFFOLK","Private","1258276",6,"2017-06-01",NA
"1166","WILTSHIRE","Private","1258343",4,"2017-09-19",NA
"1167","KENT","Private","1258386",3,"2017-09-04",NA
"1168","WALSALL","Private","1258434",4,"2017-12-20",NA
"1169","KENT","Private","1258463",1,"2017-10-31",NA
"1170","DONCASTER","Voluntary","1258627",4,"2017-07-10","2022-08-31"
"1171","ESSEX","Private","1258658",4,"2017-09-15",NA
"1172","LANCASHIRE","Private","1258770",4,"2017-08-21","2019-05-01"
"1173","HAMPSHIRE","Private","1258831",3,"2017-08-04",NA
"1174","WOLVERHAMPTON","Private","1258887",4,"2018-01-12",NA
"1175","WORCESTERSHIRE","Private","1258893",2,"2017-09-13","2022-12-10"
"1176","LEICESTER","Private","1258894",6,"2017-08-03",NA
"1177","OLDHAM","Private","1258975",3,"2017-10-16",NA
"1178","LANCASHIRE","Private","1259061",2,"2017-09-08",NA
"1179","STAFFORDSHIRE","Private","1259114",3,"2018-01-25",NA
"1180","STOKE ON TRENT","Local Authority","1259118",2,"2017-06-15",NA
"1181","BIRMINGHAM","Private","1259178",2,"2018-02-15",NA
"1182","DERBYSHIRE","Private","1259184",4,"2018-01-31",NA
"1183","DEVON","Private","1259216",1,"2017-07-19",NA
"1184","LEICESTERSHIRE","Private","1259419",1,"2017-11-10",NA
"1185","OXFORDSHIRE","Private","1259508",8,"2017-09-21",NA
"1186","NORTH NORTHAMPTONSHIRE","Private","1259547",3,"2017-10-02",NA
"1187","PETERBOROUGH","Private","1259551",5,"2017-09-12",NA
"1188","BRADFORD","Private","1259631",7,"2017-10-13",NA
"1189","HAMPSHIRE","Local Authority","1259734",4,"2017-09-11",NA
"1190","LEICESTERSHIRE","Private","1260700",4,"2017-10-10",NA
"1191","BURY","Private","1261138",5,"2017-08-29",NA
"1192","LANCASHIRE","Private","1262657",2,"2017-09-18",NA
"1193","CUMBERLAND","Private","1262878",2,"2017-08-07","2019-03-20"
"1194","WESTMORLAND AND FURNESS","Private","1262935",6,"2017-08-18","2022-11-10"
"1195","SOUTH GLOUCESTERSHIRE","Private","1263084",6,"2017-09-19","2020-01-10"
"1196","WIRRAL","Private","1263120",4,"2017-09-22",NA
"1197","WILTSHIRE","Private","1263124",5,"2017-09-26",NA
"1198","CUMBERLAND","Private","1263126",2,"2017-08-04",NA
"1199","EAST SUSSEX","Private","1263129",6,"2017-11-06",NA
"1200","WIGAN","Private","1263199",6,"2017-09-28",NA
"1201","ROTHERHAM","Private","1263201",4,"2017-09-04",NA
"1202","ST HELENS","Private","1263248",3,"2018-01-22","2021-07-09"
"1203","CORNWALL","Private","1263270",3,"2017-08-18","2022-11-11"
"1204","STAFFORDSHIRE","Private","1263329",1,"2017-09-13",NA
"1205","LEICESTERSHIRE","Private","1263505",4,"2017-10-31",NA
"1206","GLOUCESTERSHIRE","Private","1263571",5,"2017-10-17",NA
"1207","NORTH SOMERSET","Private","1263623",3,"2017-12-18","2018-12-18"
"1208","YORK","Local Authority","1263625",1,"2017-10-24","2019-04-08"
"1209","CALDERDALE","Private","1263673",3,"2017-09-18",NA
"1210","TAMESIDE","Local Authority","1263766",4,"2017-10-23",NA
"1211","TAMESIDE","Local Authority","1263768",3,"2017-10-23",NA
"1212","LEICESTERSHIRE","Private","1263773",4,"2017-12-01",NA
"1213","NORFOLK","Private","1263776",2,"2017-09-04",NA
"1214","DERBY","Private","1263837",3,"2017-10-04",NA
"1215","WALSALL","Private","1263977",8,"2017-12-06",NA
"1216","WALTHAM FOREST","Private","1264016",6,"2017-09-07",NA
"1217","BRENT","Private","1264048",4,"2017-09-12",NA
"1218","HAMPSHIRE","Private","1264282",2,"2017-10-31","2019-05-16"
"1219","BEDFORD","Private","1264286",4,"2017-11-30",NA
"1220","DONCASTER","Private","1264438",4,"2017-12-13",NA
"1221","WIGAN","Private","1264537",5,"2017-11-29",NA
"1222","LANCASHIRE","Private","1264538",3,"2017-10-17",NA
"1223","OLDHAM","Private","1264696",2,"2018-01-12","2021-08-08"
"1224","DEVON","Private","1264756",2,"2017-10-21",NA
"1225","COVENTRY","Private","1264840",3,"2017-12-04",NA
"1226","BEXLEY","Voluntary","1264841",10,"2017-12-18",NA
"1227","BOLTON","Private","1265092",7,"2018-01-03",NA
"1228","LANCASHIRE","Private","1265128",2,"2017-11-14",NA
"1229","BATH AND NORTH EAST SOMERSET","Voluntary","1266835",5,"2017-10-25",NA
"1230","WESTMORLAND AND FURNESS","Private","1266838",3,"2017-11-22",NA
"1231","ESSEX","Private","1267413",5,"2017-11-07","2020-09-01"
"1232","DERBYSHIRE","Private","1267537",3,"2017-12-11",NA
"1233","NORTHUMBERLAND","Private","1267650",3,"2018-01-08",NA
"1234","ESSEX","Private","1268051",7,"2017-12-13","2018-09-28"
"1235","SOUTH TYNESIDE","Local Authority","1268334",4,"2017-10-11",NA
"1236","PLYMOUTH","Private","1268518",2,"2017-11-30",NA
"1237","WEST NORTHAMPTONSHIRE","Private","1268530",3,"2017-12-06",NA
"1238","DONCASTER","Voluntary","1268757",1,"2017-11-13","2018-05-20"
"1239","WORCESTERSHIRE","Private","1269072",3,"2018-01-05",NA
"1240","WESTMORLAND AND FURNESS","Private","1269215",3,"2018-02-02",NA
"1241","DERBYSHIRE","Private","1269421",3,"2018-01-23",NA
"1242","CENTRAL BEDFORDSHIRE","Private","1269505",4,"2018-02-20",NA
"1243","HAMMERSMITH AND FULHAM","Voluntary","1269565",4,"2018-01-24",NA
"1244","BARKING AND DAGENHAM","Private","1269966",5,"2018-02-16",NA
"1245","BURY","Private","1270297",3,"2017-11-24",NA
"1246","LANCASHIRE","Private","1270301",3,"2018-02-08",NA
"1247","ROTHERHAM","Private","1270393",3,"2018-03-10",NA
"1248","ST HELENS","Private","1270501",5,"2018-03-23","2019-09-07"
"1249","LINCOLNSHIRE","Private","1270503",20,"2018-02-27","2019-05-14"
"1250","EAST SUSSEX","Private","1270744",4,"2018-02-22",NA
"1251","NOTTINGHAMSHIRE","Private","1270767",4,"2018-02-16",NA
"1252","LANCASHIRE","Private","1270802",3,"2018-01-22",NA
"1253","STOCKPORT","Local Authority","1271135",2,"2018-02-15",NA
"1254","LANCASHIRE","Private","1271222",5,"2018-01-25",NA
"1255","LANCASHIRE","Private","1271375",3,"2018-03-12",NA
"1256","DEVON","Private","1271467",3,"2018-03-14",NA
"1257","BRADFORD","Local Authority","1271666",4,"2018-03-26",NA
"1258","NORFOLK","Private","1271979",3,"2018-03-26",NA
"1259","SOUTH GLOUCESTERSHIRE","Private","1272075",4,"2018-03-16","2019-09-10"
"1260","HAMPSHIRE","Voluntary","1272379",5,"2018-01-26","2019-05-07"
"1261","HARINGEY","Private","1272461",4,"2018-02-17",NA
"1262","BIRMINGHAM","Voluntary","1273485",7,"2018-03-21",NA
"1263","BIRMINGHAM","Voluntary","1273497",3,"2018-03-20",NA
"1264","BIRMINGHAM","Voluntary","1273658",16,"2018-03-20",NA
"1265","BIRMINGHAM","Voluntary","1273663",12,"2018-03-20",NA
"1266","BEXLEY","Private","1241564",10,"2017-05-19","2018-01-08"
"1267","STAFFORDSHIRE","Private","1249118",1,"2017-08-11","2018-02-15"
"1268","CHESHIRE EAST","Private","1256365",4,"2017-06-23","2017-10-20"
"1269","SURREY","Local Authority","1252757",5,"2017-10-09","2017-11-30"
"1270","KIRKLEES","Private","1256408",1,"2017-06-11","2017-10-25"
"1271","HAMPSHIRE","Voluntary","SC011976",4,NA,"2017-08-02"
"1272","WEST NORTHAMPTONSHIRE","Voluntary","SC012939",24,NA,"2017-08-31"
"1273","BRIGHTON AND HOVE","Private","SC014234",7,NA,"2017-06-16"
"1274","BIRMINGHAM","Voluntary","SC016732",12,NA,"2017-04-03"
"1275","ST HELENS","Private","SC022445",1,NA,"2017-09-11"
"1276","LAMBETH","Private","SC022729",3,NA,"2017-10-25"
"1277","LAMBETH","Private","SC022775",6,NA,"2017-10-25"
"1278","LAMBETH","Private","SC022779",3,NA,"2017-10-25"
"1279","SUFFOLK","Voluntary","SC024376",6,NA,"2017-06-05"
"1280","CROYDON","Private","SC025871",7,NA,"2017-12-31"
"1281","MERTON","Private","SC027252",4,NA,"2017-10-25"
"1282","MERTON","Private","SC027253",4,NA,"2017-10-25"
"1283","MERTON","Private","SC027255",3,NA,"2017-10-25"
"1284","BOURNEMOUTH CHRISTCHURCH AND POOLE","Local Authority","SC031980",6,NA,"2017-09-01"
"1285","TAMESIDE","Local Authority","SC032772",5,NA,"2017-12-06"
"1286","SOMERSET","Private","SC033009",2,NA,"2018-01-08"
"1287","COVENTRY","Local Authority","SC033289",8,NA,"2017-09-01"
"1288","KENSINGTON AND CHELSEA","Local Authority","SC033441",7,NA,"2017-06-30"
"1289","BRADFORD","Local Authority","SC033486",6,NA,"2017-09-25"
"1290","BIRMINGHAM","Local Authority","SC033662",16,NA,"2018-03-21"
"1291","BIRMINGHAM","Local Authority","SC034643",7,NA,"2018-03-21"
"1292","BIRMINGHAM","Local Authority","SC035107",7,NA,"2018-03-21"
"1293","DERBYSHIRE","Local Authority","SC036260",5,NA,"2018-02-26"
"1294","DEVON","Private","SC036528",14,NA,"2017-09-29"
"1295","HAMPSHIRE","Local Authority","SC037923",6,NA,"2017-11-08"
"1296","REDBRIDGE","Voluntary","SC038117",4,NA,"2018-03-16"
"1297","BEXLEY","Voluntary","SC038163",10,NA,"2017-06-12"
"1298","DUDLEY","Local Authority","SC038804",3,NA,"2018-02-22"
"1299","HAMPSHIRE","Local Authority","SC039215",6,NA,"2017-11-08"
"1300","WALSALL","Private","SC041114",4,NA,"2017-04-18"
"1301","DERBYSHIRE","Private","SC041666",6,NA,"2018-02-09"
"1302","NEWHAM","Local Authority","SC044058",6,NA,"2017-07-10"
"1303","ESSEX","Local Authority","SC044963",16,NA,"2017-12-27"
"1304","BATH AND NORTH EAST SOMERSET","Voluntary","SC054030",5,NA,"2017-09-29"
"1305","HAMPSHIRE","Voluntary","SC056054",4,NA,"2018-03-01"
"1306","DORSET","Local Authority","SC061045",4,NA,"2017-10-02"
"1307","BIRMINGHAM","Local Authority","SC063167",5,NA,"2017-07-10"
"1308","ROCHDALE","Private","SC063197",1,NA,"2017-05-18"
"1309","ROCHDALE","Private","SC065617",1,NA,"2017-05-15"
"1310","STOCKPORT","Private","SC067238",5,NA,"2017-06-30"
"1311","WIGAN","Private","SC068223",3,NA,"2018-01-15"
"1312","KENT","Private","SC069221",5,NA,"2017-12-15"
"1313","WILTSHIRE","Voluntary","SC359808",5,NA,"2017-09-25"
"1314","LIVERPOOL","Private","SC363228",2,NA,"2017-08-09"
"1315","SOMERSET","Private","SC363350",4,NA,"2017-12-31"
"1316","SOMERSET","Private","SC363395",3,NA,"2017-12-31"
"1317","BRISTOL","Private","SC367737",3,NA,"2018-03-15"
"1318","LANCASHIRE","Private","SC368329",3,NA,"2017-09-28"
"1319","ESSEX","Private","SC376676",4,NA,"2018-02-18"
"1320","GREENWICH","Private","SC382159",5,NA,"2017-07-31"
"1321","ROCHDALE","Private","SC382807",2,NA,"2017-06-14"
"1322","WILTSHIRE","Voluntary","SC384687",5,NA,"2017-09-13"
"1323","HOUNSLOW","Private","SC395716",3,NA,"2017-12-14"
"1324","WEST NORTHAMPTONSHIRE","Private","SC397562",5,NA,"2017-05-24"
"1325","HEREFORDSHIRE","Private","SC398315",3,NA,"2017-04-24"
"1326","TELFORD AND WREKIN","Private","SC398390",1,NA,"2017-06-01"
"1327","SHROPSHIRE","Private","SC398392",2,NA,"2017-06-13"
"1328","SUNDERLAND","Voluntary","SC400107",4,NA,"2017-08-04"
"1329","SOMERSET","Private","SC400212",3,NA,"2017-08-20"
"1330","LANCASHIRE","Private","SC401603",15,NA,"2017-09-25"
"1331","WEST NORTHAMPTONSHIRE","Private","SC403907",5,NA,"2017-05-24"
"1332","NOTTINGHAMSHIRE","Private","SC404119",1,NA,"2017-09-01"
"1333","NORFOLK","Private","SC405379",8,NA,"2017-08-23"
"1334","WEST NORTHAMPTONSHIRE","Private","SC408263",5,NA,"2017-05-24"
"1335","NORFOLK","Voluntary","SC416733",3,NA,"2017-06-21"
"1336","TRAFFORD","Private","SC420066",8,NA,"2017-11-30"
"1337","SOUTH TYNESIDE","Voluntary","SC420587",4,NA,"2017-09-28"
"1338","DARLINGTON","Private","SC421995",4,NA,"2017-10-31"
"1339","BEDFORD","Private","SC429242",5,NA,"2017-05-24"
"1340","STAFFORDSHIRE","Private","SC436551",3,NA,"2018-03-12"
"1341","NOTTINGHAM","Private","SC443544",3,NA,"2017-05-26"
"1342","NOTTINGHAMSHIRE","Private","SC443549",3,NA,"2017-05-24"
"1343","CHESHIRE EAST","Voluntary","SC445174",4,NA,"2017-06-30"
"1344","BIRMINGHAM","Private","SC447742",3,NA,"2017-07-21"
"1345","STOKE ON TRENT","Private","SC452385",3,NA,"2017-08-08"
"1346","WESTMORLAND AND FURNESS","Private","SC454688",3,NA,"2018-03-31"
"1347","DEVON","Private","SC456726",3,NA,"2018-02-18"
"1348","STOKE ON TRENT","Local Authority","SC458025",2,NA,"2017-06-16"
"1349","NOTTINGHAM","Private","SC459255",6,NA,"2017-05-24"
"1350","BRENT","Private","SC460424",4,NA,"2017-09-12"
"1351","HALTON","Private","SC461787",4,NA,"2017-04-27"
"1352","SEFTON","Private","SC464650",2,NA,"2017-04-04"
"1353","EAST SUSSEX","Private","SC465925",6,NA,"2017-06-01"
"1354","BURY","Private","SC469411",4,NA,"2017-10-27"
"1355","WEST NORTHAMPTONSHIRE","Private","SC472275",5,NA,"2017-05-24"
"1356","STAFFORDSHIRE","Private","1249117",1,"2018-07-02",NA
"1357","SOUTHEND ON SEA","Private","1256660",5,"2018-06-07",NA
"1358","KIRKLEES","Private","1257073",3,"2018-07-10",NA
"1359","CALDERDALE","Private","1257706",2,"2018-06-12",NA
"1360","STOCKPORT","Private","1263425",2,"2018-09-25",NA
"1361","LANCASHIRE","Private","1264333",5,"2018-04-26",NA
"1362","WOLVERHAMPTON","Private","1265096",2,"2018-04-19",NA
"1363","WOLVERHAMPTON","Private","1266267",6,"2018-05-08",NA
"1364","REDCAR AND CLEVELAND","Private","1267402",1,"2018-04-13","2021-02-19"
"1365","WOLVERHAMPTON","Private","1268535",3,"2018-07-02",NA
"1366","STOKE ON TRENT","Private","1268752",24,"2018-05-31","2018-10-04"
"1367","REDBRIDGE","Private","1268886",6,"2018-05-23",NA
"1368","DONCASTER","Private","1269844",2,"2018-07-05","2018-07-23"
"1369","LIVERPOOL","Private","1270002",2,"2018-05-22",NA
"1370","STAFFORDSHIRE","Private","1270298",5,"2018-05-22",NA
"1371","WAKEFIELD","Private","1270568",4,"2018-05-17",NA
"1372","LIVERPOOL","Private","1270731",3,"2018-04-10",NA
"1373","ESSEX","Private","1271182",5,"2018-06-07",NA
"1374","LANCASHIRE","Private","1271213",4,"2018-05-18",NA
"1375","BUCKINGHAMSHIRE","Private","1271214",8,"2018-05-22","2021-01-20"
"1376","STAFFORDSHIRE","Private","1271234",3,"2018-04-06","2022-12-22"
"1377","BUCKINGHAMSHIRE","Voluntary","1271380",6,"2018-07-25",NA
"1378","NOTTINGHAM","Voluntary","1271383",3,"2018-04-30",NA
"1379","WALSALL","Private","1271519",3,"2018-07-24","2022-06-03"
"1380","BOLTON","Private","1271581",2,"2018-04-04",NA
"1381","HEREFORDSHIRE","Private","1271587",4,"2018-04-06",NA
"1382","STAFFORDSHIRE","Private","1271607",12,"2018-05-18","2021-10-25"
"1383","LANCASHIRE","Private","1271998",3,"2018-05-23",NA
"1384","NORTHAMPTONSHIRE","Private","1272209",5,"2018-04-11","2021-05-31"
"1385","REDCAR AND CLEVELAND","Private","1272220",4,"2018-05-09",NA
"1386","SUFFOLK","Private","1272657",4,"2018-06-07",NA
"1387","DERBYSHIRE","Private","1272827",8,"2018-05-29","2021-05-03"
"1388","CROYDON","Private","1273719",3,"2018-06-04",NA
"1389","WOLVERHAMPTON","Private","1273769",3,"2018-11-20",NA
"1390","LANCASHIRE","Private","1274089",4,"2018-05-04",NA
"1391","NORTHAMPTONSHIRE","Private","1274093",5,"2018-06-07",NA
"1392","WILTSHIRE","Private","1274341",3,"2018-04-23","2022-11-29"
"1393","STAFFORDSHIRE","Private","1274670",2,"2018-04-25",NA
"1394","KIRKLEES","Private","1274672",2,"2018-12-10",NA
"1395","CAMBRIDGESHIRE","Private","1274846",6,"2018-06-28",NA
"1396","LEEDS","Private","1275188",1,"2018-07-07",NA
"1397","LEEDS","Private","1275189",1,"2018-07-07",NA
"1398","NORTHAMPTONSHIRE","Private","1275228",2,"2018-04-30",NA
"1399","EAST SUSSEX","Private","1275500",2,"2018-09-04",NA
"1400","OXFORDSHIRE","Private","1275569",31,"2018-06-18",NA
"1401","CUMBRIA","Private","1275649",6,"2018-05-17","2022-06-01"
"1402","STAFFORDSHIRE","Private","1275966",6,"2018-07-20",NA
"1403","SHROPSHIRE","Private","1276010",3,"2018-05-14",NA
"1404","LANCASHIRE","Private","1276050",3,"2018-06-08","2019-08-06"
"1405","BIRMINGHAM","Private","1276111",5,"2018-08-07",NA
"1406","STAFFORDSHIRE","Private","1276216",3,"2018-07-23",NA
"1407","LEICESTERSHIRE","Private","1276249",3,"2018-05-29",NA
"1408","DURHAM","Private","1276421",3,"2018-08-16",NA
"1409","KENT","Private","1276442",3,"2018-09-13",NA
"1410","STAFFORDSHIRE","Private","1276706",4,"2018-07-05","2020-06-18"
"1411","CORNWALL","Private","1276719",3,"2018-05-16",NA
"1412","STAFFORDSHIRE","Private","1276911",2,"2018-10-29",NA
"1413","NOTTINGHAM","Local Authority","1277041",2,"2018-06-12",NA
"1414","CORNWALL","Private","1277045",4,"2018-08-03",NA
"1415","WIGAN","Private","1277049",2,"2018-07-26",NA
"1416","CALDERDALE","Private","1277079",2,"2018-04-16",NA
"1417","BLACKPOOL","Private","1277158",2,"2018-06-28",NA
"1418","PLYMOUTH","Private","1277304",2,"2018-05-08",NA
"1419","NORTH YORKSHIRE","Private","1277380",5,"2018-06-22",NA
"1420","WOLVERHAMPTON","Private","1277449",5,"2018-10-24","2021-10-22"
"1421","BUCKINGHAMSHIRE","Local Authority","1277453",5,"2018-07-12",NA
"1422","NORTHAMPTONSHIRE","Private","1277479",2,"2018-07-04",NA
"1423","LANCASHIRE","Private","1277497",4,"2018-06-15",NA
"1424","WORCESTERSHIRE","Private","1277552",2,"2018-06-13",NA
"1425","SOMERSET","Private","1277584",3,"2018-05-21",NA
"1426","ST HELENS","Private","1277656",3,"2018-09-17",NA
"1427","NOTTINGHAMSHIRE","Private","1277726",6,"2018-06-25",NA
"1428","GLOUCESTERSHIRE","Private","1277861",5,"2018-06-06",NA
"1429","NORFOLK","Private","1278017",8,"2018-11-02",NA
"1430","DEVON","Private","1278020",3,"2018-07-10",NA
"1431","SEFTON","Private","1278022",2,"2018-05-18",NA
"1432","GREENWICH","Private","1278087",5,"2018-07-19","2020-02-01"
"1433","HARTLEPOOL","Private","1278217",2,"2018-12-19",NA
"1434","BIRMINGHAM","Private","1278421",4,"2018-09-06",NA
"1435","NORTHAMPTONSHIRE","Private","1278708",1,"2018-07-27",NA
"1436","OLDHAM","Private","1278753",3,"2018-09-06",NA
"1437","COVENTRY","Local Authority","1278806",4,"2018-09-06",NA
"1438","ESSEX","Private","1278873",6,"2018-09-24",NA
"1439","BRENT","Private","1278959",5,"2018-05-15",NA
"1440","DERBYSHIRE","Private","1278966",6,"2018-08-20",NA
"1441","SUNDERLAND","Private","1278967",7,"2018-10-03","2019-01-01"
"1442","LANCASHIRE","Local Authority","1278968",4,"2018-08-10",NA
"1443","STAFFORDSHIRE","Private","1280210",2,"2018-08-02",NA
"1444","LEICESTERSHIRE","Private","1280237",3,"2018-10-01","2021-10-16"
"1445","OLDHAM","Private","1280370",2,"2018-07-16",NA
"1446","OLDHAM","Private","1280371",2,"2018-07-16",NA
"1447","WIGAN","Private","1280412",4,"2018-06-25",NA
"1448","GLOUCESTERSHIRE","Private","1280578",6,"2018-06-29",NA
"1449","WOLVERHAMPTON","Private","1280623",3,"2018-10-16",NA
"1450","STAFFORDSHIRE","Private","1280629",3,"2018-08-01",NA
"1451","BRIGHTON AND HOVE","Private","2483691",6,"2018-08-30",NA
"1452","LEICESTERSHIRE","Private","2483693",3,"2018-07-22",NA
"1453","WEST BERKSHIRE","Private","2483715",5,"2018-07-26",NA
"1454","STOCKTON ON TEES","Private","2483718",5,"2018-11-08",NA
"1455","WARWICKSHIRE","Private","2483720",7,"2018-12-05","2020-09-04"
"1456","WIRRAL","Private","2483789",3,"2018-08-30",NA
"1457","LEICESTERSHIRE","Private","2483823",3,"2018-10-29",NA
"1458","WAKEFIELD","Private","2483830",3,"2018-10-17",NA
"1459","LEICESTER","Private","2483881",5,"2018-08-23",NA
"1460","LINCOLNSHIRE","Private","2484055",4,"2018-08-21",NA
"1461","TELFORD AND WREKIN","Private","2484180",4,"2018-10-19",NA
"1462","WALSALL","Private","2484435",3,"2018-11-04","2021-09-22"
"1463","STOKE ON TRENT","Local Authority","2484441",2,"2018-08-06",NA
"1464","SOMERSET","Private","2484443",3,"2018-08-20",NA
"1465","STOKE ON TRENT","Local Authority","2484586",2,"2018-08-06",NA
"1466","WORCESTERSHIRE","Local Authority","2484626",6,"2018-12-17","2020-05-07"
"1467","BURY","Private","2484682",3,"2018-08-06",NA
"1468","LIVERPOOL","Private","2484696",4,"2018-11-30","2020-02-12"
"1469","STAFFORDSHIRE","Private","2490695",3,"2018-12-10","2019-11-11"
"1470","LANCASHIRE","Private","2490697",2,"2018-10-12","2021-06-25"
"1471","OLDHAM","Private","2490784",4,"2018-08-28","2020-07-29"
"1472","HARTLEPOOL","Local Authority","2490894",2,"2019-03-19",NA
"1473","HILLINGDON","Local Authority","2490938",5,"2018-08-07",NA
"1474","NOTTINGHAMSHIRE","Private","2490994",3,"2019-02-13",NA
"1475","KIRKLEES","Private","2490996",3,"2018-10-09",NA
"1476","BLACKPOOL","Private","2490998",4,"2018-11-29",NA
"1477","LEICESTERSHIRE","Private","2490999",3,"2018-10-04",NA
"1478","NOTTINGHAM","Private","2491037",3,"2018-12-03","2023-01-13"
"1479","SOMERSET","Private","2491059",3,"2018-10-15",NA
"1480","HERTFORDSHIRE","Private","2491062",2,"2018-10-25",NA
"1481","WAKEFIELD","Private","2494551",7,"2018-11-19",NA
"1482","WARRINGTON","Private","2494662",3,"2019-01-29",NA
"1483","SANDWELL","Private","2494873",3,"2018-12-11",NA
"1484","WOLVERHAMPTON","Private","2494881",3,"2019-01-11","2021-09-28"
"1485","KIRKLEES","Private","2494962",4,"2019-01-09",NA
"1486","HALTON","Private","2495335",4,"2018-10-12",NA
"1487","NORTHAMPTONSHIRE","Private","2495371",3,"2018-10-10",NA
"1488","WANDSWORTH","Voluntary","2495375",9,"2018-11-19",NA
"1489","HERTFORDSHIRE","Voluntary","2495377",58,"2018-09-26",NA
"1490","LANCASHIRE","Private","2495397",2,"2018-10-03",NA
"1491","DERBYSHIRE","Private","2495504",1,"2018-10-09",NA
"1492","BLACKPOOL","Private","2495513",3,"2018-12-18",NA
"1493","LEICESTERSHIRE","Private","2495951",3,"2018-10-16",NA
"1494","STAFFORDSHIRE","Private","2495967",3,"2019-03-11",NA
"1495","SEFTON","Private","2496251",4,"2018-11-05",NA
"1496","GATESHEAD","Private","2496625",2,"2018-11-06",NA
"1497","DURHAM","Private","2496627",3,"2018-10-29",NA
"1498","NOTTINGHAM","Private","2496764",3,"2018-11-28",NA
"1499","NORTHUMBERLAND","Private","2496864",2,"2018-09-06",NA
"1500","WOLVERHAMPTON","Private","2497156",4,"2019-01-18","2021-05-14"
"1501","CAMBRIDGESHIRE","Private","2497538",5,"2019-02-15",NA
"1502","MANCHESTER","Private","2498911",2,"2018-12-17","2020-12-02"
"1503","DERBYSHIRE","Private","2500044",2,"2018-12-13",NA
"1504","LIVERPOOL","Private","2500668",3,"2018-10-03",NA
"1505","NOTTINGHAMSHIRE","Private","2501397",1,"2018-12-03",NA
"1506","SHROPSHIRE","Private","2501555",15,"2019-03-04",NA
"1507","STAFFORDSHIRE","Private","2501566",3,"2019-02-21",NA
"1508","LINCOLNSHIRE","Private","2502009",6,"2019-03-22","2020-11-25"
"1509","DURHAM","Private","2502176",3,"2019-01-04",NA
"1510","SHROPSHIRE","Private","2502314",3,"2019-01-29",NA
"1511","READING","Voluntary","2502333",7,"2018-11-29",NA
"1512","READING","Voluntary","2502334",5,"2018-11-29",NA
"1513","SURREY","Voluntary","2502382",40,"2018-10-30",NA
"1514","NORTHAMPTONSHIRE","Private","2502918",2,"2019-01-21",NA
"1515","DUDLEY","Private","2503031",3,"2019-01-30",NA
"1516","STAFFORDSHIRE","Private","2503076",3,"2019-02-17",NA
"1517","SEFTON","Private","2503574",3,"2019-03-15",NA
"1518","BIRMINGHAM","Local Authority","2503598",5,"2019-03-20",NA
"1519","WALSALL","Private","2503605",6,"2018-12-20",NA
"1520","LANCASHIRE","Private","2504082",2,"2019-02-07",NA
"1521","WARRINGTON","Private","2504093",5,"2019-01-24",NA
"1522","LEICESTERSHIRE","Private","2504494",3,"2019-02-20",NA
"1523","HAMPSHIRE","Private","2504775",4,"2019-02-12",NA
"1524","LINCOLNSHIRE","Private","2505378",3,"2019-01-19",NA
"1525","DERBYSHIRE","Local Authority","2506082",5,"2018-12-13","2021-08-31"
"1526","ISLINGTON","Private","2506101",5,"2019-03-28",NA
"1527","HAMPSHIRE","Private","2506232",3,"2019-02-13",NA
"1528","CUMBRIA","Private","2506856",3,"2019-01-22",NA
"1529","SHROPSHIRE","Private","2507038",18,"2019-03-04","2021-04-27"
"1530","WORCESTERSHIRE","Private","2507391",4,"2019-03-10","2021-08-09"
"1531","SOMERSET","Private","2507631",4,"2019-01-04",NA
"1532","COVENTRY","Local Authority","2507724",4,"2019-03-15",NA
"1533","BLACKPOOL","Private","2508153",2,"2019-02-05",NA
"1534","DERBYSHIRE","Local Authority","2508344",2,"2019-03-21",NA
"1535","HAMPSHIRE","Local Authority","2508451",4,"2018-12-17",NA
"1536","CUMBRIA","Local Authority","2508513",6,"2019-01-22",NA
"1537","NOTTINGHAMSHIRE","Private","2508525",4,"2019-02-28",NA
"1538","LANCASHIRE","Private","2509269",3,"2019-01-31",NA
"1539","CALDERDALE","Private","2509280",2,"2019-03-05",NA
"1540","WAKEFIELD","Private","2509298",7,"2019-03-05",NA
"1541","WARWICKSHIRE","Private","2509300",7,"2019-03-25",NA
"1542","NORTH YORKSHIRE","Private","2509365",2,"2019-03-18",NA
"1543","WAKEFIELD","Private","2509366",2,"2019-03-18",NA
"1544","WIGAN","Private","2509452",3,"2019-03-11",NA
"1545","KENT","Private","2509473",4,"2019-02-12",NA
"1546","STOCKPORT","Private","2509670",4,"2019-03-28",NA
"1547","SOMERSET","Private","2509684",4,"2018-11-30",NA
"1548","BOLTON","Private","2509838",3,"2019-02-13",NA
"1549","HERTFORDSHIRE","Voluntary","2510323",5,"2019-03-25",NA
"1550","ISLE OF WIGHT","Private","2510324",4,"2019-03-13","2022-07-04"
"1551","PLYMOUTH","Private","2511289",1,"2019-01-21",NA
"1552","LANCASHIRE","Private","2511614",3,"2019-02-20",NA
"1553","DERBY","Private","2512898",2,"2019-03-19",NA
"1554","CENTRAL BEDFORDSHIRE","Local Authority","2513339",5,"2019-01-28",NA
"1555","HAMPSHIRE","Private","2514259",2,"2019-03-26",NA
"1556","NORTHAMPTONSHIRE","Private","2515380",2,"2019-02-11",NA
"1557","COVENTRY","Private","2515609",2,"2019-02-21",NA
"1558","KINGSTON UPON HULL","Local Authority","2517046",1,"2019-02-01",NA
"1559","DURHAM","Private","2517184",2,"2019-03-21",NA
"1560","CUMBRIA","Private","2526921",5,"2019-03-07","2022-06-01"
"1561","DEVON","Local Authority","2529648",3,"2019-03-18",NA
"1562","DEVON","Local Authority","2529667",4,"2019-03-15",NA
"1563","DEVON","Local Authority","2529785",5,"2019-03-15",NA
"1564","DEVON","Local Authority","2530021",3,"2019-03-15",NA
"1565","TELFORD AND WREKIN","Private","1277734",3,"2019-06-10",NA
"1566","STAFFORDSHIRE","Private","1280478",2,"2019-11-23",NA
"1567","NORTH YORKSHIRE","Voluntary","2484136",5,"2019-07-17","2020-08-28"
"1568","STAFFORDSHIRE","Private","2490729",3,"2019-06-11",NA
"1569","STAFFORDSHIRE","Private","2490939",1,"2019-07-11",NA
"1570","WOLVERHAMPTON","Local Authority","2496288",4,"2019-06-13","2021-08-27"
"1571","BIRMINGHAM","Private","2497049",2,"2019-04-03",NA
"1572","WORCESTERSHIRE","Local Authority","2498466",4,"2019-04-03","2019-10-01"
"1573","KENT","Private","2501791",3,"2019-07-12",NA
"1574","ENFIELD","Private","2503142",4,"2019-04-10",NA
"1575","ENFIELD","Private","2503143",4,"2019-10-04",NA
"1576","LINCOLNSHIRE","Private","2503306",6,"2019-05-29",NA
"1577","ST HELENS","Private","2503316",4,"2019-05-07","2020-08-26"
"1578","WORCESTERSHIRE","Private","2503710",4,"2019-04-04",NA
"1579","STAFFORDSHIRE","Private","2503915",3,"2019-06-11",NA
"1580","HARROW","Private","2505172",2,"2019-04-09",NA
"1581","LEICESTER","Voluntary","2507350",3,"2019-04-09",NA
"1582","SHROPSHIRE","Private","2507361",2,"2019-04-09",NA
"1583","STAFFORDSHIRE","Private","2507393",2,"2019-09-05",NA
"1584","BLACKPOOL","Private","2507889",1,"2019-05-07",NA
"1585","STAFFORDSHIRE","Private","2508456",3,"2019-04-24",NA
"1586","STAFFORDSHIRE","Private","2508545",2,"2019-05-13","2023-02-27"
"1587","LANCASHIRE","Private","2508601",3,"2019-04-11",NA
"1588","WAKEFIELD","Private","2509367",3,"2019-03-22",NA
"1589","LIVERPOOL","Private","2509381",2,"2019-07-11",NA
"1590","STAFFORDSHIRE","Private","2509731",3,"2019-04-08",NA
"1591","WARRINGTON","Private","2509800",2,"2019-08-21",NA
"1592","ST HELENS","Private","2509802",3,"2019-08-26",NA
"1593","BIRMINGHAM","Private","2510090",3,"2019-06-28","2020-10-09"
"1594","WALSALL","Voluntary","2510199",4,"2019-06-01",NA
"1595","BLACKPOOL","Private","2510201",2,"2019-05-07",NA
"1596","PETERBOROUGH","Private","2510315",3,"2019-06-10",NA
"1597","BIRMINGHAM","Private","2510328",3,"2019-04-30",NA
"1598","BURY","Private","2510604",4,"2019-07-04",NA
"1599","SEFTON","Private","2510737",2,"2019-05-17",NA
"1600","LANCASHIRE","Private","2510847",1,"2019-04-17",NA
"1601","ST HELENS","Private","2511605",1,"2019-05-01","2020-03-11"
"1602","WIGAN","Private","2511606",1,"2019-04-24","2020-03-11"
"1603","ST HELENS","Private","2511607",1,"2019-05-01","2020-02-14"
"1604","WIGAN","Private","2511608",1,"2019-04-24","2020-03-11"
"1605","BOLTON","Private","2511609",1,"2019-10-17","2020-03-11"
"1606","ST HELENS","Private","2511611",1,"2019-05-01","2020-02-14"
"1607","ST HELENS","Private","2511612",1,"2019-05-01","2020-02-14"
"1608","LANCASHIRE","Private","2511662",2,"2019-05-27",NA
"1609","WOLVERHAMPTON","Private","2513340",4,"2020-01-13",NA
"1610","HEREFORDSHIRE","Private","2513341",5,"2019-08-06",NA
"1611","CALDERDALE","Private","2514770",2,"2019-04-17",NA
"1612","OXFORDSHIRE","Private","2515370",2,"2019-04-23",NA
"1613","STAFFORDSHIRE","Private","2515613",2,"2019-04-07",NA
"1614","BLACKPOOL","Private","2516349",2,"2019-08-13",NA
"1615","BIRMINGHAM","Private","2516553",3,"2019-05-02",NA
"1616","BARNSLEY","Private","2516658",1,"2019-08-30","2022-01-31"
"1617","WORCESTERSHIRE","Local Authority","2516984",5,"2019-06-05",NA
"1618","LEWISHAM","Private","2517054",4,"2020-02-11",NA
"1619","BUCKINGHAMSHIRE","Local Authority","2517299",5,"2019-05-04",NA
"1620","BLACKPOOL","Private","2517429",2,"2019-09-21",NA
"1621","DERBYSHIRE","Private","2517433",4,"2019-08-02","2021-05-31"
"1622","EAST RIDING OF YORKSHIRE","Private","2517443",1,"2020-02-11","2022-06-21"
"1623","GATESHEAD","Private","2519081",5,"2019-06-06",NA
"1624","STAFFORDSHIRE","Private","2519084",3,"2019-05-14","2021-06-11"
"1625","LANCASHIRE","Private","2519196",3,"2019-10-23",NA
"1626","GLOUCESTERSHIRE","Private","2519199",15,"2019-05-02","2020-10-30"
"1627","WILTSHIRE","Private","2519260",3,"2019-05-15",NA
"1628","ST HELENS","Private","2519266",1,"2019-06-18","2020-03-11"
"1629","WOLVERHAMPTON","Private","2519269",2,"2019-07-05",NA
"1630","TAMESIDE","Private","2519592",4,"2019-04-08",NA
"1631","BIRMINGHAM","Private","2519919",3,"2019-10-01",NA
"1632","STOCKTON ON TEES","Private","2520922",6,"2019-06-06",NA
"1633","LANCASHIRE","Private","2521953",2,"2019-10-01",NA
"1634","SUNDERLAND","Voluntary","2522240",8,"2019-05-09",NA
"1635","PETERBOROUGH","Private","2522796",6,"2019-07-05",NA
"1636","BIRMINGHAM","Private","2523025",6,"2019-07-09",NA
"1637","READING","Private","2523027",5,"2019-07-08",NA
"1638","BLACKPOOL","Private","2523028",1,"2019-05-28",NA
"1639","LINCOLNSHIRE","Private","2523030",16,"2019-05-23",NA
"1640","KENT","Private","2523034",3,"2019-07-12",NA
"1641","BLACKPOOL","Private","2523036",2,"2019-07-04",NA
"1642","CALDERDALE","Private","2523037",2,"2019-04-17",NA
"1643","ESSEX","Private","2525634",5,"2019-04-18",NA
"1644","OLDHAM","Private","2525774",4,"2019-05-28",NA
"1645","WORCESTERSHIRE","Private","2525807",4,"2019-07-26",NA
"1646","WARWICKSHIRE","Private","2525831",4,"2019-06-06","2021-05-10"
"1647","CHESHIRE EAST","Private","2526004",6,"2019-04-24",NA
"1648","ESSEX","Private","2526435",3,"2019-07-04",NA
"1649","STAFFORDSHIRE","Private","2526875",5,"2019-08-30",NA
"1650","STOKE ON TRENT","Private","2526893",4,"2019-10-03",NA
"1651","CUMBRIA","Private","2526920",5,"2019-04-24","2022-08-30"
"1652","HERTFORDSHIRE","Private","2526987",2,"2019-06-18",NA
"1653","KIRKLEES","Private","2526992",2,"2019-09-01",NA
"1654","DEVON","Private","2527312",2,"2019-07-22",NA
"1655","LANCASHIRE","Private","2527558",5,"2020-01-30","2022-05-13"
"1656","WIRRAL","Private","2527654",2,"2019-07-05",NA
"1657","LANCASHIRE","Private","2527860",1,"2019-07-24",NA
"1658","LANCASHIRE","Private","2528141",1,"2019-06-03",NA
"1659","REDBRIDGE","Private","2528264",5,"2019-08-09",NA
"1660","DEVON","Private","2528486",3,"2019-05-02",NA
"1661","SUFFOLK","Private","2528516",6,"2019-05-30",NA
"1662","CALDERDALE","Private","2528634",3,"2019-05-20",NA
"1663","BLACKPOOL","Private","2529355",1,"2019-08-13",NA
"1664","COVENTRY","Local Authority","2529639",4,"2019-08-06",NA
"1665","SUFFOLK","Private","2529815",4,"2019-08-06",NA
"1666","LEEDS","Private","2530059",2,"2019-07-30",NA
"1667","NEWCASTLE UPON TYNE","Local Authority","2530086",3,"2019-06-25",NA
"1668","NORTHUMBERLAND","Private","2530253",5,"2019-08-12",NA
"1669","STOKE ON TRENT","Private","2530437",3,"2020-01-30","2021-12-18"
"1670","SOMERSET","Private","2530801",8,"2019-06-25","2021-04-23"
"1671","COVENTRY","Private","2530832",4,"2019-07-11",NA
"1672","CORNWALL","Voluntary","2530977",6,"2019-05-31","2022-02-15"
"1673","CAMBRIDGESHIRE","Private","2531620",4,"2019-06-11",NA
"1674","KIRKLEES","Private","2531755",4,"2019-08-20",NA
"1675","LANCASHIRE","Private","2531920",4,"2019-05-01","2020-04-30"
"1676","LANCASHIRE","Private","2531921",4,"2019-05-01",NA
"1677","LANCASHIRE","Private","2532036",3,"2019-05-01",NA
"1678","NORFOLK","Private","2532131",6,"2019-07-12",NA
"1679","NORTHAMPTONSHIRE","Private","2532139",3,"2019-05-28",NA
"1680","BARKING AND DAGENHAM","Private","2532471",4,"2019-10-07",NA
"1681","SUFFOLK","Private","2532532",2,"2019-07-18",NA
"1682","NOTTINGHAM","Private","2532661",3,"2019-08-13",NA
"1683","KIRKLEES","Local Authority","2532840",8,"2019-05-08","2020-02-09"
"1684","BIRMINGHAM","Private","2533064",3,"2019-10-01",NA
"1685","STOCKTON ON TEES","Private","2533483",5,"2019-08-02",NA
"1686","LANCASHIRE","Private","2533956",4,"2019-05-29",NA
"1687","DURHAM","Private","2534102",4,"2019-08-01",NA
"1688","LANCASHIRE","Private","2534179",2,"2019-06-20",NA
"1689","DERBYSHIRE","Private","2534185",4,"2019-10-26",NA
"1690","SHROPSHIRE","Local Authority","2534215",1,"2019-10-08","2023-01-12"
"1691","BOLTON","Private","2534233",1,"2019-06-27","2020-03-15"
"1692","LANCASHIRE","Private","2534436",3,"2019-07-15",NA
"1693","LANCASHIRE","Private","2534580",2,"2019-08-21",NA
"1694","TORBAY","Private","2534589",3,"2019-09-02",NA
"1695","STAFFORDSHIRE","Private","2534596",3,"2019-09-17","2020-07-15"
"1696","WEST BERKSHIRE","Private","2534684",5,"2019-10-02",NA
"1697","NOTTINGHAMSHIRE","Private","2534696",2,"2019-06-12",NA
"1698","CENTRAL BEDFORDSHIRE","Private","2534827",4,"2019-06-20",NA
"1699","LANCASHIRE","Private","2534829",2,"2019-08-23",NA
"1700","WILTSHIRE","Private","2535166",3,"2019-08-06",NA
"1701","CAMDEN","Private","2535376",3,"2019-08-01",NA
"1702","HAVERING","Private","2535887",4,"2019-08-02",NA
"1703","ST HELENS","Private","2536395",2,"2019-06-03",NA
"1704","CENTRAL BEDFORDSHIRE","Private","2536455",5,"2019-08-15","2022-09-13"
"1705","WIGAN","Private","2536761",4,"2019-08-15",NA
"1706","KENT","Local Authority","2536967",3,"2019-12-24",NA
"1707","LANCASHIRE","Private","2537058",4,"2019-07-26",NA
"1708","BLACKPOOL","Private","2537060",2,"2019-08-22",NA
"1709","NORTH SOMERSET","Voluntary","2537149",4,"2019-09-05",NA
"1710","NOTTINGHAMSHIRE","Private","2537252",2,"2019-06-12",NA
"1711","NEWCASTLE UPON TYNE","Local Authority","2537322",1,"2019-10-17",NA
"1712","STAFFORDSHIRE","Private","2537375",3,"2019-08-09",NA
"1713","NORFOLK","Private","2537782",6,"2019-10-18",NA
"1714","LANCASHIRE","Private","2537801",3,"2019-09-13",NA
"1715","SOMERSET","Private","2538055",2,"2019-08-23",NA
"1716","LANCASHIRE","Private","2538285",6,"2019-11-26",NA
"1717","STOKE ON TRENT","Local Authority","2538287",2,"2019-07-10",NA
"1718","SHROPSHIRE","Voluntary","2538785",7,"2019-10-01",NA
"1719","NOTTINGHAMSHIRE","Private","2539201",3,"2019-08-28",NA
"1720","PLYMOUTH","Private","2539305",1,"2019-07-26",NA
"1721","WAKEFIELD","Private","2539587",8,"2019-09-04",NA
"1722","DERBYSHIRE","Private","2539688",3,"2019-07-12","2022-11-22"
"1723","CHESHIRE EAST","Private","2540073",5,"2019-10-14",NA
"1724","REDBRIDGE","Private","2540285",8,"2019-08-02",NA
"1725","WIRRAL","Private","2540658",3,"2019-09-05",NA
"1726","LINCOLNSHIRE","Private","2540927",3,"2019-07-24",NA
"1727","TRAFFORD","Private","2541033",5,"2019-09-05",NA
"1728","STAFFORDSHIRE","Private","2541440",3,"2020-02-10",NA
"1729","CHESHIRE EAST","Voluntary","2541449",3,"2020-01-13",NA
"1730","LIVERPOOL","Private","2541467",4,"2019-12-16",NA
"1731","NORTHAMPTONSHIRE","Private","2541993",4,"2020-01-06",NA
"1732","MANCHESTER","Private","2542024",2,"2019-08-30",NA
"1733","WAKEFIELD","Local Authority","2542730",2,"2019-09-02",NA
"1734","HALTON","Private","2542813",1,"2019-09-27",NA
"1735","STAFFORDSHIRE","Private","2543081",3,"2019-08-22",NA
"1736","LANCASHIRE","Private","2543640",3,"2019-10-28",NA
"1737","NOTTINGHAMSHIRE","Private","2544217",5,"2019-07-18",NA
"1738","WAKEFIELD","Local Authority","2544274",2,"2019-09-02",NA
"1739","ESSEX","Private","2544803",4,"2019-09-06",NA
"1740","SUNDERLAND","Private","2544851",3,"2019-12-04",NA
"1741","EALING","Private","2544885",4,"2019-08-01",NA
"1742","NORTHAMPTONSHIRE","Private","2545027",3,"2019-09-20",NA
"1743","CHESHIRE WEST AND CHESTER","Private","2545082",2,"2019-09-05",NA
"1744","WORCESTERSHIRE","Local Authority","2545130",2,"2019-09-04","2020-11-01"
"1745","LANCASHIRE","Private","2545733",4,"2019-10-23",NA
"1746","BIRMINGHAM","Private","2546172",3,"2019-11-12",NA
"1747","ESSEX","Private","2546196",6,"2019-09-26",NA
"1748","WOLVERHAMPTON","Private","2546474",3,"2020-01-09",NA
"1749","WEST BERKSHIRE","Private","2546476",6,"2019-11-03",NA
"1750","DEVON","Private","2546960",2,"2019-08-14",NA
"1751","CROYDON","Private","2547511",3,"2020-02-21",NA
"1752","LEWISHAM","Private","2547560",3,"2019-10-30",NA
"1753","LEWISHAM","Private","2547637",3,"2019-11-01",NA
"1754","LANCASHIRE","Private","2547761",3,"2020-02-09",NA
"1755","SEFTON","Private","2547837",3,"2019-12-17",NA
"1756","BIRMINGHAM","Private","2547918",3,"2020-03-12",NA
"1757","SOMERSET","Private","2547967",2,"2019-10-04",NA
"1758","BIRMINGHAM","Private","2548333",4,"2020-01-24",NA
"1759","NEWHAM","Private","2548334",3,"2019-08-14",NA
"1760","CHESHIRE EAST","Private","2548403",5,"2019-10-30",NA
"1761","BUCKINGHAMSHIRE","Private","2548418",4,"2019-10-08",NA
"1762","ROCHDALE","Private","2548528",4,"2019-08-12",NA
"1763","WORCESTERSHIRE","Private","2548567",8,"2019-10-01","2021-08-20"
"1764","WORCESTERSHIRE","Private","2548569",4,"2019-10-01","2022-12-08"
"1765","WORCESTERSHIRE","Private","2548571",4,"2019-10-01",NA
"1766","DEVON","Private","2549629",3,"2020-03-09",NA
"1767","WORCESTERSHIRE","Private","2549709",4,"2019-10-01","2021-07-30"
"1768","WORCESTERSHIRE","Private","2549726",4,"2019-10-01",NA
"1769","LANCASHIRE","Private","2550015",3,"2019-11-04",NA
"1770","KINGSTON UPON HULL","Local Authority","2550526",1,"2019-08-29",NA
"1771","ROTHERHAM","Private","2550830",5,"2020-01-10",NA
"1772","HAMPSHIRE","Private","2551007",6,"2020-01-15",NA
"1773","NEWCASTLE UPON TYNE","Private","2552036",4,"2020-01-13",NA
"1774","MERTON","Private","2552579",4,"2019-11-19",NA
"1775","SUFFOLK","Private","2552727",3,"2019-12-02",NA
"1776","CHESHIRE EAST","Private","2553274",6,"2020-02-19",NA
"1777","WIGAN","Private","2553536",4,"2019-11-22",NA
"1778","NORTHAMPTONSHIRE","Private","2553861",3,"2019-11-27",NA
"1779","CHESHIRE EAST","Private","2554918",3,"2019-11-19",NA
"1780","BIRMINGHAM","Private","2556128",4,"2019-12-06",NA
"1781","NORTHAMPTONSHIRE","Private","2556338",2,"2019-11-21",NA
"1782","NOTTINGHAMSHIRE","Private","2556340",2,"2019-10-14",NA
"1783","WARRINGTON","Private","2556596",2,"2019-11-26",NA
"1784","TAMESIDE","Private","2557152",3,"2019-11-19",NA
"1785","WORCESTERSHIRE","Private","2557361",4,"2019-10-01",NA
"1786","LEICESTERSHIRE","Private","2557603",3,"2019-10-27",NA
"1787","BIRMINGHAM","Private","2557914",3,"2020-02-14",NA
"1788","GLOUCESTERSHIRE","Private","2557920",4,"2019-11-12",NA
"1789","DERBYSHIRE","Private","2558515",4,"2019-12-19",NA
"1790","BLACKPOOL","Private","2558681",3,"2020-03-03",NA
"1791","SHROPSHIRE","Local Authority","2558682",2,"2020-02-14",NA
"1792","REDBRIDGE","Private","2559019",5,"2019-11-01",NA
"1793","CUMBRIA","Private","2559023",2,"2020-03-04",NA
"1794","SANDWELL","Private","2560305",3,"2020-01-31",NA
"1795","KIRKLEES","Private","2560639",3,"2019-11-28",NA
"1796","STAFFORDSHIRE","Private","2560648",3,"2019-12-17",NA
"1797","DERBY","Private","2561020",5,"2019-11-14",NA
"1798","EAST RIDING OF YORKSHIRE","Private","2561726",2,"2020-02-11",NA
"1799","CHESHIRE EAST","Private","2561970",3,"2020-01-13",NA
"1800","BEXLEY","Private","2562430",3,"2020-02-18",NA
"1801","STAFFORDSHIRE","Private","2562531",4,"2019-12-02",NA
"1802","WOLVERHAMPTON","Private","2562675",2,"2020-01-15",NA
"1803","ESSEX","Private","2562677",3,"2020-01-27",NA
"1804","ROTHERHAM","Private","2562678",3,"2020-01-13",NA
"1805","NORTH EAST LINCOLNSHIRE","Local Authority","2563216",4,"2019-11-21",NA
"1806","WALTHAM FOREST","Local Authority","2563530",8,"2020-01-13",NA
"1807","ROCHDALE","Private","2563544",3,"2020-02-20",NA
"1808","SHROPSHIRE","Private","2563818",3,"2020-01-03",NA
"1809","DONCASTER","Private","2564769",4,"2020-03-04","2022-06-09"
"1810","STAFFORDSHIRE","Private","2565231",3,"2020-03-26",NA
"1811","LEICESTERSHIRE","Private","2565421",4,"2020-01-16",NA
"1812","THURROCK","Private","2565542",2,"2019-12-19",NA
"1813","MIDDLESBROUGH","Local Authority","2565716",4,"2019-11-26",NA
"1814","CROYDON","Private","2566238",3,"2020-02-18",NA
"1815","NORFOLK","Private","2566488",4,"2020-03-18",NA
"1816","PLYMOUTH","Private","2567039",3,"2020-01-10",NA
"1817","BRENT","Private","2567267",4,"2020-03-18",NA
"1818","MIDDLESBROUGH","Local Authority","2567557",2,"2020-03-04",NA
"1819","LEICESTERSHIRE","Private","2567607",7,"2020-02-03",NA
"1820","BRISTOL","Local Authority","2567722",2,"2020-01-07",NA
"1821","SOMERSET","Private","2568010",4,"2020-03-13",NA
"1822","STOCKTON ON TEES","Local Authority","2568244",5,"2020-03-16",NA
"1823","BIRMINGHAM","Private","2568363",2,"2020-02-12",NA
"1824","DEVON","Private","2568557",3,"2020-01-13",NA
"1825","DONCASTER","Private","2569163",3,"2020-03-13",NA
"1826","ENFIELD","Private","2569345",6,"2020-01-29",NA
"1827","KINGSTON UPON HULL","Local Authority","2569527",1,"2019-12-18",NA
"1828","TELFORD AND WREKIN","Private","2569994",2,"2020-02-14",NA
"1829","HAMPSHIRE","Private","2570071",6,"2020-02-26",NA
"1830","LINCOLNSHIRE","Private","2570253",5,"2020-03-10",NA
"1831","GATESHEAD","Local Authority","2570947",6,"2020-01-28",NA
"1832","DERBYSHIRE","Private","2571256",1,"2020-03-10",NA
"1833","ESSEX","Private","2571480",5,"2020-01-27",NA
"1834","KIRKLEES","Private","2571759",4,"2020-02-11",NA
"1835","NORTHAMPTONSHIRE","Local Authority","2571870",2,"2020-01-13","2020-10-31"
"1836","DURHAM","Private","2571902",2,"2020-03-24",NA
"1837","WILTSHIRE","Local Authority","2572121",3,"2020-03-06","2023-01-13"
"1838","TELFORD AND WREKIN","Private","2572132",3,"2020-03-09","2022-01-10"
"1839","STAFFORDSHIRE","Private","2572133",4,"2020-01-28",NA
"1840","NORTHAMPTONSHIRE","Local Authority","2572248",4,"2020-02-10","2020-10-31"
"1841","DEVON","Private","2572552",1,"2020-03-26",NA
"1842","DEVON","Private","2573614",2,"2020-03-13",NA
"1843","CUMBRIA","Local Authority","2574119",4,"2020-02-19",NA
"1844","GLOUCESTERSHIRE","Private","2575004",6,"2020-03-31","2021-09-06"
"1845","SWINDON","Private","2575788",3,"2020-03-11",NA
"1846","DERBYSHIRE","Private","2577018",3,"2020-01-13","2021-05-13"
"1847","DEVON","Private","2578677",3,"2020-03-09",NA
"1848","ROCHDALE","Private","2581296",1,"2020-03-04",NA
"1849","LANCASHIRE","Private","2582246",2,"2020-03-04",NA
"1850","LANCASHIRE","Private","2582247",2,"2020-03-04",NA
"1851","BURY","Private","2582248",2,"2020-03-04",NA
"1852","ROCHDALE","Private","2582250",2,"2020-03-04",NA
"1853","BURY","Private","2582337",4,"2020-03-04",NA
"1854","DURHAM","Private","2509892",3,"2020-07-16",NA
"1855","HAMPSHIRE","Private","2529331",5,"2020-05-01",NA
"1856","EAST RIDING OF YORKSHIRE","Private","2538267",1,"2020-07-06",NA
"1857","OXFORDSHIRE","Private","2539752",4,"2020-04-16",NA
"1858","BUCKINGHAMSHIRE","Private","2543427",4,"2020-04-15",NA
"1859","EAST RIDING OF YORKSHIRE","Private","2544219",2,"2020-07-06",NA
"1860","STAFFORDSHIRE","Private","2547611",5,"2020-06-09",NA
"1861","CHESHIRE WEST AND CHESTER","Local Authority","2547847",2,"2020-05-06",NA
"1862","CHESHIRE EAST","Voluntary","2548260",3,"2020-06-17",NA
"1863","BARNET","Private","2548794",5,"2020-07-02",NA
"1864","BLACKPOOL","Private","2550082",2,"2020-10-19",NA
"1865","OLDHAM","Private","2550622",6,"2020-06-01",NA
"1866","WORCESTERSHIRE","Private","2553111",10,"2020-04-16",NA
"1867","WIGAN","Private","2553543",3,"2020-04-21",NA
"1868","WIRRAL","Private","2554036",2,"2020-06-09",NA
"1869","LINCOLNSHIRE","Private","2555505",15,"2020-04-01",NA
"1870","BLACKPOOL","Private","2557064",2,"2020-08-17",NA
"1871","BEXLEY","Private","2557141",4,"2020-07-13",NA
"1872","MEDWAY","Private","2559013",8,"2021-01-01",NA
"1873","SEFTON","Private","2559317",1,"2020-05-11",NA
"1874","ENFIELD","Private","2561501",4,"2020-04-17",NA
"1875","HALTON","Private","2563164",2,"2020-04-24",NA
"1876","LANCASHIRE","Private","2564415",4,"2020-05-01",NA
"1877","DUDLEY","Voluntary","2566231",1,"2020-06-01","2021-12-20"
"1878","KNOWSLEY","Private","2567272",3,"2020-08-05",NA
"1879","BIRMINGHAM","Private","2567658",2,"2020-06-10","2022-02-11"
"1880","LANCASHIRE","Private","2567789",2,"2020-04-03",NA
"1881","NORTH YORKSHIRE","Private","2567806",2,"2020-05-06",NA
"1882","SUNDERLAND","Private","2569358",3,"2020-05-20",NA
"1883","LINCOLNSHIRE","Private","2569519",5,"2020-04-09","2022-01-10"
"1884","ESSEX","Private","2569520",3,"2020-04-17",NA
"1885","WOLVERHAMPTON","Private","2569705",3,"2020-05-26",NA
"1886","STAFFORDSHIRE","Private","2570055",3,"2020-08-25",NA
"1887","KNOWSLEY","Private","2570070",3,"2020-04-06",NA
"1888","DERBYSHIRE","Private","2570084",1,"2020-12-11",NA
"1889","LANCASHIRE","Private","2570481",3,"2020-05-19","2022-01-28"
"1890","SHROPSHIRE","Private","2570535",4,"2020-05-04",NA
"1891","MANCHESTER","Private","2571031",2,"2020-05-27",NA
"1892","LANCASHIRE","Private","2571033",1,"2020-04-24","2021-12-30"
"1893","MEDWAY","Local Authority","2571557",6,"2020-04-16",NA
"1894","BARNET","Private","2571630",3,"2020-12-19",NA
"1895","MANCHESTER","Private","2571844",3,"2020-05-21","2020-08-12"
"1896","HAMPSHIRE","Private","2571846",5,"2020-06-17",NA
"1897","STAFFORDSHIRE","Private","2573144",2,"2020-05-04",NA
"1898","BRADFORD","Private","2573447",2,"2020-07-23",NA
"1899","ESSEX","Private","2575372",3,"2020-06-12",NA
"1900","WIGAN","Private","2575432",2,"2020-05-01",NA
"1901","DONCASTER","Private","2575463",2,"2020-12-07",NA
"1902","ROTHERHAM","Private","2575551",1,"2021-03-03",NA
"1903","HERTFORDSHIRE","Private","2575713",2,"2020-04-09",NA
"1904","WIRRAL","Private","2575842",4,"2020-07-02","2022-08-17"
"1905","RICHMOND UPON THAMES","Private","2576346",5,"2020-09-21",NA
"1906","STAFFORDSHIRE","Private","2576409",5,"2020-05-13",NA
"1907","NORTHAMPTONSHIRE","Private","2576423",5,"2020-04-27",NA
"1908","ROTHERHAM","Private","2577014",1,"2020-08-12",NA
"1909","REDBRIDGE","Private","2577036",3,"2020-04-08","2021-10-31"
"1910","STAFFORDSHIRE","Private","2577151",4,"2021-02-03",NA
"1911","LANCASHIRE","Private","2577168",4,"2020-05-04",NA
"1912","BRADFORD","Private","2577171",4,"2020-07-02",NA
"1913","COVENTRY","Private","2578355",4,"2020-07-30",NA
"1914","SURREY","Private","2578675",4,"2020-09-07",NA
"1915","DORSET","Private","2579887",2,"2020-06-18",NA
"1916","SHROPSHIRE","Private","2580303",2,"2020-04-24",NA
"1917","LANCASHIRE","Private","2580626",3,"2020-05-04",NA
"1918","NORFOLK","Private","2580887",4,"2020-05-13","2021-12-23"
"1919","SOMERSET","Private","2580890",2,"2020-04-29",NA
"1920","REDCAR AND CLEVELAND","Private","2580899",5,"2020-05-05",NA
"1921","SANDWELL","Private","2581187",4,"2020-08-19","2022-02-24"
"1922","LANCASHIRE","Private","2581237",8,"2020-04-29",NA
"1923","DERBY","Private","2581909",8,"2020-04-09",NA
"1924","DEVON","Voluntary","2583028",4,"2020-04-09",NA
"1925","BEDFORD","Private","2583142",3,"2020-06-17",NA
"1926","LEICESTERSHIRE","Private","2583468",4,"2020-04-09",NA
"1927","LANCASHIRE","Private","2583518",2,"2020-05-25",NA
"1928","REDCAR AND CLEVELAND","Private","2584899",4,"2020-06-18",NA
"1929","SHROPSHIRE","Local Authority","2584908",2,"2020-10-07",NA
"1930","CHESHIRE EAST","Private","2585079",3,"2020-05-28","2022-01-10"
"1931","BUCKINGHAMSHIRE","Private","2585102",3,"2020-08-18",NA
"1932","HAMPSHIRE","Private","2585129",3,"2020-05-06",NA
"1933","LIVERPOOL","Private","2585139",2,"2020-06-22",NA
"1934","SHROPSHIRE","Private","2585407",4,"2020-07-09",NA
"1935","KNOWSLEY","Private","2585541",2,"2020-06-17",NA
"1936","SUNDERLAND","Private","2585926",7,"2020-05-26",NA
"1937","NOTTINGHAM","Private","2585927",2,"2020-05-27","2020-10-20"
"1938","WARWICKSHIRE","Private","2586067",5,"2020-04-20",NA
"1939","BRISTOL","Local Authority","2586752",2,"2020-12-01",NA
"1940","STAFFORDSHIRE","Private","2586943",4,"2020-06-22",NA
"1941","BIRMINGHAM","Private","2586947",3,"2020-07-03",NA
"1942","LANCASHIRE","Private","2586949",3,"2020-04-30",NA
"1943","SALFORD","Private","2586951",3,"2020-05-01",NA
"1944","NOTTINGHAMSHIRE","Private","2586969",1,"2020-04-23",NA
"1945","CHESHIRE EAST","Private","2587047",7,"2020-05-26",NA
"1946","NEWCASTLE UPON TYNE","Private","2587132",2,"2020-07-06",NA
"1947","ROTHERHAM","Private","2587233",1,"2020-07-10",NA
"1948","WORCESTERSHIRE","Local Authority","2587315",4,"2020-11-01",NA
"1949","CHESHIRE WEST AND CHESTER","Private","2587763",4,"2020-07-01",NA
"1950","DERBYSHIRE","Private","2588370",3,"2020-04-14",NA
"1951","CENTRAL BEDFORDSHIRE","Private","2588454",3,"2020-05-19","2020-10-30"
"1952","BOURNEMOUTH CHRISTCHURCH AND POOLE","Private","2588486",3,"2020-05-05",NA
"1953","HAVERING","Private","2588593",4,"2020-05-04",NA
"1954","NOTTINGHAM","Private","2588599",4,"2020-04-24",NA
"1955","KENT","Private","2588753",6,"2020-07-06",NA
"1956","LANCASHIRE","Private","2589392",3,"2020-05-01",NA
"1957","DONCASTER","Private","2589537",3,"2020-06-02",NA
"1958","NOTTINGHAM","Private","2589579",3,"2020-04-17",NA
"1959","LIVERPOOL","Private","2589621",3,"2020-04-27",NA
"1960","KINGSTON UPON HULL","Local Authority","2589771",2,"2020-04-29",NA
"1961","BURY","Private","2590109",3,"2020-06-10",NA
"1962","STOCKPORT","Voluntary","2590128",4,"2020-05-22",NA
"1963","CHESHIRE EAST","Private","2590342",3,"2020-06-17",NA
"1964","STAFFORDSHIRE","Private","2590405",3,"2020-07-13",NA
"1965","STAFFORDSHIRE","Private","2590408",3,"2020-08-19",NA
"1966","LANCASHIRE","Private","2590522",4,"2020-07-20",NA
"1967","HERTFORDSHIRE","Private","2590578",4,"2020-12-04",NA
"1968","SALFORD","Private","2590699",4,"2020-06-10",NA
"1969","LANCASHIRE","Private","2590726",2,"2020-07-14",NA
"1970","LANCASHIRE","Private","2590732",2,"2020-07-09",NA
"1971","EALING","Voluntary","2590824",6,"2020-08-28",NA
"1972","DUDLEY","Private","2590832",3,"2020-09-15",NA
"1973","LEWISHAM","Private","2590934",2,"2020-06-25",NA
"1974","CALDERDALE","Private","2590942",2,"2020-05-04",NA
"1975","NOTTINGHAM","Private","2591033",4,"2020-06-23",NA
"1976","OLDHAM","Private","2591400",3,"2020-05-06",NA
"1977","ESSEX","Private","2591431",8,"2020-07-20",NA
"1978","SUNDERLAND","Private","2591471",2,"2020-11-12",NA
"1979","LANCASHIRE","Private","2591479",3,"2020-08-04",NA
"1980","EAST RIDING OF YORKSHIRE","Private","2591499",3,"2020-11-03",NA
"1981","EAST RIDING OF YORKSHIRE","Private","2591501",2,"2020-07-17",NA
"1982","STAFFORDSHIRE","Private","2591643",3,"2021-01-05",NA
"1983","DEVON","Private","2591688",2,"2020-05-20",NA
"1984","STAFFORDSHIRE","Private","2591708",3,"2020-06-05",NA
"1985","CENTRAL BEDFORDSHIRE","Private","2591822",4,"2020-07-22",NA
"1986","EAST SUSSEX","Private","2591854",5,"2020-08-21",NA
"1987","TAMESIDE","Private","2591888",4,"2020-06-16",NA
"1988","DERBY","Private","2591911",3,"2020-06-16",NA
"1989","WIGAN","Private","2591916",1,"2020-07-20",NA
"1990","KENT","Private","2592030",4,"2020-06-22",NA
"1991","WIRRAL","Private","2592035",4,"2020-06-09",NA
"1992","NORTHAMPTONSHIRE","Private","2592228",2,"2020-07-02",NA
"1993","DEVON","Private","2592242",3,"2020-09-18",NA
"1994","WALTHAM FOREST","Private","2592361",3,"2020-04-27",NA
"1995","GREENWICH","Local Authority","2592441",12,"2020-05-05","2020-09-04"
"1996","SOMERSET","Private","2592531",3,"2020-07-01",NA
"1997","SLOUGH","Voluntary","2592700",5,"2020-11-24","2022-06-20"
"1998","CHESHIRE EAST","Private","2592713",5,"2020-08-26",NA
"1999","NORFOLK","Voluntary","2592750",2,"2020-06-10",NA
"2000","SEFTON","Private","2592781",2,"2020-06-19",NA
"2001","CALDERDALE","Private","2592846",2,"2020-10-19",NA
"2002","STOCKTON ON TEES","Private","2592891",4,"2020-09-29","2022-10-01"
"2003","STOKE ON TRENT","Private","2592943",8,"2020-08-14",NA
"2004","DERBYSHIRE","Private","2593032",3,"2020-07-09",NA
"2005","CALDERDALE","Private","2593046",2,"2020-08-20",NA
"2006","CORNWALL","Voluntary","2593054",3,"2020-07-21",NA
"2007","LEICESTER","Private","2593071",3,"2020-09-18",NA
"2008","REDBRIDGE","Voluntary","2593095",3,"2020-05-07",NA
"2009","CHESHIRE WEST AND CHESTER","Private","2593261",2,"2020-07-01",NA
"2010","WARRINGTON","Private","2593530",5,"2020-07-28",NA
"2011","HARINGEY","Private","2593579",5,"2020-08-04",NA
"2012","WARRINGTON","Private","2593623",1,"2020-07-17",NA
"2013","ROTHERHAM","Private","2593651",4,"2020-07-27",NA
"2014","NEWCASTLE UPON TYNE","Local Authority","2593709",4,"2020-05-15","2021-04-26"
"2015","SALFORD","Private","2593915",3,"2020-09-14",NA
"2016","STAFFORDSHIRE","Private","2593928",3,"2020-08-24",NA
"2017","SALFORD","Private","2594007",2,"2020-06-09",NA
"2018","BURY","Private","2594033",3,"2020-06-19",NA
"2019","LINCOLNSHIRE","Local Authority","2594035",6,"2020-06-04","2021-06-11"
"2020","LEEDS","Private","2594061",3,"2020-07-10",NA
"2021","BIRMINGHAM","Voluntary","2594148",3,"2020-11-11",NA
"2022","NORTH EAST LINCOLNSHIRE","Local Authority","2594189",4,"2020-06-25",NA
"2023","NEWHAM","Private","2594218",4,"2020-09-23",NA
"2024","NORTHAMPTONSHIRE","Private","2594233",4,"2020-08-12",NA
"2025","STOKE ON TRENT","Private","2594366",4,"2020-10-20",NA
"2026","EAST RIDING OF YORKSHIRE","Private","2594539",4,"2020-11-11",NA
"2027","BARNSLEY","Private","2594543",4,"2020-07-08",NA
"2028","REDBRIDGE","Private","2594629",2,"2020-07-08","2022-07-29"
"2029","CUMBRIA","Private","2594825",5,"2020-09-16","2022-06-01"
"2030","WILTSHIRE","Private","2594854",5,"2020-08-27",NA
"2031","PETERBOROUGH","Private","2594859",2,"2021-02-24",NA
"2032","CAMBRIDGESHIRE","Private","2594875",4,"2020-07-13",NA
"2033","WILTSHIRE","Private","2594902",5,"2020-09-21",NA
"2034","GATESHEAD","Private","2594952",3,"2020-09-01",NA
"2035","LANCASHIRE","Private","2594985",4,"2020-08-03",NA
"2036","LANCASHIRE","Private","2595021",2,"2020-07-22",NA
"2037","LANCASHIRE","Private","2595112",4,"2020-08-06",NA
"2038","LEICESTER","Private","2595123",2,"2020-08-05",NA
"2039","SHROPSHIRE","Private","2595128",4,"2020-09-29",NA
"2040","REDBRIDGE","Private","2595182",3,"2020-10-19",NA
"2041","BRENT","Private","2595340",4,"2020-07-13",NA
"2042","KIRKLEES","Private","2595620",2,"2020-09-30","2023-01-25"
"2043","SOMERSET","Private","2595791",3,"2020-10-20",NA
"2044","SUNDERLAND","Private","2595974",2,"2020-11-04",NA
"2045","LANCASHIRE","Private","2595983",6,"2020-08-25",NA
"2046","EAST SUSSEX","Private","2596008",2,"2020-08-13",NA
"2047","BIRMINGHAM","Private","2596121",2,"2020-09-15",NA
"2048","ESSEX","Private","2596421",2,"2020-10-01",NA
"2049","CAMBRIDGESHIRE","Private","2596476",4,"2020-11-13",NA
"2050","LANCASHIRE","Private","2596541",2,"2020-10-29",NA
"2051","SURREY","Voluntary","2596610",7,"2020-08-14","2021-08-28"
"2052","SURREY","Voluntary","2596852",7,"2020-08-14","2021-08-28"
"2053","GATESHEAD","Local Authority","2596897",3,"2020-07-02",NA
"2054","SOUTHEND ON SEA","Private","2596906",4,"2020-08-19",NA
"2055","DUDLEY","Private","2597490",4,"2020-10-13","2022-08-31"
"2056","ROTHERHAM","Local Authority","2597567",4,"2020-07-02",NA
"2057","DEVON","Private","2597722",2,"2020-08-07",NA
"2058","WOLVERHAMPTON","Private","2597734",5,"2020-09-29",NA
"2059","STOCKTON ON TEES","Private","2597736",2,"2020-07-24",NA
"2060","WIGAN","Private","2597738",1,"2020-06-30",NA
"2061","LUTON","Private","2597747",3,"2020-10-23",NA
"2062","BOLTON","Private","2597754",3,"2020-08-10","2021-02-19"
"2063","NOTTINGHAMSHIRE","Local Authority","2597886",2,"2020-08-18","2020-10-20"
"2064","OLDHAM","Private","2598004",3,"2020-10-05",NA
"2065","KINGSTON UPON HULL","Local Authority","2598205",1,"2020-07-09",NA
"2066","BLACKPOOL","Private","2598317",4,"2020-07-11","2020-12-31"
"2067","LEICESTERSHIRE","Private","2598462",3,"2020-10-08",NA
"2068","LEICESTERSHIRE","Private","2598648",3,"2020-08-04",NA
"2069","LEICESTERSHIRE","Private","2599037",2,"2020-08-11",NA
"2070","CHESHIRE WEST AND CHESTER","Private","2599183",3,"2020-08-25",NA
"2071","DEVON","Private","2599388",3,"2020-07-21",NA
"2072","HEREFORDSHIRE","Private","2599399",2,"2020-09-15",NA
"2073","STOKE ON TRENT","Private","2599480",4,"2020-09-15",NA
"2074","PETERBOROUGH","Private","2599659",4,"2020-11-29",NA
"2075","NORTHAMPTONSHIRE","Private","2599773",3,"2020-09-29",NA
"2076","DERBY","Private","2599805",4,"2020-10-28",NA
"2077","KINGSTON UPON HULL","Local Authority","2599994",1,"2020-07-31",NA
"2078","BURY","Private","2600119",2,"2020-10-02","2022-11-07"
"2079","CALDERDALE","Private","2600259",2,"2020-09-21",NA
"2080","WORCESTERSHIRE","Private","2600541",3,"2020-09-10",NA
"2081","WIGAN","Private","2600759",3,"2020-08-19",NA
"2082","STAFFORDSHIRE","Private","2600978",4,"2020-10-13",NA
"2083","DERBYSHIRE","Private","2601137",2,"2020-12-22",NA
"2084","NORTH TYNESIDE","Local Authority","2602142",1,"2020-08-26",NA
"2085","GATESHEAD","Private","2602558",7,"2020-11-17",NA
"2086","LANCASHIRE","Private","2602585",3,"2020-09-18",NA
"2087","WAKEFIELD","Private","2602813",3,"2020-12-14",NA
"2088","CAMBRIDGESHIRE","Local Authority","2602980",5,"2020-09-03",NA
"2089","LEICESTERSHIRE","Private","2603286",4,"2020-12-08",NA
"2090","CAMBRIDGESHIRE","Local Authority","2603668",4,"2020-09-03",NA
"2091","LEEDS","Private","2604035",3,"2020-11-20",NA
"2092","PLYMOUTH","Private","2604092",2,"2020-10-15",NA
"2093","SUTTON","Local Authority","2604750",1,"2020-10-09",NA
"2094","BLACKPOOL","Private","2604877",2,"2020-09-10",NA
"2095","KINGSTON UPON HULL","Private","2605108",3,"2021-01-29",NA
"2096","MANCHESTER","Private","2605180",3,"2020-12-15",NA
"2097","CAMBRIDGESHIRE","Local Authority","2605508",8,"2020-09-03",NA
"2098","LANCASHIRE","Private","2605512",2,"2021-01-26",NA
"2099","WEST SUSSEX","Private","2605554",5,"2020-12-16",NA
"2100","NOTTINGHAMSHIRE","Private","2605690",2,"2020-09-30",NA
"2101","STAFFORDSHIRE","Private","2605829",2,"2021-02-16",NA
"2102","MANCHESTER","Private","2606062",3,"2021-01-11",NA
"2103","LANCASHIRE","Private","2606135",1,"2021-01-10",NA
"2104","BOURNEMOUTH CHRISTCHURCH AND POOLE","Private","2607291",1,"2021-02-25",NA
"2105","NORTHUMBERLAND","Private","2607536",8,"2020-11-03","2022-07-01"
"2106","DURHAM","Private","2607587",4,"2020-12-11",NA
"2107","LANCASHIRE","Private","2608195",2,"2020-11-03",NA
"2108","SALFORD","Private","2608484",2,"2020-12-22",NA
"2109","YORK","Local Authority","2608630",8,"2020-11-16",NA
"2110","CAMBRIDGESHIRE","Private","2608645",3,"2020-12-02",NA
"2111","OXFORDSHIRE","Private","2608666",4,"2021-02-24",NA
"2112","NORTHAMPTONSHIRE","Local Authority","2608872",2,"2020-11-01",NA
"2113","NORTHAMPTONSHIRE","Local Authority","2608892",4,"2020-11-01",NA
"2114","KIRKLEES","Private","2608949",3,"2020-12-21",NA
"2115","NORTHAMPTONSHIRE","Local Authority","2608968",6,"2020-11-01",NA
"2116","DEVON","Private","2609490",1,"2020-11-04",NA
"2117","SANDWELL","Private","2610371",2,"2021-01-07",NA
"2118","TORBAY","Private","2610709",2,"2020-10-26",NA
"2119","ESSEX","Private","2610935",3,"2021-01-22",NA
"2120","READING","Private","2611110",7,"2020-12-22",NA
"2121","NORTHAMPTONSHIRE","Private","2611190",20,"2021-01-08",NA
"2122","LEEDS","Local Authority","2611210",4,"2020-12-16",NA
"2123","EALING","Private","2611288",3,"2021-02-01",NA
"2124","LIVERPOOL","Private","2611667",3,"2020-12-01","2022-01-06"
"2125","LUTON","Private","2611991",3,"2021-01-05",NA
"2126","KIRKLEES","Private","2612008",4,"2021-01-13",NA
"2127","BRENT","Private","2612063",4,"2020-12-17",NA
"2128","CALDERDALE","Private","2612070",2,"2020-12-20",NA
"2129","BLACKPOOL","Private","2612071",4,"2020-11-29","2021-12-07"
"2130","CALDERDALE","Private","2612735",2,"2020-12-20",NA
"2131","TAMESIDE","Private","2612810",3,"2021-01-19",NA
"2132","HARTLEPOOL","Private","2613032",5,"2020-12-09",NA
"2133","SUNDERLAND","Voluntary","2613157",3,"2020-10-23",NA
"2134","CHESHIRE WEST AND CHESTER","Private","2613341",9,"2020-12-09",NA
"2135","LEICESTERSHIRE","Private","2613483",6,"2021-03-11",NA
"2136","ESSEX","Private","2613488",3,"2020-11-16",NA
"2137","CALDERDALE","Private","2613627",1,"2020-12-23",NA
"2138","NORTHUMBERLAND","Private","2613661",2,"2020-10-29",NA
"2139","LANCASHIRE","Private","2613677",1,"2020-11-27",NA
"2140","REDBRIDGE","Private","2613806",5,"2020-12-15",NA
"2141","NOTTINGHAMSHIRE","Private","2613829",4,"2021-02-15",NA
"2142","WEST SUSSEX","Private","2613849",4,"2021-02-11",NA
"2143","CALDERDALE","Private","2614095",1,"2020-12-23",NA
"2144","LANCASHIRE","Private","2614506",2,"2021-02-26",NA
"2145","SOMERSET","Private","2614511",4,"2020-11-25",NA
"2146","LANCASHIRE","Private","2614703",4,"2021-01-11",NA
"2147","OXFORDSHIRE","Private","2614937",4,"2021-02-24",NA
"2148","NORTHAMPTONSHIRE","Private","2614999",3,"2021-02-26",NA
"2149","DURHAM","Private","2615005",7,"2020-12-22",NA
"2150","NORTHAMPTONSHIRE","Local Authority","2615067",5,"2020-11-01",NA
"2151","DURHAM","Private","2615326",3,"2021-01-12",NA
"2152","WARWICKSHIRE","Private","2615342",7,"2020-12-16",NA
"2153","MANCHESTER","Private","2615395",2,"2020-11-26",NA
"2154","LEICESTERSHIRE","Private","2615494",4,"2020-12-02",NA
"2155","SALFORD","Private","2616383",2,"2021-02-25",NA
"2156","LANCASHIRE","Private","2616606",2,"2021-01-28",NA
"2157","NORTHAMPTONSHIRE","Local Authority","2616670",5,"2020-11-01",NA
"2158","DERBYSHIRE","Private","2616704",3,"2021-02-18",NA
"2159","KIRKLEES","Private","2616741",1,"2021-01-04",NA
"2160","LANCASHIRE","Private","2617303",2,"2021-01-11",NA
"2161","ESSEX","Private","2617499",5,"2021-01-27",NA
"2162","CUMBRIA","Local Authority","2617662",4,"2021-03-25",NA
"2163","BIRMINGHAM","Private","2618445",3,"2021-03-23",NA
"2164","WILTSHIRE","Private","2618477",1,"2020-11-23","2021-05-27"
"2165","LANCASHIRE","Private","2618541",2,"2021-02-15",NA
"2166","LANCASHIRE","Private","2619265",2,"2021-02-09",NA
"2167","DEVON","Private","2619357",3,"2021-02-03",NA
"2168","DORSET","Private","2620261",3,"2021-02-12",NA
"2169","LANCASHIRE","Private","2620266",2,"2021-03-23",NA
"2170","LIVERPOOL","Private","2620359",1,"2021-02-26",NA
"2171","WARRINGTON","Private","2620865",7,"2020-12-15",NA
"2172","BOLTON","Private","2620950",2,"2021-03-22",NA
"2173","BIRMINGHAM","Private","2620992",3,"2021-03-24",NA
"2174","BLACKPOOL","Private","2621193",2,"2020-12-18",NA
"2175","WOLVERHAMPTON","Private","2622281",3,"2021-02-02","2022-07-08"
"2176","LEICESTERSHIRE","Private","2622480",3,"2021-03-05",NA
"2177","BEDFORD","Private","2622998",2,"2021-01-25","2022-07-14"
"2178","BOLTON","Private","2623004",1,"2021-03-01",NA
"2179","DORSET","Private","2623130",3,"2020-12-22",NA
"2180","SOMERSET","Private","2623368",3,"2021-02-19","2022-12-15"
"2181","HAMPSHIRE","Private","2623544",4,"2021-03-26",NA
"2182","NEWCASTLE UPON TYNE","Local Authority","2623842",3,"2021-03-03",NA
"2183","DURHAM","Local Authority","2623962",3,"2021-03-01",NA
"2184","MILTON KEYNES","Private","2624054",3,"2021-03-26",NA
"2185","HARTLEPOOL","Private","2624223",9,"2021-03-04",NA
"2186","DURHAM","Local Authority","2624251",3,"2021-03-12",NA
"2187","STAFFORDSHIRE","Private","2624457",3,"2021-02-02",NA
"2188","ST HELENS","Private","2624657",1,"2021-03-10",NA
"2189","ST HELENS","Private","2624711",1,"2021-02-25",NA
"2190","DORSET","Local Authority","2624723",1,"2021-03-08",NA
"2191","MANCHESTER","Private","2625182",2,"2021-03-03",NA
"2192","HAVERING","Private","2625371",5,"2021-03-01","2022-01-31"
"2193","NORTHAMPTONSHIRE","Private","2625585",4,"2021-02-26",NA
"2194","STOCKTON ON TEES","Private","2625941",15,"2021-03-04",NA
"2195","SHROPSHIRE","Private","2626047",5,"2021-03-04",NA
"2196","HERTFORDSHIRE","Local Authority","2626773",3,"2021-02-03",NA
"2197","LEICESTER","Private","2627088",4,"2021-03-18",NA
"2198","SWINDON","Private","2628430",5,"2021-03-25",NA
"2199","CALDERDALE","Private","2629073",1,"2021-03-11",NA
"2200","ROTHERHAM","Local Authority","2629335",2,"2021-03-03",NA
"2201","NOTTINGHAMSHIRE","Private","2629398",1,"2021-02-24","2022-03-14"
"2202","DERBYSHIRE","Private","2630934",5,"2021-03-05",NA
"2203","WOLVERHAMPTON","Private","2633498",2,"2021-03-08",NA
"2204","LANCASHIRE","Private","2634397",1,"2021-03-27",NA
"2205","LEEDS","Private","2634754",3,"2021-03-29",NA
"2206","NOTTINGHAMSHIRE","Private","2635562",3,"2021-03-18",NA
"2207","SOLIHULL","Private","2540092",3,"2021-08-20","2022-10-12"
"2208","MEDWAY","Private","2572812",5,"2022-02-01",NA
"2209","ROTHERHAM","Private","2589440",1,"2021-06-09","2022-06-28"
"2210","KENT","Private","2594775",4,"2021-12-22",NA
"2211","BRADFORD","Private","2598804",1,"2021-04-28",NA
"2212","WOLVERHAMPTON","Private","2603750",3,"2021-07-30",NA
"2213","HAMPSHIRE","Private","2605336",4,"2021-04-15",NA
"2214","STAFFORDSHIRE","Private","2611027",10,"2021-09-15",NA
"2215","BUCKINGHAMSHIRE","Local Authority","2611447",5,"2021-06-02",NA
"2216","DEVON","Private","2611536",5,"2021-05-07",NA
"2217","BEXLEY","Private","2612013",4,"2021-11-08",NA
"2218","STAFFORDSHIRE","Private","2612115",4,"2021-09-08",NA
"2219","NOTTINGHAMSHIRE","Private","2612347",2,"2021-05-17",NA
"2220","BIRMINGHAM","Private","2613327",2,"2021-04-13",NA
"2221","ESSEX","Private","2613649",4,"2021-04-12",NA
"2222","ESSEX","Private","2614508",2,"2021-04-12",NA
"2223","SANDWELL","Private","2614738",4,"2021-06-16",NA
"2224","LANCASHIRE","Private","2616605",6,"2021-03-31",NA
"2225","ESSEX","Private","2616993",3,"2021-12-14",NA
"2226","STAFFORDSHIRE","Private","2617199",3,"2021-06-03",NA
"2227","BIRMINGHAM","Private","2618553",1,"2021-05-13",NA
"2228","BIRMINGHAM","Private","2618755",3,"2021-04-07",NA
"2229","SURREY","Private","2619057",5,"2021-08-24",NA
"2230","SANDWELL","Private","2620184",3,"2021-08-13",NA
"2231","BLACKPOOL","Private","2620222",2,"2021-07-14",NA
"2232","BIRMINGHAM","Private","2620366",1,"2021-10-22",NA
"2233","SHROPSHIRE","Private","2620678",4,"2021-04-13",NA
"2234","STAFFORDSHIRE","Private","2620698",4,"2021-04-01",NA
"2235","WIGAN","Private","2621119",1,"2021-04-23",NA
"2236","ESSEX","Private","2621215",4,"2021-04-01",NA
"2237","NOTTINGHAMSHIRE","Private","2621322",1,"2021-06-30",NA
"2238","WARRINGTON","Private","2621334",3,"2021-04-16",NA
"2239","WALSALL","Private","2622077",4,"2021-05-10",NA
"2240","STAFFORDSHIRE","Private","2623568",3,"2021-04-16","2021-04-16"
"2241","SOMERSET","Private","2623790",4,"2021-04-22",NA
"2242","BLACKPOOL","Private","2623791",1,"2021-04-20",NA
"2243","STAFFORDSHIRE","Private","2623947",3,"2022-02-16",NA
"2244","EAST RIDING OF YORKSHIRE","Voluntary","2624063",4,"2021-04-19",NA
"2245","WOLVERHAMPTON","Private","2624155",3,"2021-10-20",NA
"2246","KENT","Private","2624222",5,"2021-07-23",NA
"2247","BOLTON","Private","2624578",2,"2021-08-03","2022-01-25"
"2248","EALING","Private","2624784",4,"2021-04-26",NA
"2249","CROYDON","Private","2624855",5,"2021-08-12",NA
"2250","DERBYSHIRE","Private","2624934",7,"2021-05-12",NA
"2251","KENT","Private","2625170",4,"2021-05-05",NA
"2252","WEST SUSSEX","Private","2625942",4,"2021-05-11",NA
"2253","WARRINGTON","Local Authority","2626053",2,"2021-06-14",NA
"2254","WORCESTERSHIRE","Private","2626293",4,"2021-08-09",NA
"2255","STAFFORDSHIRE","Private","2626458",3,"2021-05-10",NA
"2256","LINCOLNSHIRE","Private","2627009",4,"2021-08-18",NA
"2257","DERBY","Private","2627028",3,"2021-04-07",NA
"2258","STAFFORDSHIRE","Private","2627054",2,"2021-05-04",NA
"2259","HEREFORDSHIRE","Private","2627409",4,"2021-06-22",NA
"2260","OLDHAM","Private","2627737",2,"2021-10-06",NA
"2261","LANCASHIRE","Private","2627967",3,"2021-07-03",NA
"2262","WIGAN","Private","2628010",1,"2021-04-27",NA
"2263","CROYDON","Private","2628367",5,"2021-12-30",NA
"2264","BOLTON","Voluntary","2628534",1,"2021-04-21","2022-05-26"
"2265","LUTON","Private","2628612",3,"2021-09-24",NA
"2266","OXFORDSHIRE","Private","2629097",3,"2021-04-09",NA
"2267","WOLVERHAMPTON","Private","2629230",2,"2021-06-08",NA
"2268","KENT","Private","2629861",4,"2021-08-13",NA
"2269","REDCAR AND CLEVELAND","Private","2629902",5,"2021-05-27",NA
"2270","BURY","Private","2630055",3,"2022-01-10","2023-02-13"
"2271","SHEFFIELD","Private","2630701",2,"2021-07-27",NA
"2272","SUNDERLAND","Voluntary","2630728",3,"2021-07-13",NA
"2273","KENT","Private","2630796",4,"2022-02-01",NA
"2274","LANCASHIRE","Private","2631136",2,"2021-07-02",NA
"2275","OXFORDSHIRE","Private","2631195",3,"2021-04-09","2022-02-14"
"2276","CUMBRIA","Private","2631221",1,"2021-05-18","2023-03-15"
"2277","CAMBRIDGESHIRE","Private","2631595",5,"2021-05-17",NA
"2278","HEREFORDSHIRE","Private","2631690",3,"2021-04-29",NA
"2279","STAFFORDSHIRE","Private","2631698",3,"2021-11-01",NA
"2280","KIRKLEES","Private","2632092",2,"2021-04-19",NA
"2281","PETERBOROUGH","Private","2632330",4,"2021-04-16",NA
"2282","GATESHEAD","Private","2632726",3,"2021-11-21",NA
"2283","LANCASHIRE","Voluntary","2632727",2,"2021-07-16",NA
"2284","SOMERSET","Private","2632917",2,"2021-04-12",NA
"2285","NOTTINGHAMSHIRE","Private","2633026",1,"2021-08-06",NA
"2286","SURREY","Private","2633107",4,"2021-07-21",NA
"2287","LEICESTERSHIRE","Private","2633117",3,"2021-04-21",NA
"2288","WOLVERHAMPTON","Private","2633127",4,"2021-07-13",NA
"2289","TELFORD AND WREKIN","Private","2633398",2,"2021-07-30",NA
"2290","CORNWALL","Local Authority","2633410",3,"2021-05-10",NA
"2291","KINGSTON UPON HULL","Local Authority","2633602",4,"2021-04-01",NA
"2292","DERBYSHIRE","Private","2633617",2,"2021-05-24",NA
"2293","WORCESTERSHIRE","Private","2633744",3,"2021-06-08",NA
"2294","LIVERPOOL","Voluntary","2633818",3,"2021-07-16",NA
"2295","BIRMINGHAM","Private","2634058",3,"2021-07-21","2021-12-12"
"2296","LIVERPOOL","Private","2634272",3,"2021-07-13",NA
"2297","LEICESTERSHIRE","Private","2634624",1,"2021-05-20",NA
"2298","SOMERSET","Private","2634633",2,"2022-02-01",NA
"2299","WARWICKSHIRE","Private","2634698",2,"2021-06-06",NA
"2300","BLACKPOOL","Private","2634720",2,"2021-06-30",NA
"2301","BLACKPOOL","Private","2634800",1,"2021-06-01",NA
"2302","BOURNEMOUTH CHRISTCHURCH AND POOLE","Private","2634911",4,"2021-07-27",NA
"2303","GREENWICH","Private","2634929",6,"2021-06-29","2022-09-09"
"2304","ESSEX","Private","2634954",4,"2021-11-04",NA
"2305","LINCOLNSHIRE","Private","2635062",3,"2021-05-20",NA
"2306","LIVERPOOL","Private","2635269",5,"2021-10-27",NA
"2307","LANCASHIRE","Private","2635351",12,"2021-09-06",NA
"2308","DEVON","Private","2635655",4,"2021-12-30",NA
"2309","CALDERDALE","Private","2636225",2,"2021-12-23",NA
"2310","SURREY","Private","2636494",6,"2021-07-05",NA
"2311","HARINGEY","Private","2636743",3,"2021-07-08",NA
"2312","LANCASHIRE","Private","2636919",3,"2021-11-22",NA
"2313","DERBYSHIRE","Local Authority","2636921",1,"2021-06-10","2023-03-01"
"2314","WARWICKSHIRE","Private","2636991",2,"2021-08-26",NA
"2315","WORCESTERSHIRE","Private","2636996",4,"2021-09-17",NA
"2316","LEICESTERSHIRE","Private","2637127",4,"2021-04-29",NA
"2317","LEICESTERSHIRE","Private","2637140",1,"2021-09-03",NA
"2318","HARROW","Private","2637521",4,"2021-10-18",NA
"2319","THURROCK","Private","2637805",4,"2021-06-01",NA
"2320","PETERBOROUGH","Private","2638148",3,"2021-07-05",NA
"2321","NORFOLK","Private","2638159",5,"2022-01-06",NA
"2322","WARRINGTON","Private","2638202",1,"2021-07-30",NA
"2323","DONCASTER","Private","2638239",2,"2021-07-27",NA
"2324","NORTH TYNESIDE","Private","2638322",3,"2021-07-30",NA
"2325","BLACKPOOL","Private","2638390",1,"2021-06-25",NA
"2326","STAFFORDSHIRE","Private","2638470",3,"2021-04-28",NA
"2327","LANCASHIRE","Private","2638487",4,"2021-07-01",NA
"2328","CUMBRIA","Private","2638535",2,"2021-07-16",NA
"2329","HAVERING","Private","2638590",7,"2021-08-10",NA
"2330","SWINDON","Private","2638617",2,"2021-12-20",NA
"2331","CHESHIRE EAST","Private","2638736",2,"2021-06-23",NA
"2332","ST HELENS","Private","2639083",3,"2021-09-30",NA
"2333","NORTH NORTHAMPTONSHIRE","Private","2639538",3,"2022-01-18",NA
"2334","LUTON","Private","2639632",2,"2021-08-23",NA
"2335","LANCASHIRE","Private","2639649",2,"2021-09-28",NA
"2336","NORFOLK","Private","2640082",3,"2021-05-20",NA
"2337","LANCASHIRE","Private","2640099",3,"2021-07-21",NA
"2338","WARRINGTON","Private","2640245",1,"2021-07-19",NA
"2339","NEWCASTLE UPON TYNE","Private","2641044",4,"2021-11-22",NA
"2340","KENT","Voluntary","2641682",4,"2021-08-23",NA
"2341","LANCASHIRE","Private","2641767",5,"2021-07-21",NA
"2342","TAMESIDE","Private","2641768",4,"2021-10-01",NA
"2343","LANCASHIRE","Private","2641790",2,"2021-05-24",NA
"2344","NORFOLK","Private","2641888",5,"2022-01-06",NA
"2345","WOLVERHAMPTON","Private","2642297",3,"2021-08-05",NA
"2346","STAFFORDSHIRE","Private","2642399",2,"2021-09-20","2022-07-14"
"2347","LANCASHIRE","Private","2642400",1,"2021-07-27",NA
"2348","TAMESIDE","Private","2642401",4,"2021-11-05",NA
"2349","CUMBRIA","Private","2642423",3,"2021-06-19",NA
"2350","LEWISHAM","Private","2642537",6,"2021-10-22",NA
"2351","LEICESTERSHIRE","Private","2642570",3,"2021-09-21",NA
"2352","DERBYSHIRE","Local Authority","2642643",4,"2021-05-14",NA
"2353","SOMERSET","Private","2642842",3,"2021-06-24",NA
"2354","OLDHAM","Private","2643338",3,"2021-10-12",NA
"2355","ENFIELD","Private","2643361",3,"2021-12-20",NA
"2356","SOMERSET","Private","2643362",1,"2021-10-19",NA
"2357","BOURNEMOUTH CHRISTCHURCH AND POOLE","Private","2643390",2,"2021-09-07","2022-05-12"
"2358","BEDFORD","Private","2643709",3,"2021-12-14",NA
"2359","TOWER HAMLETS","Voluntary","2644282",5,"2021-06-10",NA
"2360","CAMBRIDGESHIRE","Private","2644456",4,"2021-09-17",NA
"2361","BIRMINGHAM","Private","2644474",3,"2022-03-17",NA
"2362","LANCASHIRE","Private","2644925",4,"2021-11-09",NA
"2363","REDBRIDGE","Private","2645038",5,"2021-10-12",NA
"2364","NORTH NORTHAMPTONSHIRE","Private","2645098",1,"2021-11-05",NA
"2365","KINGSTON UPON THAMES","Private","2645163",7,"2021-08-18",NA
"2366","LANCASHIRE","Private","2645184",4,"2021-08-17",NA
"2367","SOUTHAMPTON","Private","2645199",2,"2021-09-10",NA
"2368","WOLVERHAMPTON","Private","2645281",2,"2021-12-23",NA
"2369","LEICESTERSHIRE","Private","2645675",2,"2021-08-20",NA
"2370","DERBYSHIRE","Private","2645688",5,"2021-08-12",NA
"2371","LANCASHIRE","Private","2645858",3,"2021-09-07",NA
"2372","LANCASHIRE","Private","2645878",2,"2021-07-22",NA
"2373","NOTTINGHAMSHIRE","Private","2645897",1,"2021-08-31",NA
"2374","BOLTON","Private","2645901",3,"2021-09-13",NA
"2375","LEICESTER","Private","2645906",4,"2021-10-01",NA
"2376","DERBYSHIRE","Private","2646176",3,"2021-09-15",NA
"2377","MANCHESTER","Private","2646248",3,"2021-10-25",NA
"2378","LANCASHIRE","Private","2647022",4,"2021-07-22",NA
"2379","COVENTRY","Private","2647110",3,"2021-12-14",NA
"2380","WEST SUSSEX","Local Authority","2647153",6,"2021-09-02",NA
"2381","CROYDON","Private","2647163",5,"2021-12-21",NA
"2382","LANCASHIRE","Private","2647514",2,"2021-10-01",NA
"2383","HAVERING","Private","2647767",4,"2021-10-29",NA
"2384","CHESHIRE EAST","Private","2647770",8,"2021-09-02",NA
"2385","EALING","Private","2647775",4,"2021-11-15",NA
"2386","LANCASHIRE","Private","2648027",1,"2021-10-07",NA
"2387","LANCASHIRE","Private","2648208",1,"2021-10-08",NA
"2388","COVENTRY","Private","2648446",4,"2021-09-16",NA
"2389","ST HELENS","Private","2648508",3,"2022-01-18",NA
"2390","CHESHIRE EAST","Private","2648868",5,"2021-10-20",NA
"2391","WARRINGTON","Private","2649739",1,"2022-03-17",NA
"2392","WARRINGTON","Private","2649743",1,"2022-03-17",NA
"2393","CORNWALL","Private","2649745",1,"2021-10-28",NA
"2394","HAVERING","Private","2649767",3,"2022-01-21",NA
"2395","ESSEX","Private","2649772",3,"2021-10-29",NA
"2396","HAMPSHIRE","Private","2649904",2,"2021-12-15",NA
"2397","DORSET","Private","2649926",1,"2021-10-06",NA
"2398","NORTH NORTHAMPTONSHIRE","Private","2650054",6,"2021-10-11",NA
"2399","DURHAM","Private","2650092",1,"2021-11-30",NA
"2400","DORSET","Private","2650947",2,"2021-11-18",NA
"2401","TELFORD AND WREKIN","Private","2650948",2,"2021-11-25",NA
"2402","WIRRAL","Private","2650950",3,"2021-10-18",NA
"2403","NOTTINGHAM","Private","2650952",4,"2021-10-01",NA
"2404","ROTHERHAM","Private","2651405",1,"2021-12-10",NA
"2405","GLOUCESTERSHIRE","Private","2651501",3,"2021-10-06",NA
"2406","SUFFOLK","Private","2651665",4,"2021-09-14",NA
"2407","DERBYSHIRE","Private","2651753",5,"2021-10-01",NA
"2408","MANCHESTER","Private","2651800",3,"2021-10-25",NA
"2409","REDBRIDGE","Private","2651802",7,"2021-12-17",NA
"2410","KENT","Private","2651806",4,"2021-11-25",NA
"2411","CHESHIRE WEST AND CHESTER","Private","2651807",4,"2021-09-28",NA
"2412","WORCESTERSHIRE","Private","2651823",3,"2021-10-06",NA
"2413","CORNWALL","Private","2652096",4,"2021-10-29",NA
"2414","NORFOLK","Local Authority","2652383",2,"2021-09-01",NA
"2415","BOURNEMOUTH CHRISTCHURCH AND POOLE","Private","2652468",1,"2021-09-03",NA
"2416","SANDWELL","Private","2652546",4,"2022-02-07",NA
"2417","LEICESTERSHIRE","Private","2652672",2,"2021-12-14",NA
"2418","SUFFOLK","Private","2652939",5,"2021-10-27","2022-07-25"
"2419","HALTON","Private","2652976",5,"2021-10-28",NA
"2420","LANCASHIRE","Private","2653112",3,"2022-02-09",NA
"2421","WIGAN","Private","2653207",1,"2021-10-27",NA
"2422","BRADFORD","Private","2653835",1,"2021-11-22",NA
"2423","BRENT","Private","2653894",4,"2022-01-05",NA
"2424","BRADFORD","Private","2654084",1,"2021-11-22",NA
"2425","WALSALL","Private","2654423",3,"2021-09-22",NA
"2426","HACKNEY","Private","2654620",2,"2021-09-17",NA
"2427","LANCASHIRE","Private","2654782",4,"2021-11-01",NA
"2428","NEWHAM","Private","2654867",4,"2021-11-11",NA
"2429","KENT","Private","2654906",2,"2021-08-26",NA
"2430","WILTSHIRE","Private","2655041",3,"2021-11-30",NA
"2431","PETERBOROUGH","Private","2655174",6,"2021-11-04",NA
"2432","DERBY","Private","2655345",3,"2022-01-10",NA
"2433","STAFFORDSHIRE","Private","2655354",6,"2021-12-17",NA
"2434","SURREY","Private","2655552",2,"2021-11-22","2021-12-16"
"2435","BIRMINGHAM","Private","2656172",3,"2022-01-05",NA
"2436","WOLVERHAMPTON","Private","2656194",5,"2022-02-11",NA
"2437","GATESHEAD","Private","2656590",3,"2021-10-21",NA
"2438","STAFFORDSHIRE","Private","2656689",3,"2021-11-22",NA
"2439","BRISTOL","Local Authority","2656731",3,"2021-11-15",NA
"2440","NORTH NORTHAMPTONSHIRE","Private","2656736",1,"2021-12-16",NA
"2441","LEICESTERSHIRE","Private","2656902",3,"2021-09-27",NA
"2442","MANCHESTER","Private","2657298",3,"2021-11-15",NA
"2443","BEXLEY","Private","2657553",3,"2022-02-08",NA
"2444","LIVERPOOL","Private","2658895",2,"2022-01-03",NA
"2445","CUMBRIA","Private","2659548",6,"2021-11-12","2022-11-10"
"2446","NORFOLK","Private","2660064",4,"2021-12-24",NA
"2447","SUTTON","Private","2660251",8,"2022-02-02",NA
"2448","MEDWAY","Private","2660433",5,"2021-12-15",NA
"2449","DERBYSHIRE","Private","2660470",1,"2021-12-03",NA
"2450","DERBYSHIRE","Private","2660603",3,"2021-11-04",NA
"2451","DERBY","Private","2660783",3,"2022-01-18",NA
"2452","TOWER HAMLETS","Private","2661346",4,"2022-02-14",NA
"2453","BRIGHTON AND HOVE","Private","2661371",4,"2022-01-24",NA
"2454","ST HELENS","Private","2661512",1,"2021-12-15",NA
"2455","LEICESTERSHIRE","Private","2661513",1,"2022-02-22",NA
"2456","HERTFORDSHIRE","Private","2661568",5,"2021-11-25",NA
"2457","ESSEX","Private","2661812",5,"2021-11-02",NA
"2458","ESSEX","Private","2661987",12,"2022-02-11",NA
"2459","HAMPSHIRE","Private","2662095",2,"2021-11-16",NA
"2460","ROTHERHAM","Local Authority","2662265",2,"2021-11-25",NA
"2461","LEICESTERSHIRE","Private","2662427",3,"2022-01-18",NA
"2462","BARKING AND DAGENHAM","Private","2662453",5,"2022-01-19",NA
"2463","LANCASHIRE","Private","2662751",1,"2022-01-31",NA
"2464","ST HELENS","Private","2662813",1,"2022-01-07",NA
"2465","ST HELENS","Private","2662847",1,"2021-12-24",NA
"2466","CORNWALL","Private","2662998",3,"2022-03-24",NA
"2467","YORK","Private","2663174",3,"2022-03-09",NA
"2468","LANCASHIRE","Private","2663221",2,"2022-01-31",NA
"2469","BURY","Private","2663770",3,"2022-01-25","2022-08-01"
"2470","OXFORDSHIRE","Private","2663781",3,"2021-12-29",NA
"2471","BARKING AND DAGENHAM","Private","2664175",3,"2021-12-17",NA
"2472","EAST SUSSEX","Private","2664249",2,"2021-12-21",NA
"2473","KIRKLEES","Private","2664326",3,"2021-12-17",NA
"2474","MANCHESTER","Private","2664826",4,"2022-03-02",NA
"2475","REDBRIDGE","Private","2664861",5,"2022-03-14",NA
"2476","KINGSTON UPON HULL","Local Authority","2664883",1,"2022-01-21",NA
"2477","NOTTINGHAMSHIRE","Private","2665204",4,"2022-01-13",NA
"2478","LANCASHIRE","Private","2665747",2,"2022-02-01",NA
"2479","SUFFOLK","Private","2665860",3,"2021-12-13",NA
"2480","EAST SUSSEX","Private","2666309",4,"2021-12-07",NA
"2481","HAMPSHIRE","Private","2666995",5,"2021-11-18",NA
"2482","YORK","Local Authority","2667363",1,"2021-12-09",NA
"2483","SHROPSHIRE","Private","2667401",4,"2022-02-21",NA
"2484","NOTTINGHAMSHIRE","Private","2667592",2,"2022-01-13",NA
"2485","HAMPSHIRE","Private","2667771",4,"2022-03-31",NA
"2486","CAMBRIDGESHIRE","Private","2668575",4,"2021-12-10",NA
"2487","SOLIHULL","Private","2668686",3,"2022-03-08",NA
"2488","NORTH TYNESIDE","Local Authority","2668710",5,"2022-03-20",NA
"2489","GLOUCESTERSHIRE","Private","2668747",3,"2022-01-13",NA
"2490","LINCOLNSHIRE","Private","2669259",4,"2022-02-16",NA
"2491","LIVERPOOL","Private","2669323",3,"2022-02-03",NA
"2492","HERTFORDSHIRE","Private","2669971",4,"2022-02-21",NA
"2493","NOTTINGHAMSHIRE","Private","2670263",4,"2022-03-18",NA
"2494","WILTSHIRE","Private","2671361",2,"2022-03-07",NA
"2495","MEDWAY","Private","2671426",4,"2022-01-25","2022-09-08"
"2496","NOTTINGHAMSHIRE","Private","2671651",2,"2022-02-21",NA
"2497","KIRKLEES","Private","2672801",6,"2022-02-17",NA
"2498","CUMBRIA","Private","2672845",4,"2022-01-21","2022-11-17"
"2499","CUMBRIA","Private","2672877",4,"2022-03-02",NA
"2500","DORSET","Local Authority","2673201",1,"2022-03-17","2023-02-01"
"2501","NORFOLK","Private","2673264",2,"2022-02-11",NA
"2502","NORFOLK","Private","2673265",2,"2022-02-11",NA
"2503","BEDFORD","Private","2674176",1,"2022-02-11",NA
"2504","STOCKPORT","Private","2674455",1,"2022-01-27",NA
"2505","SEFTON","Voluntary","2675485",3,"2022-02-14",NA
"2506","EAST RIDING OF YORKSHIRE","Local Authority","2676828",1,"2022-03-24",NA
"2507","CENTRAL BEDFORDSHIRE","Private","2678551",2,"2022-03-29",NA
"2508","NORTH NORTHAMPTONSHIRE","Private","2679067",4,"2022-03-24",NA
"2509","CROYDON","Private","2626961",5,"2023-02-17",NA
"2510","LANCASHIRE","Private","2630446",6,"2022-10-26",NA
"2511","SOLIHULL","Private","2630680",7,"2022-07-22",NA
"2512","REDBRIDGE","Private","2631179",4,"2023-01-16",NA
"2513","LANCASHIRE","Private","2632889",2,"2022-06-30",NA
"2514","TOWER HAMLETS","Private","2633239",3,"2022-04-06",NA
"2515","MERTON","Private","2638730",3,"2022-12-30",NA
"2516","MIDDLESBROUGH","Private","2638781",1,"2022-08-18",NA
"2517","NORFOLK","Private","2642113",2,"2022-04-11",NA
"2518","NORFOLK","Private","2642116",2,"2022-04-11",NA
"2519","KENT","Private","2644283",5,"2023-02-23",NA
"2520","EAST SUSSEX","Private","2644927",11,"2023-01-24",NA
"2521","EAST SUSSEX","Private","2645485",6,"2022-11-08",NA
"2522","CALDERDALE","Private","2646001",6,"2022-04-25",NA
"2523","CALDERDALE","Private","2646995",3,"2022-06-20",NA
"2524","KIRKLEES","Private","2647445",1,"2022-04-25",NA
"2525","SOMERSET","Private","2650345",2,"2022-10-05",NA
"2526","CROYDON","Private","2652402",3,"2022-04-13",NA
"2527","HERTFORDSHIRE","Private","2652535",1,"2022-04-04",NA
"2528","BIRMINGHAM","Private","2652817",2,"2022-06-01",NA
"2529","SHROPSHIRE","Private","2652918",3,"2022-05-12",NA
"2530","LANCASHIRE","Private","2655408",3,"2022-04-26",NA
"2531","OXFORDSHIRE","Private","2655761",8,"2022-08-26",NA
"2532","STAFFORDSHIRE","Private","2655778",3,"2022-05-16",NA
"2533","LEICESTERSHIRE","Private","2659026",3,"2022-11-04",NA
"2534","WOLVERHAMPTON","Private","2659259",2,"2022-06-29",NA
"2535","DURHAM","Private","2661071",5,"2022-08-03",NA
"2536","LANCASHIRE","Private","2661511",4,"2022-04-19",NA
"2537","NORFOLK","Private","2663448",2,"2022-09-05",NA
"2538","SHEFFIELD","Private","2663883",4,"2022-07-07",NA
"2539","STOKE ON TRENT","Private","2664035",5,"2022-05-18",NA
"2540","WEST NORTHAMPTONSHIRE","Private","2664086",2,"2022-09-14",NA
"2541","KINGSTON UPON HULL","Local Authority","2665502",4,"2022-10-11",NA
"2542","EAST RIDING OF YORKSHIRE","Private","2666037",4,"2022-05-09",NA
"2543","LINCOLNSHIRE","Private","2666161",6,"2022-05-13",NA
"2544","BIRMINGHAM","Private","2666560",3,"2022-09-04",NA
"2545","HERTFORDSHIRE","Private","2666653",3,"2022-05-04",NA
"2546","SWINDON","Private","2667197",4,"2022-11-11",NA
"2547","CHESHIRE WEST AND CHESTER","Private","2667615",4,"2022-04-01",NA
"2548","WARRINGTON","Private","2667746",5,"2022-05-13",NA
"2549","WALSALL","Private","2667768",3,"2022-08-17",NA
"2550","SUFFOLK","Private","2667807",1,"2022-04-22",NA
"2551","BRADFORD","Private","2668482",2,"2022-06-15",NA
"2552","WIGAN","Private","2669033",2,"2022-04-08",NA
"2553","MANCHESTER","Private","2669905",3,"2022-05-23",NA
"2554","LANCASHIRE","Private","2670262",4,"2022-04-08",NA
"2555","READING","Private","2670636",5,"2022-04-19",NA
"2556","CROYDON","Private","2671000",7,"2022-07-12",NA
"2557","BIRMINGHAM","Private","2671228",1,"2023-01-16",NA
"2558","SANDWELL","Private","2671339",3,"2022-05-24",NA
"2559","STOKE ON TRENT","Private","2671457",3,"2022-04-26",NA
"2560","ESSEX","Private","2671486",8,"2022-07-04",NA
"2561","CROYDON","Private","2671685",3,"2022-05-17",NA
"2562","SHROPSHIRE","Private","2671827",3,"2023-02-02",NA
"2563","DORSET","Private","2672242",2,"2022-04-27",NA
"2564","CHESHIRE WEST AND CHESTER","Private","2672244",4,"2022-06-20",NA
"2565","REDBRIDGE","Private","2672490",6,"2022-11-30",NA
"2566","MANCHESTER","Private","2672559",2,"2022-04-21",NA
"2567","LANCASHIRE","Private","2672566",3,"2022-06-30",NA
"2568","WOLVERHAMPTON","Private","2672636",4,"2022-06-16",NA
"2569","ESSEX","Private","2672782",3,"2022-09-15",NA
"2570","LANCASHIRE","Private","2673338",2,"2022-04-06",NA
"2571","NOTTINGHAMSHIRE","Private","2673339",3,"2022-04-28",NA
"2572","WARWICKSHIRE","Private","2673408",6,"2022-06-28",NA
"2573","STOCKTON ON TEES","Private","2673776",4,"2022-10-02",NA
"2574","WEST NORTHAMPTONSHIRE","Private","2674029",5,"2022-05-05",NA
"2575","TELFORD AND WREKIN","Private","2674059",3,"2023-02-17",NA
"2576","SANDWELL","Private","2674591",3,"2022-04-26",NA
"2577","BRADFORD","Private","2674686",2,"2022-05-03",NA
"2578","WARWICKSHIRE","Private","2674760",6,"2022-06-28",NA
"2579","EAST SUSSEX","Local Authority","2674792",5,"2022-05-04",NA
"2580","ROTHERHAM","Private","2674818",1,"2022-05-10",NA
"2581","BARNET","Private","2675155",5,"2022-07-19",NA
"2582","WARWICKSHIRE","Private","2675297",4,"2022-06-08",NA
"2583","STAFFORDSHIRE","Private","2675339",2,"2022-05-23",NA
"2584","HERTFORDSHIRE","Private","2675423",4,"2023-02-07",NA
"2585","LANCASHIRE","Private","2675591",5,"2022-04-22",NA
"2586","LANCASHIRE","Private","2675665",3,"2022-07-20",NA
"2587","DERBYSHIRE","Private","2675775",4,"2022-04-19",NA
"2588","EAST SUSSEX","Private","2675807",8,"2022-04-29",NA
"2589","DURHAM","Private","2675886",3,"2022-06-22",NA
"2590","ENFIELD","Voluntary","2675902",1,"2022-05-11",NA
"2591","NORTH TYNESIDE","Private","2676045",4,"2022-07-13",NA
"2592","SUFFOLK","Private","2676061",3,"2022-04-11",NA
"2593","LANCASHIRE","Private","2676352",3,"2022-05-13",NA
"2594","MANCHESTER","Private","2676372",2,"2022-04-19",NA
"2595","SHEFFIELD","Private","2676421",2,"2022-06-06",NA
"2596","BOURNEMOUTH CHRISTCHURCH AND POOLE","Private","2676499",2,"2022-08-16",NA
"2597","SHROPSHIRE","Private","2677057",14,"2022-09-13",NA
"2598","BIRMINGHAM","Private","2677270",3,"2022-05-25",NA
"2599","BRADFORD","Private","2677302",3,"2022-07-06",NA
"2600","LIVERPOOL","Private","2677411",3,"2022-11-13",NA
"2601","SHEFFIELD","Private","2677465",4,"2022-07-25",NA
"2602","LANCASHIRE","Private","2677619",3,"2022-05-27",NA
"2603","BARNET","Local Authority","2677723",6,"2022-06-21",NA
"2604","SOMERSET","Private","2677724",4,"2022-05-06",NA
"2605","STAFFORDSHIRE","Private","2678053",4,"2022-05-04",NA
"2606","DERBY","Private","2678404",3,"2022-06-15",NA
"2607","LANCASHIRE","Private","2678405",4,"2022-05-13","2022-12-20"
"2608","MANCHESTER","Private","2678673",3,"2022-05-25",NA
"2609","DERBYSHIRE","Private","2679026",4,"2022-06-28",NA
"2610","STAFFORDSHIRE","Private","2679041",3,"2022-07-05",NA
"2611","LANCASHIRE","Private","2679098",1,"2022-10-19",NA
"2612","MIDDLESBROUGH","Private","2679276",3,"2023-02-28",NA
"2613","BOURNEMOUTH CHRISTCHURCH AND POOLE","Private","2679463",2,"2022-05-09",NA
"2614","LANCASHIRE","Private","2679574",3,"2022-08-12",NA
"2615","SANDWELL","Private","2679735",4,"2022-07-07",NA
"2616","DERBYSHIRE","Private","2679801",5,"2022-05-17",NA
"2617","WOLVERHAMPTON","Private","2679810",3,"2022-07-04",NA
"2618","SOMERSET","Private","2679827",1,"2022-06-07",NA
"2619","NORTH YORKSHIRE","Private","2680042",3,"2022-07-31",NA
"2620","CUMBRIA","Private","2680492",3,"2022-11-08",NA
"2621","ROTHERHAM","Private","2680496",1,"2022-06-21",NA
"2622","BOLTON","Private","2680502",2,"2022-05-21",NA
"2623","WILTSHIRE","Private","2680522",8,"2022-08-15",NA
"2624","DERBYSHIRE","Private","2680525",2,"2022-09-14",NA
"2625","SOUTHEND ON SEA","Private","2680559",4,"2022-07-05",NA
"2626","HALTON","Private","2680573",2,"2022-07-25",NA
"2627","TELFORD AND WREKIN","Private","2680726",1,"2022-11-03",NA
"2628","WALSALL","Private","2680787",4,"2022-12-01",NA
"2629","BURY","Private","2680860",3,"2022-09-16",NA
"2630","WOKINGHAM","Private","2680923",4,"2022-06-22",NA
"2631","LEICESTERSHIRE","Private","2680971",4,"2022-12-07",NA
"2632","NOTTINGHAM","Private","2681311",1,"2022-04-11",NA
"2633","CUMBRIA","Local Authority","2681477",6,"2022-04-29",NA
"2634","CUMBRIA","Local Authority","2681478",8,"2022-04-29",NA
"2635","DEVON","Private","2682000",4,"2022-05-30",NA
"2636","STAFFORDSHIRE","Private","2682113",3,"2022-07-07",NA
"2637","LANCASHIRE","Private","2682141",2,"2022-10-27",NA
"2638","NORFOLK","Private","2682205",2,"2022-07-12",NA
"2639","NORTH TYNESIDE","Local Authority","2682261",1,"2022-11-29",NA
"2640","KENT","Private","2682262",3,"2022-07-28",NA
"2641","STAFFORDSHIRE","Private","2682274",3,"2022-07-21",NA
"2642","SOMERSET","Private","2682298",2,"2022-08-16",NA
"2643","SUNDERLAND","Voluntary","2682299",4,"2022-08-18",NA
"2644","HEREFORDSHIRE","Private","2682317",3,"2022-07-21",NA
"2645","DORSET","Local Authority","2682502",3,"2022-10-14",NA
"2646","PETERBOROUGH","Private","2682522",5,"2022-08-05",NA
"2647","HAMPSHIRE","Private","2682524",4,"2022-07-12",NA
"2648","GLOUCESTERSHIRE","Private","2682789",3,"2022-07-15",NA
"2649","KENT","Private","2682837",7,"2022-06-09",NA
"2650","WEST NORTHAMPTONSHIRE","Private","2683082",2,"2022-08-12",NA
"2651","SHROPSHIRE","Private","2683113",4,"2022-10-06",NA
"2652","ESSEX","Private","2683331",6,"2022-07-18",NA
"2653","LINCOLNSHIRE","Private","2683445",3,"2022-05-17",NA
"2654","KIRKLEES","Private","2683690",5,"2023-03-16",NA
"2655","KIRKLEES","Private","2683780",2,"2022-07-05",NA
"2656","REDBRIDGE","Private","2684147",4,"2022-10-15",NA
"2657","DURHAM","Local Authority","2684203",2,"2022-06-14",NA
"2658","KENT","Private","2684211",6,"2022-08-22",NA
"2659","GLOUCESTERSHIRE","Private","2684355",1,"2022-06-01",NA
"2660","EAST SUSSEX","Private","2684680",2,"2022-09-07",NA
"2661","KENT","Private","2684995",3,"2022-10-06",NA
"2662","LANCASHIRE","Private","2685151",2,"2022-07-21",NA
"2663","BURY","Private","2685250",3,"2022-07-27",NA
"2664","LEICESTER","Private","2685330",3,"2022-07-19",NA
"2665","NEWHAM","Private","2685536",6,"2022-10-20",NA
"2666","LANCASHIRE","Private","2685568",3,"2023-02-13",NA
"2667","NORTH NORTHAMPTONSHIRE","Private","2685995",1,"2022-07-11",NA
"2668","DARLINGTON","Private","2685997",3,"2022-10-23",NA
"2669","LANCASHIRE","Private","2685998",2,"2022-07-15",NA
"2670","WORCESTERSHIRE","Private","2686012",4,"2022-10-18",NA
"2671","KENT","Private","2686229",4,"2022-09-07",NA
"2672","LANCASHIRE","Private","2686253",2,"2022-09-09",NA
"2673","HAMPSHIRE","Private","2686324",4,"2022-11-04",NA
"2674","NORTHUMBERLAND","Private","2686524",4,"2022-07-11",NA
"2675","SEFTON","Private","2686658",2,"2022-09-06",NA
"2676","NOTTINGHAMSHIRE","Private","2686745",3,"2022-06-28",NA
"2677","DERBY","Private","2686855",3,"2023-01-30",NA
"2678","LEEDS","Private","2686872",1,"2022-11-30",NA
"2679","SANDWELL","Private","2686902",3,"2022-07-19",NA
"2680","LEEDS","Private","2686949",2,"2022-12-05",NA
"2681","WEST SUSSEX","Private","2687885",4,"2022-11-25",NA
"2682","HARINGEY","Local Authority","2687918",6,"2022-11-29",NA
"2683","KNOWSLEY","Private","2687920",3,"2022-09-12",NA
"2684","KENT","Private","2688021",7,"2022-10-05",NA
"2685","DURHAM","Private","2688209",2,"2022-06-30",NA
"2686","CUMBRIA","Private","2688299",6,"2022-06-01",NA
"2687","WALSALL","Private","2688362",3,"2022-08-09",NA
"2688","CUMBRIA","Private","2688398",6,"2022-06-01",NA
"2689","NORTH NORTHAMPTONSHIRE","Private","2688405",3,"2022-09-21",NA
"2690","PETERBOROUGH","Private","2688421",3,"2022-10-25",NA
"2691","CUMBRIA","Private","2688689",3,"2023-02-21",NA
"2692","DERBY","Private","2688690",4,"2022-08-30",NA
"2693","NORFOLK","Private","2688701",6,"2022-06-10",NA
"2694","NORFOLK","Private","2688749",4,"2022-11-21",NA
"2695","STAFFORDSHIRE","Private","2688829",2,"2022-11-07",NA
"2696","SOUTH TYNESIDE","Private","2688909",4,"2022-10-05",NA
"2697","STAFFORDSHIRE","Private","2689015",3,"2022-07-21",NA
"2698","CUMBRIA","Private","2689047",6,"2022-10-01",NA
"2699","STAFFORDSHIRE","Private","2689205",3,"2022-11-15",NA
"2700","DERBY","Private","2689391",4,"2022-09-08",NA
"2701","THURROCK","Private","2689453",2,"2022-11-08",NA
"2702","LANCASHIRE","Private","2689544",3,"2022-06-06",NA
"2703","HAMPSHIRE","Private","2689713",3,"2022-05-27",NA
"2704","WARRINGTON","Private","2690067",2,"2022-10-14",NA
"2705","LUTON","Private","2690141",3,"2022-10-26",NA
"2706","EAST SUSSEX","Private","2690173",5,"2022-11-09",NA
"2707","DERBYSHIRE","Private","2690357",3,"2022-06-17",NA
"2708","WIRRAL","Private","2690420",4,"2022-08-08",NA
"2709","CUMBRIA","Private","2690527",6,"2022-10-01",NA
"2710","BARNSLEY","Private","2690569",1,"2022-10-06",NA
"2711","CUMBRIA","Private","2690778",6,"2022-08-30",NA
"2712","DURHAM","Private","2691034",3,"2022-11-17",NA
"2713","KENT","Private","2691074",3,"2023-02-21",NA
"2714","NOTTINGHAMSHIRE","Voluntary","2691185",4,"2022-09-27",NA
"2715","NORTH NORTHAMPTONSHIRE","Private","2691235",2,"2022-09-09",NA
"2716","SHROPSHIRE","Private","2691525",6,"2023-03-01",NA
"2717","REDBRIDGE","Private","2691579",2,"2022-07-18",NA
"2718","WARRINGTON","Private","2691624",4,"2023-01-30",NA
"2719","LEICESTER","Private","2691652",3,"2022-08-31",NA
"2720","BRADFORD","Private","2692022",3,"2022-10-08",NA
"2721","WOLVERHAMPTON","Private","2692103",1,"2023-02-01",NA
"2722","LIVERPOOL","Private","2692117",5,"2022-10-27",NA
"2723","LEICESTERSHIRE","Private","2692118",2,"2023-01-24",NA
"2724","NORTH YORKSHIRE","Private","2692374",6,"2022-11-13",NA
"2725","HALTON","Private","2692580",2,"2022-08-10",NA
"2726","SURREY","Private","2692638",5,"2022-10-05",NA
"2727","NORFOLK","Private","2692653",4,"2022-07-25",NA
"2728","COVENTRY","Private","2692837",5,"2022-10-11",NA
"2729","BEXLEY","Private","2692918",4,"2022-09-15",NA
"2730","STAFFORDSHIRE","Private","2692957",3,"2023-02-03",NA
"2731","BRADFORD","Private","2693113",2,"2022-09-12",NA
"2732","LUTON","Private","2693124",4,"2022-11-02",NA
"2733","WIGAN","Private","2693530",2,"2022-08-22",NA
"2734","LANCASHIRE","Private","2693741",3,"2022-10-17",NA
"2735","HERTFORDSHIRE","Voluntary","2693971",6,"2022-08-12",NA
"2736","BLACKPOOL","Private","2694539",2,"2022-10-31",NA
"2737","NORTH TYNESIDE","Local Authority","2694582",4,"2022-12-06",NA
"2738","DEVON","Private","2694804",2,"2022-07-19",NA
"2739","SOMERSET","Private","2694810",2,"2022-08-05",NA
"2740","SHROPSHIRE","Private","2694819",5,"2022-09-16",NA
"2741","LANCASHIRE","Private","2694962",2,"2022-09-05",NA
"2742","MILTON KEYNES","Private","2695213",2,"2022-10-10",NA
"2743","STOKE ON TRENT","Private","2695308",3,"2022-10-07",NA
"2744","WEST NORTHAMPTONSHIRE","Private","2695482",2,"2023-01-10",NA
"2745","MIDDLESBROUGH","Private","2695599",3,"2023-01-08",NA
"2746","SANDWELL","Private","2695748",1,"2022-12-09",NA
"2747","DERBYSHIRE","Private","2695997",1,"2023-02-13",NA
"2748","SOUTHEND ON SEA","Private","2696017",3,"2022-09-26",NA
"2749","SUFFOLK","Local Authority","2696325",1,"2022-09-08",NA
"2750","NORTH LINCOLNSHIRE","Private","2696593",4,"2022-11-18",NA
"2751","WEST SUSSEX","Private","2696602",5,"2023-01-19",NA
"2752","CORNWALL","Private","2696711",1,"2022-08-05",NA
"2753","HAMPSHIRE","Private","2696825",4,"2022-11-28",NA
"2754","LANCASHIRE","Private","2696856",2,"2022-10-07",NA
"2755","LEICESTERSHIRE","Private","2697062",1,"2022-10-21",NA
"2756","LANCASHIRE","Private","2697142",3,"2022-11-22",NA
"2757","SEFTON","Private","2697159",5,"2022-11-04",NA
"2758","TRAFFORD","Private","2697331",3,"2022-11-09",NA
"2759","LIVERPOOL","Private","2697380",2,"2022-10-09",NA
"2760","HOUNSLOW","Private","2697534",3,"2022-12-14",NA
"2761","STAFFORDSHIRE","Private","2697535",3,"2022-07-18",NA
"2762","DERBYSHIRE","Private","2697607",3,"2022-10-27",NA
"2763","SOMERSET","Private","2697861",3,"2022-09-23",NA
"2764","WORCESTERSHIRE","Private","2698072",2,"2023-03-28",NA
"2765","HAMPSHIRE","Private","2698124",5,"2023-01-31",NA
"2766","KIRKLEES","Private","2699129",2,"2022-11-28",NA
"2767","REDCAR AND CLEVELAND","Local Authority","2699377",6,"2023-01-29",NA
"2768","WOLVERHAMPTON","Private","2699473",3,"2023-01-03",NA
"2769","ST HELENS","Private","2699772",2,"2023-03-07",NA
"2770","BLACKPOOL","Private","2699790",2,"2022-11-03",NA
"2771","LANCASHIRE","Private","2699847",2,"2022-10-13",NA
"2772","STAFFORDSHIRE","Private","2699924",2,"2022-11-24",NA
"2773","STAFFORDSHIRE","Private","2700000",3,"2023-03-07",NA
"2774","REDBRIDGE","Private","2700344",5,"2022-10-31",NA
"2775","BRADFORD","Private","2700358",2,"2022-10-03",NA
"2776","WEST NORTHAMPTONSHIRE","Private","2700591",4,"2022-09-01",NA
"2777","NOTTINGHAMSHIRE","Private","2700720",3,"2022-11-03",NA
"2778","SUFFOLK","Private","2701100",2,"2022-10-11",NA
"2779","DONCASTER","Local Authority","2701185",4,"2022-09-01",NA
"2780","DONCASTER","Local Authority","2701187",4,"2022-08-31",NA
"2781","WAKEFIELD","Local Authority","2701362",2,"2022-12-21",NA
"2782","SOUTH GLOUCESTERSHIRE","Private","2701401",3,"2023-02-23",NA
"2783","LANCASHIRE","Private","2701412",2,"2023-03-20",NA
"2784","DONCASTER","Local Authority","2701417",8,"2022-09-01",NA
"2785","REDBRIDGE","Private","2701539",4,"2022-12-19",NA
"2786","DONCASTER","Local Authority","2701843",4,"2022-09-01",NA
"2787","HERTFORDSHIRE","Private","2701927",5,"2023-01-23",NA
"2788","DONCASTER","Local Authority","2702037",4,"2022-09-01",NA
"2789","LANCASHIRE","Private","2702084",1,"2022-11-10",NA
"2790","BIRMINGHAM","Private","2702129",4,"2023-01-16",NA
"2791","WAKEFIELD","Local Authority","2702150",2,"2022-12-21",NA
"2792","LINCOLNSHIRE","Private","2702515",4,"2022-11-24",NA
"2793","WIRRAL","Private","2702562",3,"2022-12-22",NA
"2794","LANCASHIRE","Local Authority","2702602",6,"2022-10-17",NA
"2795","DERBYSHIRE","Private","2703224",2,"2022-09-30",NA
"2796","LANCASHIRE","Private","2703431",2,"2022-10-21",NA
"2797","WARWICKSHIRE","Private","2703604",6,"2023-02-23",NA
"2798","STAFFORDSHIRE","Private","2703722",3,"2023-01-05",NA
"2799","NOTTINGHAMSHIRE","Private","2704185",3,"2023-01-18",NA
"2800","LUTON","Private","2704264",10,"2023-01-31",NA
"2801","ST HELENS","Private","2704313",3,"2023-02-15",NA
"2802","HARROW","Private","2704477",3,"2023-03-01",NA
"2803","CALDERDALE","Local Authority","2704517",3,"2023-03-01",NA
"2804","THURROCK","Private","2705299",2,"2022-11-08",NA
"2805","BRENT","Private","2705504",4,"2023-03-17",NA
"2806","BLACKPOOL","Private","2706013",3,"2022-10-21",NA
"2807","DERBY","Private","2706341",4,"2023-03-06",NA
"2808","NOTTINGHAM","Private","2706369",3,"2023-01-20",NA
"2809","SHEFFIELD","Private","2706377",1,"2023-02-21",NA
"2810","WAKEFIELD","Local Authority","2706449",2,"2023-03-21",NA
"2811","LINCOLNSHIRE","Local Authority","2707638",5,"2022-09-27",NA
"2812","WAKEFIELD","Local Authority","2707715",2,"2023-03-21",NA
"2813","SUFFOLK","Private","2707907",5,"2023-01-25",NA
"2814","MERTON","Private","2708415",3,"2023-01-23",NA
"2815","ESSEX","Private","2709417",3,"2023-01-30",NA
"2816","BURY","Private","2709434",2,"2022-11-03",NA
"2817","SHROPSHIRE","Private","2709438",3,"2023-02-24",NA
"2818","HEREFORDSHIRE","Private","2709631",4,"2023-01-05",NA
"2819","NORTH NORTHAMPTONSHIRE","Private","2709657",4,"2022-12-22",NA
"2820","GLOUCESTERSHIRE","Private","2709670",4,"2023-01-17",NA
"2821","HARINGEY","Private","2709800",6,"2023-01-27",NA
"2822","SHROPSHIRE","Private","2709816",5,"2023-01-25",NA
"2823","LANCASHIRE","Private","2709844",2,"2023-01-05",NA
"2824","LANCASHIRE","Private","2709845",2,"2023-01-05",NA
"2825","MILTON KEYNES","Private","2709854",3,"2023-02-21",NA
"2826","KENT","Private","2709856",3,"2023-02-07",NA
"2827","CUMBRIA","Private","2710057",6,"2022-11-17",NA
"2828","LINCOLNSHIRE","Private","2710124",3,"2022-11-28",NA
"2829","SHROPSHIRE","Private","2710409",8,"2023-01-20",NA
"2830","TAMESIDE","Private","2710431",5,"2023-02-21",NA
"2831","WIGAN","Private","2710459",2,"2023-01-24",NA
"2832","SALFORD","Private","2710542",2,"2023-01-04",NA
"2833","HARTLEPOOL","Local Authority","2710606",2,"2022-12-15",NA
"2834","STOCKPORT","Private","2710735",4,"2022-11-23",NA
"2835","LANCASHIRE","Private","2710949",4,"2023-03-28",NA
"2836","STOKE ON TRENT","Private","2711236",3,"2023-03-10",NA
"2837","STAFFORDSHIRE","Private","2711294",2,"2023-02-08",NA
"2838","ST HELENS","Private","2711439",2,"2023-03-22",NA
"2839","BIRMINGHAM","Voluntary","2711552",3,"2022-12-28",NA
"2840","OLDHAM","Private","2711581",1,"2023-01-27",NA
"2841","DEVON","Private","2711689",2,"2022-11-23",NA
"2842","BOLTON","Private","2711793",2,"2023-03-09",NA
"2843","LINCOLNSHIRE","Private","2711833",5,"2022-12-15",NA
"2844","LANCASHIRE","Private","2712048",2,"2022-11-11",NA
"2845","WILTSHIRE","Private","2712284",3,"2022-11-24",NA
"2846","CUMBRIA","Private","2712595",6,"2022-11-17",NA
"2847","CUMBRIA","Private","2712599",6,"2022-11-10",NA
"2848","CUMBRIA","Private","2712675",6,"2022-11-10",NA
"2849","KINGSTON UPON HULL","Local Authority","2712872",1,"2023-02-12",NA
"2850","LEICESTER","Local Authority","2713112",2,"2022-11-09",NA
"2851","ROCHDALE","Private","2713287",1,"2023-01-27",NA
"2852","WEST NORTHAMPTONSHIRE","Private","2713730",3,"2022-12-02",NA
"2853","NORTH NORTHAMPTONSHIRE","Private","2713886",3,"2023-01-19",NA
"2854","BARKING AND DAGENHAM","Private","2714006",3,"2022-12-28",NA
"2855","CHESHIRE WEST AND CHESTER","Private","2714558",2,"2023-01-26",NA
"2856","BIRMINGHAM","Private","2714869",2,"2023-03-23",NA
"2857","DEVON","Private","2715196",3,"2023-02-16",NA
"2858","LEICESTERSHIRE","Voluntary","2715700",2,"2023-03-29",NA
"2859","MILTON KEYNES","Private","2715823",4,"2023-03-01",NA
"2860","WARWICKSHIRE","Local Authority","2716136",4,"2023-03-03",NA
"2861","NORTH NORTHAMPTONSHIRE","Private","2716221",3,"2023-03-24",NA
"2862","LANCASHIRE","Private","2716515",2,"2023-01-05",NA
"2863","DERBY","Private","2716966",2,"2023-03-14",NA
"2864","MANCHESTER","Private","2717183",3,"2023-02-08",NA
"2865","KNOWSLEY","Private","2717322",2,"2023-02-23",NA
"2866","LEICESTERSHIRE","Private","2717339",1,"2022-12-19",NA
"2867","DEVON","Private","2717528",4,"2023-02-02",NA
"2868","SHROPSHIRE","Private","2718097",3,"2023-03-24",NA
"2869","SOUTHEND ON SEA","Private","2718127",6,"2023-03-13",NA
"2870","SHROPSHIRE","Private","2718968",5,"2023-01-25",NA
"2871","SOMERSET","Private","2719373",3,"2023-02-07",NA
"2872","SOMERSET","Private","2719389",3,"2023-02-28",NA
"2873","MANCHESTER","Private","2719474",3,"2023-02-24",NA
"2874","HAVERING","Private","2720618",3,"2023-02-13",NA
"2875","WEST NORTHAMPTONSHIRE","Private","2720723",3,"2023-03-24",NA
"2876","GLOUCESTERSHIRE","Private","2722533",2,"2023-02-19",NA
"2877","DERBYSHIRE","Private","2723807",1,"2023-03-31",NA
"2878","CUMBRIA","Local Authority","2730932",6,"2023-03-30",NA
"2879","STOKE ON TRENT","Private","SC008325",1,NA,"2018-10-02"
"2880","HARINGEY","Private","SC010762",6,NA,"2019-02-06"
"2881","HARINGEY","Private","SC010769",3,NA,"2018-11-01"
"2882","GLOUCESTERSHIRE","Private","SC016696",4,NA,"2018-06-06"
"2883","ESSEX","Private","SC018039",6,NA,"2019-02-25"
"2884","SHROPSHIRE","Voluntary","SC020682",7,NA,"2019-02-07"
"2885","DORSET","Local Authority","SC032250",5,NA,"2018-07-16"
"2886","EALING","Local Authority","SC032253",6,NA,"2018-05-13"
"2887","HILLINGDON","Local Authority","SC032517",6,NA,"2018-09-01"
"2888","PETERBOROUGH","Local Authority","SC033392",8,NA,"2018-11-16"
"2889","LEEDS","Local Authority","SC033638",4,NA,"2018-08-06"
"2890","BIRMINGHAM","Local Authority","SC033698",12,NA,"2018-04-01"
"2891","BRISTOL","Local Authority","SC034100",5,NA,"2018-05-31"
"2892","NORTH YORKSHIRE","Local Authority","SC034152",5,NA,"2019-01-31"
"2893","TOWER HAMLETS","Local Authority","SC034652",6,NA,"2018-09-16"
"2894","CAMBRIDGESHIRE","Local Authority","SC034775",6,NA,"2018-12-11"
"2895","STAFFORDSHIRE","Private","SC035690",4,NA,"2018-04-16"
"2896","DERBYSHIRE","Local Authority","SC035972",5,NA,"2019-01-04"
"2897","SHEFFIELD","Local Authority","SC035998",5,NA,"2019-02-28"
"2898","DERBY","Local Authority","SC036266",6,NA,"2018-05-04"
"2899","DERBY","Local Authority","SC036275",6,NA,"2019-01-29"
"2900","EAST SUSSEX","Private","SC036501",3,NA,"2019-02-01"
"2901","HARINGEY","Local Authority","SC036504",6,NA,"2019-02-05"
"2902","WEST SUSSEX","Local Authority","SC037452",6,NA,"2018-11-09"
"2903","WORCESTERSHIRE","Local Authority","SC037467",5,NA,"2018-12-27"
"2904","READING","Local Authority","SC037481",7,NA,"2018-11-29"
"2905","BIRMINGHAM","Private","SC038066",3,NA,"2018-07-26"
"2906","HAMPSHIRE","Local Authority","SC038690",5,NA,"2018-06-01"
"2907","HAMPSHIRE","Local Authority","SC038750",4,NA,"2018-12-22"
"2908","STAFFORDSHIRE","Private","SC038973",1,NA,"2019-02-20"
"2909","HAMPSHIRE","Local Authority","SC039214",13,NA,"2018-06-01"
"2910","MIDDLESBROUGH","Private","SC042590",4,NA,"2018-04-22"
"2911","ISLE OF WIGHT","Private","SC043197",4,NA,"2019-03-12"
"2912","LEICESTERSHIRE","Local Authority","SC043405",4,NA,"2018-11-01"
"2913","BIRMINGHAM","Private","SC049714",2,NA,"2018-07-26"
"2914","SEFTON","Private","SC058622",3,NA,"2018-11-22"
"2915","SOMERSET","Private","SC059437",3,NA,"2018-05-15"
"2916","GLOUCESTERSHIRE","Private","SC061952",4,NA,"2018-06-06"
"2917","ROCHDALE","Private","SC063054",1,NA,"2018-05-30"
"2918","KIRKLEES","Private","SC063890",5,NA,"2018-09-22"
"2919","CORNWALL","Local Authority","SC064608",4,NA,"2018-04-01"
"2920","WORCESTERSHIRE","Private","SC064764",4,NA,"2018-06-06"
"2921","GLOUCESTERSHIRE","Private","SC067989",4,NA,"2018-06-06"
"2922","BRIGHTON AND HOVE","Private","SC068067",5,NA,"2018-09-24"
"2923","SOMERSET","Private","SC068145",2,NA,"2019-02-11"
"2924","OLDHAM","Private","SC068277",6,NA,"2018-07-10"
"2925","BEDFORD","Voluntary","SC361206",8,NA,"2018-09-26"
"2926","SANDWELL","Voluntary","SC361212",3,NA,"2018-08-24"
"2927","WEST SUSSEX","Private","SC362972",5,NA,"2019-01-03"
"2928","TAMESIDE","Private","SC369144",6,NA,"2018-07-31"
"2929","DERBYSHIRE","Private","SC375136",3,NA,"2018-05-01"
"2930","WORCESTERSHIRE","Private","SC391739",2,NA,"2018-07-09"
"2931","GLOUCESTERSHIRE","Private","SC393228",5,NA,"2018-06-06"
"2932","CENTRAL BEDFORDSHIRE","Voluntary","SC396777",5,NA,"2019-01-31"
"2933","GLOUCESTERSHIRE","Private","SC405649",3,NA,"2018-05-14"
"2934","KENT","Private","SC405772",3,NA,"2018-09-19"
"2935","PETERBOROUGH","Private","SC407326",3,NA,"2018-10-31"
"2936","SOMERSET","Private","SC411798",2,NA,"2018-06-30"
"2937","CHESHIRE WEST AND CHESTER","Local Authority","SC413177",4,NA,"2018-06-20"
"2938","SHROPSHIRE","Private","SC417360",3,NA,"2018-09-01"
"2939","BRIGHTON AND HOVE","Private","SC417387",2,NA,"2018-08-01"
"2940","HEREFORDSHIRE","Private","SC433923",4,NA,"2018-10-01"
"2941","STAFFORDSHIRE","Private","SC440170",3,NA,"2018-07-24"
"2942","BIRMINGHAM","Private","SC441591",3,NA,"2018-12-06"
"2943","SOMERSET","Private","SC443079",3,NA,"2018-05-31"
"2944","WOLVERHAMPTON","Private","SC444352",4,NA,"2018-04-06"
"2945","WAKEFIELD","Private","SC448129",2,NA,"2018-10-05"
"2946","ROCHDALE","Private","SC456405",2,NA,"2018-08-01"
"2947","GATESHEAD","Private","SC457139",2,NA,"2018-09-14"
"2948","GLOUCESTERSHIRE","Private","SC458070",40,NA,"2018-05-01"
"2949","SURREY","Voluntary","SC461363",40,NA,"2018-10-31"
"2950","BIRMINGHAM","Private","SC464249",2,NA,"2018-07-26"
"2951","EALING","Private","SC464532",3,NA,"2019-02-27"
"2952","WILTSHIRE","Private","SC464630",2,NA,"2018-08-20"
"2953","BRENT","Private","SC467004",4,NA,"2018-05-31"
"2954","WILTSHIRE","Private","SC471725",2,NA,"2018-08-20"
"2955","LEICESTERSHIRE","Private","SC472060",4,NA,"2018-09-03"
"2956","MEDWAY","Private","1027076",NA,NA,"2020-03-31"
"2957","STAFFORDSHIRE","Private","SC005039",2,NA,"2019-05-14"
"2958","BURY","Private","SC008435",4,NA,"2020-02-26"
"2959","LANCASHIRE","Private","SC009653",6,NA,"2019-09-20"
"2960","SURREY","Private","SC013613",5,NA,"2019-09-16"
"2961","SOUTHEND ON SEA","Private","SC015499",6,NA,"2019-10-08"
"2962","KENT","Private","SC023644",6,NA,"2019-06-30"
"2963","NORFOLK","Voluntary","SC025720",4,NA,"2019-10-31"
"2964","WILTSHIRE","Private","SC028435",15,NA,"2019-12-20"
"2965","LINCOLNSHIRE","Private","SC031763",3,NA,"2019-09-30"
"2966","NORTHAMPTONSHIRE","Local Authority","SC034744",8,NA,"2019-07-31"
"2967","SHEFFIELD","Private","SC035816",5,NA,"2019-06-16"
"2968","OXFORDSHIRE","Local Authority","SC036383",6,NA,"2019-05-04"
"2969","WALTHAM FOREST","Local Authority","SC036735",8,NA,"2020-01-13"
"2970","GREENWICH","Local Authority","SC036911",4,NA,"2019-11-30"
"2971","READING","Local Authority","SC037381",5,NA,"2018-11-01"
"2972","WORCESTERSHIRE","Local Authority","SC037396",4,NA,"2019-10-01"
"2973","SURREY","Local Authority","SC037423",7,NA,"2019-09-27"
"2974","WORCESTERSHIRE","Local Authority","SC037471",4,NA,"2019-10-01"
"2975","MEDWAY","Local Authority","SC038070",8,NA,"2020-02-07"
"2976","DEVON","Private","SC038167",4,NA,"2019-08-12"
"2977","SHEFFIELD","Private","SC038802",4,NA,"2019-06-16"
"2978","SALFORD","Local Authority","SC040505",6,NA,"2019-04-23"
"2979","TELFORD AND WREKIN","Private","SC043814",3,NA,"2020-03-09"
"2980","NEWCASTLE UPON TYNE","Local Authority","SC044485",7,NA,"2019-08-16"
"2981","ROCHDALE","Private","SC046621",2,NA,"2020-02-26"
"2982","BRENT","Voluntary","SC050124",5,NA,"2019-11-04"
"2983","TELFORD AND WREKIN","Private","SC050418",3,NA,"2019-06-10"
"2984","STAFFORDSHIRE","Private","SC057688",4,NA,"2019-10-29"
"2985","HAVERING","Private","SC059782",6,NA,"2019-09-29"
"2986","WORCESTERSHIRE","Local Authority","SC059801",5,NA,"2019-04-15"
"2987","LANCASHIRE","Private","SC059945",3,NA,"2020-02-26"
"2988","ESSEX","Private","SC060282",5,NA,"2019-11-30"
"2989","OXFORDSHIRE","Voluntary","SC060327",5,NA,"2019-06-19"
"2990","WORCESTERSHIRE","Local Authority","SC060332",4,NA,"2019-10-01"
"2991","KIRKLEES","Private","SC062939",3,NA,"2019-10-07"
"2992","STAFFORDSHIRE","Private","SC063285",4,NA,"2020-02-04"
"2993","WALSALL","Local Authority","SC066214",7,NA,"2019-06-30"
"2994","TELFORD AND WREKIN","Private","SC066881",2,NA,"2020-02-19"
"2995","WORCESTERSHIRE","Local Authority","SC356781",8,NA,"2019-10-01"
"2996","ROCHDALE","Private","SC357159",2,NA,"2020-03-05"
"2997","NEWCASTLE UPON TYNE","Voluntary","SC359465",14,NA,"2019-09-30"
"2998","SOMERSET","Private","SC363391",4,NA,"2019-03-20"
"2999","SOMERSET","Private","SC367637",9,NA,"2019-06-25"
"3000","BOURNEMOUTH CHRISTCHURCH AND POOLE","Voluntary","SC371073",16,NA,"2019-05-03"
"3001","WAKEFIELD","Private","SC371553",3,NA,"2019-09-30"
"3002","WOLVERHAMPTON","Private","SC372030",3,NA,"2019-04-25"
"3003","STAFFORDSHIRE","Private","SC373693",3,NA,"2019-12-12"
"3004","ESSEX","Private","SC379104",4,NA,"2019-04-01"
"3005","DEVON","Private","SC381652",2,NA,"2019-05-22"
"3006","BURY","Private","SC381722",2,NA,"2020-02-26"
"3007","BEDFORD","Private","SC392408",3,NA,"2019-04-12"
"3008","SHROPSHIRE","Private","SC401364",27,NA,"2019-11-08"
"3009","BLACKBURN WITH DARWEN","Local Authority","SC402508",5,NA,"2020-01-22"
"3010","SOMERSET","Private","SC403493",6,NA,"2020-02-28"
"3011","NORTH TYNESIDE","Local Authority","SC412705",2,NA,"2019-11-06"
"3012","KENT","Private","SC413106",6,NA,"2019-04-30"
"3013","NORTHUMBERLAND","Private","SC415548",1,NA,"2019-10-31"
"3014","WEST SUSSEX","Private","SC417371",5,NA,"2019-10-31"
"3015","KENT","Private","SC419330",3,NA,"2019-08-23"
"3016","BEDFORD","Voluntary","SC422415",1,NA,"2020-01-31"
"3017","KENT","Private","SC427331",4,NA,"2019-06-18"
"3018","STAFFORDSHIRE","Private","SC428750",3,NA,"2019-06-11"
"3019","CUMBRIA","Private","SC441978",3,NA,"2019-04-24"
"3020","WARRINGTON","Local Authority","SC442778",2,NA,"2019-11-13"
"3021","WINDSOR AND MAIDENHEAD","Private","SC448598",4,NA,"2019-10-18"
"3022","DEVON","Private","SC458422",5,NA,"2019-03-31"
"3023","DEVON","Private","SC458429",7,NA,"2019-03-31"
"3024","DEVON","Private","SC458430",3,NA,"2019-03-31"
"3025","DEVON","Private","SC458431",5,NA,"2019-03-31"
"3026","CUMBRIA","Private","SC459107",4,NA,"2019-06-25"
"3027","DERBYSHIRE","Private","SC459934",6,NA,"2019-04-26"
"3028","NEWHAM","Private","SC460740",4,NA,"2019-08-19"
"3029","NOTTINGHAM","Private","SC462148",1,NA,"2019-03-04"
"3030","DERBYSHIRE","Private","SC463386",24,NA,"2019-11-25"
"3031","HAMPSHIRE","Private","SC463558",6,NA,"2019-09-20"
"3032","NORTHAMPTONSHIRE","Local Authority","SC465279",6,NA,"2019-05-05"
"3033","WORCESTERSHIRE","Local Authority","SC466993",3,NA,"2019-05-08"
"3034","REDBRIDGE","Private","SC468315",4,NA,"2020-02-28"
"3035","ESSEX","Private","SC471164",3,NA,"2019-09-09"
"3036","NORTHUMBERLAND","Private","SC000678",1,NA,"2020-07-31"
"3037","WALTHAM FOREST","Private","SC007286",5,NA,"2020-09-30"
"3038","WALTHAM FOREST","Private","SC007293",4,NA,"2020-09-30"
"3039","LANCASHIRE","Private","SC009648",3,NA,"2020-06-17"
"3040","ENFIELD","Private","SC010700",3,NA,"2020-09-30"
"3041","KINGSTON UPON THAMES","Voluntary","SC013402",11,NA,"2021-02-22"
"3042","NEWHAM","Private","SC022880",6,NA,"2020-09-30"
"3043","CROYDON","Private","SC025799",5,NA,"2021-02-15"
"3044","MEDWAY","Private","SC029078",9,NA,"2020-12-31"
"3045","BLACKPOOL","Local Authority","SC033411",4,NA,"2020-07-14"
"3046","BLACKPOOL","Local Authority","SC033432",6,NA,"2020-04-29"
"3047","DURHAM","Local Authority","SC034741",5,NA,"2020-12-14"
"3048","YORK","Local Authority","SC034940",8,NA,"2020-11-20"
"3049","NORTHAMPTONSHIRE","Local Authority","SC035352",8,NA,"2020-10-31"
"3050","NORTHAMPTONSHIRE","Local Authority","SC035364",7,NA,"2020-10-31"
"3051","HAVERING","Private","SC037152",5,NA,"2021-03-01"
"3052","NEWHAM","Private","SC037543",3,NA,"2020-09-30"
"3053","COVENTRY","Private","SC055912",4,NA,"2020-09-30"
"3054","NORTH EAST LINCOLNSHIRE","Local Authority","SC058750",4,NA,"2020-07-06"
"3055","LANCASHIRE","Private","SC063759",2,NA,"2020-05-01"
"3056","NORTHUMBERLAND","Private","SC065312",8,NA,"2020-11-03"
"3057","DEVON","Voluntary","SC065443",15,NA,"2020-07-31"
"3058","MEDWAY","Local Authority","SC066166",5,NA,"2020-05-11"
"3059","LANCASHIRE","Private","SC361129",3,NA,"2020-04-23"
"3060","SALFORD","Private","SC366851",3,NA,"2020-05-01"
"3061","WALSALL","Private","SC368032",3,NA,"2020-12-04"
"3062","ST HELENS","Voluntary","SC371267",36,NA,"2021-01-31"
"3063","NORTHAMPTONSHIRE","Local Authority","SC374180",6,NA,"2020-10-31"
"3064","LIVERPOOL","Private","SC374939",3,NA,"2020-04-22"
"3065","SHROPSHIRE","Private","SC381725",1,NA,"2021-01-31"
"3066","MILTON KEYNES","Local Authority","SC383187",4,NA,"2020-07-22"
"3067","KIRKLEES","Private","SC384924",2,NA,"2020-11-30"
"3068","BARNSLEY","Private","SC386057",2,NA,"2021-03-12"
"3069","SOMERSET","Private","SC386651",3,NA,"2020-04-01"
"3070","MANCHESTER","Private","SC389649",3,NA,"2020-12-20"
"3071","SURREY","Voluntary","SC394025",60,NA,"2020-09-01"
"3072","WIGAN","Private","SC398367",4,NA,"2020-04-23"
"3073","NORTH TYNESIDE","Local Authority","SC408072",4,NA,"2020-10-21"
"3074","STAFFORDSHIRE","Private","SC411054",2,NA,"2020-05-05"
"3075","EAST RIDING OF YORKSHIRE","Private","SC413987",9,NA,"2020-09-15"
"3076","ESSEX","Private","SC417351",3,NA,"2020-12-18"
"3077","MANCHESTER","Private","SC429189",5,NA,"2020-07-29"
"3078","SUFFOLK","Private","SC429754",6,NA,"2020-06-02"
"3079","HARTLEPOOL","Private","SC429762",9,NA,"2021-03-05"
"3080","STOCKTON ON TEES","Private","SC429778",15,NA,"2021-03-05"
"3081","CAMBRIDGESHIRE","Voluntary","SC438751",8,NA,"2020-09-03"
"3082","CAMBRIDGESHIRE","Voluntary","SC438756",5,NA,"2020-09-03"
"3083","STAFFORDSHIRE","Private","SC440014",4,NA,"2020-06-22"
"3084","WARRINGTON","Local Authority","SC444792",2,NA,"2020-08-10"
"3085","KENT","Private","SC457639",7,NA,"2020-11-04"
"3086","STOKE ON TRENT","Local Authority","SC458021",2,NA,"2020-05-19"
"3087","NEWCASTLE UPON TYNE","Voluntary","SC459244",6,NA,"2020-07-22"
"3088","ESSEX","Private","SC462809",3,NA,"2020-09-01"
"3089","LEICESTERSHIRE","Private","SC468325",3,NA,"2020-10-08"
"3090","LANCASHIRE","Private","1258769",10,NA,"2022-03-04"
"3091","DEVON","Private","SC003897",1,NA,"2021-11-24"
"3092","STAFFORDSHIRE","Private","SC005067",6,NA,"2021-10-08"
"3093","DONCASTER","Private","SC008015",32,NA,"2021-11-22"
"3094","CAMBRIDGESHIRE","Voluntary","SC015264",7,NA,"2021-10-31"
"3095","ST HELENS","Private","SC022437",1,NA,"2021-04-01"
"3096","ST HELENS","Private","SC022440",1,NA,"2021-04-28"
"3097","ST HELENS","Private","SC022444",1,NA,"2021-04-01"
"3098","REDBRIDGE","Private","SC025938",5,NA,"2021-09-24"
"3099","BARNET","Local Authority","SC034134",6,NA,"2021-06-30"
"3100","BRISTOL","Local Authority","SC034184",5,NA,"2021-11-22"
"3101","DURHAM","Local Authority","SC035105",4,NA,"2021-06-09"
"3102","DONCASTER","Private","SC035687",37,NA,"2021-11-22"
"3103","WALSALL","Local Authority","SC036551",4,NA,"2021-04-30"
"3104","NOTTINGHAMSHIRE","Local Authority","SC036726",12,NA,"2022-01-24"
"3105","SURREY","Local Authority","SC040628",6,NA,"2022-02-21"
"3106","SEFTON","Voluntary","SC055780",8,NA,"2021-09-09"
"3107","WILTSHIRE","Private","SC060118",1,NA,"2022-01-24"
"3108","SOMERSET","Private","SC060758",5,NA,"2022-02-01"
"3109","PETERBOROUGH","Private","SC061770",4,NA,"2021-05-08"
"3110","SHROPSHIRE","Private","SC062288",4,NA,"2022-01-10"
"3111","STAFFORDSHIRE","Private","SC062406",3,NA,"2022-01-10"
"3112","LANCASHIRE","Private","SC063959",3,NA,"2021-06-11"
"3113","BOLTON","Local Authority","SC067052",4,NA,"2021-08-09"
"3114","DEVON","Private","SC068205",1,NA,"2022-01-31"
"3115","WEST SUSSEX","Private","SC359812",2,NA,"2021-05-17"
"3116","SURREY","Private","SC367623",61,NA,"2021-03-26"
"3117","CORNWALL","Local Authority","SC368934",5,NA,"2021-04-01"
"3118","STAFFORDSHIRE","Private","SC368982",3,NA,"2021-12-08"
"3119","STAFFORDSHIRE","Private","SC371723",3,NA,"2022-02-16"
"3120","SHROPSHIRE","Private","SC372617",1,NA,"2021-11-08"
"3121","SHROPSHIRE","Private","SC372619",1,NA,"2021-11-28"
"3122","SHROPSHIRE","Private","SC372652",1,NA,"2021-10-31"
"3123","SHROPSHIRE","Private","SC372664",1,NA,"2021-06-15"
"3124","SOUTH GLOUCESTERSHIRE","Private","SC374640",3,NA,"2022-02-04"
"3125","LEICESTERSHIRE","Private","SC378600",4,NA,"2021-03-10"
"3126","CHESHIRE EAST","Private","SC381531",5,NA,"2022-03-07"
"3127","STOKE ON TRENT","Private","SC390434",2,NA,"2021-10-01"
"3128","STAFFORDSHIRE","Private","SC398385",3,NA,"2021-08-24"
"3129","LANCASHIRE","Private","SC400219",5,NA,"2021-03-31"
"3130","ESSEX","Private","SC405985",3,NA,"2021-08-27"
"3131","SOMERSET","Private","SC411208",3,NA,"2021-06-24"
"3132","NOTTINGHAMSHIRE","Private","SC413078",2,NA,"2021-09-01"
"3133","KINGSTON UPON HULL","Private","SC413678",2,NA,"2021-09-13"
"3134","TOWER HAMLETS","Private","SC420303",5,NA,"2021-06-10"
"3135","LEEDS","Private","SC423741",3,NA,"2021-04-01"
"3136","NORTH YORKSHIRE","Private","SC430002",6,NA,"2021-06-07"
"3137","MANCHESTER","Private","SC433290",6,NA,"2021-03-31"
"3138","CUMBRIA","Private","SC436826",4,NA,"2021-12-15"
"3139","WARRINGTON","Local Authority","SC447930",2,NA,"2021-06-23"
"3140","PLYMOUTH","Local Authority","SC448615",6,NA,"2021-06-16"
"3141","NORTH NORTHAMPTONSHIRE","Private","SC450701",6,NA,"2021-10-11"
"3142","NORFOLK","Private","SC451152",4,NA,"2021-11-19"
"3143","WILTSHIRE","Private","SC451819",4,NA,"2021-09-21"
"3144","SOMERSET","Private","SC452009",1,NA,"2021-11-05"
"3145","OLDHAM","Private","SC457506",2,NA,"2021-08-06"
"3146","WALSALL","Private","SC458746",1,NA,"2021-07-16"
"3147","STAFFORDSHIRE","Private","SC461275",2,NA,"2021-08-16"
"3148","NOTTINGHAMSHIRE","Private","SC462149",2,NA,"2021-09-04"
"3149","DEVON","Private","SC463647",5,NA,"2021-05-13"
"3150","DORSET","Private","SC472485",22,NA,"2021-11-22"
"3151","ENFIELD","Private","SC473460",3,NA,"2022-01-01"
"3152","STAFFORDSHIRE","Private","SC474782",2,NA,"2021-12-23"
"3153","LANCASHIRE","Private","SC006011",2,NA,"2022-02-09"
"3154","SOMERSET","Local Authority","SC030439",6,NA,"2022-08-16"
"3155","BUCKINGHAMSHIRE","Local Authority","SC032058",6,NA,"2022-06-09"
"3156","DONCASTER","Voluntary","SC032167",10,NA,"2022-08-31"
"3157","BRISTOL","Local Authority","SC034211",4,NA,"2022-07-01"
"3158","KINGSTON UPON HULL","Local Authority","SC034746",4,NA,"2022-11-07"
"3159","EAST RIDING OF YORKSHIRE","Local Authority","SC035499",6,NA,"2022-12-05"
"3160","DUDLEY","Local Authority","SC038500",4,NA,"2022-05-28"
"3161","LANCASHIRE","Local Authority","SC039676",6,NA,"2022-12-12"
"3162","DUDLEY","Local Authority","SC039897",4,NA,"2022-04-30"
"3163","SOMERSET","Private","SC045096",5,NA,"2022-07-26"
"3164","WOKINGHAM","Private","SC054468",4,NA,"2022-08-01"
"3165","WAKEFIELD","Private","SC060811",2,NA,"2022-10-19"
"3166","SOMERSET","Private","SC060839",3,NA,"2022-08-11"
"3167","WAKEFIELD","Local Authority","SC062573",4,NA,"2023-03-26"
"3168","BRADFORD","Local Authority","SC063978",6,NA,"2023-03-31"
"3169","DORSET","Private","SC065261",60,NA,"2023-03-02"
"3170","HAMPSHIRE","Local Authority","SC066277",9,NA,"2022-11-01"
"3171","WAKEFIELD","Local Authority","SC066796",4,NA,"2022-10-21"
"3172","STAFFORDSHIRE","Private","SC066912",2,NA,"2022-07-14"
"3173","CUMBRIA","Private","SC356907",9,NA,"2022-08-22"
"3174","WEST SUSSEX","Private","SC359832",3,NA,"2023-02-21"
"3175","BLACKBURN WITH DARWEN","Local Authority","SC360599",5,NA,"2022-09-22"
"3176","SHROPSHIRE","Private","SC361167",8,NA,"2022-03-28"
"3177","SHROPSHIRE","Private","SC366107",3,NA,"2022-03-31"
"3178","NORTH EAST LINCOLNSHIRE","Local Authority","SC367802",2,NA,"2022-10-03"
"3179","SHROPSHIRE","Private","SC372661",1,NA,"2023-01-11"
"3180","STAFFORDSHIRE","Private","SC378181",2,NA,"2022-06-17"
"3181","STAFFORDSHIRE","Private","SC378187",2,NA,"2022-06-11"
"3182","MANCHESTER","Private","SC381339",4,NA,"2022-06-11"
"3183","WORCESTERSHIRE","Private","SC383941",4,NA,"2022-11-18"
"3184","SOMERSET","Private","SC386430",2,NA,"2022-08-31"
"3185","KENT","Private","SC390156",3,NA,"2022-10-10"
"3186","KENT","Private","SC390167",2,NA,"2023-02-16"
"3187","BOURNEMOUTH CHRISTCHURCH AND POOLE","Private","SC391708",2,NA,"2022-06-01"
"3188","CHESHIRE WEST AND CHESTER","Private","SC397112",4,NA,"2022-09-30"
"3189","DEVON","Private","SC407753",4,NA,"2022-09-23"
"3190","WORCESTERSHIRE","Private","SC407929",10,NA,"2022-10-06"
"3191","WOKINGHAM","Private","SC411616",3,NA,"2022-08-01"
"3192","LANCASHIRE","Private","SC412971",4,NA,"2022-12-09"
"3193","EAST SUSSEX","Private","SC413992",11,NA,"2023-01-24"
"3194","SEFTON","Voluntary","SC425985",7,NA,"2022-07-22"
"3195","HERTFORDSHIRE","Voluntary","SC426172",6,NA,"2022-03-31"
"3196","BRACKNELL FOREST","Private","SC431803",4,NA,"2023-02-27"
"3197","KNOWSLEY","Private","SC431931",3,NA,"2022-08-09"
"3198","NORFOLK","Private","SC435322",4,NA,"2022-11-22"
"3199","NORTH EAST LINCOLNSHIRE","Local Authority","SC441553",5,NA,"2023-02-17"
"3200","NOTTINGHAM","Voluntary","SC444681",3,NA,"2023-02-21"
"3201","SUNDERLAND","Voluntary","SC446957",4,NA,"2022-08-25"
"3202","LINCOLNSHIRE","Private","SC456347",2,NA,"2022-09-08"
"3203","ESSEX","Private","SC461240",4,NA,"2022-08-24"
"3204","HAMPSHIRE","Private","SC467155",4,NA,"2022-08-08"
"3205","SANDWELL","Private","SC481235",3,NA,"2022-06-23"
